881.324 595.385 495.385 600
885.284 597.489 497.489 600.1
889.226 599.594 499.594 600.2
893.149 601.698 501.698 600.3
897.054 603.802 503.802 600.4
900.939 605.906 505.906 600.5
904.806 608.01 508.01 600.6
908.655 610.115 510.115 600.7
912.485 612.219 512.219 600.8
916.297 614.323 514.323 600.9
920.09 616.427 516.427 601
923.865 618.531 518.531 601.1
927.621 620.636 520.636 601.2
931.36 622.74 522.74 601.3
935.08 624.844 524.844 601.4
938.781 626.948 526.948 601.5
942.465 629.052 529.052 601.6
946.131 631.157 531.157 601.7
949.778 633.261 533.261 601.8
953.408 635.365 535.365 601.9
957.019 637.469 537.469 602
960.613 639.573 539.573 602.1
964.188 641.678 541.678 602.2
967.746 643.782 543.782 602.3
971.286 645.886 545.886 602.4
974.808 647.99 547.99 602.5
978.313 650.094 550.094 602.6
981.799 652.199 552.199 602.7
985.269 654.303 554.303 602.8
988.72 656.407 556.407 602.9
992.154 658.511 558.511 603
995.571 660.615 560.615 603.1
998.97 662.719 562.719 603.2
1002.35 664.824 564.824 603.3
1005.72 666.928 566.928 603.4
1009.06 669.032 569.032 603.5
1012.39 671.136 571.136 603.6
1015.7 673.24 573.24 603.7
1019 675.345 575.345 603.8
1022.28 677.449 577.449 603.9
1025.54 679.553 579.553 604
1028.78 681.657 581.657 604.1
1032.01 683.761 583.761 604.2
1035.22 685.866 585.866 604.3
1038.41 687.97 587.97 604.4
1041.59 690.074 590.074 604.5
1044.75 692.178 592.178 604.6
1047.89 694.282 594.282 604.7
1051.01 696.387 596.387 604.8
1054.12 698.491 598.491 604.9
1057.22 700.595 600.595 605
1060.29 702.699 602.699 605.1
1063.35 704.803 604.803 605.2
1066.39 706.908 606.908 605.3
1069.42 709.012 609.012 605.4
1072.43 711.116 611.116 605.5
1075.42 713.22 613.22 605.6
1078.4 715.324 615.324 605.7
1081.36 717.429 617.429 605.8
1084.3 719.533 619.533 605.9
1087.23 721.637 621.637 606
1090.14 723.741 623.741 606.1
1093.03 725.845 625.845 606.2
1095.91 727.95 627.95 606.3
1098.78 730.054 630.054 606.4
1101.62 732.158 632.158 606.5
1104.45 734.262 634.262 606.6
1107.27 736.366 636.366 606.7
1110.07 738.471 638.471 606.8
1112.85 740.575 640.575 606.9
1115.62 742.679 642.679 607
1118.37 744.783 644.783 607.1
1121.11 746.887 646.887 607.2
1123.83 748.992 648.992 607.3
1126.53 751.096 651.096 607.4
1129.22 753.2 653.2 607.5
1131.89 755.304 655.304 607.6
1134.55 757.408 657.408 607.7
1137.19 759.513 659.513 607.8
1139.82 761.617 661.617 607.9
1142.43 763.721 663.721 608
1145.03 765.825 665.825 608.1
1147.61 767.929 667.929 608.2
1150.17 770.034 670.034 608.3
1152.72 772.138 672.138 608.4
1155.26 774.242 674.242 608.5
1157.78 776.346 676.346 608.6
1160.28 778.45 678.45 608.7
1162.77 780.555 680.555 608.8
1165.25 782.659 682.659 608.9
1167.71 784.763 684.763 609
1170.15 786.867 686.867 609.1
1172.58 788.971 688.971 609.2
1175 791.076 691.076 609.3
1177.4 793.18 693.18 609.4
1179.79 795.284 695.284 609.5
1182.16 797.388 697.388 609.6
1184.51 799.492 699.492 609.7
1186.85 801.597 701.597 609.8
1189.18 803.701 703.701 609.9
1191.49 805.805 705.805 610
1193.79 807.909 707.909 610.1
1196.08 810.013 710.013 610.2
1198.35 812.118 712.118 610.3
1200.6 814.222 714.222 610.4
1202.84 816.326 716.326 610.5
1205.07 818.43 718.43 610.6
1207.28 820.534 720.534 610.7
1209.48 822.639 722.639 610.8
1211.66 824.743 724.743 610.9
1213.83 826.847 726.847 611
1215.99 828.951 728.951 611.1
1218.13 831.055 731.055 611.2
1220.26 833.16 733.16 611.3
1222.37 835.264 735.264 611.4
1224.47 837.368 737.368 611.5
1226.56 839.472 739.472 611.6
1228.63 841.576 741.576 611.7
1230.69 843.681 743.681 611.8
1232.73 845.785 745.785 611.9
1234.76 847.889 747.889 612
1236.78 849.993 749.993 612.1
1238.78 852.097 752.097 612.2
1240.77 854.201 754.201 612.3
1242.75 856.306 756.306 612.4
1244.71 858.41 758.41 612.5
1246.66 860.514 760.514 612.6
1248.6 862.618 762.618 612.7
1250.52 864.722 764.722 612.8
1252.43 866.827 766.827 612.9
1254.33 868.931 768.931 613
1256.21 871.035 771.035 613.1
1258.08 873.139 773.139 613.2
1259.94 875.243 775.243 613.3
1261.78 877.348 777.348 613.4
1263.62 879.452 779.452 613.5
1265.43 881.556 781.556 613.6
1267.24 883.66 783.66 613.7
1269.03 885.764 785.764 613.8
1270.81 887.869 787.869 613.9
1272.58 889.973 789.973 614
1274.33 892.077 792.077 614.1
1276.07 894.181 794.181 614.2
1277.8 896.285 796.285 614.3
1279.52 898.39 798.39 614.4
1281.22 900.494 800.494 614.5
1282.91 902.598 802.598 614.6
1284.59 904.702 804.702 614.7
1286.25 906.806 806.806 614.8
1287.91 908.911 808.911 614.9
1289.55 911.015 811.015 615
1291.18 913.119 813.119 615.1
1292.79 915.223 815.223 615.2
1294.4 917.327 817.327 615.3
1295.99 919.432 819.432 615.4
1297.57 921.536 821.536 615.5
1299.14 923.64 823.64 615.6
1300.69 925.744 825.744 615.7
1302.24 927.848 827.848 615.8
1303.77 929.953 829.953 615.9
1305.29 932.057 832.057 616
1306.79 934.161 834.161 616.1
1308.29 936.265 836.265 616.2
1309.77 938.369 838.369 616.3
1311.25 940.474 840.474 616.4
1312.71 942.578 842.578 616.5
1314.15 944.682 844.682 616.6
1315.59 946.786 846.786 616.7
1317.02 948.89 848.89 616.8
1318.43 950.995 850.995 616.9
1319.83 953.099 853.099 617
1321.22 955.203 855.203 617.1
1322.6 957.307 857.307 617.2
1323.97 959.411 859.411 617.3
1325.33 961.516 861.516 617.4
1326.67 963.62 863.62 617.5
1328.01 965.724 865.724 617.6
1329.33 967.828 867.828 617.7
1330.64 969.932 869.932 617.8
1331.94 972.037 872.037 617.9
1333.23 974.141 874.141 618
1334.51 976.245 876.245 618.1
1335.78 978.349 878.349 618.2
1337.04 980.453 880.453 618.3
1338.28 982.558 882.558 618.4
1339.52 984.662 884.662 618.5
1340.74 986.766 886.766 618.6
1341.95 988.87 888.87 618.7
1343.16 990.974 890.974 618.8
1344.35 993.079 893.079 618.9
1345.53 995.183 895.183 619
1346.7 997.287 897.287 619.1
1347.86 999.391 899.391 619.2
1349.01 1001.5 901.495 619.3
1350.15 1003.6 903.6 619.4
1351.28 1005.7 905.704 619.5
1352.39 1007.81 907.808 619.6
1353.5 1009.91 909.912 619.7
1354.6 1012.02 912.016 619.8
1355.69 1014.12 914.121 619.9
1356.76 1016.22 916.225 620
1357.83 1018.33 918.329 620.1
1358.89 1020.43 920.433 620.2
1359.93 1022.54 922.537 620.3
1360.97 1024.64 924.642 620.4
1362 1026.75 926.746 620.5
1363.01 1028.85 928.85 620.6
1364.02 1030.95 930.954 620.7
1365.02 1033.06 933.058 620.8
1366 1035.16 935.163 620.9
1366.98 1037.27 937.267 621
1367.95 1039.37 939.371 621.1
1368.91 1041.48 941.475 621.2
1369.85 1043.58 943.579 621.3
1370.79 1045.68 945.684 621.4
1371.72 1047.79 947.788 621.5
1372.64 1049.89 949.892 621.6
1373.55 1052 951.996 621.7
1374.45 1054.1 954.1 621.8
1375.34 1056.2 956.204 621.9
1376.22 1058.31 958.309 622
1377.1 1060.41 960.413 622.1
1377.96 1062.52 962.517 622.2
1378.81 1064.62 964.621 622.3
1379.66 1066.73 966.725 622.4
1380.49 1068.83 968.83 622.5
1381.32 1070.93 970.934 622.6
1382.14 1073.04 973.038 622.7
1382.94 1075.14 975.142 622.8
1383.74 1077.25 977.246 622.9
1384.53 1079.35 979.351 623
1385.31 1081.45 981.455 623.1
1386.09 1083.56 983.559 623.2
1386.85 1085.66 985.663 623.3
1387.61 1087.77 987.767 623.4
1388.35 1089.87 989.872 623.5
1389.09 1091.98 991.976 623.6
1389.82 1094.08 994.08 623.7
1390.54 1096.18 996.184 623.8
1391.25 1098.29 998.288 623.9
1391.95 1100.39 1000.39 624
1392.65 1102.5 1002.5 624.1
1393.34 1104.6 1004.6 624.2
1394.01 1106.71 1006.71 624.3
1394.68 1108.81 1008.81 624.4
1395.34 1110.91 1010.91 624.5
1396 1113.02 1013.02 624.6
1396.64 1115.12 1015.12 624.7
1397.28 1117.23 1017.23 624.8
1397.91 1119.33 1019.33 624.9
1398.53 1121.43 1021.43 625
1399.14 1123.54 1023.54 625.1
1399.75 1125.64 1025.64 625.2
1400.34 1127.75 1027.75 625.3
1400.93 1129.85 1029.85 625.4
1401.51 1131.96 1031.96 625.5
1402.09 1134.06 1034.06 625.6
1402.65 1136.16 1036.16 625.7
1403.21 1138.27 1038.27 625.8
1403.76 1140.37 1040.37 625.9
1404.3 1142.48 1042.48 626
1404.84 1144.58 1044.58 626.1
1405.37 1146.68 1046.68 626.2
1405.88 1148.79 1048.79 626.3
1406.4 1150.89 1050.89 626.4
1406.9 1153 1053 626.5
1407.4 1155.1 1055.1 626.6
1407.89 1157.21 1057.21 626.7
1408.37 1159.31 1059.31 626.8
1408.85 1161.41 1061.41 626.9
1409.32 1163.52 1063.52 627
1409.78 1165.62 1065.62 627.1
1410.23 1167.73 1067.73 627.2
1410.68 1169.83 1069.83 627.3
1411.12 1171.94 1071.94 627.4
1411.55 1174.04 1074.04 627.5
1411.98 1176.14 1076.14 627.6
1412.4 1178.25 1078.25 627.7
1412.81 1180.35 1080.35 627.8
1413.22 1182.46 1082.46 627.9
1413.61 1184.56 1084.56 628
1414.01 1186.66 1086.66 628.1
1414.39 1188.77 1088.77 628.2
1414.77 1190.87 1090.87 628.3
1415.14 1192.98 1092.98 628.4
1415.51 1195.08 1095.08 628.5
1415.87 1197.19 1097.19 628.6
1416.22 1199.29 1099.29 628.7
1416.57 1201.39 1101.39 628.8
1416.91 1203.5 1103.5 628.9
1417.24 1205.6 1105.6 629
1417.57 1207.71 1107.71 629.1
1417.89 1209.81 1109.81 629.2
1418.2 1211.92 1111.92 629.3
1418.51 1214.02 1114.02 629.4
1418.81 1216.12 1116.12 629.5
1419.11 1218.23 1118.23 629.6
1419.4 1220.33 1120.33 629.7
1419.68 1222.44 1122.44 629.8
1419.96 1224.54 1124.54 629.9
1420.23 1226.64 1126.64 630
1420.5 1228.75 1128.75 630.1
1420.76 1230.85 1130.85 630.2
1421.01 1232.96 1132.96 630.3
1421.26 1235.06 1135.06 630.4
1421.51 1237.17 1137.17 630.5
1421.74 1239.27 1139.27 630.6
1421.98 1241.37 1141.37 630.7
1422.2 1243.48 1143.48 630.8
1422.42 1245.58 1145.58 630.9
1422.64 1247.69 1147.69 631
1422.85 1249.79 1149.79 631.1
1423.05 1251.89 1151.89 631.2
1423.25 1254 1154 631.3
1423.45 1256.1 1156.1 631.4
1423.64 1258.21 1158.21 631.5
1423.82 1260.31 1160.31 631.6
1424 1262.42 1162.42 631.7
1424.17 1264.52 1164.52 631.8
1424.34 1266.62 1166.62 631.9
1424.5 1268.73 1168.73 632
1424.66 1270.83 1170.83 632.1
1424.81 1272.94 1172.94 632.2
1424.96 1275.04 1175.04 632.3
1425.11 1277.15 1177.15 632.4
1425.24 1279.25 1179.25 632.5
1425.38 1281.35 1181.35 632.6
1425.51 1283.46 1183.46 632.7
1425.63 1285.56 1185.56 632.8
1425.75 1287.67 1187.67 632.9
1425.87 1289.77 1189.77 633
1425.98 1291.87 1191.87 633.1
1426.08 1293.98 1193.98 633.2
1426.18 1296.08 1196.08 633.3
1426.28 1298.19 1198.19 633.4
1426.37 1300.29 1200.29 633.5
1426.46 1302.4 1202.4 633.6
1426.54 1304.5 1204.5 633.7
1426.62 1306.6 1206.6 633.8
1426.7 1308.71 1208.71 633.9
1426.77 1310.81 1210.81 634
1426.84 1312.92 1212.92 634.1
1426.9 1315.02 1215.02 634.2
1426.96 1317.13 1217.13 634.3
1427.01 1319.23 1219.23 634.4
1427.06 1321.33 1221.33 634.5
1427.11 1323.44 1223.44 634.6
1427.15 1325.54 1225.54 634.7
1427.19 1327.65 1227.65 634.8
1427.23 1329.75 1229.75 634.9
1427.26 1331.85 1231.85 635
1427.29 1333.96 1233.96 635.1
1427.31 1336.06 1236.06 635.2
1427.33 1338.17 1238.17 635.3
1427.35 1340.27 1240.27 635.4
1427.36 1342.38 1242.38 635.5
1427.37 1344.48 1244.48 635.6
1427.38 1346.58 1246.58 635.7
1427.38 1348.69 1248.69 635.8
1427.38 1350.79 1250.79 635.9
1427.38 1352.9 1252.9 636
1427.37 1355 1255 636.1
1427.36 1357.1 1257.1 636.2
1427.35 1359.21 1259.21 636.3
1427.33 1361.31 1261.31 636.4
1427.31 1363.42 1263.42 636.5
1427.29 1365.52 1265.52 636.6
1427.26 1367.63 1267.63 636.7
1427.23 1369.73 1269.73 636.8
1427.2 1371.83 1271.83 636.9
1427.17 1373.94 1273.94 637
1427.13 1376.04 1276.04 637.1
1427.09 1378.15 1278.15 637.2
1427.05 1380.25 1280.25 637.3
1427 1382.36 1282.36 637.4
1426.95 1384.46 1284.46 637.5
1426.9 1386.56 1286.56 637.6
1426.85 1388.67 1288.67 637.7
1426.79 1390.77 1290.77 637.8
1426.73 1392.88 1292.88 637.9
1426.67 1394.98 1294.98 638
1426.61 1397.08 1297.08 638.1
1426.54 1399.19 1299.19 638.2
1426.48 1401.29 1301.29 638.3
1426.4 1403.4 1303.4 638.4
1426.33 1405.5 1305.5 638.5
1426.26 1407.61 1307.61 638.6
1426.18 1409.71 1309.71 638.7
1426.1 1411.81 1311.81 638.8
1426.02 1413.92 1313.92 638.9
1425.94 1416.02 1316.02 639
1425.85 1418.13 1318.13 639.1
1425.76 1420.23 1320.23 639.2
1425.67 1422.33 1322.33 639.3
1425.58 1424.44 1324.44 639.4
1425.49 1426.54 1326.54 639.5
1425.39 1428.65 1328.65 639.6
1425.3 1430.75 1330.75 639.7
1425.2 1432.86 1332.86 639.8
1425.1 1434.96 1334.96 639.9
1425 1437.06 1337.06 640
1424.9 1439.17 1339.17 640.1
1424.79 1441.27 1341.27 640.2
1424.69 1443.38 1343.38 640.3
1424.58 1445.48 1345.48 640.4
1424.47 1447.59 1347.59 640.5
1424.36 1449.69 1349.69 640.6
1424.25 1451.79 1351.79 640.7
1424.14 1453.9 1353.9 640.8
1424.02 1456 1356 640.9
1423.91 1458.11 1358.11 641
1423.79 1460.21 1360.21 641.1
1423.67 1462.31 1362.31 641.2
1423.55 1464.42 1364.42 641.3
1423.44 1466.52 1366.52 641.4
1423.32 1468.63 1368.63 641.5
1423.19 1470.73 1370.73 641.6
1423.07 1472.84 1372.84 641.7
1422.95 1474.94 1374.94 641.8
1422.83 1477.04 1377.04 641.9
1422.7 1479.15 1379.15 642
1422.58 1481.25 1381.25 642.1
1422.45 1483.36 1383.36 642.2
1422.32 1485.46 1385.46 642.3
1422.2 1487.57 1387.57 642.4
1422.07 1489.67 1389.67 642.5
1421.94 1491.77 1391.77 642.6
1421.81 1493.88 1393.88 642.7
1421.68 1495.98 1395.98 642.8
1421.56 1498.09 1398.09 642.9
1421.43 1500.19 1400.19 643
1421.3 1502.29 1402.29 643.1
1421.17 1504.4 1404.4 643.2
1421.04 1506.5 1406.5 643.3
1420.91 1508.61 1408.61 643.4
1420.78 1510.71 1410.71 643.5
1420.64 1512.82 1412.82 643.6
1420.51 1514.92 1414.92 643.7
1420.38 1517.02 1417.02 643.8
1420.25 1519.13 1419.13 643.9
1420.12 1521.23 1421.23 644
1419.99 1523.34 1423.34 644.1
1419.86 1525.44 1425.44 644.2
1419.73 1527.54 1427.54 644.3
1419.6 1529.65 1429.65 644.4
1419.48 1531.75 1431.75 644.5
1419.35 1533.86 1433.86 644.6
1419.22 1535.96 1435.96 644.7
1419.09 1538.07 1438.07 644.8
1418.96 1540.17 1440.17 644.9
1418.84 1542.27 1442.27 645
1418.71 1544.38 1444.38 645.1
1418.59 1546.48 1446.48 645.2
1418.46 1548.59 1448.59 645.3
1418.34 1550.69 1450.69 645.4
1418.21 1552.8 1452.8 645.5
1418.09 1554.9 1454.9 645.6
1417.97 1557 1457 645.7
1417.85 1559.11 1459.11 645.8
1417.73 1561.21 1461.21 645.9
1417.61 1563.32 1463.32 646
1417.49 1565.42 1465.42 646.1
1417.38 1567.52 1467.52 646.2
1417.26 1569.63 1469.63 646.3
1417.15 1571.73 1471.73 646.4
1417.03 1573.84 1473.84 646.5
1416.92 1575.94 1475.94 646.6
1416.81 1578.05 1478.05 646.7
1416.7 1580.15 1480.15 646.8
1416.59 1582.25 1482.25 646.9
1416.49 1584.36 1484.36 647
1416.38 1586.46 1486.46 647.1
1416.28 1588.57 1488.57 647.2
1416.18 1590.67 1490.67 647.3
1416.08 1592.77 1492.77 647.4
1415.98 1594.88 1494.88 647.5
1415.88 1596.98 1496.98 647.6
1415.79 1599.09 1499.09 647.7
1415.69 1601.19 1501.19 647.8
1415.6 1603.3 1503.3 647.9
1415.51 1605.4 1505.4 648
1415.42 1607.5 1507.5 648.1
1415.34 1609.61 1509.61 648.2
1415.25 1611.71 1511.71 648.3
1415.17 1613.82 1513.82 648.4
1415.09 1615.92 1515.92 648.5
1415.01 1618.03 1518.03 648.6
1414.94 1620.13 1520.13 648.7
1414.86 1622.23 1522.23 648.8
1414.79 1624.34 1524.34 648.9
1414.72 1626.44 1526.44 649
1414.65 1628.55 1528.55 649.1
1414.59 1630.65 1530.65 649.2
1414.53 1632.75 1532.75 649.3
1414.47 1634.86 1534.86 649.4
1414.41 1636.96 1536.96 649.5
1414.36 1639.07 1539.07 649.6
1414.3 1641.17 1541.17 649.7
1414.25 1643.28 1543.28 649.8
1414.21 1645.38 1545.38 649.9
1414.16 1647.48 1547.48 650
1414.12 1649.59 1549.59 650.1
1414.08 1651.69 1551.69 650.2
1414.05 1653.8 1553.8 650.3
1414.02 1655.9 1555.9 650.4
1413.99 1658.01 1558.01 650.5
1413.96 1660.11 1560.11 650.6
1413.93 1662.21 1562.21 650.7
1413.91 1664.32 1564.32 650.8
1413.9 1666.42 1566.42 650.9
1413.88 1668.53 1568.53 651
1413.87 1670.63 1570.63 651.1
1413.86 1672.73 1572.73 651.2
1413.86 1674.84 1574.84 651.3
1413.86 1676.94 1576.94 651.4
1413.86 1679.05 1579.05 651.5
1413.86 1681.15 1581.15 651.6
1413.87 1683.26 1583.26 651.7
1413.88 1685.36 1585.36 651.8
1413.9 1687.46 1587.46 651.9
1413.92 1689.57 1589.57 652
1413.94 1691.67 1591.67 652.1
1413.97 1693.78 1593.78 652.2
1414 1695.88 1595.88 652.3
1414.03 1697.98 1597.98 652.4
1414.07 1700.09 1600.09 652.5
1414.11 1702.19 1602.19 652.6
1414.15 1704.3 1604.3 652.7
1414.2 1706.4 1606.4 652.8
1414.26 1708.51 1608.51 652.9
1414.31 1710.61 1610.61 653
1414.38 1712.71 1612.71 653.1
1414.44 1714.82 1614.82 653.2
1414.51 1716.92 1616.92 653.3
1414.58 1719.03 1619.03 653.4
1414.66 1721.13 1621.13 653.5
1414.74 1723.24 1623.24 653.6
1414.83 1725.34 1625.34 653.7
1414.92 1727.44 1627.44 653.8
1415.02 1729.55 1629.55 653.9
1415.12 1731.65 1631.65 654
1415.22 1733.76 1633.76 654.1
1415.33 1735.86 1635.86 654.2
1415.44 1737.96 1637.96 654.3
1415.56 1740.07 1640.07 654.4
1415.68 1742.17 1642.17 654.5
1415.81 1744.28 1644.28 654.6
1415.94 1746.38 1646.38 654.7
1416.08 1748.49 1648.49 654.8
1416.22 1750.59 1650.59 654.9
1416.36 1752.69 1652.69 655
1416.52 1754.8 1654.8 655.1
1416.67 1756.9 1656.9 655.2
1416.83 1759.01 1659.01 655.3
1417 1761.11 1661.11 655.4
1417.17 1763.21 1663.21 655.5
1417.35 1765.32 1665.32 655.6
1417.53 1767.42 1667.42 655.7
1417.71 1769.53 1669.53 655.8
1417.91 1771.63 1671.63 655.9
1418.1 1773.74 1673.74 656
1418.31 1775.84 1675.84 656.1
1418.51 1777.94 1677.94 656.2
1418.73 1780.05 1680.05 656.3
1418.95 1782.15 1682.15 656.4
1419.17 1784.26 1684.26 656.5
1419.4 1786.36 1686.36 656.6
1419.64 1788.47 1688.47 656.7
1419.88 1790.57 1690.57 656.8
1420.12 1792.67 1692.67 656.9
1420.38 1794.78 1694.78 657
1420.63 1796.88 1696.88 657.1
1420.9 1798.99 1698.99 657.2
1421.17 1801.09 1701.09 657.3
1421.44 1803.19 1703.19 657.4
1421.73 1805.3 1705.3 657.5
1422.01 1807.4 1707.4 657.6
1422.31 1809.51 1709.51 657.7
1422.61 1811.61 1711.61 657.8
1422.91 1813.72 1713.72 657.9
1423.23 1815.82 1715.82 658
1423.54 1817.92 1717.92 658.1
1423.87 1820.03 1720.03 658.2
1424.2 1822.13 1722.13 658.3
1424.54 1824.24 1724.24 658.4
1424.88 1826.34 1726.34 658.5
1425.23 1828.45 1728.45 658.6
1425.59 1830.55 1730.55 658.7
1425.95 1832.65 1732.65 658.8
1426.32 1834.76 1734.76 658.9
1426.69 1836.86 1736.86 659
1427.08 1838.97 1738.97 659.1
1427.47 1841.07 1741.07 659.2
1427.86 1843.17 1743.17 659.3
1428.27 1845.28 1745.28 659.4
1428.68 1847.38 1747.38 659.5
1429.09 1849.49 1749.49 659.6
1429.51 1851.59 1751.59 659.7
1429.95 1853.7 1753.7 659.8
1430.38 1855.8 1755.8 659.9
1430.83 1857.9 1757.9 660
1431.28 1860.01 1760.01 660.1
1431.74 1862.11 1762.11 660.2
1432.2 1864.22 1764.22 660.3
1432.67 1866.32 1766.32 660.4
1433.15 1868.42 1768.42 660.5
1433.64 1870.53 1770.53 660.6
1434.14 1872.63 1772.63 660.7
1434.64 1874.74 1774.74 660.8
1435.15 1876.84 1776.84 660.9
1435.66 1878.95 1778.95 661
1436.19 1881.05 1781.05 661.1
1436.72 1883.15 1783.15 661.2
1437.26 1885.26 1785.26 661.3
1437.81 1887.36 1787.36 661.4
1438.36 1889.47 1789.47 661.5
1438.92 1891.57 1791.57 661.6
1439.49 1893.68 1793.68 661.7
1440.07 1895.78 1795.78 661.8
1440.66 1897.88 1797.88 661.9
1441.25 1899.99 1799.99 662
1441.85 1902.09 1802.09 662.1
1442.46 1904.2 1804.2 662.2
1443.08 1906.3 1806.3 662.3
1443.71 1908.4 1808.4 662.4
1444.34 1910.51 1810.51 662.5
1444.98 1912.61 1812.61 662.6
1445.63 1914.72 1814.72 662.7
1446.29 1916.82 1816.82 662.8
1446.96 1918.93 1818.93 662.9
1447.63 1921.03 1821.03 663
1448.31 1923.13 1823.13 663.1
1449.01 1925.24 1825.24 663.2
1449.71 1927.34 1827.34 663.3
1450.41 1929.45 1829.45 663.4
1451.13 1931.55 1831.55 663.5
1451.86 1933.65 1833.65 663.6
1452.59 1935.76 1835.76 663.7
1453.33 1937.86 1837.86 663.8
1454.09 1939.97 1839.97 663.9
1454.85 1942.07 1842.07 664
1455.61 1944.18 1844.18 664.1
1456.39 1946.28 1846.28 664.2
1457.18 1948.38 1848.38 664.3
1457.97 1950.49 1850.49 664.4
1458.78 1952.59 1852.59 664.5
1459.59 1954.7 1854.7 664.6
1460.42 1956.8 1856.8 664.7
1461.25 1958.91 1858.91 664.8
1462.09 1961.01 1861.01 664.9
1462.94 1963.11 1863.11 665
1463.8 1965.22 1865.22 665.1
1464.67 1967.32 1867.32 665.2
1465.54 1969.43 1869.43 665.3
1466.43 1971.53 1871.53 665.4
1467.33 1973.63 1873.63 665.5
1468.23 1975.74 1875.74 665.6
1469.15 1977.84 1877.84 665.7
1470.07 1979.95 1879.95 665.8
1471.01 1982.05 1882.05 665.9
1471.95 1984.16 1884.16 666
1472.91 1986.26 1886.26 666.1
1473.87 1988.36 1888.36 666.2
1474.84 1990.47 1890.47 666.3
1475.83 1992.57 1892.57 666.4
1476.82 1994.68 1894.68 666.5
1477.82 1996.78 1896.78 666.6
1478.83 1998.89 1898.89 666.7
1479.86 2000.99 1900.99 666.8
1480.89 2003.09 1903.09 666.9
1481.93 2005.2 1905.2 667
1482.98 2007.3 1907.3 667.1
1484.05 2009.41 1909.41 667.2
1485.12 2011.51 1911.51 667.3
1486.2 2013.61 1913.61 667.4
1487.3 2015.72 1915.72 667.5
1488.4 2017.82 1917.82 667.6
1489.51 2019.93 1919.93 667.7
1490.64 2022.03 1922.03 667.8
1491.77 2024.14 1924.14 667.9
1492.92 2026.24 1926.24 668
1494.07 2028.34 1928.34 668.1
1495.24 2030.45 1930.45 668.2
1496.42 2032.55 1932.55 668.3
1497.6 2034.66 1934.66 668.4
1498.8 2036.76 1936.76 668.5
1500.01 2038.86 1938.86 668.6
1501.23 2040.97 1940.97 668.7
1502.46 2043.07 1943.07 668.8
1503.7 2045.18 1945.18 668.9
1504.96 2047.28 1947.28 669
1506.22 2049.39 1949.39 669.1
1507.49 2051.49 1951.49 669.2
1508.78 2053.59 1953.59 669.3
1510.07 2055.7 1955.7 669.4
1511.38 2057.8 1957.8 669.5
1512.7 2059.91 1959.91 669.6
1514.03 2062.01 1962.01 669.7
1515.37 2064.12 1964.12 669.8
1516.72 2066.22 1966.22 669.9
1518.09 2068.32 1968.32 670
1519.46 2070.43 1970.43 670.1
1520.85 2072.53 1972.53 670.2
1522.25 2074.64 1974.64 670.3
1523.66 2076.74 1976.74 670.4
1525.08 2078.84 1978.84 670.5
1526.51 2080.95 1980.95 670.6
1527.95 2083.05 1983.05 670.7
1529.41 2085.16 1985.16 670.8
1530.88 2087.26 1987.26 670.9
1532.36 2089.37 1989.37 671
1533.85 2091.47 1991.47 671.1
1535.35 2093.57 1993.57 671.2
1536.86 2095.68 1995.68 671.3
1538.39 2097.78 1997.78 671.4
1539.93 2099.89 1999.89 671.5
1541.48 2101.99 2001.99 671.6
1543.04 2104.1 2004.1 671.7
1544.62 2106.2 2006.2 671.8
1546.2 2108.3 2008.3 671.9
1547.8 2110.41 2010.41 672
1549.42 2112.51 2012.51 672.1
1551.04 2114.62 2014.62 672.2
1552.67 2116.72 2016.72 672.3
1554.32 2118.82 2018.82 672.4
1555.98 2120.93 2020.93 672.5
1557.66 2123.03 2023.03 672.6
1559.34 2125.14 2025.14 672.7
1561.04 2127.24 2027.24 672.8
1562.75 2129.35 2029.35 672.9
1564.48 2131.45 2031.45 673
1566.21 2133.55 2033.55 673.1
1567.96 2135.66 2035.66 673.2
1569.72 2137.76 2037.76 673.3
1571.5 2139.87 2039.87 673.4
1573.28 2141.97 2041.97 673.5
1575.08 2144.07 2044.07 673.6
1576.9 2146.18 2046.18 673.7
1578.72 2148.28 2048.28 673.8
1580.56 2150.39 2050.39 673.9
1582.41 2152.49 2052.49 674
1584.28 2154.6 2054.6 674.1
1586.16 2156.7 2056.7 674.2
1588.05 2158.8 2058.8 674.3
1589.95 2160.91 2060.91 674.4
1591.87 2163.01 2063.01 674.5
1593.8 2165.12 2065.12 674.6
1595.75 2167.22 2067.22 674.7
1597.7 2169.33 2069.33 674.8
1599.68 2171.43 2071.43 674.9
1601.66 2173.53 2073.53 675
1603.66 2175.64 2075.64 675.1
1605.67 2177.74 2077.74 675.2
1607.7 2179.85 2079.85 675.3
1609.74 2181.95 2081.95 675.4
1611.79 2184.05 2084.05 675.5
1613.85 2186.16 2086.16 675.6
1615.94 2188.26 2088.26 675.7
1618.03 2190.37 2090.37 675.8
1620.14 2192.47 2092.47 675.9
1622.26 2194.58 2094.58 676
1624.4 2196.68 2096.68 676.1
1626.55 2198.78 2098.78 676.2
1628.71 2200.89 2100.89 676.3
1630.89 2202.99 2102.99 676.4
1633.08 2205.1 2105.1 676.5
1635.29 2207.2 2107.2 676.6
1637.51 2209.3 2109.3 676.7
1639.74 2211.41 2111.41 676.8
1641.99 2213.51 2113.51 676.9
1644.26 2215.62 2115.62 677
1646.53 2217.72 2117.72 677.1
1648.83 2219.83 2119.83 677.2
1651.13 2221.93 2121.93 677.3
1653.45 2224.03 2124.03 677.4
1655.79 2226.14 2126.14 677.5
1658.14 2228.24 2128.24 677.6
1660.51 2230.35 2130.35 677.7
1662.89 2232.45 2132.45 677.8
1665.28 2234.56 2134.56 677.9
1667.69 2236.66 2136.66 678
1670.11 2238.76 2138.76 678.1
1672.55 2240.87 2140.87 678.2
1675.01 2242.97 2142.97 678.3
1677.47 2245.08 2145.08 678.4
1679.96 2247.18 2147.18 678.5
1682.46 2249.28 2149.28 678.6
1684.97 2251.39 2151.39 678.7
1687.5 2253.49 2153.49 678.8
1690.05 2255.6 2155.6 678.9
1692.6 2257.7 2157.7 679
1695.18 2259.81 2159.81 679.1
1697.77 2261.91 2161.91 679.2
1700.37 2264.01 2164.01 679.3
1703 2266.12 2166.12 679.4
1705.63 2268.22 2168.22 679.5
1708.28 2270.33 2170.33 679.6
1710.95 2272.43 2172.43 679.7
1713.63 2274.54 2174.54 679.8
1716.33 2276.64 2176.64 679.9
1719.05 2278.74 2178.74 680
1721.77 2280.85 2180.85 680.1
1724.52 2282.95 2182.95 680.2
1727.28 2285.06 2185.06 680.3
1730.06 2287.16 2187.16 680.4
1732.85 2289.26 2189.26 680.5
1735.65 2291.37 2191.37 680.6
1738.48 2293.47 2193.47 680.7
1741.31 2295.58 2195.58 680.8
1744.16 2297.68 2197.68 680.9
1747.03 2299.79 2199.79 681
1749.91 2301.89 2201.89 681.1
1752.8 2303.99 2203.99 681.2
1755.71 2306.1 2206.1 681.3
1758.64 2308.2 2208.2 681.4
1761.57 2310.31 2210.31 681.5
1764.53 2312.41 2212.41 681.6
1767.49 2314.51 2214.51 681.7
1770.47 2316.62 2216.62 681.8
1773.46 2318.72 2218.72 681.9
1776.47 2320.83 2220.83 682
1779.49 2322.93 2222.93 682.1
1782.52 2325.04 2225.04 682.2
1785.57 2327.14 2227.14 682.3
1788.63 2329.24 2229.24 682.4
1791.7 2331.35 2231.35 682.5
1794.79 2333.45 2233.45 682.6
1797.89 2335.56 2235.56 682.7
1801 2337.66 2237.66 682.8
1804.12 2339.77 2239.77 682.9
1807.26 2341.87 2241.87 683
1810.41 2343.97 2243.97 683.1
1813.57 2346.08 2246.08 683.2
1816.75 2348.18 2248.18 683.3
1819.93 2350.29 2250.29 683.4
1823.13 2352.39 2252.39 683.5
1826.34 2354.49 2254.49 683.6
1829.56 2356.6 2256.6 683.7
1832.79 2358.7 2258.7 683.8
1836.04 2360.81 2260.81 683.9
1839.29 2362.91 2262.91 684
1842.56 2365.02 2265.02 684.1
1845.84 2367.12 2267.12 684.2
1849.13 2369.22 2269.22 684.3
1852.43 2371.33 2271.33 684.4
1855.74 2373.43 2273.43 684.5
1859.06 2375.54 2275.54 684.6
1862.4 2377.64 2277.64 684.7
1865.74 2379.74 2279.74 684.8
1869.09 2381.85 2281.85 684.9
1872.46 2383.95 2283.95 685
1875.83 2386.06 2286.06 685.1
1879.22 2388.16 2288.16 685.2
1882.61 2390.27 2290.27 685.3
1886.01 2392.37 2292.37 685.4
1889.43 2394.47 2294.47 685.5
1892.85 2396.58 2296.58 685.6
1896.29 2398.68 2298.68 685.7
1899.73 2400.79 2300.79 685.8
1903.18 2402.89 2302.89 685.9
1906.64 2405 2305 686
1910.11 2407.1 2307.1 686.1
1913.59 2409.2 2309.2 686.2
1917.08 2411.31 2311.31 686.3
1920.58 2413.41 2313.41 686.4
1924.08 2415.52 2315.52 686.5
1927.6 2417.62 2317.62 686.6
1931.12 2419.72 2319.72 686.7
1934.65 2421.83 2321.83 686.8
1938.19 2423.93 2323.93 686.9
1941.74 2426.04 2326.04 687
1945.3 2428.14 2328.14 687.1
1948.86 2430.25 2330.25 687.2
1952.43 2432.35 2332.35 687.3
1956.01 2434.45 2334.45 687.4
1959.6 2436.56 2336.56 687.5
1963.19 2438.66 2338.66 687.6
1966.79 2440.77 2340.77 687.7
1970.4 2442.87 2342.87 687.8
1974.02 2444.98 2344.98 687.9
1977.64 2447.08 2347.08 688
1981.27 2449.18 2349.18 688.1
1984.91 2451.29 2351.29 688.2
1988.55 2453.39 2353.39 688.3
1992.2 2455.5 2355.5 688.4
1995.86 2457.6 2357.6 688.5
1999.52 2459.7 2359.7 688.6
2003.19 2461.81 2361.81 688.7
2006.87 2463.91 2363.91 688.8
2010.55 2466.02 2366.02 688.9
2014.24 2468.12 2368.12 689
2017.93 2470.23 2370.23 689.1
2021.63 2472.33 2372.33 689.2
2025.33 2474.43 2374.43 689.3
2029.04 2476.54 2376.54 689.4
2032.76 2478.64 2378.64 689.5
2036.48 2480.75 2380.75 689.6
2040.21 2482.85 2382.85 689.7
2043.94 2484.95 2384.95 689.8
2047.68 2487.06 2387.06 689.9
2051.42 2489.16 2389.16 690
2055.16 2491.27 2391.27 690.1
2058.91 2493.37 2393.37 690.2
2062.67 2495.48 2395.48 690.3
2066.43 2497.58 2397.58 690.4
2070.19 2499.68 2399.68 690.5
2073.96 2501.79 2401.79 690.6
2077.73 2503.89 2403.89 690.7
2081.51 2506 2406 690.8
2085.29 2508.1 2408.1 690.9
2089.07 2510.21 2410.21 691
2092.86 2512.31 2412.31 691.1
2096.65 2514.41 2414.41 691.2
2100.45 2516.52 2416.52 691.3
2104.25 2518.62 2418.62 691.4
2108.05 2520.73 2420.73 691.5
2111.85 2522.83 2422.83 691.6
2115.66 2524.93 2424.93 691.7
2119.47 2527.04 2427.04 691.8
2123.28 2529.14 2429.14 691.9
2127.1 2531.25 2431.25 692
2130.92 2533.35 2433.35 692.1
2134.74 2535.46 2435.46 692.2
2138.56 2537.56 2437.56 692.3
2142.39 2539.66 2439.66 692.4
2146.21 2541.77 2441.77 692.5
2150.04 2543.87 2443.87 692.6
2153.87 2545.98 2445.98 692.7
2157.71 2548.08 2448.08 692.8
2161.54 2550.18 2450.18 692.9
2165.38 2552.29 2452.29 693
2169.22 2554.39 2454.39 693.1
2173.06 2556.5 2456.5 693.2
2176.9 2558.6 2458.6 693.3
2180.74 2560.71 2460.71 693.4
2184.58 2562.81 2462.81 693.5
2188.43 2564.91 2464.91 693.6
2192.27 2567.02 2467.02 693.7
2196.12 2569.12 2469.12 693.8
2199.96 2571.23 2471.23 693.9
2203.81 2573.33 2473.33 694
2207.66 2575.44 2475.44 694.1
2211.5 2577.54 2477.54 694.2
2215.35 2579.64 2479.64 694.3
2219.2 2581.75 2481.75 694.4
2223.05 2583.85 2483.85 694.5
2226.89 2585.96 2485.96 694.6
2230.74 2588.06 2488.06 694.7
2234.59 2590.16 2490.16 694.8
2238.43 2592.27 2492.27 694.9
2242.28 2594.37 2494.37 695
2246.12 2596.48 2496.48 695.1
2249.97 2598.58 2498.58 695.2
2253.81 2600.69 2500.69 695.3
2257.65 2602.79 2502.79 695.4
2261.49 2604.89 2504.89 695.5
2265.33 2607 2507 695.6
2269.17 2609.1 2509.1 695.7
2273.01 2611.21 2511.21 695.8
2276.84 2613.31 2513.31 695.9
2280.68 2615.42 2515.42 696
2284.51 2617.52 2517.52 696.1
2288.34 2619.62 2519.62 696.2
2292.17 2621.73 2521.73 696.3
2295.99 2623.83 2523.83 696.4
2299.82 2625.94 2525.94 696.5
2303.64 2628.04 2528.04 696.6
2307.46 2630.14 2530.14 696.7
2311.27 2632.25 2532.25 696.8
2315.09 2634.35 2534.35 696.9
2318.9 2636.46 2536.46 697
2322.7 2638.56 2538.56 697.1
2326.51 2640.67 2540.67 697.2
2330.31 2642.77 2542.77 697.3
2334.11 2644.87 2544.87 697.4
2337.91 2646.98 2546.98 697.5
2341.7 2649.08 2549.08 697.6
2345.49 2651.19 2551.19 697.7
2349.27 2653.29 2553.29 697.8
2353.05 2655.39 2555.39 697.9
2356.83 2657.5 2557.5 698
2360.6 2659.6 2559.6 698.1
2364.37 2661.71 2561.71 698.2
2368.14 2663.81 2563.81 698.3
2371.9 2665.92 2565.92 698.4
2375.65 2668.02 2568.02 698.5
2379.4 2670.12 2570.12 698.6
2383.15 2672.23 2572.23 698.7
2386.89 2674.33 2574.33 698.8
2390.63 2676.44 2576.44 698.9
2394.36 2678.54 2578.54 699
2398.09 2680.65 2580.65 699.1
2401.81 2682.75 2582.75 699.2
2405.53 2684.85 2584.85 699.3
2409.24 2686.96 2586.96 699.4
2412.95 2689.06 2589.06 699.5
2416.65 2691.17 2591.17 699.6
2420.34 2693.27 2593.27 699.7
2424.03 2695.37 2595.37 699.8
2427.71 2697.48 2597.48 699.9
2431.39 2699.58 2599.58 700
2435.06 2701.69 2601.69 700.1
2438.72 2703.79 2603.79 700.2
2442.38 2705.9 2605.9 700.3
2446.03 2708 2608 700.4
2449.68 2710.1 2610.1 700.5
2453.32 2712.21 2612.21 700.6
2456.95 2714.31 2614.31 700.7
2460.57 2716.42 2616.42 700.8
2464.19 2718.52 2618.52 700.9
2467.8 2720.62 2620.62 701
2471.4 2722.73 2622.73 701.1
2475 2724.83 2624.83 701.2
2478.59 2726.94 2626.94 701.3
2482.17 2729.04 2629.04 701.4
2485.74 2731.15 2631.15 701.5
2489.31 2733.25 2633.25 701.6
2492.86 2735.35 2635.35 701.7
2496.41 2737.46 2637.46 701.8
2499.95 2739.56 2639.56 701.9
2503.49 2741.67 2641.67 702
2507.01 2743.77 2643.77 702.1
2510.53 2745.88 2645.88 702.2
2514.03 2747.98 2647.98 702.3
2517.53 2750.08 2650.08 702.4
2521.02 2752.19 2652.19 702.5
2524.5 2754.29 2654.29 702.6
2527.98 2756.4 2656.4 702.7
2531.44 2758.5 2658.5 702.8
2534.89 2760.6 2660.6 702.9
2538.34 2762.71 2662.71 703
2541.77 2764.81 2664.81 703.1
2545.2 2766.92 2666.92 703.2
2548.61 2769.02 2669.02 703.3
2552.02 2771.13 2671.13 703.4
2555.42 2773.23 2673.23 703.5
2558.8 2775.33 2675.33 703.6
2562.18 2777.44 2677.44 703.7
2565.54 2779.54 2679.54 703.8
2568.9 2781.65 2681.65 703.9
2572.24 2783.75 2683.75 704
2575.58 2785.86 2685.86 704.1
2578.9 2787.96 2687.96 704.2
2582.22 2790.06 2690.06 704.3
2585.52 2792.17 2692.17 704.4
2588.81 2794.27 2694.27 704.5
2592.09 2796.38 2696.38 704.6
2595.36 2798.48 2698.48 704.7
2598.62 2800.58 2700.58 704.8
2601.86 2802.69 2702.69 704.9
2605.1 2804.79 2704.79 705
2608.32 2806.9 2706.9 705.1
2611.53 2809 2709 705.2
2614.73 2811.11 2711.11 705.3
2617.92 2813.21 2713.21 705.4
2621.1 2815.31 2715.31 705.5
2624.26 2817.42 2717.42 705.6
2627.41 2819.52 2719.52 705.7
2630.55 2821.63 2721.63 705.8
2633.68 2823.73 2723.73 705.9
2636.79 2825.83 2725.83 706
2639.89 2827.94 2727.94 706.1
2642.98 2830.04 2730.04 706.2
2646.06 2832.15 2732.15 706.3
2649.12 2834.25 2734.25 706.4
2652.17 2836.36 2736.36 706.5
2655.21 2838.46 2738.46 706.6
2658.23 2840.56 2740.56 706.7
2661.24 2842.67 2742.67 706.8
2664.23 2844.77 2744.77 706.9
2667.21 2846.88 2746.88 707
2670.18 2848.98 2748.98 707.1
2673.14 2851.09 2751.09 707.2
2676.08 2853.19 2753.19 707.3
2679 2855.29 2755.29 707.4
2681.91 2857.4 2757.4 707.5
2684.81 2859.5 2759.5 707.6
2687.7 2861.61 2761.61 707.7
2690.56 2863.71 2763.71 707.8
2693.42 2865.81 2765.81 707.9
2696.26 2867.92 2767.92 708
2699.08 2870.02 2770.02 708.1
2701.89 2872.13 2772.13 708.2
2704.68 2874.23 2774.23 708.3
2707.46 2876.34 2776.34 708.4
2710.23 2878.44 2778.44 708.5
2712.97 2880.54 2780.54 708.6
2715.71 2882.65 2782.65 708.7
2718.42 2884.75 2784.75 708.8
2721.12 2886.86 2786.86 708.9
2723.81 2888.96 2788.96 709
2726.48 2891.07 2791.07 709.1
2729.13 2893.17 2793.17 709.2
2731.77 2895.27 2795.27 709.3
2734.39 2897.38 2797.38 709.4
2736.99 2899.48 2799.48 709.5
2739.58 2901.59 2801.59 709.6
2742.15 2903.69 2803.69 709.7
2744.7 2905.79 2805.79 709.8
2747.24 2907.9 2807.9 709.9
2749.76 2910 2810 710
2752.26 2912.11 2812.11 710.1
2754.75 2914.21 2814.21 710.2
2757.22 2916.32 2816.32 710.3
2759.67 2918.42 2818.42 710.4
2762.1 2920.52 2820.52 710.5
2764.52 2922.63 2822.63 710.6
2766.92 2924.73 2824.73 710.7
2769.3 2926.84 2826.84 710.8
2771.66 2928.94 2828.94 710.9
2774.01 2931.04 2831.04 711
2776.33 2933.15 2833.15 711.1
2778.64 2935.25 2835.25 711.2
2780.93 2937.36 2837.36 711.3
2783.2 2939.46 2839.46 711.4
2785.45 2941.57 2841.57 711.5
2787.69 2943.67 2843.67 711.6
2789.9 2945.77 2845.77 711.7
2792.1 2947.88 2847.88 711.8
2794.28 2949.98 2849.98 711.9
2796.43 2952.09 2852.09 712
2798.57 2954.19 2854.19 712.1
2800.69 2956.3 2856.3 712.2
2802.79 2958.4 2858.4 712.3
2804.87 2960.5 2860.5 712.4
2806.93 2962.61 2862.61 712.5
2808.97 2964.71 2864.71 712.6
2810.99 2966.82 2866.82 712.7
2812.99 2968.92 2868.92 712.8
2814.98 2971.02 2871.02 712.9
2816.94 2973.13 2873.13 713
2818.88 2975.23 2875.23 713.1
2820.8 2977.34 2877.34 713.2
2822.69 2979.44 2879.44 713.3
2824.57 2981.55 2881.55 713.4
2826.43 2983.65 2883.65 713.5
2828.27 2985.75 2885.75 713.6
2830.08 2987.86 2887.86 713.7
2831.88 2989.96 2889.96 713.8
2833.65 2992.07 2892.07 713.9
2835.4 2994.17 2894.17 714
2837.13 2996.27 2896.27 714.1
2838.84 2998.38 2898.38 714.2
2840.53 3000.48 2900.48 714.3
2842.19 3002.59 2902.59 714.4
2843.84 3004.69 2904.69 714.5
2845.46 3006.8 2906.8 714.6
2847.06 3008.9 2908.9 714.7
2848.64 3011 2911 714.8
2850.19 3013.11 2913.11 714.9
2851.72 3015.21 2915.21 715
2853.23 3017.32 2917.32 715.1
2854.72 3019.42 2919.42 715.2
2856.18 3021.53 2921.53 715.3
2857.63 3023.63 2923.63 715.4
2859.05 3025.73 2925.73 715.5
2860.44 3027.84 2927.84 715.6
2861.81 3029.94 2929.94 715.7
2863.16 3032.05 2932.05 715.8
2864.49 3034.15 2934.15 715.9
2865.79 3036.25 2936.25 716
2867.07 3038.36 2938.36 716.1
2868.32 3040.46 2940.46 716.2
2869.55 3042.57 2942.57 716.3
2870.76 3044.67 2944.67 716.4
2871.94 3046.78 2946.78 716.5
2873.1 3048.88 2948.88 716.6
2874.24 3050.98 2950.98 716.7
2875.35 3053.09 2953.09 716.8
2876.43 3055.19 2955.19 716.9
2877.49 3057.3 2957.3 717
2878.53 3059.4 2959.4 717.1
2879.54 3061.51 2961.51 717.2
2880.53 3063.61 2963.61 717.3
2881.49 3065.71 2965.71 717.4
2882.43 3067.82 2967.82 717.5
2883.34 3069.92 2969.92 717.6
2884.22 3072.03 2972.03 717.7
2885.08 3074.13 2974.13 717.8
2885.92 3076.23 2976.23 717.9
2886.73 3078.34 2978.34 718
2887.51 3080.44 2980.44 718.1
2888.27 3082.55 2982.55 718.2
2889 3084.65 2984.65 718.3
2889.7 3086.76 2986.76 718.4
2890.38 3088.86 2988.86 718.5
2891.03 3090.96 2990.96 718.6
2891.66 3093.07 2993.07 718.7
2892.26 3095.17 2995.17 718.8
2892.83 3097.28 2997.28 718.9
2893.38 3099.38 2999.38 719
2893.9 3101.48 3001.48 719.1
2894.39 3103.59 3003.59 719.2
2894.85 3105.69 3005.69 719.3
2895.29 3107.8 3007.8 719.4
2895.7 3109.9 3009.9 719.5
2896.08 3112.01 3012.01 719.6
2896.44 3114.11 3014.11 719.7
2896.76 3116.21 3016.21 719.8
2897.06 3118.32 3018.32 719.9
2897.34 1023 923 720 PIT
2897.58 1023 923 720.1 PIT
2897.8 1023 923 720.2 PIT
2897.98 1023 923 720.3 PIT
2898.14 1023 923 720.4 PIT
2898.28 1023 923 720.5 PIT
2898.38 1023 923 720.6 PIT
2898.46 1023 923 720.7 PIT
2898.51 1023 923 720.8 PIT
2898.54 1023 923 720.9 PIT
2898.53 1023 923 721 PIT
2898.5 1023 923 721.1 PIT
2898.45 1023 923 721.2 PIT
2898.36 1023 923 721.3 PIT
2898.25 1023 923 721.4 PIT
2898.12 1023 923 721.5 PIT
2897.96 1023 923 721.6 PIT
2897.77 1023 923 721.7 PIT
2897.55 1023 923 721.8 PIT
2897.31 1023 923 721.9 PIT
2897.05 1023 923 722 PIT
2896.75 1023 923 722.1 PIT
2896.44 1023 923 722.2 PIT
2896.09 1023 923 722.3 PIT
2895.72 1023 923 722.4 PIT
2895.33 1023 923 722.5 PIT
2894.91 1023 923 722.6 PIT
2894.47 1023 923 722.7 PIT
2894 1023 923 722.8 PIT
2893.51 1023 923 722.9 PIT
2892.99 1023 923 723 PIT
2892.45 1023 923 723.1 PIT
2891.88 1023 923 723.2 PIT
2891.29 1023 923 723.3 PIT
2890.67 1023 923 723.4 PIT
2890.03 1023 923 723.5 PIT
2889.37 1023 923 723.6 PIT
2888.68 1023 923 723.7 PIT
2887.97 1023 923 723.8 PIT
2887.24 1023 923 723.9 PIT
2886.48 1023 923 724 PIT
2885.7 1023 923 724.1 PIT
2884.89 1023 923 724.2 PIT
2884.07 1023 923 724.3 PIT
2883.21 1023 923 724.4 PIT
2882.34 1023 923 724.5 PIT
2881.44 1023 923 724.6 PIT
2880.53 1023 923 724.7 PIT
2879.58 1023 923 724.8 PIT
2878.62 1023 923 724.9 PIT
2877.63 1023 923 725 PIT
2876.62 1023 923 725.1 PIT
2875.59 1023 923 725.2 PIT
2874.54 1023 923 725.3 PIT
2873.47 1023 923 725.4 PIT
2872.37 1023 923 725.5 PIT
2871.25 1023 923 725.6 PIT
2870.11 1023 923 725.7 PIT
2868.95 1023 923 725.8 PIT
2867.77 1023 923 725.9 PIT
2866.56 1023 923 726 PIT
2865.34 1023 923 726.1 PIT
2864.09 1023 923 726.2 PIT
2862.83 1023 923 726.3 PIT
2861.54 1023 923 726.4 PIT
2860.23 1023 923 726.5 PIT
2858.9 1023 923 726.6 PIT
2857.55 1023 923 726.7 PIT
2856.19 1023 923 726.8 PIT
2854.8 1023 923 726.9 PIT
2853.39 1023 923 727 PIT
2851.96 1023 923 727.1 PIT
2850.51 1023 923 727.2 PIT
2849.04 1023 923 727.3 PIT
2847.55 1023 923 727.4 PIT
2846.05 1023 923 727.5 PIT
2844.52 1023 923 727.6 PIT
2842.97 1023 923 727.7 PIT
2841.41 1023 923 727.8 PIT
2839.82 1023 923 727.9 PIT
2838.22 1023 923 728 PIT
2836.6 1023 923 728.1 PIT
2834.96 1023 923 728.2 PIT
2833.3 1023 923 728.3 PIT
2831.62 1023 923 728.4 PIT
2829.93 1023 923 728.5 PIT
2828.21 1023 923 728.6 PIT
2826.48 1023 923 728.7 PIT
2824.73 1023 923 728.8 PIT
2822.97 1023 923 728.9 PIT
2821.18 1023 923 729 PIT
2819.38 1023 923 729.1 PIT
2817.56 1023 923 729.2 PIT
2815.72 1023 923 729.3 PIT
2813.86 1023 923 729.4 PIT
2811.99 1023 923 729.5 PIT
2810.1 1023 923 729.6 PIT
2808.2 1023 923 729.7 PIT
2806.27 1023 923 729.8 PIT
2804.33 1023 923 729.9 PIT
2802.38 1023 923 730 PIT
2800.41 1023 923 730.1 PIT
2798.42 1023 923 730.2 PIT
2796.41 1023 923 730.3 PIT
2794.39 1023 923 730.4 PIT
2792.35 1023 923 730.5 PIT
2790.3 1023 923 730.6 PIT
2788.23 1023 923 730.7 PIT
2786.15 1023 923 730.8 PIT
2784.05 1023 923 730.9 PIT
2781.93 1023 923 731 PIT
2779.8 1023 923 731.1 PIT
2777.66 1023 923 731.2 PIT
2775.5 1023 923 731.3 PIT
2773.32 1023 923 731.4 PIT
2771.13 1023 923 731.5 PIT
2768.92 1023 923 731.6 PIT
2766.7 1023 923 731.7 PIT
2764.47 1023 923 731.8 PIT
2762.22 1023 923 731.9 PIT
2759.96 1023 923 732 PIT
2757.68 1023 923 732.1 PIT
2755.39 1023 923 732.2 PIT
2753.09 1023 923 732.3 PIT
2750.77 1023 923 732.4 PIT
2748.43 1023 923 732.5 PIT
2746.09 1023 923 732.6 PIT
2743.73 1023 923 732.7 PIT
2741.36 1023 923 732.8 PIT
2738.97 1023 923 732.9 PIT
2736.57 1023 923 733 PIT
2734.16 1023 923 733.1 PIT
2731.73 1023 923 733.2 PIT
2729.3 1023 923 733.3 PIT
2726.85 1023 923 733.4 PIT
2724.38 1023 923 733.5 PIT
2721.91 1023 923 733.6 PIT
2719.42 1023 923 733.7 PIT
2716.92 1023 923 733.8 PIT
2714.41 1023 923 733.9 PIT
2711.89 1023 923 734 PIT
2709.35 1023 923 734.1 PIT
2706.8 1023 923 734.2 PIT
2704.25 1023 923 734.3 PIT
2701.68 1023 923 734.4 PIT
2699.09 1023 923 734.5 PIT
2696.5 1023 923 734.6 PIT
2693.9 1023 923 734.7 PIT
2691.28 1023 923 734.8 PIT
2688.66 1023 923 734.9 PIT
2686.02 1023 923 735 PIT
2683.37 1023 923 735.1 PIT
2680.72 1023 923 735.2 PIT
2678.05 1023 923 735.3 PIT
2675.37 1023 923 735.4 PIT
2672.68 1023 923 735.5 PIT
2669.98 1023 923 735.6 PIT
2667.27 1023 923 735.7 PIT
2664.55 1023 923 735.8 PIT
2661.83 1023 923 735.9 PIT
2659.09 1023 923 736 PIT
2656.34 1023 923 736.1 PIT
2653.58 1023 923 736.2 PIT
2650.82 1023 923 736.3 PIT
2648.04 1023 923 736.4 PIT
2645.26 1023 923 736.5 PIT
2642.46 1023 923 736.6 PIT
2639.66 1023 923 736.7 PIT
2636.85 1023 923 736.8 PIT
2634.03 1023 923 736.9 PIT
2631.2 1023 923 737 PIT
2628.37 1023 923 737.1 PIT
2625.52 1023 923 737.2 PIT
2622.67 1023 923 737.3 PIT
2619.81 1023 923 737.4 PIT
2616.94 1023 923 737.5 PIT
2614.07 1023 923 737.6 PIT
2611.18 1023 923 737.7 PIT
2608.29 1023 923 737.8 PIT
2605.39 1023 923 737.9 PIT
2602.49 1023 923 738 PIT
2599.57 1023 923 738.1 PIT
2596.65 1023 923 738.2 PIT
2593.73 1023 923 738.3 PIT
2590.79 1023 923 738.4 PIT
2587.85 1023 923 738.5 PIT
2584.9 1023 923 738.6 PIT
2581.95 1023 923 738.7 PIT
2578.99 1023 923 738.8 PIT
2576.02 1023 923 738.9 PIT
2573.05 1023 923 739 PIT
2570.07 1023 923 739.1 PIT
2567.08 1023 923 739.2 PIT
2564.09 1023 923 739.3 PIT
2561.1 1023 923 739.4 PIT
2558.1 1023 923 739.5 PIT
2555.09 1023 923 739.6 PIT
2552.08 1023 923 739.7 PIT
2549.06 1023 923 739.8 PIT
2546.03 1023 923 739.9 PIT
2543.01 1023 923 740 PIT
2539.97 1023 923 740.1 PIT
2536.94 1023 923 740.2 PIT
2533.89 1023 923 740.3 PIT
2530.85 1023 923 740.4 PIT
2527.8 1023 923 740.5 PIT
2524.74 1023 923 740.6 PIT
2521.68 1023 923 740.7 PIT
2518.62 1023 923 740.8 PIT
2515.55 1023 923 740.9 PIT
2512.48 1023 923 741 PIT
2509.4 1023 923 741.1 PIT
2506.32 1023 923 741.2 PIT
2503.24 1023 923 741.3 PIT
2500.15 1023 923 741.4 PIT
2497.06 1023 923 741.5 PIT
2493.97 1023 923 741.6 PIT
2490.88 1023 923 741.7 PIT
2487.78 1023 923 741.8 PIT
2484.68 1023 923 741.9 PIT
2481.57 1023 923 742 PIT
2478.47 1023 923 742.1 PIT
2475.36 1023 923 742.2 PIT
2472.25 1023 923 742.3 PIT
2469.13 1023 923 742.4 PIT
2466.02 1023 923 742.5 PIT
2462.9 1023 923 742.6 PIT
2459.78 1023 923 742.7 PIT
2456.66 1023 923 742.8 PIT
2453.54 1023 923 742.9 PIT
2450.41 1023 923 743 PIT
2447.29 1023 923 743.1 PIT
2444.16 1023 923 743.2 PIT
2441.03 1023 923 743.3 PIT
2437.9 1023 923 743.4 PIT
2434.77 1023 923 743.5 PIT
2431.64 1023 923 743.6 PIT
2428.51 1023 923 743.7 PIT
2425.38 1023 923 743.8 PIT
2422.25 1023 923 743.9 PIT
2419.11 1023 923 744 PIT
2415.98 1023 923 744.1 PIT
2412.85 1023 923 744.2 PIT
2409.71 1023 923 744.3 PIT
2406.58 1023 923 744.4 PIT
2403.44 1023 923 744.5 PIT
2400.31 1023 923 744.6 PIT
2397.18 1023 923 744.7 PIT
2394.05 1023 923 744.8 PIT
2390.92 1023 923 744.9 PIT
2387.79 1023 923 745 PIT
2384.66 1023 923 745.1 PIT
2381.53 1023 923 745.2 PIT
2378.4 1023 923 745.3 PIT
2375.27 1023 923 745.4 PIT
2372.15 1023 923 745.5 PIT
2369.02 1023 923 745.6 PIT
2365.9 1023 923 745.7 PIT
2362.78 1023 923 745.8 PIT
2359.66 1023 923 745.9 PIT
2356.55 1023 923 746 PIT
2353.43 1023 923 746.1 PIT
2350.32 1023 923 746.2 PIT
2347.21 1023 923 746.3 PIT
2344.1 1023 923 746.4 PIT
2341 1023 923 746.5 PIT
2337.9 1023 923 746.6 PIT
2334.8 1023 923 746.7 PIT
2331.7 1023 923 746.8 PIT
2328.61 1023 923 746.9 PIT
2325.51 1023 923 747 PIT
2322.43 1023 923 747.1 PIT
2319.34 1023 923 747.2 PIT
2316.26 1023 923 747.3 PIT
2313.18 1023 923 747.4 PIT
2310.11 1023 923 747.5 PIT
2307.04 1023 923 747.6 PIT
2303.98 1023 923 747.7 PIT
2300.91 1023 923 747.8 PIT
2297.86 1023 923 747.9 PIT
2294.8 1023 923 748 PIT
2291.75 1023 923 748.1 PIT
2288.71 1023 923 748.2 PIT
2285.67 1023 923 748.3 PIT
2282.63 1023 923 748.4 PIT
2279.6 1023 923 748.5 PIT
2276.58 1023 923 748.6 PIT
2273.56 1023 923 748.7 PIT
2270.54 1023 923 748.8 PIT
2267.53 1023 923 748.9 PIT
2264.53 1023 923 749 PIT
2261.53 1023 923 749.1 PIT
2258.53 1023 923 749.2 PIT
2255.55 1023 923 749.3 PIT
2252.56 1023 923 749.4 PIT
2249.59 1023 923 749.5 PIT
2246.62 1023 923 749.6 PIT
2243.66 1023 923 749.7 PIT
2240.7 1023 923 749.8 PIT
2237.75 1023 923 749.9 PIT
2234.8 1023 923 750 PIT
2231.87 1023 923 750.1 PIT
2228.93 1023 923 750.2 PIT
2226.01 1023 923 750.3 PIT
2223.09 1023 923 750.4 PIT
2220.18 1023 923 750.5 PIT
2217.28 1023 923 750.6 PIT
2214.39 1023 923 750.7 PIT
2211.5 1023 923 750.8 PIT
2208.62 1023 923 750.9 PIT
2205.75 1023 923 751 PIT
2202.88 1023 923 751.1 PIT
2200.03 1023 923 751.2 PIT
2197.18 1023 923 751.3 PIT
2194.34 1023 923 751.4 PIT
2191.51 1023 923 751.5 PIT
2188.68 1023 923 751.6 PIT
2185.87 1023 923 751.7 PIT
2183.06 1023 923 751.8 PIT
2180.26 1023 923 751.9 PIT
2177.47 1023 923 752 PIT
2174.69 1023 923 752.1 PIT
2171.92 1023 923 752.2 PIT
2169.16 1023 923 752.3 PIT
2166.41 1023 923 752.4 PIT
2163.67 1023 923 752.5 PIT
2160.93 1023 923 752.6 PIT
2158.21 1023 923 752.7 PIT
2155.5 1023 923 752.8 PIT
2152.79 1023 923 752.9 PIT
2150.1 1023 923 753 PIT
2147.42 1023 923 753.1 PIT
2144.74 1023 923 753.2 PIT
2142.08 1023 923 753.3 PIT
2139.43 1023 923 753.4 PIT
2136.79 1023 923 753.5 PIT
2134.15 1023 923 753.6 PIT
2131.53 1023 923 753.7 PIT
2128.92 1023 923 753.8 PIT
2126.33 1023 923 753.9 PIT
2123.74 1023 923 754 PIT
2121.16 1023 923 754.1 PIT
2118.6 1023 923 754.2 PIT
2116.05 1023 923 754.3 PIT
2113.51 1023 923 754.4 PIT
2110.98 1023 923 754.5 PIT
2108.46 1023 923 754.6 PIT
2105.95 1023 923 754.7 PIT
2103.46 1023 923 754.8 PIT
2100.98 1023 923 754.9 PIT
2098.51 1023 923 755 PIT
2096.05 1023 923 755.1 PIT
2093.61 1023 923 755.2 PIT
2091.18 1023 923 755.3 PIT
2088.76 1023 923 755.4 PIT
2086.35 1023 923 755.5 PIT
2083.96 1023 923 755.6 PIT
2081.58 1023 923 755.7 PIT
2079.22 1023 923 755.8 PIT
2076.86 1023 923 755.9 PIT
2074.52 1023 923 756 PIT
2072.2 1023 923 756.1 PIT
2069.89 1023 923 756.2 PIT
2067.59 1023 923 756.3 PIT
2065.3 1023 923 756.4 PIT
2063.03 1023 923 756.5 PIT
2060.78 1023 923 756.6 PIT
2058.54 1023 923 756.7 PIT
2056.31 1023 923 756.8 PIT
2054.1 1023 923 756.9 PIT
2051.9 1023 923 757 PIT
2049.72 1023 923 757.1 PIT
2047.55 1023 923 757.2 PIT
2045.4 1023 923 757.3 PIT
2043.26 1023 923 757.4 PIT
2041.13 1023 923 757.5 PIT
2039.03 1023 923 757.6 PIT
2036.93 1023 923 757.7 PIT
2034.86 1023 923 757.8 PIT
2032.8 1023 923 757.9 PIT
2030.75 1023 923 758 PIT
2028.72 1023 923 758.1 PIT
2026.71 1023 923 758.2 PIT
2024.71 1023 923 758.3 PIT
2022.73 1023 923 758.4 PIT
2020.77 1023 923 758.5 PIT
2018.82 1023 923 758.6 PIT
2016.89 1023 923 758.7 PIT
2014.98 1023 923 758.8 PIT
2013.08 1023 923 758.9 PIT
2011.2 1023 923 759 PIT
2009.33 1023 923 759.1 PIT
2007.49 1023 923 759.2 PIT
2005.66 1023 923 759.3 PIT
2003.85 1023 923 759.4 PIT
2002.05 1023 923 759.5 PIT
2000.28 1023 923 759.6 PIT
1998.52 1023 923 759.7 PIT
1996.78 1023 923 759.8 PIT
1995.05 1023 923 759.9 PIT
1993.35 1023 923 760 PIT
1991.66 1023 923 760.1 PIT
1990 1023 923 760.2 PIT
1988.35 1023 923 760.3 PIT
1986.71 1023 923 760.4 PIT
1985.1 1023 923 760.5 PIT
1983.5 1023 923 760.6 PIT
1981.92 1023 923 760.7 PIT
1980.36 1023 923 760.8 PIT
1978.82 1023 923 760.9 PIT
1977.3 1023 923 761 PIT
1975.79 1023 923 761.1 PIT
1974.3 1023 923 761.2 PIT
1972.83 1023 923 761.3 PIT
1971.37 1023 923 761.4 PIT
1969.94 1023 923 761.5 PIT
1968.52 1023 923 761.6 PIT
1967.12 1023 923 761.7 PIT
1965.73 1023 923 761.8 PIT
1964.36 1023 923 761.9 PIT
1963.01 1023 923 762 PIT
1961.68 1023 923 762.1 PIT
1960.36 1023 923 762.2 PIT
1959.07 1023 923 762.3 PIT
1957.78 1023 923 762.4 PIT
1956.52 1023 923 762.5 PIT
1955.27 1023 923 762.6 PIT
1954.04 1023 923 762.7 PIT
1952.82 1023 923 762.8 PIT
1951.63 1023 923 762.9 PIT
1950.45 1023 923 763 PIT
1949.28 1023 923 763.1 PIT
1948.13 1023 923 763.2 PIT
1947 1023 923 763.3 PIT
1945.89 1023 923 763.4 PIT
1944.79 1023 923 763.5 PIT
1943.7 1023 923 763.6 PIT
1942.64 1023 923 763.7 PIT
1941.59 1023 923 763.8 PIT
1940.55 1023 923 763.9 PIT
1939.54 1023 923 764 PIT
1938.54 1023 923 764.1 PIT
1937.55 1023 923 764.2 PIT
1936.58 1023 923 764.3 PIT
1935.63 1023 923 764.4 PIT
1934.69 1023 923 764.5 PIT
1933.77 1023 923 764.6 PIT
1932.86 1023 923 764.7 PIT
1931.97 1023 923 764.8 PIT
1931.09 1023 923 764.9 PIT
1930.23 1023 923 765 PIT
1929.39 1023 923 765.1 PIT
1928.56 1023 923 765.2 PIT
1927.75 1023 923 765.3 PIT
1926.95 1023 923 765.4 PIT
1926.17 1023 923 765.5 PIT
1925.4 1023 923 765.6 PIT
1924.65 1023 923 765.7 PIT
1923.91 1023 923 765.8 PIT
1923.19 1023 923 765.9 PIT
1922.48 1023 923 766 PIT
1921.79 1023 923 766.1 PIT
1921.12 1023 923 766.2 PIT
1920.45 1023 923 766.3 PIT
1919.81 1023 923 766.4 PIT
1919.17 1023 923 766.5 PIT
1918.56 1023 923 766.6 PIT
1917.95 1023 923 766.7 PIT
1917.36 1023 923 766.8 PIT
1916.79 1023 923 766.9 PIT
1916.23 1023 923 767 PIT
1915.69 1023 923 767.1 PIT
1915.16 1023 923 767.2 PIT
1914.64 1023 923 767.3 PIT
1914.14 1023 923 767.4 PIT
1913.65 1023 923 767.5 PIT
1913.18 1023 923 767.6 PIT
1912.72 1023 923 767.7 PIT
1912.27 1023 923 767.8 PIT
1911.84 1023 923 767.9 PIT
1911.42 1023 923 768 PIT
1911.02 1023 923 768.1 PIT
1910.63 1023 923 768.2 PIT
1910.25 1023 923 768.3 PIT
1909.89 1023 923 768.4 PIT
1909.54 1023 923 768.5 PIT
1909.21 1023 923 768.6 PIT
1908.88 1023 923 768.7 PIT
1908.58 1023 923 768.8 PIT
1908.28 1023 923 768.9 PIT
1908 1023 923 769 PIT
1907.73 1023 923 769.1 PIT
1907.48 1023 923 769.2 PIT
1907.24 1023 923 769.3 PIT
1907.01 1023 923 769.4 PIT
1906.79 1023 923 769.5 PIT
1906.59 1023 923 769.6 PIT
1906.4 1023 923 769.7 PIT
1906.23 1023 923 769.8 PIT
1906.06 1023 923 769.9 PIT
1905.91 1023 923 770 PIT
1905.78 1023 923 770.1 PIT
1905.65 1023 923 770.2 PIT
1905.54 1023 923 770.3 PIT
1905.44 1023 923 770.4 PIT
1905.35 1023 923 770.5 PIT
1905.28 1023 923 770.6 PIT
1905.22 1023 923 770.7 PIT
1905.17 1023 923 770.8 PIT
1905.13 1023 923 770.9 PIT
1905.11 1023 923 771 PIT
1905.09 1023 923 771.1 PIT
1905.09 1023 923 771.2 PIT
1905.11 1023 923 771.3 PIT
1905.13 1023 923 771.4 PIT
1905.17 1023 923 771.5 PIT
1905.22 1023 923 771.6 PIT
1905.28 1023 923 771.7 PIT
1905.35 1023 923 771.8 PIT
1905.43 1023 923 771.9 PIT
1905.53 1023 923 772 PIT
1905.63 1023 923 772.1 PIT
1905.75 1023 923 772.2 PIT
1905.88 1023 923 772.3 PIT
1906.03 1023 923 772.4 PIT
1906.18 1023 923 772.5 PIT
1906.34 1023 923 772.6 PIT
1906.52 1023 923 772.7 PIT
1906.71 1023 923 772.8 PIT
1906.91 1023 923 772.9 PIT
1907.12 1023 923 773 PIT
1907.34 1023 923 773.1 PIT
1907.57 1023 923 773.2 PIT
1907.82 1023 923 773.3 PIT
1908.07 1023 923 773.4 PIT
1908.34 1023 923 773.5 PIT
1908.61 1023 923 773.6 PIT
1908.9 1023 923 773.7 PIT
1909.2 1023 923 773.8 PIT
1909.51 1023 923 773.9 PIT
1909.83 1023 923 774 PIT
1910.16 1023 923 774.1 PIT
1910.5 1023 923 774.2 PIT
1910.85 1023 923 774.3 PIT
1911.21 1023 923 774.4 PIT
1911.58 1023 923 774.5 PIT
1911.97 1023 923 774.6 PIT
1912.36 1023 923 774.7 PIT
1912.76 1023 923 774.8 PIT
1913.17 1023 923 774.9 PIT
1913.6 1023 923 775 PIT
1914.03 1023 923 775.1 PIT
1914.48 1023 923 775.2 PIT
1914.93 1023 923 775.3 PIT
1915.39 1023 923 775.4 PIT
1915.87 1023 923 775.5 PIT
1916.35 1023 923 775.6 PIT
1916.84 1023 923 775.7 PIT
1917.34 1023 923 775.8 PIT
1917.86 1023 923 775.9 PIT
1918.38 1023 923 776 PIT
1918.91 1023 923 776.1 PIT
1919.45 1023 923 776.2 PIT
1920 1023 923 776.3 PIT
1920.56 1023 923 776.4 PIT
1921.13 1023 923 776.5 PIT
1921.71 1023 923 776.6 PIT
1922.3 1023 923 776.7 PIT
1922.89 1023 923 776.8 PIT
1923.5 1023 923 776.9 PIT
1924.11 1023 923 777 PIT
1924.74 1023 923 777.1 PIT
1925.37 1023 923 777.2 PIT
1926.01 1023 923 777.3 PIT
1926.66 1023 923 777.4 PIT
1927.32 1023 923 777.5 PIT
1927.99 1023 923 777.6 PIT
1928.67 1023 923 777.7 PIT
1929.35 1023 923 777.8 PIT
1930.05 1023 923 777.9 PIT
1930.75 1023 923 778 PIT
1931.46 1023 923 778.1 PIT
1932.18 1023 923 778.2 PIT
1932.91 1023 923 778.3 PIT
1933.64 1023 923 778.4 PIT
1934.39 1023 923 778.5 PIT
1935.14 1023 923 778.6 PIT
1935.9 1023 923 778.7 PIT
1936.67 1023 923 778.8 PIT
1937.44 1023 923 778.9 PIT
1938.23 1023 923 779 PIT
1939.02 1023 923 779.1 PIT
1939.82 1023 923 779.2 PIT
1940.63 1023 923 779.3 PIT
1941.45 1023 923 779.4 PIT
1942.27 1023 923 779.5 PIT
1943.1 1023 923 779.6 PIT
1943.94 1023 923 779.7 PIT
1944.79 1023 923 779.8 PIT
1945.64 1023 923 779.9 PIT
1946.5 1023 923 780 PIT
1947.37 1023 923 780.1 PIT
1948.25 1023 923 780.2 PIT
1949.13 1023 923 780.3 PIT
1950.02 1023 923 780.4 PIT
1950.92 1023 923 780.5 PIT
1951.82 1023 923 780.6 PIT
1952.73 1023 923 780.7 PIT
1953.65 1023 923 780.8 PIT
1954.58 1023 923 780.9 PIT
1955.51 1023 923 781 PIT
1956.45 1023 923 781.1 PIT
1957.4 1023 923 781.2 PIT
1958.35 1023 923 781.3 PIT
1959.31 1023 923 781.4 PIT
1960.27 1023 923 781.5 PIT
1961.25 1023 923 781.6 PIT
1962.23 1023 923 781.7 PIT
1963.21 1023 923 781.8 PIT
1964.2 1023 923 781.9 PIT
1965.2 1023 923 782 PIT
1966.21 1023 923 782.1 PIT
1967.22 1023 923 782.2 PIT
1968.23 1023 923 782.3 PIT
1969.26 1023 923 782.4 PIT
1970.29 1023 923 782.5 PIT
1971.32 1023 923 782.6 PIT
1972.36 1023 923 782.7 PIT
1973.41 1023 923 782.8 PIT
1974.46 1023 923 782.9 PIT
1975.52 1023 923 783 PIT
1976.59 1023 923 783.1 PIT
1977.66 1023 923 783.2 PIT
1978.73 1023 923 783.3 PIT
1979.81 1023 923 783.4 PIT
1980.9 1023 923 783.5 PIT
1981.99 1023 923 783.6 PIT
1983.09 1023 923 783.7 PIT
1984.2 1023 923 783.8 PIT
1985.3 1023 923 783.9 PIT
1986.42 1023 923 784 PIT
1987.54 1023 923 784.1 PIT
1988.66 1023 923 784.2 PIT
1989.79 1023 923 784.3 PIT
1990.92 1023 923 784.4 PIT
1992.06 1023 923 784.5 PIT
1993.21 1023 923 784.6 PIT
1994.36 1023 923 784.7 PIT
1995.51 1023 923 784.8 PIT
1996.67 1023 923 784.9 PIT
1997.83 1023 923 785 PIT
1999 1023 923 785.1 PIT
2000.17 1023 923 785.2 PIT
2001.35 1023 923 785.3 PIT
2002.53 1023 923 785.4 PIT
2003.72 1023 923 785.5 PIT
2004.91 1023 923 785.6 PIT
2006.1 1023 923 785.7 PIT
2007.3 1023 923 785.8 PIT
2008.51 1023 923 785.9 PIT
2009.71 1023 923 786 PIT
2010.92 1023 923 786.1 PIT
2012.14 1023 923 786.2 PIT
2013.36 1023 923 786.3 PIT
2014.58 1023 923 786.4 PIT
2015.81 1023 923 786.5 PIT
2017.04 1023 923 786.6 PIT
2018.28 1023 923 786.7 PIT
2019.52 1023 923 786.8 PIT
2020.76 1023 923 786.9 PIT
2022 1023 923 787 PIT
2023.25 1023 923 787.1 PIT
2024.51 1023 923 787.2 PIT
2025.76 1023 923 787.3 PIT
2027.02 1023 923 787.4 PIT
2028.29 1023 923 787.5 PIT
2029.55 1023 923 787.6 PIT
2030.82 1023 923 787.7 PIT
2032.1 1023 923 787.8 PIT
2033.37 1023 923 787.9 PIT
2034.65 1023 923 788 PIT
2035.94 1023 923 788.1 PIT
2037.22 1023 923 788.2 PIT
2038.51 1023 923 788.3 PIT
2039.8 1023 923 788.4 PIT
2041.09 1023 923 788.5 PIT
2042.39 1023 923 788.6 PIT
2043.69 1023 923 788.7 PIT
2044.99 1023 923 788.8 PIT
2046.3 1023 923 788.9 PIT
2047.6 1023 923 789 PIT
2048.91 1023 923 789.1 PIT
2050.23 1023 923 789.2 PIT
2051.54 1023 923 789.3 PIT
2052.86 1023 923 789.4 PIT
2054.18 1023 923 789.5 PIT
2055.5 1023 923 789.6 PIT
2056.82 1023 923 789.7 PIT
2058.15 1023 923 789.8 PIT
2059.47 1023 923 789.9 PIT
2060.8 1023 923 790 PIT
2062.14 1023 923 790.1 PIT
2063.47 1023 923 790.2 PIT
2064.8 1023 923 790.3 PIT
2066.14 1023 923 790.4 PIT
2067.48 1023 923 790.5 PIT
2068.82 1023 923 790.6 PIT
2070.16 1023 923 790.7 PIT
2071.51 1023 923 790.8 PIT
2072.85 1023 923 790.9 PIT
2074.2 1023 923 791 PIT
2075.55 1023 923 791.1 PIT
2076.9 1023 923 791.2 PIT
2078.25 1023 923 791.3 PIT
2079.6 1023 923 791.4 PIT
2080.95 1023 923 791.5 PIT
2082.31 1023 923 791.6 PIT
2083.66 1023 923 791.7 PIT
2085.02 1023 923 791.8 PIT
2086.37 1023 923 791.9 PIT
2087.73 1023 923 792 PIT
2089.09 1023 923 792.1 PIT
2090.45 1023 923 792.2 PIT
2091.81 1023 923 792.3 PIT
2093.17 1023 923 792.4 PIT
2094.53 1023 923 792.5 PIT
2095.9 1023 923 792.6 PIT
2097.26 1023 923 792.7 PIT
2098.62 1023 923 792.8 PIT
2099.99 1023 923 792.9 PIT
2101.35 1023 923 793 PIT
2102.72 1023 923 793.1 PIT
2104.08 1023 923 793.2 PIT
2105.45 1023 923 793.3 PIT
2106.81 1023 923 793.4 PIT
2108.18 1023 923 793.5 PIT
2109.54 1023 923 793.6 PIT
2110.91 1023 923 793.7 PIT
2112.27 1023 923 793.8 PIT
2113.64 1023 923 793.9 PIT
2115 1023 923 794 PIT
2116.37 1023 923 794.1 PIT
2117.73 1023 923 794.2 PIT
2119.09 1023 923 794.3 PIT
2120.46 1023 923 794.4 PIT
2121.82 1023 923 794.5 PIT
2123.18 1023 923 794.6 PIT
2124.55 1023 923 794.7 PIT
2125.91 1023 923 794.8 PIT
2127.27 1023 923 794.9 PIT
2128.63 1023 923 795 PIT
2129.99 1023 923 795.1 PIT
2131.35 1023 923 795.2 PIT
2132.7 1023 923 795.3 PIT
2134.06 1023 923 795.4 PIT
2135.42 1023 923 795.5 PIT
2136.77 1023 923 795.6 PIT
2138.12 1023 923 795.7 PIT
2139.48 1023 923 795.8 PIT
2140.83 1023 923 795.9 PIT
2142.18 1023 923 796 PIT
2143.53 1023 923 796.1 PIT
2144.87 1023 923 796.2 PIT
2146.22 1023 923 796.3 PIT
2147.56 1023 923 796.4 PIT
2148.91 1023 923 796.5 PIT
2150.25 1023 923 796.6 PIT
2151.59 1023 923 796.7 PIT
2152.93 1023 923 796.8 PIT
2154.26 1023 923 796.9 PIT
2155.6 1023 923 797 PIT
2156.93 1023 923 797.1 PIT
2158.26 1023 923 797.2 PIT
2159.59 1023 923 797.3 PIT
2160.91 1023 923 797.4 PIT
2162.24 1023 923 797.5 PIT
2163.56 1023 923 797.6 PIT
2164.88 1023 923 797.7 PIT
2166.2 1023 923 797.8 PIT
2167.51 1023 923 797.9 PIT
2168.83 1023 923 798 PIT
2170.14 1023 923 798.1 PIT
2171.45 1023 923 798.2 PIT
2172.75 1023 923 798.3 PIT
2174.06 1023 923 798.4 PIT
2175.36 1023 923 798.5 PIT
2176.65 1023 923 798.6 PIT
2177.95 1023 923 798.7 PIT
2179.24 1023 923 798.8 PIT
2180.53 1023 923 798.9 PIT
2181.82 1023 923 799 PIT
2183.1 1023 923 799.1 PIT
2184.38 1023 923 799.2 PIT
2185.66 1023 923 799.3 PIT
2186.94 1023 923 799.4 PIT
2188.21 1023 923 799.5 PIT
2189.48 1023 923 799.6 PIT
2190.74 1023 923 799.7 PIT
2192 1023 923 799.8 PIT
2193.26 1023 923 799.9 PIT
2194.52 1023 923 800 PIT
2195.77 1023 923 800.1 PIT
2197.02 1023 923 800.2 PIT
2198.26 1023 923 800.3 PIT
2199.5 1023 923 800.4 PIT
2200.74 1023 923 800.5 PIT
2201.97 1023 923 800.6 PIT
2203.2 1023 923 800.7 PIT
2204.43 1023 923 800.8 PIT
2205.65 1023 923 800.9 PIT
2206.87 1023 923 801 PIT
2208.09 1023 923 801.1 PIT
2209.3 1023 923 801.2 PIT
2210.51 1023 923 801.3 PIT
2211.72 1023 923 801.4 PIT
2212.92 1023 923 801.5 PIT
2214.12 1023 923 801.6 PIT
2215.32 1023 923 801.7 PIT
2216.51 1023 923 801.8 PIT
2217.7 1023 923 801.9 PIT
2218.89 1023 923 802 PIT
2220.07 1023 923 802.1 PIT
2221.25 1023 923 802.2 PIT
2222.43 1023 923 802.3 PIT
2223.6 1023 923 802.4 PIT
2224.77 1023 923 802.5 PIT
2225.94 1023 923 802.6 PIT
2227.1 1023 923 802.7 PIT
2228.26 1023 923 802.8 PIT
2229.42 1023 923 802.9 PIT
2230.57 1023 923 803 PIT
2231.72 1023 923 803.1 PIT
2232.87 1023 923 803.2 PIT
2234.01 1023 923 803.3 PIT
2235.15 1023 923 803.4 PIT
2236.29 1023 923 803.5 PIT
2237.42 1023 923 803.6 PIT
2238.55 1023 923 803.7 PIT
2239.68 1023 923 803.8 PIT
2240.8 1023 923 803.9 PIT
2241.92 1023 923 804 PIT
2243.04 1023 923 804.1 PIT
2244.15 1023 923 804.2 PIT
2245.27 1023 923 804.3 PIT
2246.37 1023 923 804.4 PIT
2247.48 1023 923 804.5 PIT
2248.58 1023 923 804.6 PIT
2249.68 1023 923 804.7 PIT
2250.77 1023 923 804.8 PIT
2251.87 1023 923 804.9 PIT
2252.95 1023 923 805 PIT
2254.04 1023 923 805.1 PIT
2255.12 1023 923 805.2 PIT
2256.2 1023 923 805.3 PIT
2257.28 1023 923 805.4 PIT
2258.35 1023 923 805.5 PIT
2259.42 1023 923 805.6 PIT
2260.49 1023 923 805.7 PIT
2261.55 1023 923 805.8 PIT
2262.61 1023 923 805.9 PIT
2263.67 1023 923 806 PIT
2264.73 1023 923 806.1 PIT
2265.78 1023 923 806.2 PIT
2266.83 1023 923 806.3 PIT
2267.87 1023 923 806.4 PIT
2268.91 1023 923 806.5 PIT
2269.95 1023 923 806.6 PIT
2270.99 1023 923 806.7 PIT
2272.02 1023 923 806.8 PIT
2273.05 1023 923 806.9 PIT
2274.08 1023 923 807 PIT
2275.11 1023 923 807.1 PIT
2276.13 1023 923 807.2 PIT
2277.15 1023 923 807.3 PIT
2278.16 1023 923 807.4 PIT
2279.17 1023 923 807.5 PIT
2280.18 1023 923 807.6 PIT
2281.19 1023 923 807.7 PIT
2282.19 1023 923 807.8 PIT
2283.19 1023 923 807.9 PIT
2284.19 1023 923 808 PIT
2285.19 1023 923 808.1 PIT
2286.18 1023 923 808.2 PIT
2287.17 1023 923 808.3 PIT
2288.15 1023 923 808.4 PIT
2289.14 1023 923 808.5 PIT
2290.12 1023 923 808.6 PIT
2291.09 1023 923 808.7 PIT
2292.07 1023 923 808.8 PIT
2293.04 1023 923 808.9 PIT
2294.01 1023 923 809 PIT
2294.97 1023 923 809.1 PIT
2295.94 1023 923 809.2 PIT
2296.9 1023 923 809.3 PIT
2297.85 1023 923 809.4 PIT
2298.81 1023 923 809.5 PIT
2299.76 1023 923 809.6 PIT
2300.71 1023 923 809.7 PIT
2301.65 1023 923 809.8 PIT
2302.6 1023 923 809.9 PIT
2303.54 1023 923 810 PIT
2304.47 1023 923 810.1 PIT
2305.41 1023 923 810.2 PIT
2306.34 1023 923 810.3 PIT
2307.27 1023 923 810.4 PIT
2308.2 1023 923 810.5 PIT
2309.12 1023 923 810.6 PIT
2310.04 1023 923 810.7 PIT
2310.96 1023 923 810.8 PIT
2311.87 1023 923 810.9 PIT
2312.79 1023 923 811 PIT
2313.7 1023 923 811.1 PIT
2314.6 1023 923 811.2 PIT
2315.51 1023 923 811.3 PIT
2316.41 1023 923 811.4 PIT
2317.31 1023 923 811.5 PIT
2318.21 1023 923 811.6 PIT
2319.1 1023 923 811.7 PIT
2319.99 1023 923 811.8 PIT
2320.88 1023 923 811.9 PIT
2321.76 1023 923 812 PIT
2322.65 1023 923 812.1 PIT
2323.53 1023 923 812.2 PIT
2324.41 1023 923 812.3 PIT
2325.28 1023 923 812.4 PIT
2326.15 1023 923 812.5 PIT
2327.02 1023 923 812.6 PIT
2327.89 1023 923 812.7 PIT
2328.75 1023 923 812.8 PIT
2329.62 1023 923 812.9 PIT
2330.48 1023 923 813 PIT
2331.33 1023 923 813.1 PIT
2332.19 1023 923 813.2 PIT
2333.04 1023 923 813.3 PIT
2333.89 1023 923 813.4 PIT
2334.73 1023 923 813.5 PIT
2335.58 1023 923 813.6 PIT
2336.42 1023 923 813.7 PIT
2337.26 1023 923 813.8 PIT
2338.09 1023 923 813.9 PIT
2338.93 1023 923 814 PIT
2339.76 1023 923 814.1 PIT
2340.59 1023 923 814.2 PIT
2341.42 1023 923 814.3 PIT
2342.24 1023 923 814.4 PIT
2343.06 1023 923 814.5 PIT
2343.88 1023 923 814.6 PIT
2344.7 1023 923 814.7 PIT
2345.51 1023 923 814.8 PIT
2346.32 1023 923 814.9 PIT
2347.13 1023 923 815 PIT
2347.94 1023 923 815.1 PIT
2348.74 1023 923 815.2 PIT
2349.54 1023 923 815.3 PIT
2350.34 1023 923 815.4 PIT
2351.14 1023 923 815.5 PIT
2351.93 1023 923 815.6 PIT
2352.73 1023 923 815.7 PIT
2353.51 1023 923 815.8 PIT
2354.3 1023 923 815.9 PIT
2355.09 1023 923 816 PIT
2355.87 1023 923 816.1 PIT
2356.65 1023 923 816.2 PIT
2357.43 1023 923 816.3 PIT
2358.2 1023 923 816.4 PIT
2358.98 1023 923 816.5 PIT
2359.75 1023 923 816.6 PIT
2360.51 1023 923 816.7 PIT
2361.28 1023 923 816.8 PIT
2362.04 1023 923 816.9 PIT
2362.81 1023 923 817 PIT
2363.56 1023 923 817.1 PIT
2364.32 1023 923 817.2 PIT
2365.08 1023 923 817.3 PIT
2365.83 1023 923 817.4 PIT
2366.58 1023 923 817.5 PIT
2367.33 1023 923 817.6 PIT
2368.07 1023 923 817.7 PIT
2368.81 1023 923 817.8 PIT
2369.55 1023 923 817.9 PIT
2370.29 1023 923 818 PIT
2371.03 1023 923 818.1 PIT
2371.76 1023 923 818.2 PIT
2372.5 1023 923 818.3 PIT
2373.23 1023 923 818.4 PIT
2373.95 1023 923 818.5 PIT
2374.68 1023 923 818.6 PIT
2375.4 1023 923 818.7 PIT
2376.12 1023 923 818.8 PIT
2376.84 1023 923 818.9 PIT
2377.56 1023 923 819 PIT
2378.27 1023 923 819.1 PIT
2378.98 1023 923 819.2 PIT
2379.69 1023 923 819.3 PIT
2380.4 1023 923 819.4 PIT
2381.11 1023 923 819.5 PIT
2381.81 1023 923 819.6 PIT
2382.51 1023 923 819.7 PIT
2383.21 1023 923 819.8 PIT
2383.91 1023 923 819.9 PIT
2384.6 1023 923 820 PIT
2385.3 1023 923 820.1 PIT
2385.99 1023 923 820.2 PIT
2386.68 1023 923 820.3 PIT
2387.36 1023 923 820.4 PIT
2388.05 1023 923 820.5 PIT
2388.73 1023 923 820.6 PIT
2389.41 1023 923 820.7 PIT
2390.09 1023 923 820.8 PIT
2390.77 1023 923 820.9 PIT
2391.44 1023 923 821 PIT
2392.11 1023 923 821.1 PIT
2392.78 1023 923 821.2 PIT
2393.45 1023 923 821.3 PIT
2394.12 1023 923 821.4 PIT
2394.78 1023 923 821.5 PIT
2395.44 1023 923 821.6 PIT
2396.11 1023 923 821.7 PIT
2396.76 1023 923 821.8 PIT
2397.42 1023 923 821.9 PIT
2398.07 1023 923 822 PIT
2398.73 1023 923 822.1 PIT
2399.38 1023 923 822.2 PIT
2400.03 1023 923 822.3 PIT
2400.67 1023 923 822.4 PIT
2401.32 1023 923 822.5 PIT
2401.96 1023 923 822.6 PIT
2402.6 1023 923 822.7 PIT
2403.24 1023 923 822.8 PIT
2403.88 1023 923 822.9 PIT
2404.51 1023 923 823 PIT
2405.15 1023 923 823.1 PIT
2405.78 1023 923 823.2 PIT
2406.41 1023 923 823.3 PIT
2407.03 1023 923 823.4 PIT
2407.66 1023 923 823.5 PIT
2408.28 1023 923 823.6 PIT
2408.91 1023 923 823.7 PIT
2409.53 1023 923 823.8 PIT
2410.14 1023 923 823.9 PIT
2410.76 1023 923 824 PIT
2411.37 1023 923 824.1 PIT
2411.99 1023 923 824.2 PIT
2412.6 1023 923 824.3 PIT
2413.21 1023 923 824.4 PIT
2413.82 1023 923 824.5 PIT
2414.42 1023 923 824.6 PIT
2415.03 1023 923 824.7 PIT
2415.63 1023 923 824.8 PIT
2416.23 1023 923 824.9 PIT
2416.83 1023 923 825 PIT
2417.42 1023 923 825.1 PIT
2418.02 1023 923 825.2 PIT
2418.61 1023 923 825.3 PIT
2419.2 1023 923 825.4 PIT
2419.79 1023 923 825.5 PIT
2420.38 1023 923 825.6 PIT
2420.97 1023 923 825.7 PIT
2421.55 1023 923 825.8 PIT
2422.14 1023 923 825.9 PIT
2422.72 1023 923 826 PIT
2423.3 1023 923 826.1 PIT
2423.87 1023 923 826.2 PIT
2424.45 1023 923 826.3 PIT
2425.03 1023 923 826.4 PIT
2425.6 1023 923 826.5 PIT
2426.17 1023 923 826.6 PIT
2426.74 1023 923 826.7 PIT
2427.31 1023 923 826.8 PIT
2427.87 1023 923 826.9 PIT
2428.44 1023 923 827 PIT
2429 1023 923 827.1 PIT
2429.56 1023 923 827.2 PIT
2430.12 1023 923 827.3 PIT
2430.68 1023 923 827.4 PIT
2431.24 1023 923 827.5 PIT
2431.79 1023 923 827.6 PIT
2432.35 1023 923 827.7 PIT
2432.9 1023 923 827.8 PIT
2433.45 1023 923 827.9 PIT
2434 1023 923 828 PIT
2434.55 1023 923 828.1 PIT
2435.09 1023 923 828.2 PIT
2435.64 1023 923 828.3 PIT
2436.18 1023 923 828.4 PIT
2436.72 1023 923 828.5 PIT
2437.26 1023 923 828.6 PIT
2437.8 1023 923 828.7 PIT
2438.34 1023 923 828.8 PIT
2438.87 1023 923 828.9 PIT
2439.41 1023 923 829 PIT
2439.94 1023 923 829.1 PIT
2440.47 1023 923 829.2 PIT
2441 1023 923 829.3 PIT
2441.53 1023 923 829.4 PIT
2442.05 1023 923 829.5 PIT
2442.58 1023 923 829.6 PIT
2443.1 1023 923 829.7 PIT
2443.62 1023 923 829.8 PIT
2444.15 1023 923 829.9 PIT
2444.66 1023 923 830 PIT
2445.18 1023 923 830.1 PIT
2445.7 1023 923 830.2 PIT
2446.21 1023 923 830.3 PIT
2446.73 1023 923 830.4 PIT
2447.24 1023 923 830.5 PIT
2447.75 1023 923 830.6 PIT
2448.26 1023 923 830.7 PIT
2448.77 1023 923 830.8 PIT
2449.28 1023 923 830.9 PIT
2449.78 1023 923 831 PIT
2450.29 1023 923 831.1 PIT
2450.79 1023 923 831.2 PIT
2451.29 1023 923 831.3 PIT
2451.79 1023 923 831.4 PIT
2452.29 1023 923 831.5 PIT
2452.79 1023 923 831.6 PIT
2453.29 1023 923 831.7 PIT
2453.78 1023 923 831.8 PIT
2454.28 1023 923 831.9 PIT
2454.77 1023 923 832 PIT
2455.26 1023 923 832.1 PIT
2455.75 1023 923 832.2 PIT
2456.24 1023 923 832.3 PIT
2456.73 1023 923 832.4 PIT
2457.21 1023 923 832.5 PIT
2457.7 1023 923 832.6 PIT
2458.18 1023 923 832.7 PIT
2458.66 1023 923 832.8 PIT
2459.15 1023 923 832.9 PIT
2459.63 1023 923 833 PIT
2460.1 1023 923 833.1 PIT
2460.58 1023 923 833.2 PIT
2461.06 1023 923 833.3 PIT
2461.53 1023 923 833.4 PIT
2462.01 1023 923 833.5 PIT
2462.48 1023 923 833.6 PIT
2462.95 1023 923 833.7 PIT
2463.43 1023 923 833.8 PIT
2463.9 1023 923 833.9 PIT
2464.36 1023 923 834 PIT
2464.83 1023 923 834.1 PIT
2465.3 1023 923 834.2 PIT
2465.76 1023 923 834.3 PIT
2466.23 1023 923 834.4 PIT
2466.69 1023 923 834.5 PIT
2467.15 1023 923 834.6 PIT
2467.61 1023 923 834.7 PIT
2468.07 1023 923 834.8 PIT
2468.53 1023 923 834.9 PIT
2468.99 1023 923 835 PIT
2469.45 1023 923 835.1 PIT
2469.9 1023 923 835.2 PIT
2470.36 1023 923 835.3 PIT
2470.81 1023 923 835.4 PIT
2471.26 1023 923 835.5 PIT
2471.71 1023 923 835.6 PIT
2472.16 1023 923 835.7 PIT
2472.61 1023 923 835.8 PIT
2473.06 1023 923 835.9 PIT
2473.51 1023 923 836 PIT
2473.95 1023 923 836.1 PIT
2474.4 1023 923 836.2 PIT
2474.84 1023 923 836.3 PIT
2475.29 1023 923 836.4 PIT
2475.73 1023 923 836.5 PIT
2476.17 1023 923 836.6 PIT
2476.61 1023 923 836.7 PIT
2477.05 1023 923 836.8 PIT
2477.49 1023 923 836.9 PIT
2477.93 1023 923 837 PIT
2478.37 1023 923 837.1 PIT
2478.8 1023 923 837.2 PIT
2479.24 1023 923 837.3 PIT
2479.67 1023 923 837.4 PIT
2480.1 1023 923 837.5 PIT
2480.54 1023 923 837.6 PIT
2480.97 1023 923 837.7 PIT
2481.4 1023 923 837.8 PIT
2481.83 1023 923 837.9 PIT
2482.26 1023 923 838 PIT
2482.69 1023 923 838.1 PIT
2483.11 1023 923 838.2 PIT
2483.54 1023 923 838.3 PIT
2483.96 1023 923 838.4 PIT
2484.39 1023 923 838.5 PIT
2484.81 1023 923 838.6 PIT
2485.24 1023 923 838.7 PIT
2485.66 1023 923 838.8 PIT
2486.08 1023 923 838.9 PIT
2486.5 1023 923 839 PIT
2486.92 1023 923 839.1 PIT
2487.34 1023 923 839.2 PIT
2487.76 1023 923 839.3 PIT
2488.18 1023 923 839.4 PIT
2488.59 1023 923 839.5 PIT
2489.01 1023 923 839.6 PIT
2489.42 1023 923 839.7 PIT
2489.84 1023 923 839.8 PIT
2490.25 1023 923 839.9 PIT
2490.67 1023 923 840 PIT
2491.08 1023 923 840.1 PIT
2491.49 1023 923 840.2 PIT
2491.9 1023 923 840.3 PIT
2492.31 1023 923 840.4 PIT
2492.72 1023 923 840.5 PIT
2493.13 1023 923 840.6 PIT
2493.54 1023 923 840.7 PIT
2493.95 1023 923 840.8 PIT
2494.35 1023 923 840.9 PIT
2494.76 1023 923 841 PIT
2495.17 1023 923 841.1 PIT
2495.57 1023 923 841.2 PIT
2495.97 1023 923 841.3 PIT
2496.38 1023 923 841.4 PIT
2496.78 1023 923 841.5 PIT
2497.18 1023 923 841.6 PIT
2497.58 1023 923 841.7 PIT
2497.98 1023 923 841.8 PIT
2498.39 1023 923 841.9 PIT
2498.78 1023 923 842 PIT
2499.18 1023 923 842.1 PIT
2499.58 1023 923 842.2 PIT
2499.98 1023 923 842.3 PIT
2500.38 1023 923 842.4 PIT
2500.77 1023 923 842.5 PIT
2501.17 1023 923 842.6 PIT
2501.56 1023 923 842.7 PIT
2501.96 1023 923 842.8 PIT
2502.35 1023 923 842.9 PIT
2502.74 1023 923 843 PIT
2503.13 1023 923 843.1 PIT
2503.53 1023 923 843.2 PIT
2503.92 1023 923 843.3 PIT
2504.31 1023 923 843.4 PIT
2504.7 1023 923 843.5 PIT
2505.09 1023 923 843.6 PIT
2505.47 1023 923 843.7 PIT
2505.86 1023 923 843.8 PIT
2506.25 1023 923 843.9 PIT
2506.64 1023 923 844 PIT
2507.02 1023 923 844.1 PIT
2507.41 1023 923 844.2 PIT
2507.79 1023 923 844.3 PIT
2508.17 1023 923 844.4 PIT
2508.56 1023 923 844.5 PIT
2508.94 1023 923 844.6 PIT
2509.32 1023 923 844.7 PIT
2509.7 1023 923 844.8 PIT
2510.09 1023 923 844.9 PIT
2510.47 1023 923 845 PIT
2510.85 1023 923 845.1 PIT
2511.22 1023 923 845.2 PIT
2511.6 1023 923 845.3 PIT
2511.98 1023 923 845.4 PIT
2512.36 1023 923 845.5 PIT
2512.73 1023 923 845.6 PIT
2513.11 1023 923 845.7 PIT
2513.49 1023 923 845.8 PIT
2513.86 1023 923 845.9 PIT
2514.24 1023 923 846 PIT
2514.61 1023 923 846.1 PIT
2514.98 1023 923 846.2 PIT
2515.36 1023 923 846.3 PIT
2515.73 1023 923 846.4 PIT
2516.1 1023 923 846.5 PIT
2516.47 1023 923 846.6 PIT
2516.84 1023 923 846.7 PIT
2517.21 1023 923 846.8 PIT
2517.58 1023 923 846.9 PIT
2517.95 1023 923 847 PIT
2518.32 1023 923 847.1 PIT
2518.68 1023 923 847.2 PIT
2519.05 1023 923 847.3 PIT
2519.42 1023 923 847.4 PIT
2519.78 1023 923 847.5 PIT
2520.15 1023 923 847.6 PIT
2520.51 1023 923 847.7 PIT
2520.88 1023 923 847.8 PIT
2521.24 1023 923 847.9 PIT
2521.6 1023 923 848 PIT
2521.97 1023 923 848.1 PIT
2522.33 1023 923 848.2 PIT
2522.69 1023 923 848.3 PIT
2523.05 1023 923 848.4 PIT
2523.41 1023 923 848.5 PIT
2523.77 1023 923 848.6 PIT
2524.13 1023 923 848.7 PIT
2524.49 1023 923 848.8 PIT
2524.85 1023 923 848.9 PIT
2525.2 1023 923 849 PIT
2525.56 1023 923 849.1 PIT
2525.92 1023 923 849.2 PIT
2526.28 1023 923 849.3 PIT
2526.63 1023 923 849.4 PIT
2526.99 1023 923 849.5 PIT
2527.34 1023 923 849.6 PIT
2527.7 1023 923 849.7 PIT
2528.05 1023 923 849.8 PIT
2528.4 1023 923 849.9 PIT
2528.75 1023 923 850 PIT
2529.11 1023 923 850.1 PIT
2529.46 1023 923 850.2 PIT
2529.81 1023 923 850.3 PIT
2530.16 1023 923 850.4 PIT
2530.51 1023 923 850.5 PIT
2530.86 1023 923 850.6 PIT
2531.21 1023 923 850.7 PIT
2531.56 1023 923 850.8 PIT
2531.91 1023 923 850.9 PIT
2532.26 1023 923 851 PIT
2532.6 1023 923 851.1 PIT
2532.95 1023 923 851.2 PIT
2533.3 1023 923 851.3 PIT
2533.64 1023 923 851.4 PIT
2533.99 1023 923 851.5 PIT
2534.33 1023 923 851.6 PIT
2534.68 1023 923 851.7 PIT
2535.02 1023 923 851.8 PIT
2535.36 1023 923 851.9 PIT
2535.71 1023 923 852 PIT
2536.05 1023 923 852.1 PIT
2536.39 1023 923 852.2 PIT
2536.73 1023 923 852.3 PIT
2537.08 1023 923 852.4 PIT
2537.42 1023 923 852.5 PIT
2537.76 1023 923 852.6 PIT
2538.1 1023 923 852.7 PIT
2538.44 1023 923 852.8 PIT
2538.78 1023 923 852.9 PIT
2539.12 1023 923 853 PIT
2539.45 1023 923 853.1 PIT
2539.79 1023 923 853.2 PIT
2540.13 1023 923 853.3 PIT
2540.47 1023 923 853.4 PIT
2540.8 1023 923 853.5 PIT
2541.14 1023 923 853.6 PIT
2541.47 1023 923 853.7 PIT
2541.81 1023 923 853.8 PIT
2542.14 1023 923 853.9 PIT
2542.48 1023 923 854 PIT
2542.81 1023 923 854.1 PIT
2543.15 1023 923 854.2 PIT
2543.48 1023 923 854.3 PIT
2543.81 1023 923 854.4 PIT
2544.15 1023 923 854.5 PIT
2544.48 1023 923 854.6 PIT
2544.81 1023 923 854.7 PIT
2545.14 1023 923 854.8 PIT
2545.47 1023 923 854.9 PIT
2545.8 1023 923 855 PIT
2546.13 1023 923 855.1 PIT
2546.46 1023 923 855.2 PIT
2546.79 1023 923 855.3 PIT
2547.12 1023 923 855.4 PIT
2547.45 1023 923 855.5 PIT
2547.78 1023 923 855.6 PIT
2548.11 1023 923 855.7 PIT
2548.43 1023 923 855.8 PIT
2548.76 1023 923 855.9 PIT
2549.09 1023 923 856 PIT
2549.41 1023 923 856.1 PIT
2549.74 1023 923 856.2 PIT
2550.06 1023 923 856.3 PIT
2550.39 1023 923 856.4 PIT
2550.71 1023 923 856.5 PIT
2551.04 1023 923 856.6 PIT
2551.36 1023 923 856.7 PIT
2551.69 1023 923 856.8 PIT
2552.01 1023 923 856.9 PIT
2552.33 1023 923 857 PIT
2552.66 1023 923 857.1 PIT
2552.98 1023 923 857.2 PIT
2553.3 1023 923 857.3 PIT
2553.62 1023 923 857.4 PIT
2553.94 1023 923 857.5 PIT
2554.27 1023 923 857.6 PIT
2554.59 1023 923 857.7 PIT
2554.91 1023 923 857.8 PIT
2555.23 1023 923 857.9 PIT
2555.55 1023 923 858 PIT
2555.87 1023 923 858.1 PIT
2556.19 1023 923 858.2 PIT
2556.5 1023 923 858.3 PIT
2556.82 1023 923 858.4 PIT
2557.14 1023 923 858.5 PIT
2557.46 1023 923 858.6 PIT
2557.78 1023 923 858.7 PIT
2558.09 1023 923 858.8 PIT
2558.41 1023 923 858.9 PIT
2558.73 1023 923 859 PIT
2559.04 1023 923 859.1 PIT
2559.36 1023 923 859.2 PIT
2559.67 1023 923 859.3 PIT
2559.99 1023 923 859.4 PIT
2560.31 1023 923 859.5 PIT
2560.62 1023 923 859.6 PIT
2560.93 1023 923 859.7 PIT
2561.25 1023 923 859.8 PIT
2561.56 1023 923 859.9 PIT
2561.88 1023 923 860 PIT
2562.19 1023 923 860.1 PIT
2562.5 1023 923 860.2 PIT
2562.82 1023 923 860.3 PIT
2563.13 1023 923 860.4 PIT
2563.44 1023 923 860.5 PIT
2563.75 1023 923 860.6 PIT
2564.06 1023 923 860.7 PIT
2564.38 1023 923 860.8 PIT
2564.69 1023 923 860.9 PIT
2565 1023 923 861 PIT
2565.31 1023 923 861.1 PIT
2565.62 1023 923 861.2 PIT
2565.93 1023 923 861.3 PIT
2566.24 1023 923 861.4 PIT
2566.55 1023 923 861.5 PIT
2566.86 1023 923 861.6 PIT
2567.17 1023 923 861.7 PIT
2567.48 1023 923 861.8 PIT
2567.79 1023 923 861.9 PIT
2568.09 1023 923 862 PIT
2568.4 1023 923 862.1 PIT
2568.71 1023 923 862.2 PIT
2569.02 1023 923 862.3 PIT
2569.33 1023 923 862.4 PIT
2569.63 1023 923 862.5 PIT
2569.94 1023 923 862.6 PIT
2570.25 1023 923 862.7 PIT
2570.55 1023 923 862.8 PIT
2570.86 1023 923 862.9 PIT
2571.17 1023 923 863 PIT
2571.47 1023 923 863.1 PIT
2571.78 1023 923 863.2 PIT
2572.08 1023 923 863.3 PIT
2572.39 1023 923 863.4 PIT
2572.69 1023 923 863.5 PIT
2573 1023 923 863.6 PIT
2573.3 1023 923 863.7 PIT
2573.61 1023 923 863.8 PIT
2573.91 1023 923 863.9 PIT
2574.22 1023 923 864 PIT
2574.52 1023 923 864.1 PIT
2574.82 1023 923 864.2 PIT
2575.13 1023 923 864.3 PIT
2575.43 1023 923 864.4 PIT
2575.73 1023 923 864.5 PIT
2576.04 1023 923 864.6 PIT
2576.34 1023 923 864.7 PIT
2576.64 1023 923 864.8 PIT
2576.94 1023 923 864.9 PIT
2577.25 1023 923 865 PIT
2577.55 1023 923 865.1 PIT
2577.85 1023 923 865.2 PIT
2578.15 1023 923 865.3 PIT
2578.45 1023 923 865.4 PIT
2578.75 1023 923 865.5 PIT
2579.06 1023 923 865.6 PIT
2579.36 1023 923 865.7 PIT
2579.66 1023 923 865.8 PIT
2579.96 1023 923 865.9 PIT
2580.26 1023 923 866 PIT
2580.56 1023 923 866.1 PIT
2580.86 1023 923 866.2 PIT
2581.16 1023 923 866.3 PIT
2581.46 1023 923 866.4 PIT
2581.76 1023 923 866.5 PIT
2582.06 1023 923 866.6 PIT
2582.36 1023 923 866.7 PIT
2582.66 1023 923 866.8 PIT
2582.96 1023 923 866.9 PIT
2583.26 1023 923 867 PIT
2583.56 1023 923 867.1 PIT
2583.85 1023 923 867.2 PIT
2584.15 1023 923 867.3 PIT
2584.45 1023 923 867.4 PIT
2584.75 1023 923 867.5 PIT
2585.05 1023 923 867.6 PIT
2585.35 1023 923 867.7 PIT
2585.64 1023 923 867.8 PIT
2585.94 1023 923 867.9 PIT
2586.24 1023 923 868 PIT
2586.54 1023 923 868.1 PIT
2586.84 1023 923 868.2 PIT
2587.13 1023 923 868.3 PIT
2587.43 1023 923 868.4 PIT
2587.73 1023 923 868.5 PIT
2588.03 1023 923 868.6 PIT
2588.32 1023 923 868.7 PIT
2588.62 1023 923 868.8 PIT
2588.92 1023 923 868.9 PIT
2589.21 1023 923 869 PIT
2589.51 1023 923 869.1 PIT
2589.81 1023 923 869.2 PIT
2590.1 1023 923 869.3 PIT
2590.4 1023 923 869.4 PIT
2590.7 1023 923 869.5 PIT
2590.99 1023 923 869.6 PIT
2591.29 1023 923 869.7 PIT
2591.59 1023 923 869.8 PIT
2591.88 1023 923 869.9 PIT
2592.18 1023 923 870 PIT
2592.47 1023 923 870.1 PIT
2592.77 1023 923 870.2 PIT
2593.07 1023 923 870.3 PIT
2593.36 1023 923 870.4 PIT
2593.66 1023 923 870.5 PIT
2593.95 1023 923 870.6 PIT
2594.25 1023 923 870.7 PIT
2594.54 1023 923 870.8 PIT
2594.84 1023 923 870.9 PIT
2595.14 1023 923 871 PIT
2595.43 1023 923 871.1 PIT
2595.73 1023 923 871.2 PIT
2596.02 1023 923 871.3 PIT
2596.32 1023 923 871.4 PIT
2596.61 1023 923 871.5 PIT
2596.91 1023 923 871.6 PIT
2597.2 1023 923 871.7 PIT
2597.5 1023 923 871.8 PIT
2597.79 1023 923 871.9 PIT
2598.09 1023 923 872 PIT
2598.38 1023 923 872.1 PIT
2598.68 1023 923 872.2 PIT
2598.97 1023 923 872.3 PIT
2599.27 1023 923 872.4 PIT
2599.56 1023 923 872.5 PIT
2599.86 1023 923 872.6 PIT
2600.15 1023 923 872.7 PIT
2600.45 1023 923 872.8 PIT
2600.74 1023 923 872.9 PIT
2601.04 1023 923 873 PIT
2601.33 1023 923 873.1 PIT
2601.63 1023 923 873.2 PIT
2601.92 1023 923 873.3 PIT
2602.22 1023 923 873.4 PIT
2602.51 1023 923 873.5 PIT
2602.81 1023 923 873.6 PIT
2603.1 1023 923 873.7 PIT
2603.4 1023 923 873.8 PIT
2603.69 1023 923 873.9 PIT
2603.99 1023 923 874 PIT
2604.28 1023 923 874.1 PIT
2604.58 1023 923 874.2 PIT
2604.88 1023 923 874.3 PIT
2605.17 1023 923 874.4 PIT
2605.47 1023 923 874.5 PIT
2605.76 1023 923 874.6 PIT
2606.06 1023 923 874.7 PIT
2606.35 1023 923 874.8 PIT
2606.65 1023 923 874.9 PIT
2606.94 1023 923 875 PIT
2607.24 1023 923 875.1 PIT
2607.53 1023 923 875.2 PIT
2607.83 1023 923 875.3 PIT
2608.12 1023 923 875.4 PIT
2608.42 1023 923 875.5 PIT
2608.71 1023 923 875.6 PIT
2609.01 1023 923 875.7 PIT
2609.31 1023 923 875.8 PIT
2609.6 1023 923 875.9 PIT
2609.9 1023 923 876 PIT
2610.19 1023 923 876.1 PIT
2610.49 1023 923 876.2 PIT
2610.79 1023 923 876.3 PIT
2611.08 1023 923 876.4 PIT
2611.38 1023 923 876.5 PIT
2611.67 1023 923 876.6 PIT
2611.97 1023 923 876.7 PIT
2612.27 1023 923 876.8 PIT
2612.56 1023 923 876.9 PIT
2612.86 1023 923 877 PIT
2613.16 1023 923 877.1 PIT
2613.45 1023 923 877.2 PIT
2613.75 1023 923 877.3 PIT
2614.05 1023 923 877.4 PIT
2614.34 1023 923 877.5 PIT
2614.64 1023 923 877.6 PIT
2614.94 1023 923 877.7 PIT
2615.24 1023 923 877.8 PIT
2615.53 1023 923 877.9 PIT
2615.83 1023 923 878 PIT
2616.13 1023 923 878.1 PIT
2616.43 1023 923 878.2 PIT
2616.72 1023 923 878.3 PIT
2617.02 1023 923 878.4 PIT
2617.32 1023 923 878.5 PIT
2617.62 1023 923 878.6 PIT
2617.92 1023 923 878.7 PIT
2618.21 1023 923 878.8 PIT
2618.51 1023 923 878.9 PIT
2618.81 1023 923 879 PIT
2619.11 1023 923 879.1 PIT
2619.41 1023 923 879.2 PIT
2619.71 1023 923 879.3 PIT
2620.01 1023 923 879.4 PIT
2620.31 1023 923 879.5 PIT
2620.61 1023 923 879.6 PIT
2620.91 1023 923 879.7 PIT
2621.21 1023 923 879.8 PIT
2621.51 1023 923 879.9 PIT
2621.81 1023 923 880 PIT
2622.11 1023 923 880.1 PIT
2622.41 1023 923 880.2 PIT
2622.71 1023 923 880.3 PIT
2623.01 1023 923 880.4 PIT
2623.31 1023 923 880.5 PIT
2623.61 1023 923 880.6 PIT
2623.91 1023 923 880.7 PIT
2624.21 1023 923 880.8 PIT
2624.51 1023 923 880.9 PIT
2624.81 1023 923 881 PIT
2625.12 1023 923 881.1 PIT
2625.42 1023 923 881.2 PIT
2625.72 1023 923 881.3 PIT
2626.02 1023 923 881.4 PIT
2626.32 1023 923 881.5 PIT
2626.63 1023 923 881.6 PIT
2626.93 1023 923 881.7 PIT
2627.23 1023 923 881.8 PIT
2627.54 1023 923 881.9 PIT
2627.84 1023 923 882 PIT
2628.14 1023 923 882.1 PIT
2628.45 1023 923 882.2 PIT
2628.75 1023 923 882.3 PIT
2629.05 1023 923 882.4 PIT
2629.36 1023 923 882.5 PIT
2629.66 1023 923 882.6 PIT
2629.97 1023 923 882.7 PIT
2630.27 1023 923 882.8 PIT
2630.58 1023 923 882.9 PIT
2630.88 1023 923 883 PIT
2631.19 1023 923 883.1 PIT
2631.49 1023 923 883.2 PIT
2631.8 1023 923 883.3 PIT
2632.1 1023 923 883.4 PIT
2632.41 1023 923 883.5 PIT
2632.72 1023 923 883.6 PIT
2633.02 1023 923 883.7 PIT
2633.33 1023 923 883.8 PIT
2633.64 1023 923 883.9 PIT
2633.95 1023 923 884 PIT
2634.25 1023 923 884.1 PIT
2634.56 1023 923 884.2 PIT
2634.87 1023 923 884.3 PIT
2635.18 1023 923 884.4 PIT
2635.49 1023 923 884.5 PIT
2635.79 1023 923 884.6 PIT
2636.1 1023 923 884.7 PIT
2636.41 1023 923 884.8 PIT
2636.72 1023 923 884.9 PIT
2637.03 1023 923 885 PIT
2637.34 1023 923 885.1 PIT
2637.65 1023 923 885.2 PIT
2637.96 1023 923 885.3 PIT
2638.27 1023 923 885.4 PIT
2638.58 1023 923 885.5 PIT
2638.89 1023 923 885.6 PIT
2639.21 1023 923 885.7 PIT
2639.52 1023 923 885.8 PIT
2639.83 1023 923 885.9 PIT
2640.14 1023 923 886 PIT
2640.45 1023 923 886.1 PIT
2640.77 1023 923 886.2 PIT
2641.08 1023 923 886.3 PIT
2641.39 1023 923 886.4 PIT
2641.71 1023 923 886.5 PIT
2642.02 1023 923 886.6 PIT
2642.33 1023 923 886.7 PIT
2642.65 1023 923 886.8 PIT
2642.96 1023 923 886.9 PIT
2643.28 1023 923 887 PIT
2643.59 1023 923 887.1 PIT
2643.91 1023 923 887.2 PIT
2644.22 1023 923 887.3 PIT
2644.54 1023 923 887.4 PIT
2644.86 1023 923 887.5 PIT
2645.17 1023 923 887.6 PIT
2645.49 1023 923 887.7 PIT
2645.81 1023 923 887.8 PIT
2646.12 1023 923 887.9 PIT
2646.44 1023 923 888 PIT
2646.76 1023 923 888.1 PIT
2647.08 1023 923 888.2 PIT
2647.4 1023 923 888.3 PIT
2647.72 1023 923 888.4 PIT
2648.03 1023 923 888.5 PIT
2648.35 1023 923 888.6 PIT
2648.67 1023 923 888.7 PIT
2648.99 1023 923 888.8 PIT
2649.31 1023 923 888.9 PIT
2649.63 1023 923 889 PIT
2649.96 1023 923 889.1 PIT
2650.28 1023 923 889.2 PIT
2650.6 1023 923 889.3 PIT
2650.92 1023 923 889.4 PIT
2651.24 1023 923 889.5 PIT
2651.57 1023 923 889.6 PIT
2651.89 1023 923 889.7 PIT
2652.21 1023 923 889.8 PIT
2652.54 1023 923 889.9 PIT
2652.86 1023 923 890 PIT
2653.18 1023 923 890.1 PIT
2653.51 1023 923 890.2 PIT
2653.83 1023 923 890.3 PIT
2654.16 1023 923 890.4 PIT
2654.49 1023 923 890.5 PIT
2654.81 1023 923 890.6 PIT
2655.14 1023 923 890.7 PIT
2655.46 1023 923 890.8 PIT
2655.79 1023 923 890.9 PIT
2656.12 1023 923 891 PIT
2656.45 1023 923 891.1 PIT
2656.77 1023 923 891.2 PIT
2657.1 1023 923 891.3 PIT
2657.43 1023 923 891.4 PIT
2657.76 1023 923 891.5 PIT
2658.09 1023 923 891.6 PIT
2658.42 1023 923 891.7 PIT
2658.75 1023 923 891.8 PIT
2659.08 1023 923 891.9 PIT
2659.41 1023 923 892 PIT
2659.74 1023 923 892.1 PIT
2660.08 1023 923 892.2 PIT
2660.41 1023 923 892.3 PIT
2660.74 1023 923 892.4 PIT
2661.07 1023 923 892.5 PIT
2661.41 1023 923 892.6 PIT
2661.74 1023 923 892.7 PIT
2662.08 1023 923 892.8 PIT
2662.41 1023 923 892.9 PIT
2662.74 1023 923 893 PIT
2663.08 1023 923 893.1 PIT
2663.42 1023 923 893.2 PIT
2663.75 1023 923 893.3 PIT
2664.09 1023 923 893.4 PIT
2664.42 1023 923 893.5 PIT
2664.76 1023 923 893.6 PIT
2665.1 1023 923 893.7 PIT
2665.44 1023 923 893.8 PIT
2665.78 1023 923 893.9 PIT
2666.12 1023 923 894 PIT
2666.45 1023 923 894.1 PIT
2666.79 1023 923 894.2 PIT
2667.13 1023 923 894.3 PIT
2667.47 1023 923 894.4 PIT
2667.82 1023 923 894.5 PIT
2668.16 1023 923 894.6 PIT
2668.5 1023 923 894.7 PIT
2668.84 1023 923 894.8 PIT
2669.18 1023 923 894.9 PIT
2669.53 1023 923 895 PIT
2669.87 1023 923 895.1 PIT
2670.21 1023 923 895.2 PIT
2670.56 1023 923 895.3 PIT
2670.9 1023 923 895.4 PIT
2671.25 1023 923 895.5 PIT
2671.59 1023 923 895.6 PIT
2671.94 1023 923 895.7 PIT
2672.29 1023 923 895.8 PIT
2672.63 1023 923 895.9 PIT
2672.98 1023 923 896 PIT
2673.33 1023 923 896.1 PIT
2673.68 1023 923 896.2 PIT
2674.03 1023 923 896.3 PIT
2674.38 1023 923 896.4 PIT
2674.73 1023 923 896.5 PIT
2675.08 1023 923 896.6 PIT
2675.43 1023 923 896.7 PIT
2675.78 1023 923 896.8 PIT
2676.13 1023 923 896.9 PIT
2676.48 1023 923 897 PIT
2676.83 1023 923 897.1 PIT
2677.19 1023 923 897.2 PIT
2677.54 1023 923 897.3 PIT
2677.89 1023 923 897.4 PIT
2678.25 1023 923 897.5 PIT
2678.6 1023 923 897.6 PIT
2678.96 1023 923 897.7 PIT
2679.31 1023 923 897.8 PIT
2679.67 1023 923 897.9 PIT
2680.03 1023 923 898 PIT
2680.38 1023 923 898.1 PIT
2680.74 1023 923 898.2 PIT
2681.1 1023 923 898.3 PIT
2681.46 1023 923 898.4 PIT
2681.82 1023 923 898.5 PIT
2682.18 1023 923 898.6 PIT
2682.54 1023 923 898.7 PIT
2682.9 1023 923 898.8 PIT
2683.26 1023 923 898.9 PIT
2683.62 1023 923 899 PIT
2683.98 1023 923 899.1 PIT
2684.35 1023 923 899.2 PIT
2684.71 1023 923 899.3 PIT
2685.07 1023 923 899.4 PIT
2685.44 1023 923 899.5 PIT
2685.8 1023 923 899.6 PIT
2686.17 1023 923 899.7 PIT
2686.53 1023 923 899.8 PIT
2686.9 1023 923 899.9 PIT
2687.27 1023 923 900 PIT
2687.63 1023 923 900.1 PIT
2688 1023 923 900.2 PIT
2688.37 1023 923 900.3 PIT
2688.74 1023 923 900.4 PIT
2689.11 1023 923 900.5 PIT
2689.48 1023 923 900.6 PIT
2689.85 1023 923 900.7 PIT
2690.22 1023 923 900.8 PIT
2690.59 1023 923 900.9 PIT
2690.96 1023 923 901 PIT
2691.34 1023 923 901.1 PIT
2691.71 1023 923 901.2 PIT
2692.08 1023 923 901.3 PIT
2692.46 1023 923 901.4 PIT
2692.83 1023 923 901.5 PIT
2693.21 1023 923 901.6 PIT
2693.58 1023 923 901.7 PIT
2693.96 1023 923 901.8 PIT
2694.34 1023 923 901.9 PIT
2694.71 1023 923 902 PIT
2695.09 1023 923 902.1 PIT
2695.47 1023 923 902.2 PIT
2695.85 1023 923 902.3 PIT
2696.23 1023 923 902.4 PIT
2696.61 1023 923 902.5 PIT
2696.99 1023 923 902.6 PIT
2697.37 1023 923 902.7 PIT
2697.76 1023 923 902.8 PIT
2698.14 1023 923 902.9 PIT
2698.52 1023 923 903 PIT
2698.91 1023 923 903.1 PIT
2699.29 1023 923 903.2 PIT
2699.68 1023 923 903.3 PIT
2700.06 1023 923 903.4 PIT
2700.45 1023 923 903.5 PIT
2700.83 1023 923 903.6 PIT
2701.22 1023 923 903.7 PIT
2701.61 1023 923 903.8 PIT
2702 1023 923 903.9 PIT
2702.39 1023 923 904 PIT
2702.78 1023 923 904.1 PIT
2703.17 1023 923 904.2 PIT
2703.56 1023 923 904.3 PIT
2703.95 1023 923 904.4 PIT
2704.34 1023 923 904.5 PIT
2704.74 1023 923 904.6 PIT
2705.13 1023 923 904.7 PIT
2705.52 1023 923 904.8 PIT
2705.92 1023 923 904.9 PIT
2706.31 1023 923 905 PIT
2706.71 1023 923 905.1 PIT
2707.11 1023 923 905.2 PIT
2707.5 1023 923 905.3 PIT
2707.9 1023 923 905.4 PIT
2708.3 1023 923 905.5 PIT
2708.7 1023 923 905.6 PIT
2709.1 1023 923 905.7 PIT
2709.5 1023 923 905.8 PIT
2709.9 1023 923 905.9 PIT
2710.3 1023 923 906 PIT
2710.7 1023 923 906.1 PIT
2711.1 1023 923 906.2 PIT
2711.51 1023 923 906.3 PIT
2711.91 1023 923 906.4 PIT
2712.32 1023 923 906.5 PIT
2712.72 1023 923 906.6 PIT
2713.13 1023 923 906.7 PIT
2713.54 1023 923 906.8 PIT
2713.94 1023 923 906.9 PIT
2714.35 1023 923 907 PIT
2714.76 1023 923 907.1 PIT
2715.17 1023 923 907.2 PIT
2715.58 1023 923 907.3 PIT
2715.99 1023 923 907.4 PIT
2716.4 1023 923 907.5 PIT
2716.81 1023 923 907.6 PIT
2717.22 1023 923 907.7 PIT
2717.64 1023 923 907.8 PIT
2718.05 1023 923 907.9 PIT
2718.47 1023 923 908 PIT
2718.88 1023 923 908.1 PIT
2719.3 1023 923 908.2 PIT
2719.71 1023 923 908.3 PIT
2720.13 1023 923 908.4 PIT
2720.55 1023 923 908.5 PIT
2720.97 1023 923 908.6 PIT
2721.39 1023 923 908.7 PIT
2721.81 1023 923 908.8 PIT
2722.23 1023 923 908.9 PIT
2722.65 1023 923 909 PIT
2723.07 1023 923 909.1 PIT
2723.49 1023 923 909.2 PIT
2723.92 1023 923 909.3 PIT
2724.34 1023 923 909.4 PIT
2724.77 1023 923 909.5 PIT
2725.19 1023 923 909.6 PIT
2725.62 1023 923 909.7 PIT
2726.05 1023 923 909.8 PIT
2726.47 1023 923 909.9 PIT
2726.9 1023 923 910 PIT
2727.33 1023 923 910.1 PIT
2727.76 1023 923 910.2 PIT
2728.19 1023 923 910.3 PIT
2728.62 1023 923 910.4 PIT
2729.06 1023 923 910.5 PIT
2729.49 1023 923 910.6 PIT
2729.92 1023 923 910.7 PIT
2730.36 1023 923 910.8 PIT
2730.79 1023 923 910.9 PIT
2731.23 1023 923 911 PIT
2731.66 1023 923 911.1 PIT
2732.1 1023 923 911.2 PIT
2732.54 1023 923 911.3 PIT
2732.98 1023 923 911.4 PIT
2733.42 1023 923 911.5 PIT
2733.86 1023 923 911.6 PIT
2734.3 1023 923 911.7 PIT
2734.74 1023 923 911.8 PIT
2735.18 1023 923 911.9 PIT
2735.62 1023 923 912 PIT
2736.07 1023 923 912.1 PIT
2736.51 1023 923 912.2 PIT
2736.96 1023 923 912.3 PIT
2737.4 1023 923 912.4 PIT
2737.85 1023 923 912.5 PIT
2738.3 1023 923 912.6 PIT
2738.74 1023 923 912.7 PIT
2739.19 1023 923 912.8 PIT
2739.64 1023 923 912.9 PIT
2740.09 1023 923 913 PIT
2740.55 1023 923 913.1 PIT
2741 1023 923 913.2 PIT
2741.45 1023 923 913.3 PIT
2741.9 1023 923 913.4 PIT
2742.36 1023 923 913.5 PIT
2742.81 1023 923 913.6 PIT
2743.27 1023 923 913.7 PIT
2743.73 1023 923 913.8 PIT
2744.18 1023 923 913.9 PIT
2744.64 1023 923 914 PIT
2745.1 1023 923 914.1 PIT
2745.56 1023 923 914.2 PIT
2746.02 1023 923 914.3 PIT
2746.48 1023 923 914.4 PIT
2746.95 1023 923 914.5 PIT
2747.41 1023 923 914.6 PIT
2747.87 1023 923 914.7 PIT
2748.34 1023 923 914.8 PIT
2748.8 1023 923 914.9 PIT
2749.27 1023 923 915 PIT
2749.74 1023 923 915.1 PIT
2750.2 1023 923 915.2 PIT
2750.67 1023 923 915.3 PIT
2751.14 1023 923 915.4 PIT
2751.61 1023 923 915.5 PIT
2752.08 1023 923 915.6 PIT
2752.56 1023 923 915.7 PIT
2753.03 1023 923 915.8 PIT
2753.5 1023 923 915.9 PIT
2753.98 1023 923 916 PIT
2754.45 1023 923 916.1 PIT
2754.93 1023 923 916.2 PIT
2755.4 1023 923 916.3 PIT
2755.88 1023 923 916.4 PIT
2756.36 1023 923 916.5 PIT
2756.84 1023 923 916.6 PIT
2757.32 1023 923 916.7 PIT
2757.8 1023 923 916.8 PIT
2758.28 1023 923 916.9 PIT
2758.77 1023 923 917 PIT
2759.25 1023 923 917.1 PIT
2759.73 1023 923 917.2 PIT
2760.22 1023 923 917.3 PIT
2760.71 1023 923 917.4 PIT
2761.19 1023 923 917.5 PIT
2761.68 1023 923 917.6 PIT
2762.17 1023 923 917.7 PIT
2762.66 1023 923 917.8 PIT
2763.15 1023 923 917.9 PIT
2763.64 1023 923 918 PIT
2764.13 1023 923 918.1 PIT
2764.62 1023 923 918.2 PIT
2765.12 1023 923 918.3 PIT
2765.61 1023 923 918.4 PIT
2766.11 1023 923 918.5 PIT
2766.61 1023 923 918.6 PIT
2767.1 1023 923 918.7 PIT
2767.6 1023 923 918.8 PIT
2768.1 1023 923 918.9 PIT
2768.6 1023 923 919 PIT
2769.1 1023 923 919.1 PIT
2769.6 1023 923 919.2 PIT
2770.1 1023 923 919.3 PIT
2770.61 1023 923 919.4 PIT
2771.11 1023 923 919.5 PIT
2771.62 1023 923 919.6 PIT
2772.12 1023 923 919.7 PIT
2772.63 1023 923 919.8 PIT
2773.14 1023 923 919.9 PIT
2773.65 1023 923 920 PIT
2774.16 1023 923 920.1 PIT
2774.67 1023 923 920.2 PIT
2775.18 1023 923 920.3 PIT
2775.69 1023 923 920.4 PIT
2776.21 1023 923 920.5 PIT
2776.72 1023 923 920.6 PIT
2777.23 1023 923 920.7 PIT
2777.75 1023 923 920.8 PIT
2778.27 1023 923 920.9 PIT
2778.78 1023 923 921 PIT
2779.3 1023 923 921.1 PIT
2779.82 1023 923 921.2 PIT
2780.34 1023 923 921.3 PIT
2780.86 1023 923 921.4 PIT
2781.38 1023 923 921.5 PIT
2781.9 1023 923 921.6 PIT
2782.43 1023 923 921.7 PIT
2782.95 1023 923 921.8 PIT
2783.47 1023 923 921.9 PIT
2784 1023 923 922 PIT
2784.53 1023 923 922.1 PIT
2785.05 1023 923 922.2 PIT
2785.58 1023 923 922.3 PIT
2786.11 1023 923 922.4 PIT
2786.63 1023 923 922.5 PIT
2787.16 1023 923 922.6 PIT
2787.69 1023 923 922.7 PIT
2788.22 1023 923 922.8 PIT
2788.75 1023 923 922.9 PIT
2789.29 1023 923 923 PIT
2789.82 1023 923 923.1 PIT
2790.35 1023 923 923.2 PIT
2790.88 1023 923 923.3 PIT
2791.42 1023 923 923.4 PIT
2791.95 1023 923 923.5 PIT
2792.49 1023 923 923.6 PIT
2793.02 1023 923 923.7 PIT
2793.56 1023 923 923.8 PIT
2794.1 1023 923 923.9 PIT
2794.63 1023 923 924 PIT
2795.17 1023 923 924.1 PIT
2795.71 1023 923 924.2 PIT
2796.25 1023 923 924.3 PIT
2796.79 1023 923 924.4 PIT
2797.33 1023 923 924.5 PIT
2797.87 1023 923 924.6 PIT
2798.41 1023 923 924.7 PIT
2798.95 1023 923 924.8 PIT
2799.49 1023 923 924.9 PIT
2800.03 1023 923 925 PIT
2800.57 1023 923 925.1 PIT
2801.12 1023 923 925.2 PIT
2801.66 1023 923 925.3 PIT
2802.2 1023 923 925.4 PIT
2802.75 1023 923 925.5 PIT
2803.29 1023 923 925.6 PIT
2803.84 1023 923 925.7 PIT
2804.38 1023 923 925.8 PIT
2804.93 1023 923 925.9 PIT
2805.47 1023 923 926 PIT
2806.02 1023 923 926.1 PIT
2806.56 1023 923 926.2 PIT
2807.11 1023 923 926.3 PIT
2807.66 1023 923 926.4 PIT
2808.2 1023 923 926.5 PIT
2808.75 1023 923 926.6 PIT
2809.3 1023 923 926.7 PIT
2809.85 1023 923 926.8 PIT
2810.39 1023 923 926.9 PIT
2810.94 1023 923 927 PIT
2811.49 1023 923 927.1 PIT
2812.04 1023 923 927.2 PIT
2812.59 1023 923 927.3 PIT
2813.14 1023 923 927.4 PIT
2813.69 1023 923 927.5 PIT
2814.24 1023 923 927.6 PIT
2814.78 1023 923 927.7 PIT
2815.33 1023 923 927.8 PIT
2815.88 1023 923 927.9 PIT
2816.43 1023 923 928 PIT
2816.98 1023 923 928.1 PIT
2817.53 1023 923 928.2 PIT
2818.08 1023 923 928.3 PIT
2818.64 1023 923 928.4 PIT
2819.19 1023 923 928.5 PIT
2819.74 1023 923 928.6 PIT
2820.29 1023 923 928.7 PIT
2820.84 1023 923 928.8 PIT
2821.39 1023 923 928.9 PIT
2821.94 1023 923 929 PIT
2822.49 1023 923 929.1 PIT
2823.04 1023 923 929.2 PIT
2823.59 1023 923 929.3 PIT
2824.14 1023 923 929.4 PIT
2824.69 1023 923 929.5 PIT
2825.24 1023 923 929.6 PIT
2825.79 1023 923 929.7 PIT
2826.34 1023 923 929.8 PIT
2826.89 1023 923 929.9 PIT
2827.45 1023 923 930 PIT
2828 1023 923 930.1 PIT
2828.55 1023 923 930.2 PIT
2829.1 1023 923 930.3 PIT
2829.65 1023 923 930.4 PIT
2830.2 1023 923 930.5 PIT
2830.75 1023 923 930.6 PIT
2831.3 1023 923 930.7 PIT
2831.85 1023 923 930.8 PIT
2832.4 1023 923 930.9 PIT
2832.94 1023 923 931 PIT
2833.49 1023 923 931.1 PIT
2834.04 1023 923 931.2 PIT
2834.59 1023 923 931.3 PIT
2835.14 1023 923 931.4 PIT
2835.69 1023 923 931.5 PIT
2836.24 1023 923 931.6 PIT
2836.78 1023 923 931.7 PIT
2837.33 1023 923 931.8 PIT
2837.88 1023 923 931.9 PIT
2838.43 1023 923 932 PIT
2838.97 1023 923 932.1 PIT
2839.52 1023 923 932.2 PIT
2840.07 1023 923 932.3 PIT
2840.61 1023 923 932.4 PIT
2841.16 1023 923 932.5 PIT
2841.7 1023 923 932.6 PIT
2842.25 1023 923 932.7 PIT
2842.79 1023 923 932.8 PIT
2843.34 1023 923 932.9 PIT
2843.88 1023 923 933 PIT
2844.43 1023 923 933.1 PIT
2844.97 1023 923 933.2 PIT
2845.51 1023 923 933.3 PIT
2846.05 1023 923 933.4 PIT
2846.6 1023 923 933.5 PIT
2847.14 1023 923 933.6 PIT
2847.68 1023 923 933.7 PIT
2848.22 1023 923 933.8 PIT
2848.76 1023 923 933.9 PIT
2849.3 1023 923 934 PIT
2849.84 1023 923 934.1 PIT
2850.38 1023 923 934.2 PIT
2850.92 1023 923 934.3 PIT
2851.45 1023 923 934.4 PIT
2851.99 1023 923 934.5 PIT
2852.53 1023 923 934.6 PIT
2853.07 1023 923 934.7 PIT
2853.6 1023 923 934.8 PIT
2854.14 1023 923 934.9 PIT
2854.67 1023 923 935 PIT
2855.21 1023 923 935.1 PIT
2855.74 1023 923 935.2 PIT
2856.27 1023 923 935.3 PIT
2856.81 1023 923 935.4 PIT
2857.34 1023 923 935.5 PIT
2857.87 1023 923 935.6 PIT
2858.4 1023 923 935.7 PIT
2858.93 1023 923 935.8 PIT
2859.46 1023 923 935.9 PIT
2859.99 1023 923 936 PIT
2860.52 1023 923 936.1 PIT
2861.04 1023 923 936.2 PIT
2861.57 1023 923 936.3 PIT
2862.1 1023 923 936.4 PIT
2862.62 1023 923 936.5 PIT
2863.15 1023 923 936.6 PIT
2863.67 1023 923 936.7 PIT
2864.19 1023 923 936.8 PIT
2864.72 1023 923 936.9 PIT
2865.24 1023 923 937 PIT
2865.76 1023 923 937.1 PIT
2866.28 1023 923 937.2 PIT
2866.8 1023 923 937.3 PIT
2867.32 1023 923 937.4 PIT
2867.83 1023 923 937.5 PIT
2868.35 1023 923 937.6 PIT
2868.87 1023 923 937.7 PIT
2869.38 1023 923 937.8 PIT
2869.9 1023 923 937.9 PIT
2870.41 1023 923 938 PIT
2870.92 1023 923 938.1 PIT
2871.44 1023 923 938.2 PIT
2871.95 1023 923 938.3 PIT
2872.46 1023 923 938.4 PIT
2872.97 1023 923 938.5 PIT
2873.48 1023 923 938.6 PIT
2873.98 1023 923 938.7 PIT
2874.49 1023 923 938.8 PIT
2875 1023 923 938.9 PIT
2875.5 1023 923 939 PIT
2876 1023 923 939.1 PIT
2876.51 1023 923 939.2 PIT
2877.01 1023 923 939.3 PIT
2877.51 1023 923 939.4 PIT
2878.01 1023 923 939.5 PIT
2878.51 1023 923 939.6 PIT
2879.01 1023 923 939.7 PIT
2879.5 1023 923 939.8 PIT
2880 1023 923 939.9 PIT
2880.49 1023 923 940 PIT
2880.99 1023 923 940.1 PIT
2881.48 1023 923 940.2 PIT
2881.97 1023 923 940.3 PIT
2882.46 1023 923 940.4 PIT
2882.95 1023 923 940.5 PIT
2883.44 1023 923 940.6 PIT
2883.93 1023 923 940.7 PIT
2884.41 1023 923 940.8 PIT
2884.9 1023 923 940.9 PIT
2885.38 1023 923 941 PIT
2885.87 1023 923 941.1 PIT
2886.35 1023 923 941.2 PIT
2886.83 1023 923 941.3 PIT
2887.31 1023 923 941.4 PIT
2887.79 1023 923 941.5 PIT
2888.26 1023 923 941.6 PIT
2888.74 1023 923 941.7 PIT
2889.21 1023 923 941.8 PIT
2889.69 1023 923 941.9 PIT
2890.16 1023 923 942 PIT
2890.63 1023 923 942.1 PIT
2891.1 1023 923 942.2 PIT
2891.57 1023 923 942.3 PIT
2892.03 1023 923 942.4 PIT
2892.5 1023 923 942.5 PIT
2892.96 1023 923 942.6 PIT
2893.43 1023 923 942.7 PIT
2893.89 1023 923 942.8 PIT
2894.35 1023 923 942.9 PIT
2894.81 1023 923 943 PIT
2895.26 1023 923 943.1 PIT
2895.72 1023 923 943.2 PIT
2896.18 1023 923 943.3 PIT
2896.63 1023 923 943.4 PIT
2897.08 1023 923 943.5 PIT
2897.53 1023 923 943.6 PIT
2897.98 1023 923 943.7 PIT
2898.43 1023 923 943.8 PIT
2898.88 1023 923 943.9 PIT
2899.32 1023 923 944 PIT
2899.77 1023 923 944.1 PIT
2900.21 1023 923 944.2 PIT
2900.65 1023 923 944.3 PIT
2901.09 1023 923 944.4 PIT
2901.53 1023 923 944.5 PIT
2901.96 1023 923 944.6 PIT
2902.4 1023 923 944.7 PIT
2902.83 1023 923 944.8 PIT
2903.26 1023 923 944.9 PIT
2903.69 1023 923 945 PIT
2904.12 1023 923 945.1 PIT
2904.55 1023 923 945.2 PIT
2904.98 1023 923 945.3 PIT
2905.4 1023 923 945.4 PIT
2905.82 1023 923 945.5 PIT
2906.24 1023 923 945.6 PIT
2906.66 1023 923 945.7 PIT
2907.08 1023 923 945.8 PIT
2907.5 1023 923 945.9 PIT
2907.91 1023 923 946 PIT
2908.33 1023 923 946.1 PIT
2908.74 1023 923 946.2 PIT
2909.15 1023 923 946.3 PIT
2909.56 1023 923 946.4 PIT
2909.96 1023 923 946.5 PIT
2910.37 1023 923 946.6 PIT
2910.77 1023 923 946.7 PIT
2911.17 1023 923 946.8 PIT
2911.57 1023 923 946.9 PIT
2911.97 1023 923 947 PIT
2912.36 1023 923 947.1 PIT
2912.76 1023 923 947.2 PIT
2913.15 1023 923 947.3 PIT
2913.54 1023 923 947.4 PIT
2913.93 1023 923 947.5 PIT
2914.32 1023 923 947.6 PIT
2914.7 1023 923 947.7 PIT
2915.09 1023 923 947.8 PIT
2915.47 1023 923 947.9 PIT
2915.85 1023 923 948 PIT
2916.23 1023 923 948.1 PIT
2916.61 1023 923 948.2 PIT
2916.98 1023 923 948.3 PIT
2917.35 1023 923 948.4 PIT
2917.72 1023 923 948.5 PIT
2918.09 1023 923 948.6 PIT
2918.46 1023 923 948.7 PIT
2918.83 1023 923 948.8 PIT
2919.19 1023 923 948.9 PIT
2919.55 1023 923 949 PIT
2919.91 1023 923 949.1 PIT
2920.27 1023 923 949.2 PIT
2920.62 1023 923 949.3 PIT
2920.98 1023 923 949.4 PIT
2921.33 1023 923 949.5 PIT
2921.68 1023 923 949.6 PIT
2922.03 1023 923 949.7 PIT
2922.37 1023 923 949.8 PIT
2922.72 1023 923 949.9 PIT
2923.06 1023 923 950 PIT
2923.4 1023 923 950.1 PIT
2923.73 1023 923 950.2 PIT
2924.07 1023 923 950.3 PIT
2924.4 1023 923 950.4 PIT
2924.73 1023 923 950.5 PIT
2925.06 1023 923 950.6 PIT
2925.39 1023 923 950.7 PIT
2925.72 1023 923 950.8 PIT
2926.04 1023 923 950.9 PIT
2926.36 1023 923 951 PIT
2926.68 1023 923 951.1 PIT
2927 1023 923 951.2 PIT
2927.31 1023 923 951.3 PIT
2927.62 1023 923 951.4 PIT
2927.93 1023 923 951.5 PIT
2928.24 1023 923 951.6 PIT
2928.55 1023 923 951.7 PIT
2928.85 1023 923 951.8 PIT
2929.15 1023 923 951.9 PIT
2929.45 1023 923 952 PIT
2929.75 1023 923 952.1 PIT
2930.05 1023 923 952.2 PIT
2930.34 1023 923 952.3 PIT
2930.63 1023 923 952.4 PIT
2930.92 1023 923 952.5 PIT
2931.2 1023 923 952.6 PIT
2931.49 1023 923 952.7 PIT
2931.77 1023 923 952.8 PIT
2932.05 1023 923 952.9 PIT
2932.33 1023 923 953 PIT
2932.6 1023 923 953.1 PIT
2932.87 1023 923 953.2 PIT
2933.14 1023 923 953.3 PIT
2933.41 1023 923 953.4 PIT
2933.67 1023 923 953.5 PIT
2933.94 1023 923 953.6 PIT
2934.2 1023 923 953.7 PIT
2934.46 1023 923 953.8 PIT
2934.71 1023 923 953.9 PIT
2934.96 1023 923 954 PIT
2935.22 1023 923 954.1 PIT
2935.46 1023 923 954.2 PIT
2935.71 1023 923 954.3 PIT
2935.95 1023 923 954.4 PIT
2936.19 1023 923 954.5 PIT
2936.43 1023 923 954.6 PIT
2936.67 1023 923 954.7 PIT
2936.9 1023 923 954.8 PIT
2937.13 1023 923 954.9 PIT
2937.36 1023 923 955 PIT
2937.59 1023 923 955.1 PIT
2937.81 1023 923 955.2 PIT
2938.03 1023 923 955.3 PIT
2938.25 1023 923 955.4 PIT
2938.47 1023 923 955.5 PIT
2938.68 1023 923 955.6 PIT
2938.89 1023 923 955.7 PIT
2939.1 1023 923 955.8 PIT
2939.31 1023 923 955.9 PIT
2939.51 1023 923 956 PIT
2939.71 1023 923 956.1 PIT
2939.91 1023 923 956.2 PIT
2940.1 1023 923 956.3 PIT
2940.3 1023 923 956.4 PIT
2940.49 1023 923 956.5 PIT
2940.67 1023 923 956.6 PIT
2940.86 1023 923 956.7 PIT
2941.04 1023 923 956.8 PIT
2941.22 1023 923 956.9 PIT
2941.4 1023 923 957 PIT
2941.57 1023 923 957.1 PIT
2941.74 1023 923 957.2 PIT
2941.91 1023 923 957.3 PIT
2942.08 1023 923 957.4 PIT
2942.24 1023 923 957.5 PIT
2942.4 1023 923 957.6 PIT
2942.56 1023 923 957.7 PIT
2942.71 1023 923 957.8 PIT
2942.86 1023 923 957.9 PIT
2943.01 1023 923 958 PIT
2943.16 1023 923 958.1 PIT
2943.3 1023 923 958.2 PIT
2943.44 1023 923 958.3 PIT
2943.58 1023 923 958.4 PIT
2943.72 1023 923 958.5 PIT
2943.85 1023 923 958.6 PIT
2943.98 1023 923 958.7 PIT
2944.11 1023 923 958.8 PIT
2944.23 1023 923 958.9 PIT
2944.35 1023 923 959 PIT
2944.47 1023 923 959.1 PIT
2944.58 1023 923 959.2 PIT
2944.69 1023 923 959.3 PIT
2944.8 1023 923 959.4 PIT
2944.91 1023 923 959.5 PIT
2945.01 1023 923 959.6 PIT
2945.11 1023 923 959.7 PIT
2945.21 1023 923 959.8 PIT
2945.3 1023 923 959.9 PIT
2945.4 1023 923 960 PIT
2945.48 8172.6 8072.6 960.1
2945.57 8174.71 8074.71 960.2
2945.65 8176.81 8076.81 960.3
2945.73 8178.91 8078.91 960.4
2945.81 8181.02 8081.02 960.5
2945.88 8183.12 8083.12 960.6
2945.95 8185.23 8085.23 960.7
2946.02 8187.33 8087.33 960.8
2946.08 8189.44 8089.44 960.9
2946.14 8191.54 8091.54 961
2946.2 8193.64 8093.64 961.1
2946.26 8195.75 8095.75 961.2
2946.31 8197.85 8097.85 961.3
2946.36 8199.96 8099.96 961.4
2946.4 8202.06 8102.06 961.5
2946.44 8204.16 8104.16 961.6
2946.48 8206.27 8106.27 961.7
2946.52 8208.37 8108.37 961.8
2946.55 8210.48 8110.48 961.9
2946.58 8212.58 8112.58 962
2946.61 8214.69 8114.69 962.1
2946.63 8216.79 8116.79 962.2
2946.65 8218.89 8118.89 962.3
2946.67 8221 8121 962.4
2946.68 8223.1 8123.1 962.5
2946.69 8225.21 8125.21 962.6
2946.7 8227.31 8127.31 962.7
2946.7 8229.41 8129.41 962.8
2946.7 8231.52 8131.52 962.9
2946.7 8233.62 8133.62 963
2946.69 8235.73 8135.73 963.1
2946.68 8237.83 8137.83 963.2
2946.67 8239.94 8139.94 963.3
2946.65 8242.04 8142.04 963.4
2946.63 8244.14 8144.14 963.5
2946.61 8246.25 8146.25 963.6
2946.59 8248.35 8148.35 963.7
2946.56 8250.46 8150.46 963.8
2946.52 8252.56 8152.56 963.9
2946.49 8254.67 8154.67 964
2946.45 8256.77 8156.77 964.1
2946.41 8258.87 8158.87 964.2
2946.36 8260.98 8160.98 964.3
2946.31 8263.08 8163.08 964.4
2946.26 8265.19 8165.19 964.5
2946.2 8267.29 8167.29 964.6
2946.14 8269.39 8169.39 964.7
2946.08 8271.5 8171.5 964.8
2946.01 8273.6 8173.6 964.9
2945.94 8275.71 8175.71 965
2945.87 8277.81 8177.81 965.1
2945.79 8279.92 8179.92 965.2
2945.71 8282.02 8182.02 965.3
2945.62 8284.12 8184.12 965.4
2945.53 8286.23 8186.23 965.5
2945.44 8288.33 8188.33 965.6
2945.35 8290.44 8190.44 965.7
2945.25 8292.54 8192.54 965.8
2945.15 8294.65 8194.65 965.9
2945.04 8296.75 8196.75 966
2944.93 8298.85 8198.85 966.1
2944.82 8300.96 8200.96 966.2
2944.7 8303.06 8203.06 966.3
2944.58 8305.17 8205.17 966.4
2944.46 8307.27 8207.27 966.5
2944.33 8309.37 8209.37 966.6
2944.2 8311.48 8211.48 966.7
2944.07 8313.58 8213.58 966.8
2943.93 8315.69 8215.69 966.9
2943.79 8317.79 8217.79 967
2943.64 8319.9 8219.9 967.1
2943.49 8322 8222 967.2
2943.34 8324.1 8224.1 967.3
2943.18 8326.21 8226.21 967.4
2943.02 8328.31 8228.31 967.5
2942.86 8330.42 8230.42 967.6
2942.69 8332.52 8232.52 967.7
2942.52 8334.62 8234.62 967.8
2942.34 8336.73 8236.73 967.9
2942.16 8338.83 8238.83 968
2941.98 8340.94 8240.94 968.1
2941.79 8343.04 8243.04 968.2
2941.6 8345.15 8245.15 968.3
2941.41 8347.25 8247.25 968.4
2941.21 8349.35 8249.35 968.5
2941.01 8351.46 8251.46 968.6
2940.8 8353.56 8253.56 968.7
2940.59 8355.67 8255.67 968.8
2940.38 8357.77 8257.77 968.9
2940.16 8359.88 8259.88 969
2939.94 8361.98 8261.98 969.1
2939.72 8364.08 8264.08 969.2
2939.49 8366.19 8266.19 969.3
2939.25 8368.29 8268.29 969.4
2939.02 8370.4 8270.4 969.5
2938.78 8372.5 8272.5 969.6
2938.53 8374.6 8274.6 969.7
2938.28 8376.71 8276.71 969.8
2938.03 8378.81 8278.81 969.9
2937.77 8380.92 8280.92 970
2937.51 8383.02 8283.02 970.1
2937.25 8385.13 8285.13 970.2
2936.98 8387.23 8287.23 970.3
2936.71 8389.33 8289.33 970.4
2936.43 8391.44 8291.44 970.5
2936.15 8393.54 8293.54 970.6
2935.87 8395.65 8295.65 970.7
2935.58 8397.75 8297.75 970.8
2935.29 8399.86 8299.86 970.9
2934.99 8401.96 8301.96 971
2934.69 8404.06 8304.06 971.1
2934.38 8406.17 8306.17 971.2
2934.08 8408.27 8308.27 971.3
2933.76 8410.38 8310.38 971.4
2933.45 8412.48 8312.48 971.5
2933.12 8414.58 8314.58 971.6
2932.8 8416.69 8316.69 971.7
2932.47 8418.79 8318.79 971.8
2932.14 8420.9 8320.9 971.9
2931.8 8423 8323 972
2931.46 8425.11 8325.11 972.1
2931.11 8427.21 8327.21 972.2
2930.76 8429.31 8329.31 972.3
2930.41 8431.42 8331.42 972.4
2930.05 8433.52 8333.52 972.5
2929.68 8435.63 8335.63 972.6
2929.32 8437.73 8337.73 972.7
2928.95 8439.83 8339.83 972.8
2928.57 8441.94 8341.94 972.9
2928.19 8444.04 8344.04 973
2927.81 8446.15 8346.15 973.1
2927.42 8448.25 8348.25 973.2
2927.03 8450.36 8350.36 973.3
2926.63 8452.46 8352.46 973.4
2926.23 8454.56 8354.56 973.5
2925.82 8456.67 8356.67 973.6
2925.41 8458.77 8358.77 973.7
2925 8460.88 8360.88 973.8
2924.58 8462.98 8362.98 973.9
2924.16 8465.09 8365.09 974
2923.73 8467.19 8367.19 974.1
2923.3 8469.29 8369.29 974.2
2922.86 8471.4 8371.4 974.3
2922.42 8473.5 8373.5 974.4
2921.98 8475.61 8375.61 974.5
2921.53 8477.71 8377.71 974.6
2921.07 8479.81 8379.81 974.7
2920.62 8481.92 8381.92 974.8
2920.15 8484.02 8384.02 974.9
2919.69 8486.13 8386.13 975
2919.21 8488.23 8388.23 975.1
2918.74 8490.34 8390.34 975.2
2918.26 8492.44 8392.44 975.3
2917.77 8494.54 8394.54 975.4
2917.28 8496.65 8396.65 975.5
2916.79 8498.75 8398.75 975.6
2916.29 8500.86 8400.86 975.7
2915.79 8502.96 8402.96 975.8
2915.28 8505.06 8405.06 975.9
2914.77 8507.17 8407.17 976
2914.25 8509.27 8409.27 976.1
2913.73 8511.38 8411.38 976.2
2913.21 8513.48 8413.48 976.3
2912.68 8515.59 8415.59 976.4
2912.14 8517.69 8417.69 976.5
2911.6 8519.79 8419.79 976.6
2911.06 8521.9 8421.9 976.7
2910.51 8524 8424 976.8
2909.96 8526.11 8426.11 976.9
2909.4 8528.21 8428.21 977
2908.84 8530.32 8430.32 977.1
2908.27 8532.42 8432.42 977.2
2907.7 8534.52 8434.52 977.3
2907.12 8536.63 8436.63 977.4
2906.54 8538.73 8438.73 977.5
2905.95 8540.84 8440.84 977.6
2905.36 8542.94 8442.94 977.7
2904.77 8545.04 8445.04 977.8
2904.17 8547.15 8447.15 977.9
2903.56 8549.25 8449.25 978
2902.95 8551.36 8451.36 978.1
2902.34 8553.46 8453.46 978.2
2901.72 8555.57 8455.57 978.3
2901.1 8557.67 8457.67 978.4
2900.47 8559.77 8459.77 978.5
2899.83 8561.88 8461.88 978.6
2899.2 8563.98 8463.98 978.7
2898.55 8566.09 8466.09 978.8
2897.9 8568.19 8468.19 978.9
2897.25 8570.3 8470.3 979
2896.59 8572.4 8472.4 979.1
2895.93 8574.5 8474.5 979.2
2895.26 8576.61 8476.61 979.3
2894.59 8578.71 8478.71 979.4
2893.91 8580.82 8480.82 979.5
2893.23 8582.92 8482.92 979.6
2892.55 8585.02 8485.02 979.7
2891.85 8587.13 8487.13 979.8
2891.16 8589.23 8489.23 979.9
2890.46 8591.34 8491.34 980
2889.75 8593.44 8493.44 980.1
2889.04 8595.55 8495.55 980.2
2888.32 8597.65 8497.65 980.3
2887.6 8599.75 8499.75 980.4
2886.87 8601.86 8501.86 980.5
2886.14 8603.96 8503.96 980.6
2885.4 8606.07 8506.07 980.7
2884.66 8608.17 8508.17 980.8
2883.92 8610.27 8510.27 980.9
2883.17 8612.38 8512.38 981
2882.41 8614.48 8514.48 981.1
2881.65 8616.59 8516.59 981.2
2880.88 8618.69 8518.69 981.3
2880.11 8620.8 8520.8 981.4
2879.33 8622.9 8522.9 981.5
2878.55 8625 8525 981.6
2877.76 8627.11 8527.11 981.7
2876.97 8629.21 8529.21 981.8
2876.17 8631.32 8531.32 981.9
2875.37 8633.42 8533.42 982
2874.56 8635.53 8535.53 982.1
2873.75 8637.63 8537.63 982.2
2872.93 8639.73 8539.73 982.3
2872.11 8641.84 8541.84 982.4
2871.28 8643.94 8543.94 982.5
2870.45 8646.05 8546.05 982.6
2869.61 8648.15 8548.15 982.7
2868.77 8650.25 8550.25 982.8
2867.92 8652.36 8552.36 982.9
2867.06 8654.46 8554.46 983
2866.2 8656.57 8556.57 983.1
2865.34 8658.67 8558.67 983.2
2864.47 8660.78 8560.78 983.3
2863.59 8662.88 8562.88 983.4
2862.71 8664.98 8564.98 983.5
2861.83 8667.09 8567.09 983.6
2860.94 8669.19 8569.19 983.7
2860.04 8671.3 8571.3 983.8
2859.14 8673.4 8573.4 983.9
2858.23 8675.5 8575.5 984
2857.32 8677.61 8577.61 984.1
2856.4 8679.71 8579.71 984.2
2855.48 8681.82 8581.82 984.3
2854.55 8683.92 8583.92 984.4
2853.62 8686.03 8586.03 984.5
2852.68 8688.13 8588.13 984.6
2851.73 8690.23 8590.23 984.7
2850.78 8692.34 8592.34 984.8
2849.83 8694.44 8594.44 984.9
2848.87 8696.55 8596.55 985
2847.9 8698.65 8598.65 985.1
2846.93 8700.76 8600.76 985.2
2845.95 8702.86 8602.86 985.3
2844.97 8704.96 8604.96 985.4
2843.98 8707.07 8607.07 985.5
2842.99 8709.17 8609.17 985.6
2841.99 8711.28 8611.28 985.7
2840.98 8713.38 8613.38 985.8
2839.97 8715.48 8615.48 985.9
2838.96 8717.59 8617.59 986
2837.94 8719.69 8619.69 986.1
2836.91 8721.8 8621.8 986.2
2835.88 8723.9 8623.9 986.3
2834.84 8726.01 8626.01 986.4
2833.8 8728.11 8628.11 986.5
2832.75 8730.21 8630.21 986.6
2831.69 8732.32 8632.32 986.7
2830.63 8734.42 8634.42 986.8
2829.57 8736.53 8636.53 986.9
2828.5 8738.63 8638.63 987
2827.42 8740.74 8640.74 987.1
2826.34 8742.84 8642.84 987.2
2825.25 8744.94 8644.94 987.3
2824.16 8747.05 8647.05 987.4
2823.06 8749.15 8649.15 987.5
2821.95 8751.26 8651.26 987.6
2820.84 8753.36 8653.36 987.7
2819.72 8755.46 8655.46 987.8
2818.6 8757.57 8657.57 987.9
2817.47 8759.67 8659.67 988
2816.34 8761.78 8661.78 988.1
2815.2 8763.88 8663.88 988.2
2814.06 8765.99 8665.99 988.3
2812.91 8768.09 8668.09 988.4
2811.75 8770.19 8670.19 988.5
2810.59 8772.3 8672.3 988.6
2809.42 8774.4 8674.4 988.7
2808.24 8776.51 8676.51 988.8
2807.06 8778.61 8678.61 988.9
2805.88 8780.71 8680.71 989
2804.69 8782.82 8682.82 989.1
2803.49 8784.92 8684.92 989.2
2802.29 8787.03 8687.03 989.3
2801.08 8789.13 8689.13 989.4
2799.86 8791.24 8691.24 989.5
2798.64 8793.34 8693.34 989.6
2797.42 8795.44 8695.44 989.7
2796.18 8797.55 8697.55 989.8
2794.95 8799.65 8699.65 989.9
2793.7 8801.76 8701.76 990
2792.45 8803.86 8703.86 990.1
2791.2 8805.97 8705.97 990.2
2789.93 8808.07 8708.07 990.3
2788.67 8810.17 8710.17 990.4
2787.39 8812.28 8712.28 990.5
2786.11 8814.38 8714.38 990.6
2784.83 8816.49 8716.49 990.7
2783.53 8818.59 8718.59 990.8
2782.24 8820.69 8720.69 990.9
2780.93 8822.8 8722.8 991
2779.62 8824.9 8724.9 991.1
2778.31 8827.01 8727.01 991.2
2776.98 8829.11 8729.11 991.3
2775.66 8831.22 8731.22 991.4
2774.32 8833.32 8733.32 991.5
2772.98 8835.42 8735.42 991.6
2771.64 8837.53 8737.53 991.7
2770.28 8839.63 8739.63 991.8
2768.93 8841.74 8741.74 991.9
2767.56 8843.84 8743.84 992
2766.19 8845.94 8745.94 992.1
2764.81 8848.05 8748.05 992.2
2763.43 8850.15 8750.15 992.3
2762.04 8852.26 8752.26 992.4
2760.65 8854.36 8754.36 992.5
2759.25 8856.47 8756.47 992.6
2757.84 8858.57 8758.57 992.7
2756.43 8860.67 8760.67 992.8
2755.01 8862.78 8762.78 992.9
2753.58 8864.88 8764.88 993
2752.15 8866.99 8766.99 993.1
2750.71 8869.09 8769.09 993.2
2749.26 8871.2 8771.2 993.3
2747.81 8873.3 8773.3 993.4
2746.36 8875.4 8775.4 993.5
2744.89 8877.51 8777.51 993.6
2743.42 8879.61 8779.61 993.7
2741.95 8881.72 8781.72 993.8
2740.47 8883.82 8783.82 993.9
2738.98 8885.92 8785.92 994
2737.48 8888.03 8788.03 994.1
2735.98 8890.13 8790.13 994.2
2734.47 8892.24 8792.24 994.3
2732.96 8894.34 8794.34 994.4
2731.44 8896.45 8796.45 994.5
2729.91 8898.55 8798.55 994.6
2728.38 8900.65 8800.65 994.7
2726.84 8902.76 8802.76 994.8
2725.3 8904.86 8804.86 994.9
2723.74 8906.97 8806.97 995
2722.19 8909.07 8809.07 995.1
2720.62 8911.18 8811.18 995.2
2719.05 8913.28 8813.28 995.3
2717.47 8915.38 8815.38 995.4
2715.89 8917.49 8817.49 995.5
2714.3 8919.59 8819.59 995.6
2712.7 8921.7 8821.7 995.7
2711.1 8923.8 8823.8 995.8
2709.49 8925.9 8825.9 995.9
2707.87 8928.01 8828.01 996
2706.25 8930.11 8830.11 996.1
2704.62 8932.22 8832.22 996.2
2702.98 8934.32 8834.32 996.3
2701.34 8936.43 8836.43 996.4
2699.69 8938.53 8838.53 996.5
2698.03 8940.63 8840.63 996.6
2696.37 8942.74 8842.74 996.7
2694.7 8944.84 8844.84 996.8
2693.03 8946.95 8846.95 996.9
2691.35 8949.05 8849.05 997
2689.66 8951.15 8851.15 997.1
2687.96 8953.26 8853.26 997.2
2686.26 8955.36 8855.36 997.3
2684.55 8957.47 8857.47 997.4
2682.84 8959.57 8859.57 997.5
2681.11 8961.68 8861.68 997.6
2679.39 8963.78 8863.78 997.7
2677.65 8965.88 8865.88 997.8
2675.91 8967.99 8867.99 997.9
2674.16 8970.09 8870.09 998
2672.41 8972.2 8872.2 998.1
2670.64 8974.3 8874.3 998.2
2668.88 8976.41 8876.41 998.3
2667.1 8978.51 8878.51 998.4
2665.32 8980.61 8880.61 998.5
2663.53 8982.72 8882.72 998.6
2661.74 8984.82 8884.82 998.7
2659.93 8986.93 8886.93 998.8
2658.12 8989.03 8889.03 998.9
2656.31 8991.13 8891.13 999
2654.49 8993.24 8893.24 999.1
2652.66 8995.34 8895.34 999.2
2650.82 8997.45 8897.45 999.3
2648.98 8999.55 8899.55 999.4
2647.13 9001.66 8901.66 999.5
2645.27 9003.76 8903.76 999.6
2643.41 9005.86 8905.86 999.7
2641.54 9007.97 8907.97 999.8
2639.66 9010.07 8910.07 999.9
2637.78 9012.18 8912.18 1000
