469.111 678.163 578.163 640
470.181 678.901 578.901 640.09
471.251 679.64 579.64 640.18
472.321 680.378 580.378 640.27
473.392 681.117 581.117 640.36
474.464 681.855 581.855 640.45
475.536 682.594 582.594 640.54
476.608 683.332 583.332 640.63
477.681 684.071 584.071 640.72
478.754 684.809 584.809 640.81
479.827 685.547 585.547 640.9
480.901 686.286 586.286 640.99
481.975 687.024 587.024 641.08
483.05 687.763 587.763 641.17
484.125 688.501 588.501 641.26
485.201 689.24 589.24 641.35
486.277 689.978 589.978 641.44
487.353 690.717 590.717 641.53
488.43 691.455 591.455 641.62
489.507 692.194 592.194 641.71
490.584 692.932 592.932 641.8
491.662 693.671 593.671 641.89
492.74 694.409 594.409 641.98
493.819 695.148 595.148 642.07
494.898 695.886 595.886 642.16
495.977 696.625 596.625 642.25
497.056 697.363 597.363 642.34
498.136 698.102 598.102 642.43
499.217 698.84 598.84 642.52
500.297 699.579 599.579 642.61
501.378 700.317 600.317 642.7
502.459 701.056 601.056 642.79
503.541 701.794 601.794 642.88
504.623 702.533 602.533 642.97
505.705 703.271 603.271 643.06
506.787 704.01 604.01 643.15
507.87 704.748 604.748 643.24
508.953 705.487 605.487 643.33
510.036 706.225 606.225 643.42
511.12 706.964 606.964 643.51
512.204 707.702 607.702 643.6
513.288 708.441 608.441 643.69
514.373 709.179 609.179 643.78
515.457 709.918 609.918 643.87
516.542 710.656 610.656 643.96
517.628 711.395 611.395 644.05
518.713 712.133 612.133 644.14
519.799 712.872 612.872 644.23
520.885 713.61 613.61 644.32
521.971 714.349 614.349 644.41
523.058 715.087 615.087 644.5
524.145 715.826 615.826 644.59
525.232 716.564 616.564 644.68
526.319 717.303 617.303 644.77
527.406 718.041 618.041 644.86
528.494 718.78 618.78 644.95
529.582 719.518 619.518 645.04
530.67 720.257 620.257 645.13
531.758 720.995 620.995 645.22
532.847 721.734 621.734 645.31
533.935 722.472 622.472 645.4
535.024 723.21 623.21 645.49
536.113 723.949 623.949 645.58
537.202 724.687 624.687 645.67
538.292 725.426 625.426 645.76
539.381 726.164 626.164 645.85
540.471 726.903 626.903 645.94
541.561 727.641 627.641 646.03
542.651 728.38 628.38 646.12
543.741 729.118 629.118 646.21
544.832 729.857 629.857 646.3
545.922 730.595 630.595 646.39
547.013 731.334 631.334 646.48
548.104 732.072 632.072 646.57
549.195 732.811 632.811 646.66
550.286 733.549 633.549 646.75
551.377 734.288 634.288 646.84
552.468 735.026 635.026 646.93
553.56 735.765 635.765 647.02
554.651 736.503 636.503 647.11
555.743 737.242 637.242 647.2
556.835 737.98 637.98 647.29
557.927 738.719 638.719 647.38
559.019 739.457 639.457 647.47
560.111 740.196 640.196 647.56
561.203 740.934 640.934 647.65
562.295 741.673 641.673 647.74
563.388 742.411 642.411 647.83
564.48 743.15 643.15 647.92
565.572 743.888 643.888 648.01
566.665 744.627 644.627 648.1
567.758 745.365 645.365 648.19
568.85 746.104 646.104 648.28
569.943 746.842 646.842 648.37
571.036 747.581 647.581 648.46
572.128 748.319 648.319 648.55
573.221 749.058 649.058 648.64
574.314 749.796 649.796 648.73
575.407 750.535 650.535 648.82
576.5 751.273 651.273 648.91
577.593 752.012 652.012 649
578.686 752.75 652.75 649.09
579.779 753.489 653.489 649.18
580.872 754.227 654.227 649.27
581.965 754.966 654.966 649.36
583.058 755.704 655.704 649.45
584.151 756.443 656.443 649.54
585.244 757.181 657.181 649.63
586.337 757.92 657.92 649.72
587.429 758.658 658.658 649.81
588.522 759.397 659.397 649.9
589.615 760.135 660.135 649.99
590.708 760.874 660.874 650.08
591.801 761.612 661.612 650.17
592.894 762.35 662.35 650.26
593.986 763.089 663.089 650.35
595.079 763.827 663.827 650.44
596.172 764.566 664.566 650.53
597.264 765.304 665.304 650.62
598.357 766.043 666.043 650.71
599.449 766.781 666.781 650.8
600.542 767.52 667.52 650.89
601.634 768.258 668.258 650.98
602.726 768.997 668.997 651.07
603.818 769.735 669.735 651.16
604.91 770.474 670.474 651.25
606.002 771.212 671.212 651.34
607.094 771.951 671.951 651.43
608.186 772.689 672.689 651.52
609.278 773.428 673.428 651.61
610.369 774.166 674.166 651.7
611.461 774.905 674.905 651.79
612.552 775.643 675.643 651.88
613.643 776.382 676.382 651.97
614.734 777.12 677.12 652.06
615.825 777.859 677.859 652.15
616.916 778.597 678.597 652.24
618.007 779.336 679.336 652.33
619.097 780.074 680.074 652.42
620.187 780.813 680.813 652.51
621.278 781.551 681.551 652.6
622.368 782.29 682.29 652.69
623.458 783.028 683.028 652.78
624.547 783.767 683.767 652.87
625.637 784.505 684.505 652.96
626.726 785.244 685.244 653.05
627.815 785.982 685.982 653.14
628.904 786.721 686.721 653.23
629.993 787.459 687.459 653.32
631.082 788.198 688.198 653.41
632.17 788.936 688.936 653.5
633.259 789.675 689.675 653.59
634.347 790.413 690.413 653.68
635.434 791.152 691.152 653.77
636.522 791.89 691.89 653.86
637.609 792.629 692.629 653.95
638.697 793.367 693.367 654.04
639.784 794.106 694.106 654.13
640.87 794.844 694.844 654.22
641.957 795.583 695.583 654.31
643.043 796.321 696.321 654.4
644.129 797.06 697.06 654.49
645.215 797.798 697.798 654.58
646.3 798.537 698.537 654.67
647.385 799.275 699.275 654.76
648.47 800.014 700.014 654.85
649.555 800.752 700.752 654.94
650.639 801.49 701.49 655.03
651.724 802.229 702.229 655.12
652.807 802.967 702.967 655.21
653.891 803.706 703.706 655.3
654.974 804.444 704.444 655.39
656.057 805.183 705.183 655.48
657.14 805.921 705.921 655.57
658.222 806.66 706.66 655.66
659.305 807.398 707.398 655.75
660.386 808.137 708.137 655.84
661.468 808.875 708.875 655.93
662.549 809.614 709.614 656.02
663.63 810.352 710.352 656.11
664.71 811.091 711.091 656.2
665.79 811.829 711.829 656.29
666.87 812.568 712.568 656.38
667.95 813.306 713.306 656.47
669.029 814.045 714.045 656.56
670.108 814.783 714.783 656.65
671.186 815.522 715.522 656.74
672.264 816.26 716.26 656.83
673.342 816.999 716.999 656.92
674.419 817.737 717.737 657.01
675.496 818.476 718.476 657.1
676.573 819.214 719.214 657.19
677.649 819.953 719.953 657.28
678.725 820.691 720.691 657.37
679.8 821.43 721.43 657.46
680.875 822.168 722.168 657.55
681.95 822.907 722.907 657.64
683.024 823.645 723.645 657.73
684.098 824.384 724.384 657.82
685.172 825.122 725.122 657.91
686.245 825.861 725.861 658
687.317 826.599 726.599 658.09
688.389 827.338 727.338 658.18
689.461 828.076 728.076 658.27
690.533 828.815 728.815 658.36
691.603 829.553 729.553 658.45
692.674 830.292 730.292 658.54
693.744 831.03 731.03 658.63
694.813 831.769 731.769 658.72
695.883 832.507 732.507 658.81
696.951 833.246 733.246 658.9
698.019 833.984 733.984 658.99
699.087 834.723 734.723 659.08
700.154 835.461 735.461 659.17
701.221 836.2 736.2 659.26
702.287 836.938 736.938 659.35
703.353 837.677 737.677 659.44
704.418 838.415 738.415 659.53
705.483 839.154 739.154 659.62
706.548 839.892 739.892 659.71
707.611 840.63 740.63 659.8
708.675 841.369 741.369 659.89
709.737 842.107 742.107 659.98
710.8 842.846 742.846 660.07
711.861 843.584 743.584 660.16
712.923 844.323 744.323 660.25
713.983 845.061 745.061 660.34
715.044 845.8 745.8 660.43
716.103 846.538 746.538 660.52
717.162 847.277 747.277 660.61
718.221 848.015 748.015 660.7
719.279 848.754 748.754 660.79
720.336 849.492 749.492 660.88
721.393 850.231 750.231 660.97
722.449 850.969 750.969 661.06
723.505 851.708 751.708 661.15
724.56 852.446 752.446 661.24
725.615 853.185 753.185 661.33
726.669 853.923 753.923 661.42
727.722 854.662 754.662 661.51
728.775 855.4 755.4 661.6
729.827 856.139 756.139 661.69
730.879 856.877 756.877 661.78
731.93 857.616 757.616 661.87
732.981 858.354 758.354 661.96
734.03 859.093 759.093 662.05
735.08 859.831 759.831 662.14
736.128 860.57 760.57 662.23
737.176 861.308 761.308 662.32
738.224 862.047 762.047 662.41
739.27 862.785 762.785 662.5
740.316 863.524 763.524 662.59
741.362 864.262 764.262 662.68
742.406 865.001 765.001 662.77
743.451 865.739 765.739 662.86
744.494 866.478 766.478 662.95
745.537 867.216 767.216 663.04
746.579 867.955 767.955 663.13
747.621 868.693 768.693 663.22
748.661 869.432 769.432 663.31
749.701 870.17 770.17 663.4
750.741 870.909 770.909 663.49
751.78 871.647 771.647 663.58
752.818 872.386 772.386 663.67
753.855 873.124 773.124 663.76
754.892 873.863 773.863 663.85
755.928 874.601 774.601 663.94
756.963 875.34 775.34 664.03
757.998 876.078 776.078 664.12
759.031 876.817 776.817 664.21
760.065 877.555 777.555 664.3
761.097 878.293 778.293 664.39
762.129 879.032 779.032 664.48
763.159 879.77 779.77 664.57
764.19 880.509 780.509 664.66
765.219 881.247 781.247 664.75
766.248 881.986 781.986 664.84
767.276 882.724 782.724 664.93
768.303 883.463 783.463 665.02
769.329 884.201 784.201 665.11
770.355 884.94 784.94 665.2
771.38 885.678 785.678 665.29
772.404 886.417 786.417 665.38
773.427 887.155 787.155 665.47
774.45 887.894 787.894 665.56
775.472 888.632 788.632 665.65
776.493 889.371 789.371 665.74
777.513 890.109 790.109 665.83
778.532 890.848 790.848 665.92
779.551 891.586 791.586 666.01
780.569 892.325 792.325 666.1
781.586 893.063 793.063 666.19
782.602 893.802 793.802 666.28
783.617 894.54 794.54 666.37
784.632 895.279 795.279 666.46
785.645 896.017 796.017 666.55
786.658 896.756 796.756 666.64
787.67 897.494 797.494 666.73
788.681 898.233 798.233 666.82
789.692 898.971 798.971 666.91
790.701 899.71 799.71 667
791.71 900.448 800.448 667.09
792.718 901.187 801.187 667.18
793.724 901.925 801.925 667.27
794.73 902.664 802.664 667.36
795.736 903.402 803.402 667.45
796.74 904.141 804.141 667.54
797.743 904.879 804.879 667.63
798.746 905.618 805.618 667.72
799.747 906.356 806.356 667.81
800.748 907.095 807.095 667.9
801.748 907.833 807.833 667.99
802.747 908.572 808.572 668.08
803.745 909.31 809.31 668.17
804.742 910.049 810.049 668.26
805.738 910.787 810.787 668.35
806.733 911.526 811.526 668.44
807.728 912.264 812.264 668.53
808.721 913.003 813.003 668.62
809.713 913.741 813.741 668.71
810.705 914.48 814.48 668.8
811.695 915.218 815.218 668.89
812.685 915.957 815.957 668.98
813.674 916.695 816.695 669.07
814.661 917.433 817.433 669.16
815.648 918.172 818.172 669.25
816.634 918.91 818.91 669.34
817.619 919.649 819.649 669.43
818.603 920.387 820.387 669.52
819.586 921.126 821.126 669.61
820.567 921.864 821.864 669.7
821.548 922.603 822.603 669.79
822.528 923.341 823.341 669.88
823.507 924.08 824.08 669.97
824.485 924.818 824.818 670.06
825.462 925.557 825.557 670.15
826.438 926.295 826.295 670.24
827.413 927.034 827.034 670.33
828.387 927.772 827.772 670.42
829.359 928.511 828.511 670.51
830.331 929.249 829.249 670.6
831.302 929.988 829.988 670.69
832.272 930.726 830.726 670.78
833.24 931.465 831.465 670.87
834.208 932.203 832.203 670.96
835.175 932.942 832.942 671.05
836.14 933.68 833.68 671.14
837.105 934.419 834.419 671.23
838.068 935.157 835.157 671.32
839.031 935.896 835.896 671.41
839.992 936.634 836.634 671.5
840.952 937.373 837.373 671.59
841.911 938.111 838.111 671.68
842.869 938.85 838.85 671.77
843.826 939.588 839.588 671.86
844.782 940.327 840.327 671.95
845.737 941.065 841.065 672.04
846.691 941.804 841.804 672.13
847.643 942.542 842.542 672.22
848.595 943.281 843.281 672.31
849.545 944.019 844.019 672.4
850.494 944.758 844.758 672.49
851.443 945.496 845.496 672.58
852.39 946.235 846.235 672.67
853.335 946.973 846.973 672.76
854.28 947.712 847.712 672.85
855.224 948.45 848.45 672.94
856.166 949.189 849.189 673.03
857.108 949.927 849.927 673.12
858.048 950.666 850.666 673.21
858.987 951.404 851.404 673.3
859.925 952.143 852.143 673.39
860.861 952.881 852.881 673.48
861.797 953.62 853.62 673.57
862.731 954.358 854.358 673.66
863.664 955.097 855.097 673.75
864.596 955.835 855.835 673.84
865.527 956.573 856.573 673.93
866.456 957.312 857.312 674.02
867.385 958.05 858.05 674.11
868.312 958.789 858.789 674.2
869.238 959.527 859.527 674.29
870.163 960.266 860.266 674.38
871.086 961.004 861.004 674.47
872.009 961.743 861.743 674.56
872.93 962.481 862.481 674.65
873.85 963.22 863.22 674.74
874.768 963.958 863.958 674.83
875.686 964.697 864.697 674.92
876.602 965.435 865.435 675.01
877.517 966.174 866.174 675.1
878.431 966.912 866.912 675.19
879.343 967.651 867.651 675.28
880.254 968.389 868.389 675.37
881.164 969.128 869.128 675.46
882.073 969.866 869.866 675.55
882.98 970.605 870.605 675.64
883.886 971.343 871.343 675.73
884.791 972.082 872.082 675.82
885.694 972.82 872.82 675.91
886.597 973.559 873.559 676
887.498 974.297 874.297 676.09
888.397 975.036 875.036 676.18
889.296 975.774 875.774 676.27
890.193 976.513 876.513 676.36
891.088 977.251 877.251 676.45
891.983 977.99 877.99 676.54
892.876 978.728 878.728 676.63
893.768 979.467 879.467 676.72
894.658 980.205 880.205 676.81
895.547 980.944 880.944 676.9
896.435 981.682 881.682 676.99
897.322 982.421 882.421 677.08
898.207 983.159 883.159 677.17
899.09 983.898 883.898 677.26
899.973 984.636 884.636 677.35
900.854 985.375 885.375 677.44
901.734 986.113 886.113 677.53
902.612 986.852 886.852 677.62
903.489 987.59 887.59 677.71
904.364 988.329 888.329 677.8
905.239 989.067 889.067 677.89
906.111 989.806 889.806 677.98
906.983 990.544 890.544 678.07
907.853 991.283 891.283 678.16
908.721 992.021 892.021 678.25
909.589 992.76 892.76 678.34
910.454 993.498 893.498 678.43
911.319 994.237 894.237 678.52
912.182 994.975 894.975 678.61
913.043 995.713 895.713 678.7
913.903 996.452 896.452 678.79
914.762 997.19 897.19 678.88
915.619 997.929 897.929 678.97
916.475 998.667 898.667 679.06
917.33 999.406 899.406 679.15
918.183 1000.14 900.144 679.24
919.034 1000.88 900.883 679.33
919.884 1001.62 901.621 679.42
920.733 1002.36 902.36 679.51
921.58 1003.1 903.098 679.6
922.426 1003.84 903.837 679.69
923.27 1004.58 904.575 679.78
924.113 1005.31 905.314 679.87
924.954 1006.05 906.052 679.96
925.794 1006.79 906.791 680.05
926.632 1007.53 907.529 680.14
927.469 1008.27 908.268 680.23
928.304 1009.01 909.006 680.32
929.138 1009.74 909.745 680.41
929.97 1010.48 910.483 680.5
930.801 1011.22 911.222 680.59
931.631 1011.96 911.96 680.68
932.459 1012.7 912.699 680.77
933.285 1013.44 913.437 680.86
934.11 1014.18 914.176 680.95
934.934 1014.91 914.914 681.04
935.756 1015.65 915.653 681.13
936.577 1016.39 916.391 681.22
937.396 1017.13 917.13 681.31
938.214 1017.87 917.868 681.4
939.031 1018.61 918.607 681.49
939.846 1019.35 919.345 681.58
940.66 1020.08 920.084 681.67
941.472 1020.82 920.822 681.76
942.283 1021.56 921.561 681.85
943.092 1022.3 922.299 681.94
943.9 1023.04 923.038 682.03
944.707 1023.78 923.776 682.12
945.512 1024.51 924.515 682.21
946.316 1025.25 925.253 682.3
947.119 1025.99 925.992 682.39
947.92 1026.73 926.73 682.48
948.72 1027.47 927.469 682.57
949.519 1028.21 928.207 682.66
950.316 1028.95 928.946 682.75
951.111 1029.68 929.684 682.84
951.906 1030.42 930.423 682.93
952.699 1031.16 931.161 683.02
953.491 1031.9 931.9 683.11
954.281 1032.64 932.638 683.2
955.07 1033.38 933.376 683.29
955.858 1034.11 934.115 683.38
956.644 1034.85 934.853 683.47
957.43 1035.59 935.592 683.56
958.213 1036.33 936.33 683.65
958.996 1037.07 937.069 683.74
959.777 1037.81 937.807 683.83
960.557 1038.55 938.546 683.92
961.336 1039.28 939.284 684.01
962.113 1040.02 940.023 684.1
962.889 1040.76 940.761 684.19
963.664 1041.5 941.5 684.28
964.437 1042.24 942.238 684.37
965.209 1042.98 942.977 684.46
965.98 1043.72 943.715 684.55
966.75 1044.45 944.454 684.64
967.518 1045.19 945.192 684.73
968.285 1045.93 945.931 684.82
969.051 1046.67 946.669 684.91
969.816 1047.41 947.408 685
970.579 1048.15 948.146 685.09
971.341 1048.88 948.885 685.18
972.102 1049.62 949.623 685.27
972.862 1050.36 950.362 685.36
973.62 1051.1 951.1 685.45
974.378 1051.84 951.839 685.54
975.134 1052.58 952.577 685.63
975.888 1053.32 953.316 685.72
976.642 1054.05 954.054 685.81
977.394 1054.79 954.793 685.9
978.146 1055.53 955.531 685.99
978.896 1056.27 956.27 686.08
979.645 1057.01 957.008 686.17
980.392 1057.75 957.747 686.26
981.139 1058.49 958.485 686.35
981.884 1059.22 959.224 686.44
982.628 1059.96 959.962 686.53
983.371 1060.7 960.701 686.62
984.113 1061.44 961.439 686.71
984.853 1062.18 962.178 686.8
985.593 1062.92 962.916 686.89
986.331 1063.65 963.655 686.98
987.068 1064.39 964.393 687.07
987.804 1065.13 965.132 687.16
988.539 1065.87 965.87 687.25
989.273 1066.61 966.609 687.34
990.005 1067.35 967.347 687.43
990.737 1068.09 968.086 687.52
991.467 1068.82 968.824 687.61
992.196 1069.56 969.563 687.7
992.925 1070.3 970.301 687.79
993.652 1071.04 971.04 687.88
994.378 1071.78 971.778 687.97
995.102 1072.52 972.516 688.06
995.826 1073.25 973.255 688.15
996.549 1073.99 973.993 688.24
997.27 1074.73 974.732 688.33
997.991 1075.47 975.47 688.42
998.71 1076.21 976.209 688.51
999.429 1076.95 976.947 688.6
1000.15 1077.69 977.686 688.69
1000.86 1078.42 978.424 688.78
1001.58 1079.16 979.163 688.87
1002.29 1079.9 979.901 688.96
1003 1080.64 980.64 689.05
1003.72 1081.38 981.378 689.14
1004.43 1082.12 982.117 689.23
1005.14 1082.86 982.855 689.32
1005.85 1083.59 983.594 689.41
1006.55 1084.33 984.332 689.5
1007.26 1085.07 985.071 689.59
1007.97 1085.81 985.809 689.68
1008.67 1086.55 986.548 689.77
1009.38 1087.29 987.286 689.86
1010.08 1088.02 988.025 689.95
1010.78 1088.76 988.763 690.04
1011.48 1089.5 989.502 690.13
1012.18 1090.24 990.24 690.22
1012.88 1090.98 990.979 690.31
1013.58 1091.72 991.717 690.4
1014.27 1092.46 992.456 690.49
1014.97 1093.19 993.194 690.58
1015.66 1093.93 993.933 690.67
1016.36 1094.67 994.671 690.76
1017.05 1095.41 995.41 690.85
1017.74 1096.15 996.148 690.94
1018.43 1096.89 996.887 691.03
1019.12 1097.63 997.625 691.12
1019.81 1098.36 998.364 691.21
1020.5 1099.1 999.102 691.3
1021.19 1099.84 999.841 691.39
1021.88 1100.58 1000.58 691.48
1022.56 1101.32 1001.32 691.57
1023.25 1102.06 1002.06 691.66
1023.93 1102.79 1002.79 691.75
1024.61 1103.53 1003.53 691.84
1025.29 1104.27 1004.27 691.93
1025.97 1105.01 1005.01 692.02
1026.65 1105.75 1005.75 692.11
1027.33 1106.49 1006.49 692.2
1028.01 1107.23 1007.23 692.29
1028.69 1107.96 1007.96 692.38
1029.36 1108.7 1008.7 692.47
1030.04 1109.44 1009.44 692.56
1030.71 1110.18 1010.18 692.65
1031.39 1110.92 1010.92 692.74
1032.06 1111.66 1011.66 692.83
1032.73 1112.39 1012.39 692.92
1033.4 1113.13 1013.13 693.01
1034.08 1113.87 1013.87 693.1
1034.74 1114.61 1014.61 693.19
1035.41 1115.35 1015.35 693.28
1036.08 1116.09 1016.09 693.37
1036.75 1116.83 1016.83 693.46
1037.41 1117.56 1017.56 693.55
1038.08 1118.3 1018.3 693.64
1038.74 1119.04 1019.04 693.73
1039.41 1119.78 1019.78 693.82
1040.07 1120.52 1020.52 693.91
1040.73 1121.26 1021.26 694
1041.39 1122 1022 694.09
1042.05 1122.73 1022.73 694.18
1042.71 1123.47 1023.47 694.27
1043.37 1124.21 1024.21 694.36
1044.03 1124.95 1024.95 694.45
1044.69 1125.69 1025.69 694.54
1045.34 1126.43 1026.43 694.63
1046 1127.16 1027.16 694.72
1046.66 1127.9 1027.9 694.81
1047.31 1128.64 1028.64 694.9
1047.96 1129.38 1029.38 694.99
1048.62 1130.12 1030.12 695.08
1049.27 1130.86 1030.86 695.17
1049.92 1131.6 1031.6 695.26
1050.57 1132.33 1032.33 695.35
1051.22 1133.07 1033.07 695.44
1051.87 1133.81 1033.81 695.53
1052.52 1134.55 1034.55 695.62
1053.16 1135.29 1035.29 695.71
1053.81 1136.03 1036.03 695.8
1054.46 1136.77 1036.77 695.89
1055.1 1137.5 1037.5 695.98
1055.75 1138.24 1038.24 696.07
1056.39 1138.98 1038.98 696.16
1057.03 1139.72 1039.72 696.25
1057.68 1140.46 1040.46 696.34
1058.32 1141.2 1041.2 696.43
1058.96 1141.93 1041.93 696.52
1059.6 1142.67 1042.67 696.61
1060.24 1143.41 1043.41 696.7
1060.88 1144.15 1044.15 696.79
1061.52 1144.89 1044.89 696.88
1062.15 1145.63 1045.63 696.97
1062.79 1146.37 1046.37 697.06
1063.43 1147.1 1047.1 697.15
1064.06 1147.84 1047.84 697.24
1064.7 1148.58 1048.58 697.33
1065.33 1149.32 1049.32 697.42
1065.97 1150.06 1050.06 697.51
1066.6 1150.8 1050.8 697.6
1067.23 1151.53 1051.53 697.69
1067.87 1152.27 1052.27 697.78
1068.5 1153.01 1053.01 697.87
1069.13 1153.75 1053.75 697.96
1069.76 1154.49 1054.49 698.05
1070.39 1155.23 1055.23 698.14
1071.02 1155.97 1055.97 698.23
1071.64 1156.7 1056.7 698.32
1072.27 1157.44 1057.44 698.41
1072.9 1158.18 1058.18 698.5
1073.53 1158.92 1058.92 698.59
1074.15 1159.66 1059.66 698.68
1074.78 1160.4 1060.4 698.77
1075.4 1161.14 1061.14 698.86
1076.03 1161.87 1061.87 698.95
1076.65 1162.61 1062.61 699.04
1077.27 1163.35 1063.35 699.13
1077.9 1164.09 1064.09 699.22
1078.52 1164.83 1064.83 699.31
1079.14 1165.57 1065.57 699.4
1079.76 1166.3 1066.3 699.49
1080.38 1167.04 1067.04 699.58
1081 1167.78 1067.78 699.67
1081.62 1168.52 1068.52 699.76
1082.24 1169.26 1069.26 699.85
1082.86 1170 1070 699.94
1083.48 1170.74 1070.74 700.03
1084.09 1171.47 1071.47 700.12
1084.71 1172.21 1072.21 700.21
1085.33 1172.95 1072.95 700.3
1085.94 1173.69 1073.69 700.39
1086.56 1174.43 1074.43 700.48
1087.17 1175.17 1075.17 700.57
1087.79 1175.91 1075.91 700.66
1088.4 1176.64 1076.64 700.75
1089.01 1177.38 1077.38 700.84
1089.63 1178.12 1078.12 700.93
1090.24 1178.86 1078.86 701.02
1090.85 1179.6 1079.6 701.11
1091.46 1180.34 1080.34 701.2
1092.07 1181.07 1081.07 701.29
1092.68 1181.81 1081.81 701.38
1093.29 1182.55 1082.55 701.47
1093.9 1183.29 1083.29 701.56
1094.51 1184.03 1084.03 701.65
1095.11 1184.77 1084.77 701.74
1095.72 1185.51 1085.51 701.83
1096.33 1186.24 1086.24 701.92
1096.93 1186.98 1086.98 702.01
1097.54 1187.72 1087.72 702.1
1098.14 1188.46 1088.46 702.19
1098.75 1189.2 1089.2 702.28
1099.35 1189.94 1089.94 702.37
1099.96 1190.67 1090.67 702.46
1100.56 1191.41 1091.41 702.55
1101.16 1192.15 1092.15 702.64
1101.76 1192.89 1092.89 702.73
1102.36 1193.63 1093.63 702.82
1102.96 1194.37 1094.37 702.91
1103.56 1195.11 1095.11 703
1104.16 1195.84 1095.84 703.09
1104.76 1196.58 1096.58 703.18
1105.36 1197.32 1097.32 703.27
1105.96 1198.06 1098.06 703.36
1106.55 1198.8 1098.8 703.45
1107.15 1199.54 1099.54 703.54
1107.74 1200.28 1100.28 703.63
1108.34 1201.01 1101.01 703.72
1108.93 1201.75 1101.75 703.81
1109.53 1202.49 1102.49 703.9
1110.12 1203.23 1103.23 703.99
1110.71 1203.97 1103.97 704.08
1111.3 1204.71 1104.71 704.17
1111.9 1205.44 1105.44 704.26
1112.49 1206.18 1106.18 704.35
1113.08 1206.92 1106.92 704.44
1113.67 1207.66 1107.66 704.53
1114.25 1208.4 1108.4 704.62
1114.84 1209.14 1109.14 704.71
1115.43 1209.88 1109.88 704.8
1116.02 1210.61 1110.61 704.89
1116.6 1211.35 1111.35 704.98
1117.19 1212.09 1112.09 705.07
1117.77 1212.83 1112.83 705.16
1118.36 1213.57 1113.57 705.25
1118.94 1214.31 1114.31 705.34
1119.53 1215.05 1115.05 705.43
1120.11 1215.78 1115.78 705.52
1120.69 1216.52 1116.52 705.61
1121.27 1217.26 1117.26 705.7
1121.85 1218 1118 705.79
1122.43 1218.74 1118.74 705.88
1123.01 1219.48 1119.48 705.97
1123.59 1220.21 1120.21 706.06
1124.17 1220.95 1120.95 706.15
1124.74 1221.69 1121.69 706.24
1125.32 1222.43 1122.43 706.33
1125.9 1223.17 1123.17 706.42
1126.47 1223.91 1123.91 706.51
1127.04 1224.65 1124.65 706.6
1127.62 1225.38 1125.38 706.69
1128.19 1226.12 1126.12 706.78
1128.76 1226.86 1126.86 706.87
1129.34 1227.6 1127.6 706.96
1129.91 1228.34 1128.34 707.05
1130.48 1229.08 1129.08 707.14
1131.05 1229.81 1129.81 707.23
1131.62 1230.55 1130.55 707.32
1132.18 1231.29 1131.29 707.41
1132.75 1232.03 1132.03 707.5
1133.32 1232.77 1132.77 707.59
1133.88 1233.51 1133.51 707.68
1134.45 1234.25 1134.25 707.77
1135.01 1234.98 1134.98 707.86
1135.58 1235.72 1135.72 707.95
1136.14 1236.46 1136.46 708.04
1136.7 1237.2 1137.2 708.13
1137.27 1237.94 1137.94 708.22
1137.83 1238.68 1138.68 708.31
1138.39 1239.42 1139.42 708.4
1138.95 1240.15 1140.15 708.49
1139.51 1240.89 1140.89 708.58
1140.06 1241.63 1141.63 708.67
1140.62 1242.37 1142.37 708.76
1141.18 1243.11 1143.11 708.85
1141.73 1243.85 1143.85 708.94
1142.29 1244.58 1144.58 709.03
1142.84 1245.32 1145.32 709.12
1143.4 1246.06 1146.06 709.21
1143.95 1246.8 1146.8 709.3
1144.5 1247.54 1147.54 709.39
1145.06 1248.28 1148.28 709.48
1145.61 1249.02 1149.02 709.57
1146.16 1249.75 1149.75 709.66
1146.71 1250.49 1150.49 709.75
1147.25 1251.23 1151.23 709.84
1147.8 1251.97 1151.97 709.93
1148.35 1252.71 1152.71 710.02
1148.9 1253.45 1153.45 710.11
1149.44 1254.19 1154.19 710.2
1149.99 1254.92 1154.92 710.29
1150.53 1255.66 1155.66 710.38
1151.07 1256.4 1156.4 710.47
1151.62 1257.14 1157.14 710.56
1152.16 1257.88 1157.88 710.65
1152.7 1258.62 1158.62 710.74
1153.24 1259.35 1159.35 710.83
1153.78 1260.09 1160.09 710.92
1154.32 1260.83 1160.83 711.01
1154.85 1261.57 1161.57 711.1
1155.39 1262.31 1162.31 711.19
1155.93 1263.05 1163.05 711.28
1156.46 1263.79 1163.79 711.37
1157 1264.52 1164.52 711.46
1157.53 1265.26 1165.26 711.55
1158.06 1266 1166 711.64
1158.6 1266.74 1166.74 711.73
1159.13 1267.48 1167.48 711.82
1159.66 1268.22 1168.22 711.91
1160.19 1268.95 1168.95 712
1160.72 1269.69 1169.69 712.09
1161.24 1270.43 1170.43 712.18
1161.77 1271.17 1171.17 712.27
1162.3 1271.91 1171.91 712.36
1162.82 1272.65 1172.65 712.45
1163.35 1273.39 1173.39 712.54
1163.87 1274.12 1174.12 712.63
1164.39 1274.86 1174.86 712.72
1164.92 1275.6 1175.6 712.81
1165.44 1276.34 1176.34 712.9
1165.96 1277.08 1177.08 712.99
1166.48 1277.82 1177.82 713.08
1167 1278.56 1178.56 713.17
1167.52 1279.29 1179.29 713.26
1168.03 1280.03 1180.03 713.35
1168.55 1280.77 1180.77 713.44
1169.06 1281.51 1181.51 713.53
1169.58 1282.25 1182.25 713.62
1170.09 1282.99 1182.99 713.71
1170.61 1283.72 1183.72 713.8
1171.12 1284.46 1184.46 713.89
1171.63 1285.2 1185.2 713.98
1172.14 1285.94 1185.94 714.07
1172.65 1286.68 1186.68 714.16
1173.16 1287.42 1187.42 714.25
1173.67 1288.16 1188.16 714.34
1174.17 1288.89 1188.89 714.43
1174.68 1289.63 1189.63 714.52
1175.18 1290.37 1190.37 714.61
1175.69 1291.11 1191.11 714.7
1176.19 1291.85 1191.85 714.79
1176.69 1292.59 1192.59 714.88
1177.2 1293.33 1193.33 714.97
1177.7 1294.06 1194.06 715.06
1178.2 1294.8 1194.8 715.15
1178.7 1295.54 1195.54 715.24
1179.19 1296.28 1196.28 715.33
1179.69 1297.02 1197.02 715.42
1180.19 1297.76 1197.76 715.51
1180.68 1298.49 1198.49 715.6
1181.18 1299.23 1199.23 715.69
1181.67 1299.97 1199.97 715.78
1182.16 1300.71 1200.71 715.87
1182.65 1301.45 1201.45 715.96
1183.15 1302.19 1202.19 716.05
1183.63 1302.93 1202.93 716.14
1184.12 1303.66 1203.66 716.23
1184.61 1304.4 1204.4 716.32
1185.1 1305.14 1205.14 716.41
1185.59 1305.88 1205.88 716.5
1186.07 1306.62 1206.62 716.59
1186.55 1307.36 1207.36 716.68
1187.04 1308.09 1208.09 716.77
1187.52 1308.83 1208.83 716.86
1188 1309.57 1209.57 716.95
1188.48 1310.31 1210.31 717.04
1188.96 1311.05 1211.05 717.13
1189.44 1311.79 1211.79 717.22
1189.92 1312.53 1212.53 717.31
1190.4 1313.26 1213.26 717.4
1190.87 1314 1214 717.49
1191.35 1314.74 1214.74 717.58
1191.82 1315.48 1215.48 717.67
1192.29 1316.22 1216.22 717.76
1192.77 1316.96 1216.96 717.85
1193.24 1317.7 1217.7 717.94
1193.71 1318.43 1218.43 718.03
1194.18 1319.17 1219.17 718.12
1194.64 1319.91 1219.91 718.21
1195.11 1320.65 1220.65 718.3
1195.58 1321.39 1221.39 718.39
1196.04 1322.13 1222.13 718.48
1196.51 1322.86 1222.86 718.57
1196.97 1323.6 1223.6 718.66
1197.43 1324.34 1224.34 718.75
1197.89 1325.08 1225.08 718.84
1198.35 1325.82 1225.82 718.93
1198.81 1326.56 1226.56 719.02
1199.27 1327.3 1227.3 719.11
1199.73 1328.03 1228.03 719.2
1200.19 1328.77 1228.77 719.29
1200.64 1329.51 1229.51 719.38
1201.09 1330.25 1230.25 719.47
1201.55 1330.99 1230.99 719.56
1202 1331.73 1231.73 719.65
1202.45 1332.47 1232.47 719.74
1202.9 1333.2 1233.2 719.83
1203.35 1333.94 1233.94 719.92
1203.8 1334.68 1234.68 720.01
1204.25 1335.42 1235.42 720.1
1204.69 1336.16 1236.16 720.19
1205.14 1336.9 1236.9 720.28
1205.58 1337.63 1237.63 720.37
1206.03 1338.37 1238.37 720.46
1206.47 1339.11 1239.11 720.55
1206.91 1339.85 1239.85 720.64
1207.35 1340.59 1240.59 720.73
1207.79 1341.33 1241.33 720.82
1208.23 1342.07 1242.07 720.91
1208.67 1342.8 1242.8 721
1209.1 1343.54 1243.54 721.09
1209.54 1344.28 1244.28 721.18
1209.97 1345.02 1245.02 721.27
1210.41 1345.76 1245.76 721.36
1210.84 1346.5 1246.5 721.45
1211.27 1347.23 1247.23 721.54
1211.7 1347.97 1247.97 721.63
1212.13 1348.71 1248.71 721.72
1212.56 1349.45 1249.45 721.81
1212.99 1350.19 1250.19 721.9
1213.42 1350.93 1250.93 721.99
1213.84 1351.67 1251.67 722.08
1214.27 1352.4 1252.4 722.17
1214.69 1353.14 1253.14 722.26
1215.12 1353.88 1253.88 722.35
1215.54 1354.62 1254.62 722.44
1215.96 1355.36 1255.36 722.53
1216.39 1356.1 1256.1 722.62
1216.81 1356.84 1256.84 722.71
1217.23 1357.57 1257.57 722.8
1217.65 1358.31 1258.31 722.89
1218.06 1359.05 1259.05 722.98
1218.48 1359.79 1259.79 723.07
1218.9 1360.53 1260.53 723.16
1219.32 1361.27 1261.27 723.25
1219.73 1362 1262 723.34
1220.14 1362.74 1262.74 723.43
1220.56 1363.48 1263.48 723.52
1220.97 1364.22 1264.22 723.61
1221.38 1364.96 1264.96 723.7
1221.8 1365.7 1265.7 723.79
1222.21 1366.44 1266.44 723.88
1222.62 1367.17 1267.17 723.97
1223.03 1367.91 1267.91 724.06
1223.43 1368.65 1268.65 724.15
1223.84 1369.39 1269.39 724.24
1224.25 1370.13 1270.13 724.33
1224.66 1370.87 1270.87 724.42
1225.06 1371.61 1271.61 724.51
1225.47 1372.34 1272.34 724.6
1225.87 1373.08 1273.08 724.69
1226.28 1373.82 1273.82 724.78
1226.68 1374.56 1274.56 724.87
1227.08 1375.3 1275.3 724.96
1227.48 1376.04 1276.04 725.05
1227.88 1376.77 1276.77 725.14
1228.29 1377.51 1277.51 725.23
1228.69 1378.25 1278.25 725.32
1229.09 1378.99 1278.99 725.41
1229.48 1379.73 1279.73 725.5
1229.88 1380.47 1280.47 725.59
1230.28 1381.21 1281.21 725.68
1230.68 1381.94 1281.94 725.77
1231.07 1382.68 1282.68 725.86
1231.47 1383.42 1283.42 725.95
1231.86 1384.16 1284.16 726.04
1232.26 1384.9 1284.9 726.13
1232.65 1385.64 1285.64 726.22
1233.05 1386.37 1286.37 726.31
1233.44 1387.11 1287.11 726.4
1233.83 1387.85 1287.85 726.49
1234.23 1388.59 1288.59 726.58
1234.62 1389.33 1289.33 726.67
1235.01 1390.07 1290.07 726.76
1235.4 1390.81 1290.81 726.85
1235.79 1391.54 1291.54 726.94
1236.18 1392.28 1292.28 727.03
1236.57 1393.02 1293.02 727.12
1236.96 1393.76 1293.76 727.21
1237.34 1394.5 1294.5 727.3
1237.73 1395.24 1295.24 727.39
1238.12 1395.98 1295.98 727.48
1238.51 1396.71 1296.71 727.57
1238.89 1397.45 1297.45 727.66
1239.28 1398.19 1298.19 727.75
1239.66 1398.93 1298.93 727.84
1240.05 1399.67 1299.67 727.93
1240.43 1400.41 1300.41 728.02
1240.82 1401.14 1301.14 728.11
1241.2 1401.88 1301.88 728.2
1241.59 1402.62 1302.62 728.29
1241.97 1403.36 1303.36 728.38
1242.35 1404.1 1304.1 728.47
1242.73 1404.84 1304.84 728.56
1243.12 1405.58 1305.58 728.65
1243.5 1406.31 1306.31 728.74
1243.88 1407.05 1307.05 728.83
1244.26 1407.79 1307.79 728.92
1244.64 1408.53 1308.53 729.01
1245.02 1409.27 1309.27 729.1
1245.4 1410.01 1310.01 729.19
1245.78 1410.75 1310.75 729.28
1246.16 1411.48 1311.48 729.37
1246.54 1412.22 1312.22 729.46
1246.92 1412.96 1312.96 729.55
1247.29 1413.7 1313.7 729.64
1247.67 1414.44 1314.44 729.73
1248.05 1415.18 1315.18 729.82
1248.43 1415.91 1315.91 729.91
1248.81 1416.65 1316.65 730
1249.18 1417.39 1317.39 730.09
1249.56 1418.13 1318.13 730.18
1249.94 1418.87 1318.87 730.27
1250.31 1419.61 1319.61 730.36
1250.69 1420.35 1320.35 730.45
1251.06 1421.08 1321.08 730.54
1251.44 1421.82 1321.82 730.63
1251.82 1422.56 1322.56 730.72
1252.19 1423.3 1323.3 730.81
1252.57 1424.04 1324.04 730.9
1252.94 1424.78 1324.78 730.99
1253.31 1425.51 1325.51 731.08
1253.69 1426.25 1326.25 731.17
1254.06 1426.99 1326.99 731.26
1254.44 1427.73 1327.73 731.35
1254.81 1428.47 1328.47 731.44
1255.19 1429.21 1329.21 731.53
1255.56 1429.95 1329.95 731.62
1255.93 1430.68 1330.68 731.71
1256.31 1431.42 1331.42 731.8
1256.68 1432.16 1332.16 731.89
1257.05 1432.9 1332.9 731.98
1257.43 1433.64 1333.64 732.07
1257.8 1434.38 1334.38 732.16
1258.17 1435.12 1335.12 732.25
1258.54 1435.85 1335.85 732.34
1258.92 1436.59 1336.59 732.43
1259.29 1437.33 1337.33 732.52
1259.66 1438.07 1338.07 732.61
1260.04 1438.81 1338.81 732.7
1260.41 1439.55 1339.55 732.79
1260.78 1440.28 1340.28 732.88
1261.15 1441.02 1341.02 732.97
1261.53 1441.76 1341.76 733.06
1261.9 1442.5 1342.5 733.15
1262.27 1443.24 1343.24 733.24
1262.64 1443.98 1343.98 733.33
1263.01 1444.72 1344.72 733.42
1263.39 1445.45 1345.45 733.51
1263.76 1446.19 1346.19 733.6
1264.13 1446.93 1346.93 733.69
1264.5 1447.67 1347.67 733.78
1264.88 1448.41 1348.41 733.87
1265.25 1449.15 1349.15 733.96
1265.62 1449.89 1349.89 734.05
1265.99 1450.62 1350.62 734.14
1266.37 1451.36 1351.36 734.23
1266.74 1452.1 1352.1 734.32
1267.11 1452.84 1352.84 734.41
1267.48 1453.58 1353.58 734.5
1267.86 1454.32 1354.32 734.59
1268.23 1455.05 1355.05 734.68
1268.6 1455.79 1355.79 734.77
1268.98 1456.53 1356.53 734.86
1269.35 1457.27 1357.27 734.95
1269.72 1458.01 1358.01 735.04
1270.1 1458.75 1358.75 735.13
1270.47 1459.49 1359.49 735.22
1270.84 1460.22 1360.22 735.31
1271.22 1460.96 1360.96 735.4
1271.59 1461.7 1361.7 735.49
1271.97 1462.44 1362.44 735.58
1272.34 1463.18 1363.18 735.67
1272.72 1463.92 1363.92 735.76
1273.09 1464.65 1364.65 735.85
1273.47 1465.39 1365.39 735.94
1273.84 1466.13 1366.13 736.03
1274.22 1466.87 1366.87 736.12
1274.59 1467.61 1367.61 736.21
1274.97 1468.35 1368.35 736.3
1275.34 1469.09 1369.09 736.39
1275.72 1469.82 1369.82 736.48
1276.1 1470.56 1370.56 736.57
1276.47 1471.3 1371.3 736.66
1276.85 1472.04 1372.04 736.75
1277.23 1472.78 1372.78 736.84
1277.6 1473.52 1373.52 736.93
1277.98 1474.26 1374.26 737.02
1278.36 1474.99 1374.99 737.11
1278.74 1475.73 1375.73 737.2
1279.12 1476.47 1376.47 737.29
1279.5 1477.21 1377.21 737.38
1279.88 1477.95 1377.95 737.47
1280.26 1478.69 1378.69 737.56
1280.63 1479.42 1379.42 737.65
1281.02 1480.16 1380.16 737.74
1281.4 1480.9 1380.9 737.83
1281.78 1481.64 1381.64 737.92
1282.16 1482.38 1382.38 738.01
1282.54 1483.12 1383.12 738.1
1282.92 1483.86 1383.86 738.19
1283.3 1484.59 1384.59 738.28
1283.69 1485.33 1385.33 738.37
1284.07 1486.07 1386.07 738.46
1284.45 1486.81 1386.81 738.55
1284.84 1487.55 1387.55 738.64
1285.22 1488.29 1388.29 738.73
1285.6 1489.03 1389.03 738.82
1285.99 1489.76 1389.76 738.91
1286.38 1490.5 1390.5 739
1286.76 1491.24 1391.24 739.09
1287.15 1491.98 1391.98 739.18
1287.53 1492.72 1392.72 739.27
1287.92 1493.46 1393.46 739.36
1288.31 1494.19 1394.19 739.45
1288.7 1494.93 1394.93 739.54
1289.09 1495.67 1395.67 739.63
1289.47 1496.41 1396.41 739.72
1289.86 1497.15 1397.15 739.81
1290.25 1497.89 1397.89 739.9
1290.64 1498.63 1398.63 739.99
1291.04 1499.36 1399.36 740.08
1291.43 1500.1 1400.1 740.17
1291.82 1500.84 1400.84 740.26
1292.21 1501.58 1401.58 740.35
1292.6 1502.32 1402.32 740.44
1293 1503.06 1403.06 740.53
1293.39 1503.79 1403.79 740.62
1293.79 1504.53 1404.53 740.71
1294.18 1505.27 1405.27 740.8
1294.57 1506.01 1406.01 740.89
1294.97 1506.75 1406.75 740.98
1295.36 1507.49 1407.49 741.07
1295.76 1508.23 1408.23 741.16
1296.16 1508.96 1408.96 741.25
1296.55 1509.7 1409.7 741.34
1296.95 1510.44 1410.44 741.43
1297.35 1511.18 1411.18 741.52
1297.74 1511.92 1411.92 741.61
1298.14 1512.66 1412.66 741.7
1298.54 1513.4 1413.4 741.79
1298.94 1514.13 1414.13 741.88
1299.33 1514.87 1414.87 741.97
1299.73 1515.61 1415.61 742.06
1300.13 1516.35 1416.35 742.15
1300.53 1517.09 1417.09 742.24
1300.93 1517.83 1417.83 742.33
1301.33 1518.56 1418.56 742.42
1301.73 1519.3 1419.3 742.51
1302.12 1520.04 1420.04 742.6
1302.52 1520.78 1420.78 742.69
1302.92 1521.52 1421.52 742.78
1303.32 1522.26 1422.26 742.87
1303.72 1523 1423 742.96
1304.12 1523.73 1423.73 743.05
1304.52 1524.47 1424.47 743.14
1304.92 1525.21 1425.21 743.23
1305.31 1525.95 1425.95 743.32
1305.71 1526.69 1426.69 743.41
1306.11 1527.43 1427.43 743.5
1306.51 1528.17 1428.17 743.59
1306.91 1528.9 1428.9 743.68
1307.31 1529.64 1429.64 743.77
1307.71 1530.38 1430.38 743.86
1308.1 1531.12 1431.12 743.95
1308.5 1531.86 1431.86 744.04
1308.9 1532.6 1432.6 744.13
1309.3 1533.33 1433.33 744.22
1309.69 1534.07 1434.07 744.31
1310.09 1534.81 1434.81 744.4
1310.49 1535.55 1435.55 744.49
1310.88 1536.29 1436.29 744.58
1311.28 1537.03 1437.03 744.67
1311.67 1537.77 1437.77 744.76
1312.07 1538.5 1438.5 744.85
1312.46 1539.24 1439.24 744.94
1312.86 1539.98 1439.98 745.03
1313.25 1540.72 1440.72 745.12
1313.65 1541.46 1441.46 745.21
1314.04 1542.2 1442.2 745.3
1314.43 1542.93 1442.93 745.39
1314.83 1543.67 1443.67 745.48
1315.22 1544.41 1444.41 745.57
1315.61 1545.15 1445.15 745.66
1316 1545.89 1445.89 745.75
1316.39 1546.63 1446.63 745.84
1316.78 1547.37 1447.37 745.93
1317.17 1548.1 1448.1 746.02
1317.56 1548.84 1448.84 746.11
1317.95 1549.58 1449.58 746.2
1318.34 1550.32 1450.32 746.29
1318.73 1551.06 1451.06 746.38
1319.11 1551.8 1451.8 746.47
1319.5 1552.54 1452.54 746.56
1319.89 1553.27 1453.27 746.65
1320.27 1554.01 1454.01 746.74
1320.66 1554.75 1454.75 746.83
1321.04 1555.49 1455.49 746.92
1321.42 1556.23 1456.23 747.01
1321.8 1556.97 1456.97 747.1
1322.19 1557.7 1457.7 747.19
1322.57 1558.44 1458.44 747.28
1322.95 1559.18 1459.18 747.37
1323.33 1559.92 1459.92 747.46
1323.71 1560.66 1460.66 747.55
1324.08 1561.4 1461.4 747.64
1324.46 1562.14 1462.14 747.73
1324.84 1562.87 1462.87 747.82
1325.21 1563.61 1463.61 747.91
1325.59 1564.35 1464.35 748
1325.96 1565.09 1465.09 748.09
1326.33 1565.83 1465.83 748.18
1326.7 1566.57 1466.57 748.27
1327.07 1567.31 1467.31 748.36
1327.44 1568.04 1468.04 748.45
1327.81 1568.78 1468.78 748.54
1328.18 1569.52 1469.52 748.63
1328.55 1570.26 1470.26 748.72
1328.91 1571 1471 748.81
1329.28 1571.74 1471.74 748.9
1329.64 1572.47 1472.47 748.99
1330 1573.21 1473.21 749.08
1330.37 1573.95 1473.95 749.17
1330.73 1574.69 1474.69 749.26
1331.09 1575.43 1475.43 749.35
1331.44 1576.17 1476.17 749.44
1331.8 1576.91 1476.91 749.53
1332.16 1577.64 1477.64 749.62
1332.51 1578.38 1478.38 749.71
1332.87 1579.12 1479.12 749.8
1333.22 1579.86 1479.86 749.89
1333.57 1580.6 1480.6 749.98
1333.92 1581.34 1481.34 750.07
1334.27 1582.07 1482.07 750.16
1334.62 1582.81 1482.81 750.25
1334.96 1583.55 1483.55 750.34
1335.31 1584.29 1484.29 750.43
1335.65 1585.03 1485.03 750.52
1335.99 1585.77 1485.77 750.61
1336.34 1586.51 1486.51 750.7
1336.67 1587.24 1487.24 750.79
1337.01 1587.98 1487.98 750.88
1337.35 1588.72 1488.72 750.97
1337.69 1589.46 1489.46 751.06
1338.02 1590.2 1490.2 751.15
1338.35 1590.94 1490.94 751.24
1338.68 1591.68 1491.68 751.33
1339.01 1592.41 1492.41 751.42
1339.34 1593.15 1493.15 751.51
1339.67 1593.89 1493.89 751.6
1339.99 1594.63 1494.63 751.69
1340.32 1595.37 1495.37 751.78
1340.64 1596.11 1496.11 751.87
1340.96 1596.84 1496.84 751.96
1341.28 1597.58 1497.58 752.05
1341.6 1598.32 1498.32 752.14
1341.91 1599.06 1499.06 752.23
1342.23 1599.8 1499.8 752.32
1342.54 1600.54 1500.54 752.41
1342.85 1601.28 1501.28 752.5
1343.16 1602.01 1502.01 752.59
1343.47 1602.75 1502.75 752.68
1343.78 1603.49 1503.49 752.77
1344.08 1604.23 1504.23 752.86
1344.38 1604.97 1504.97 752.95
1344.68 1605.71 1505.71 753.04
1344.98 1606.45 1506.45 753.13
1345.28 1607.18 1507.18 753.22
1345.58 1607.92 1507.92 753.31
1345.87 1608.66 1508.66 753.4
1346.16 1609.4 1509.4 753.49
1346.45 1610.14 1510.14 753.58
1346.74 1610.88 1510.88 753.67
1347.03 1611.61 1511.61 753.76
1347.31 1612.35 1512.35 753.85
1347.59 1613.09 1513.09 753.94
1347.88 1613.83 1513.83 754.03
1348.15 1614.57 1514.57 754.12
1348.43 1615.31 1515.31 754.21
1348.71 1616.05 1516.05 754.3
1348.98 1616.78 1516.78 754.39
1349.25 1617.52 1517.52 754.48
1349.52 1618.26 1518.26 754.57
1349.79 1619 1519 754.66
1350.05 1619.74 1519.74 754.75
1350.31 1620.48 1520.48 754.84
1350.57 1621.21 1521.21 754.93
1350.83 1621.95 1521.95 755.02
1351.09 1622.69 1522.69 755.11
1351.34 1623.43 1523.43 755.2
1351.6 1624.17 1524.17 755.29
1351.85 1624.91 1524.91 755.38
1352.1 1625.65 1525.65 755.47
1352.34 1626.38 1526.38 755.56
1352.58 1627.12 1527.12 755.65
1352.83 1627.86 1527.86 755.74
1353.07 1628.6 1528.6 755.83
1353.3 1629.34 1529.34 755.92
1353.54 1630.08 1530.08 756.01
1353.77 1630.82 1530.82 756.1
1354 1631.55 1531.55 756.19
1354.23 1632.29 1532.29 756.28
1354.45 1633.03 1533.03 756.37
1354.68 1633.77 1533.77 756.46
1354.9 1634.51 1534.51 756.55
1355.12 1635.25 1535.25 756.64
1355.33 1635.98 1535.98 756.73
1355.55 1636.72 1536.72 756.82
1355.76 1637.46 1537.46 756.91
1355.97 1638.2 1538.2 757
1356.17 1638.94 1538.94 757.09
1356.38 1639.68 1539.68 757.18
1356.58 1640.42 1540.42 757.27
1356.78 1641.15 1541.15 757.36
1356.98 1641.89 1541.89 757.45
1357.17 1642.63 1542.63 757.54
1357.36 1643.37 1543.37 757.63
1357.55 1644.11 1544.11 757.72
1357.74 1644.85 1544.85 757.81
1357.92 1645.59 1545.59 757.9
1358.1 1646.32 1546.32 757.99
1358.28 1647.06 1547.06 758.08
1358.46 1647.8 1547.8 758.17
1358.63 1648.54 1548.54 758.26
1358.8 1649.28 1549.28 758.35
1358.97 1650.02 1550.02 758.44
1359.13 1650.75 1550.75 758.53
1359.3 1651.49 1551.49 758.62
1359.46 1652.23 1552.23 758.71
1359.61 1652.97 1552.97 758.8
1359.77 1653.71 1553.71 758.89
1359.92 1654.45 1554.45 758.98
1360.07 1655.19 1555.19 759.07
1360.22 1655.92 1555.92 759.16
1360.36 1656.66 1556.66 759.25
1360.5 1657.4 1557.4 759.34
1360.64 1658.14 1558.14 759.43
1360.77 1658.88 1558.88 759.52
1360.9 1659.62 1559.62 759.61
1361.03 1660.35 1560.35 759.7
1361.16 1661.09 1561.09 759.79
1361.28 1661.83 1561.83 759.88
1361.4 1662.57 1562.57 759.97
1361.52 1663.31 1563.31 760.06
1361.63 1664.05 1564.05 760.15
1361.75 1664.79 1564.79 760.24
1361.85 1665.52 1565.52 760.33
1361.96 1666.26 1566.26 760.42
1362.06 1667 1567 760.51
1362.16 1667.74 1567.74 760.6
1362.26 1668.48 1568.48 760.69
1362.36 1669.22 1569.22 760.78
1362.45 1669.96 1569.96 760.87
1362.54 1670.69 1570.69 760.96
1362.63 1671.43 1571.43 761.05
1362.72 1672.17 1572.17 761.14
1362.8 1672.91 1572.91 761.23
1362.88 1673.65 1573.65 761.32
1362.96 1674.39 1574.39 761.41
1363.04 1675.12 1575.12 761.5
1363.12 1675.86 1575.86 761.59
1363.19 1676.6 1576.6 761.68
1363.26 1677.34 1577.34 761.77
1363.33 1678.08 1578.08 761.86
1363.4 1678.82 1578.82 761.95
1363.47 1679.56 1579.56 762.04
1363.53 1680.29 1580.29 762.13
1363.6 1681.03 1581.03 762.22
1363.66 1681.77 1581.77 762.31
1363.72 1682.51 1582.51 762.4
1363.78 1683.25 1583.25 762.49
1363.84 1683.99 1583.99 762.58
1363.9 1684.73 1584.73 762.67
1363.95 1685.46 1585.46 762.76
1364.01 1686.2 1586.2 762.85
1364.06 1686.94 1586.94 762.94
1364.12 1687.68 1587.68 763.03
1364.17 1688.42 1588.42 763.12
1364.22 1689.16 1589.16 763.21
1364.27 1689.89 1589.89 763.3
1364.32 1690.63 1590.63 763.39
1364.37 1691.37 1591.37 763.48
1364.42 1692.11 1592.11 763.57
1364.46 1692.85 1592.85 763.66
1364.51 1693.59 1593.59 763.75
1364.56 1694.33 1594.33 763.84
1364.6 1695.06 1595.06 763.93
1364.65 1695.8 1595.8 764.02
1364.7 1696.54 1596.54 764.11
1364.74 1697.28 1597.28 764.2
1364.79 1698.02 1598.02 764.29
1364.83 1698.76 1598.76 764.38
1364.88 1699.49 1599.49 764.47
1364.92 1700.23 1600.23 764.56
1364.97 1700.97 1600.97 764.65
1365.02 1701.71 1601.71 764.74
1365.06 1702.45 1602.45 764.83
1365.11 1703.19 1603.19 764.92
1365.15 1703.93 1603.93 765.01
1365.2 1704.66 1604.66 765.1
1365.25 1705.4 1605.4 765.19
1365.3 1706.14 1606.14 765.28
1365.35 1706.88 1606.88 765.37
1365.4 1707.62 1607.62 765.46
1365.45 1708.36 1608.36 765.55
1365.5 1709.1 1609.1 765.64
1365.55 1709.83 1609.83 765.73
1365.6 1710.57 1610.57 765.82
1365.65 1711.31 1611.31 765.91
1365.71 1712.05 1612.05 766
1365.76 1712.79 1612.79 766.09
1365.82 1713.53 1613.53 766.18
1365.88 1714.26 1614.26 766.27
1365.94 1715 1615 766.36
1366 1715.74 1615.74 766.45
1366.06 1716.48 1616.48 766.54
1366.12 1717.22 1617.22 766.63
1366.19 1717.96 1617.96 766.72
1366.25 1718.7 1618.7 766.81
1366.32 1719.43 1619.43 766.9
1366.39 1720.17 1620.17 766.99
1366.46 1720.91 1620.91 767.08
1366.54 1721.65 1621.65 767.17
1366.61 1722.39 1622.39 767.26
1366.69 1723.13 1623.13 767.35
1366.77 1723.87 1623.87 767.44
1366.85 1724.6 1624.6 767.53
1366.93 1725.34 1625.34 767.62
1367.02 1726.08 1626.08 767.71
1367.11 1726.82 1626.82 767.8
1367.2 1727.56 1627.56 767.89
1367.29 1728.3 1628.3 767.98
1367.38 1729.03 1629.03 768.07
1367.48 1729.77 1629.77 768.16
1367.58 1730.51 1630.51 768.25
1367.68 1731.25 1631.25 768.34
1367.79 1731.99 1631.99 768.43
1367.89 1732.73 1632.73 768.52
1368 1733.47 1633.47 768.61
1368.12 1734.2 1634.2 768.7
1368.23 1734.94 1634.94 768.79
1368.35 1735.68 1635.68 768.88
1368.47 1736.42 1636.42 768.97
1368.6 1737.16 1637.16 769.06
1368.73 1737.9 1637.9 769.15
1368.86 1738.63 1638.63 769.24
1368.99 1739.37 1639.37 769.33
1369.13 1740.11 1640.11 769.42
1369.27 1740.85 1640.85 769.51
1369.42 1741.59 1641.59 769.6
1369.57 1742.33 1642.33 769.69
1369.72 1743.07 1643.07 769.78
1369.87 1743.8 1643.8 769.87
1370.03 1744.54 1644.54 769.96
1370.2 1745.28 1645.28 770.05
1370.36 1746.02 1646.02 770.14
1370.53 1746.76 1646.76 770.23
1370.71 1747.5 1647.5 770.32
1370.89 1748.24 1648.24 770.41
1371.07 1748.97 1648.97 770.5
1371.26 1749.71 1649.71 770.59
1371.45 1750.45 1650.45 770.68
1371.64 1751.19 1651.19 770.77
1371.84 1751.93 1651.93 770.86
1372.05 1752.67 1652.67 770.95
1372.25 1753.4 1653.4 771.04
1372.47 1754.14 1654.14 771.13
1372.68 1754.88 1654.88 771.22
1372.91 1755.62 1655.62 771.31
1373.13 1756.36 1656.36 771.4
1373.36 1757.1 1657.1 771.49
1373.6 1757.84 1657.84 771.58
1373.84 1758.57 1658.57 771.67
1374.08 1759.31 1659.31 771.76
1374.34 1760.05 1660.05 771.85
1374.59 1760.79 1660.79 771.94
1374.85 1761.53 1661.53 772.03
1375.12 1762.27 1662.27 772.12
1375.39 1763.01 1663.01 772.21
1375.66 1763.74 1663.74 772.3
1375.95 1764.48 1664.48 772.39
1376.23 1765.22 1665.22 772.48
1376.53 1765.96 1665.96 772.57
1376.82 1766.7 1666.7 772.66
1377.13 1767.44 1667.44 772.75
1377.44 1768.17 1668.17 772.84
1377.75 1768.91 1668.91 772.93
1378.07 1769.65 1669.65 773.02
1378.4 1770.39 1670.39 773.11
1378.73 1771.13 1671.13 773.2
1379.07 1771.87 1671.87 773.29
1379.41 1772.61 1672.61 773.38
1379.76 1773.34 1673.34 773.47
1380.12 1774.08 1674.08 773.56
1380.48 1774.82 1674.82 773.65
1380.85 1775.56 1675.56 773.74
1381.22 1776.3 1676.3 773.83
1381.6 1777.04 1677.04 773.92
1381.99 1777.77 1677.77 774.01
1382.39 1778.51 1678.51 774.1
1382.79 1779.25 1679.25 774.19
1383.19 1779.99 1679.99 774.28
1383.61 1780.73 1680.73 774.37
1384.03 1781.47 1681.47 774.46
1384.45 1782.21 1682.21 774.55
1384.89 1782.94 1682.94 774.64
1385.33 1783.68 1683.68 774.73
1385.78 1784.42 1684.42 774.82
1386.23 1785.16 1685.16 774.91
1386.69 1785.9 1685.9 775
1387.16 1786.64 1686.64 775.09
1387.64 1787.38 1687.38 775.18
1388.12 1788.11 1688.11 775.27
1388.62 1788.85 1688.85 775.36
1389.11 1789.59 1689.59 775.45
1389.62 1790.33 1690.33 775.54
1390.13 1791.07 1691.07 775.63
1390.65 1791.81 1691.81 775.72
1391.18 1792.54 1692.54 775.81
1391.72 1793.28 1693.28 775.9
1392.26 1794.02 1694.02 775.99
1392.81 1794.76 1694.76 776.08
1393.37 1795.5 1695.5 776.17
1393.94 1796.24 1696.24 776.26
1394.52 1796.98 1696.98 776.35
1395.1 1797.71 1697.71 776.44
1395.69 1798.45 1698.45 776.53
1396.29 1799.19 1699.19 776.62
1396.9 1799.93 1699.93 776.71
1397.51 1800.67 1700.67 776.8
1398.14 1801.41 1701.41 776.89
1398.77 1802.15 1702.15 776.98
1399.41 1802.88 1702.88 777.07
1400.06 1803.62 1703.62 777.16
1400.72 1804.36 1704.36 777.25
1401.39 1805.1 1705.1 777.34
1402.06 1805.84 1705.84 777.43
1402.75 1806.58 1706.58 777.52
1403.44 1807.31 1707.31 777.61
1404.15 1808.05 1708.05 777.7
1404.86 1808.79 1708.79 777.79
1405.58 1809.53 1709.53 777.88
1406.31 1810.27 1710.27 777.97
1407.04 1811.01 1711.01 778.06
1407.79 1811.75 1711.75 778.15
1408.55 1812.48 1712.48 778.24
1409.32 1813.22 1713.22 778.33
1410.09 1813.96 1713.96 778.42
1410.88 1814.7 1714.7 778.51
1411.67 1815.44 1715.44 778.6
1412.47 1816.18 1716.18 778.69
1413.29 1816.91 1716.91 778.78
1414.11 1817.65 1717.65 778.87
1414.95 1818.39 1718.39 778.96
1415.79 1819.13 1719.13 779.05
1416.64 1819.87 1719.87 779.14
1417.5 1820.61 1720.61 779.23
1418.38 1821.35 1721.35 779.32
1419.26 1822.08 1722.08 779.41
1420.15 1822.82 1722.82 779.5
1421.06 1823.56 1723.56 779.59
1421.97 1824.3 1724.3 779.68
1422.89 1825.04 1725.04 779.77
1423.83 1825.78 1725.78 779.86
1424.77 1826.52 1726.52 779.95
1425.72 1827.25 1727.25 780.04
1426.69 1827.99 1727.99 780.13
1427.67 1828.73 1728.73 780.22
1428.65 1829.47 1729.47 780.31
1429.65 1830.21 1730.21 780.4
1430.65 1830.95 1730.95 780.49
1431.66 1831.68 1731.68 780.58
1432.69 1832.42 1732.42 780.67
1433.72 1833.16 1733.16 780.76
1434.76 1833.9 1733.9 780.85
1435.81 1834.64 1734.64 780.94
1436.86 1835.38 1735.38 781.03
1437.93 1836.12 1736.12 781.12
1439 1836.85 1736.85 781.21
1440.08 1837.59 1737.59 781.3
1441.17 1838.33 1738.33 781.39
1442.26 1839.07 1739.07 781.48
1443.36 1839.81 1739.81 781.57
1444.47 1840.55 1740.55 781.66
1445.58 1841.29 1741.29 781.75
1446.7 1842.02 1742.02 781.84
1447.83 1842.76 1742.76 781.93
1448.96 1843.5 1743.5 782.02
1450.1 1844.24 1744.24 782.11
1451.24 1844.98 1744.98 782.2
1452.39 1845.72 1745.72 782.29
1453.54 1846.45 1746.45 782.38
1454.7 1847.19 1747.19 782.47
1455.86 1847.93 1747.93 782.56
1457.02 1848.67 1748.67 782.65
1458.19 1849.41 1749.41 782.74
1459.36 1850.15 1750.15 782.83
1460.54 1850.89 1750.89 782.92
1461.72 1851.62 1751.62 783.01
1462.9 1852.36 1752.36 783.1
1464.09 1853.1 1753.1 783.19
1465.28 1853.84 1753.84 783.28
1466.46 1854.58 1754.58 783.37
1467.66 1855.32 1755.32 783.46
1468.85 1856.05 1756.05 783.55
1470.05 1856.79 1756.79 783.64
1471.24 1857.53 1757.53 783.73
1472.44 1858.27 1758.27 783.82
1473.64 1859.01 1759.01 783.91
1474.84 1859.75 1759.75 784
1476.04 1860.49 1760.49 784.09
1477.24 1861.22 1761.22 784.18
1478.44 1861.96 1761.96 784.27
1479.64 1862.7 1762.7 784.36
1480.84 1863.44 1763.44 784.45
1482.04 1864.18 1764.18 784.54
1483.24 1864.92 1764.92 784.63
1484.44 1865.66 1765.66 784.72
1485.64 1866.39 1766.39 784.81
1486.83 1867.13 1767.13 784.9
1488.02 1867.87 1767.87 784.99
1489.22 1868.61 1768.61 785.08
1490.4 1869.35 1769.35 785.17
1491.59 1870.09 1770.09 785.26
1492.78 1870.82 1770.82 785.35
1493.96 1871.56 1771.56 785.44
1495.13 1872.3 1772.3 785.53
1496.31 1873.04 1773.04 785.62
1497.48 1873.78 1773.78 785.71
1498.65 1874.52 1774.52 785.8
1499.81 1875.26 1775.26 785.89
1500.97 1875.99 1775.99 785.98
1502.13 1876.73 1776.73 786.07
1503.28 1877.47 1777.47 786.16
1504.42 1878.21 1778.21 786.25
1505.56 1878.95 1778.95 786.34
1506.7 1879.69 1779.69 786.43
1507.83 1880.43 1780.43 786.52
1508.95 1881.16 1781.16 786.61
1510.07 1881.9 1781.9 786.7
1511.18 1882.64 1782.64 786.79
1512.29 1883.38 1783.38 786.88
1513.38 1884.12 1784.12 786.97
1514.48 1884.86 1784.86 787.06
1515.56 1885.59 1785.59 787.15
1516.64 1886.33 1786.33 787.24
1517.71 1887.07 1787.07 787.33
1518.77 1887.81 1787.81 787.42
1519.82 1888.55 1788.55 787.51
1520.87 1889.29 1789.29 787.6
1521.91 1890.03 1790.03 787.69
1522.93 1890.76 1790.76 787.78
1523.95 1891.5 1791.5 787.87
1524.96 1892.24 1792.24 787.96
1525.97 1892.98 1792.98 788.05
1526.96 1893.72 1793.72 788.14
1527.94 1894.46 1794.46 788.23
1528.91 1895.19 1795.19 788.32
1529.87 1895.93 1795.93 788.41
1530.82 1896.67 1796.67 788.5
1531.76 1897.41 1797.41 788.59
1532.69 1898.15 1798.15 788.68
1533.61 1898.89 1798.89 788.77
1534.52 1899.63 1799.63 788.86
1535.41 1900.36 1800.36 788.95
1536.3 1901.1 1801.1 789.04
1537.17 1901.84 1801.84 789.13
1538.03 1902.58 1802.58 789.22
1538.87 1903.32 1803.32 789.31
1539.71 1904.06 1804.06 789.4
1540.53 1904.8 1804.8 789.49
1541.33 1905.53 1805.53 789.58
1542.13 1906.27 1806.27 789.67
1542.91 1907.01 1807.01 789.76
1543.68 1907.75 1807.75 789.85
1544.43 1908.49 1808.49 789.94
1545.17 1909.23 1809.23 790.03
1545.89 1909.96 1809.96 790.12
1546.6 1910.7 1810.7 790.21
1547.29 1911.44 1811.44 790.3
1547.97 1912.18 1812.18 790.39
1548.64 1912.92 1812.92 790.48
1549.29 1913.66 1813.66 790.57
1549.92 1914.4 1814.4 790.66
1550.53 1915.13 1815.13 790.75
1551.13 1915.87 1815.87 790.84
1551.72 1916.61 1816.61 790.93
1552.28 1917.35 1817.35 791.02
1552.83 1918.09 1818.09 791.11
1553.36 1918.83 1818.83 791.2
1553.88 1919.57 1819.57 791.29
1554.38 1920.3 1820.3 791.38
1554.86 1921.04 1821.04 791.47
1555.32 1921.78 1821.78 791.56
1555.76 1922.52 1822.52 791.65
1556.18 1923.26 1823.26 791.74
1556.59 1924 1824 791.83
1556.98 1924.73 1824.73 791.92
1557.34 1925.47 1825.47 792.01
1557.69 1926.21 1826.21 792.1
1558.02 1926.95 1826.95 792.19
1558.33 1927.69 1827.69 792.28
1558.61 1928.43 1828.43 792.37
1558.88 1929.17 1829.17 792.46
1559.13 1929.9 1829.9 792.55
1559.36 1930.64 1830.64 792.64
1559.56 1931.38 1831.38 792.73
1559.75 1932.12 1832.12 792.82
1559.91 1932.86 1832.86 792.91
1560.05 1933.6 1833.6 793
1560.17 1934.33 1834.33 793.09
1560.26 1935.07 1835.07 793.18
1560.34 1935.81 1835.81 793.27
1560.39 1936.55 1836.55 793.36
1560.42 1937.29 1837.29 793.45
1560.43 1938.03 1838.03 793.54
1560.41 1938.77 1838.77 793.63
1560.37 1939.5 1839.5 793.72
1560.3 1940.24 1840.24 793.81
1560.21 1940.98 1840.98 793.9
1560.1 1941.72 1841.72 793.99
1559.96 1942.46 1842.46 794.08
1559.8 1943.2 1843.2 794.17
1559.62 1943.94 1843.94 794.26
1559.4 1944.67 1844.67 794.35
1559.17 1945.41 1845.41 794.44
1558.91 1946.15 1846.15 794.53
1558.62 1946.89 1846.89 794.62
1558.3 1947.63 1847.63 794.71
1557.96 1948.37 1848.37 794.8
1557.6 1949.1 1849.1 794.89
1557.2 1949.84 1849.84 794.98
1556.78 1950.58 1850.58 795.07
1556.33 1951.32 1851.32 795.16
1555.86 1952.06 1852.06 795.25
1555.36 1952.8 1852.8 795.34
1554.83 1953.54 1853.54 795.43
1554.27 1954.27 1854.27 795.52
1553.68 1955.01 1855.01 795.61
1553.07 1955.75 1855.75 795.7
1552.43 1956.49 1856.49 795.79
1551.75 1957.23 1857.23 795.88
1551.05 1957.97 1857.97 795.97
1550.32 1958.71 1858.71 796.06
1549.56 1959.44 1859.44 796.15
1548.77 1960.18 1860.18 796.24
1547.95 1960.92 1860.92 796.33
1547.1 1961.66 1861.66 796.42
1546.22 1962.4 1862.4 796.51
1545.31 1963.14 1863.14 796.6
1544.37 1963.87 1863.87 796.69
1543.39 1964.61 1864.61 796.78
1542.39 1965.35 1865.35 796.87
1541.35 1966.09 1866.09 796.96
1540.29 1966.83 1866.83 797.05
1539.19 1967.57 1867.57 797.14
1538.05 1968.31 1868.31 797.23
1536.89 1969.04 1869.04 797.32
1535.69 1969.78 1869.78 797.41
1534.46 1970.52 1870.52 797.5
1533.2 1971.26 1871.26 797.59
1531.9 1972 1872 797.68
1530.57 1972.74 1872.74 797.77
1529.21 1973.47 1873.47 797.86
1527.81 1974.21 1874.21 797.95
1526.37 1974.95 1874.95 798.04
1524.91 1975.69 1875.69 798.13
1523.41 1976.43 1876.43 798.22
1521.87 1977.17 1877.17 798.31
1520.3 1977.91 1877.91 798.4
1518.69 1978.64 1878.64 798.49
1517.05 1979.38 1879.38 798.58
1515.37 1980.12 1880.12 798.67
1513.65 1980.86 1880.86 798.76
1511.9 1981.6 1881.6 798.85
1510.11 1982.34 1882.34 798.94
1508.29 1983.08 1883.08 799.03
1506.43 1983.81 1883.81 799.12
1504.53 1984.55 1884.55 799.21
1502.59 1985.29 1885.29 799.3
1500.62 1986.03 1886.03 799.39
1498.61 1986.77 1886.77 799.48
1496.56 1987.51 1887.51 799.57
1494.47 1988.24 1888.24 799.66
1492.34 1988.98 1888.98 799.75
1490.18 1989.72 1889.72 799.84
1487.97 1990.46 1890.46 799.93
1485.73 1023 923 800.02 PIT
1483.45 1023 923 800.11 PIT
1481.13 1023 923 800.2 PIT
1478.77 1023 923 800.29 PIT
1476.37 1023 923 800.38 PIT
1473.94 1023 923 800.47 PIT
1471.47 1023 923 800.56 PIT
1468.96 1023 923 800.65 PIT
1466.42 1023 923 800.74 PIT
1463.84 1023 923 800.83 PIT
1461.23 1023 923 800.92 PIT
1458.59 1023 923 801.01 PIT
1455.92 1023 923 801.1 PIT
1453.21 1023 923 801.19 PIT
1450.47 1023 923 801.28 PIT
1447.7 1023 923 801.37 PIT
1444.9 1023 923 801.46 PIT
1442.07 1023 923 801.55 PIT
1439.21 1023 923 801.64 PIT
1436.32 1023 923 801.73 PIT
1433.4 1023 923 801.82 PIT
1430.46 1023 923 801.91 PIT
1427.48 1023 923 802 PIT
1424.49 1023 923 802.09 PIT
1421.46 1023 923 802.18 PIT
1418.41 1023 923 802.27 PIT
1415.34 1023 923 802.36 PIT
1412.24 1023 923 802.45 PIT
1409.12 1023 923 802.54 PIT
1405.98 1023 923 802.63 PIT
1402.81 1023 923 802.72 PIT
1399.63 1023 923 802.81 PIT
1396.42 1023 923 802.9 PIT
1393.19 1023 923 802.99 PIT
1389.94 1023 923 803.08 PIT
1386.67 1023 923 803.17 PIT
1383.39 1023 923 803.26 PIT
1380.08 1023 923 803.35 PIT
1376.76 1023 923 803.44 PIT
1373.42 1023 923 803.53 PIT
1370.06 1023 923 803.62 PIT
1366.69 1023 923 803.71 PIT
1363.31 1023 923 803.8 PIT
1359.9 1023 923 803.89 PIT
1356.49 1023 923 803.98 PIT
1353.06 1023 923 804.07 PIT
1349.62 1023 923 804.16 PIT
1346.16 1023 923 804.25 PIT
1342.7 1023 923 804.34 PIT
1339.22 1023 923 804.43 PIT
1335.73 1023 923 804.52 PIT
1332.24 1023 923 804.61 PIT
1328.73 1023 923 804.7 PIT
1325.22 1023 923 804.79 PIT
1321.69 1023 923 804.88 PIT
1318.16 1023 923 804.97 PIT
1314.62 1023 923 805.06 PIT
1311.08 1023 923 805.15 PIT
1307.53 1023 923 805.24 PIT
1303.97 1023 923 805.33 PIT
1300.41 1023 923 805.42 PIT
1296.85 1023 923 805.51 PIT
1293.28 1023 923 805.6 PIT
1289.71 1023 923 805.69 PIT
1286.14 1023 923 805.78 PIT
1282.57 1023 923 805.87 PIT
1278.99 1023 923 805.96 PIT
1275.41 1023 923 806.05 PIT
1271.84 1023 923 806.14 PIT
1268.26 1023 923 806.23 PIT
1264.69 1023 923 806.32 PIT
1261.12 1023 923 806.41 PIT
1257.55 1023 923 806.5 PIT
1253.98 1023 923 806.59 PIT
1250.42 1023 923 806.68 PIT
1246.86 1023 923 806.77 PIT
1243.31 1023 923 806.86 PIT
1239.76 1023 923 806.95 PIT
1236.21 1023 923 807.04 PIT
1232.68 1023 923 807.13 PIT
1229.15 1023 923 807.22 PIT
1225.63 1023 923 807.31 PIT
1222.11 1023 923 807.4 PIT
1218.61 1023 923 807.49 PIT
1215.11 1023 923 807.58 PIT
1211.63 1023 923 807.67 PIT
1208.15 1023 923 807.76 PIT
1204.69 1023 923 807.85 PIT
1201.24 1023 923 807.94 PIT
1197.8 1023 923 808.03 PIT
1194.38 1023 923 808.12 PIT
1190.96 1023 923 808.21 PIT
1187.56 1023 923 808.3 PIT
1184.18 1023 923 808.39 PIT
1180.81 1023 923 808.48 PIT
1177.46 1023 923 808.57 PIT
1174.12 1023 923 808.66 PIT
1170.81 1023 923 808.75 PIT
1167.51 1023 923 808.84 PIT
1164.22 1023 923 808.93 PIT
1160.96 1023 923 809.02 PIT
1157.71 1023 923 809.11 PIT
1154.49 1023 923 809.2 PIT
1151.29 1023 923 809.29 PIT
1148.1 1023 923 809.38 PIT
1144.94 1023 923 809.47 PIT
1141.8 1023 923 809.56 PIT
1138.69 1023 923 809.65 PIT
1135.6 1023 923 809.74 PIT
1132.53 1023 923 809.83 PIT
1129.48 1023 923 809.92 PIT
1126.47 1023 923 810.01 PIT
1123.47 1023 923 810.1 PIT
1120.51 1023 923 810.19 PIT
1117.57 1023 923 810.28 PIT
1114.66 1023 923 810.37 PIT
1111.78 1023 923 810.46 PIT
1108.92 1023 923 810.55 PIT
1106.1 1023 923 810.64 PIT
1103.3 1023 923 810.73 PIT
1100.54 1023 923 810.82 PIT
1097.81 1023 923 810.91 PIT
1095.11 1023 923 811 PIT
1092.44 1023 923 811.09 PIT
1089.8 1023 923 811.18 PIT
1087.2 1023 923 811.27 PIT
1084.63 1023 923 811.36 PIT
1082.1 1023 923 811.45 PIT
1079.6 1023 923 811.54 PIT
1077.14 1023 923 811.63 PIT
1074.71 1023 923 811.72 PIT
1072.32 1023 923 811.81 PIT
1069.97 1023 923 811.9 PIT
1067.66 1023 923 811.99 PIT
1065.39 1023 923 812.08 PIT
1063.15 1023 923 812.17 PIT
1060.96 1023 923 812.26 PIT
1058.8 1023 923 812.35 PIT
1056.69 1023 923 812.44 PIT
1054.62 1023 923 812.53 PIT
1052.59 1023 923 812.62 PIT
1050.6 1023 923 812.71 PIT
1048.66 1023 923 812.8 PIT
1046.76 1023 923 812.89 PIT
1044.91 1023 923 812.98 PIT
1043.1 1023 923 813.07 PIT
1041.34 1023 923 813.16 PIT
1039.62 1023 923 813.25 PIT
1037.95 1023 923 813.34 PIT
1036.33 1023 923 813.43 PIT
1034.75 1023 923 813.52 PIT
1033.23 1023 923 813.61 PIT
1031.75 1023 923 813.7 PIT
1030.33 1023 923 813.79 PIT
1028.95 1023 923 813.88 PIT
1027.63 1023 923 813.97 PIT
1026.36 1023 923 814.06 PIT
1025.14 1023 923 814.15 PIT
1023.97 1023 923 814.24 PIT
1022.86 1023 923 814.33 PIT
1021.8 1023 923 814.42 PIT
1020.79 1023 923 814.51 PIT
1019.84 1023 923 814.6 PIT
1018.95 1023 923 814.69 PIT
1018.11 1023 923 814.78 PIT
1017.33 1023 923 814.87 PIT
1016.61 1023 923 814.96 PIT
1015.94 1023 923 815.05 PIT
1015.34 1023 923 815.14 PIT
1014.79 1023 923 815.23 PIT
1014.3 1023 923 815.32 PIT
1013.88 1023 923 815.41 PIT
1013.51 1023 923 815.5 PIT
1013.21 1023 923 815.59 PIT
1012.97 1023 923 815.68 PIT
1012.79 1023 923 815.77 PIT
1012.67 1023 923 815.86 PIT
1012.62 1023 923 815.95 PIT
1012.64 1023 923 816.04 PIT
1012.72 1023 923 816.13 PIT
1012.86 1023 923 816.22 PIT
1013.07 1023 923 816.31 PIT
1013.35 1023 923 816.4 PIT
1013.7 1023 923 816.49 PIT
1014.11 1023 923 816.58 PIT
1014.59 1023 923 816.67 PIT
1015.14 1023 923 816.76 PIT
1015.77 1023 923 816.85 PIT
1016.46 1023 923 816.94 PIT
1017.22 1023 923 817.03 PIT
1018.06 1023 923 817.12 PIT
1018.96 1023 923 817.21 PIT
1019.94 1023 923 817.3 PIT
1021 1023 923 817.39 PIT
1022.12 1023 923 817.48 PIT
1023.33 1023 923 817.57 PIT
1024.6 1023 923 817.66 PIT
1025.96 1023 923 817.75 PIT
1027.39 1023 923 817.84 PIT
1028.89 1023 923 817.93 PIT
1030.48 1023 923 818.02 PIT
1032.14 1023 923 818.11 PIT
1033.88 1023 923 818.2 PIT
1035.7 1023 923 818.29 PIT
1037.6 1023 923 818.38 PIT
1039.58 1023 923 818.47 PIT
1041.64 1023 923 818.56 PIT
1043.78 1023 923 818.65 PIT
1046.01 1023 923 818.74 PIT
1048.32 1023 923 818.83 PIT
1050.71 1023 923 818.92 PIT
1053.18 1023 923 819.01 PIT
1055.74 1023 923 819.1 PIT
1058.39 1023 923 819.19 PIT
1061.12 1023 923 819.28 PIT
1063.93 1023 923 819.37 PIT
1066.84 1023 923 819.46 PIT
1069.83 1023 923 819.55 PIT
1072.91 1023 923 819.64 PIT
1076.08 1023 923 819.73 PIT
1079.33 1023 923 819.82 PIT
1082.68 1023 923 819.91 PIT
1086.12 1023 923 820 PIT
1089.65 1023 923 820.09 PIT
1093.27 1023 923 820.18 PIT
1096.98 1023 923 820.27 PIT
1100.77 1023 923 820.36 PIT
1104.66 1023 923 820.45 PIT
1108.63 1023 923 820.54 PIT
1112.69 1023 923 820.63 PIT
1116.84 1023 923 820.72 PIT
1121.07 1023 923 820.81 PIT
1125.39 1023 923 820.9 PIT
1129.79 1023 923 820.99 PIT
1134.27 1023 923 821.08 PIT
1138.84 1023 923 821.17 PIT
1143.48 1023 923 821.26 PIT
1148.21 1023 923 821.35 PIT
1153.02 1023 923 821.44 PIT
1157.91 1023 923 821.53 PIT
1162.88 1023 923 821.62 PIT
1167.93 1023 923 821.71 PIT
1173.05 1023 923 821.8 PIT
1178.25 1023 923 821.89 PIT
1183.53 1023 923 821.98 PIT
1188.89 1023 923 822.07 PIT
1194.31 1023 923 822.16 PIT
1199.82 1023 923 822.25 PIT
1205.39 1023 923 822.34 PIT
1211.04 1023 923 822.43 PIT
1216.76 1023 923 822.52 PIT
1222.55 1023 923 822.61 PIT
1228.42 1023 923 822.7 PIT
1234.35 1023 923 822.79 PIT
1240.35 1023 923 822.88 PIT
1246.42 1023 923 822.97 PIT
1252.56 1023 923 823.06 PIT
1258.77 1023 923 823.15 PIT
1265.04 1023 923 823.24 PIT
1271.38 1023 923 823.33 PIT
1277.78 1023 923 823.42 PIT
1284.25 1023 923 823.51 PIT
1290.78 1023 923 823.6 PIT
1297.37 1023 923 823.69 PIT
1304.03 1023 923 823.78 PIT
1310.75 1023 923 823.87 PIT
1317.53 1023 923 823.96 PIT
1324.37 1023 923 824.05 PIT
1331.26 1023 923 824.14 PIT
1338.22 1023 923 824.23 PIT
1345.24 1023 923 824.32 PIT
1352.31 1023 923 824.41 PIT
1359.44 1023 923 824.5 PIT
1366.62 1023 923 824.59 PIT
1373.86 1023 923 824.68 PIT
1381.16 1023 923 824.77 PIT
1388.51 1023 923 824.86 PIT
1395.91 1023 923 824.95 PIT
1403.36 1023 923 825.04 PIT
1410.87 1023 923 825.13 PIT
1418.43 1023 923 825.22 PIT
1426.03 1023 923 825.31 PIT
1433.69 1023 923 825.4 PIT
1441.4 1023 923 825.49 PIT
1449.15 1023 923 825.58 PIT
1456.95 1023 923 825.67 PIT
1464.8 1023 923 825.76 PIT
1472.69 1023 923 825.85 PIT
1480.63 1023 923 825.94 PIT
1488.62 1023 923 826.03 PIT
1496.65 1023 923 826.12 PIT
1504.72 1023 923 826.21 PIT
1512.83 1023 923 826.3 PIT
1520.99 1023 923 826.39 PIT
1529.19 1023 923 826.48 PIT
1537.43 1023 923 826.57 PIT
1545.7 1023 923 826.66 PIT
1554.02 1023 923 826.75 PIT
1562.38 1023 923 826.84 PIT
1570.77 1023 923 826.93 PIT
1579.2 1023 923 827.02 PIT
1587.67 1023 923 827.11 PIT
1596.17 1023 923 827.2 PIT
1604.71 1023 923 827.29 PIT
1613.28 1023 923 827.38 PIT
1621.88 1023 923 827.47 PIT
1630.52 1023 923 827.56 PIT
1639.19 1023 923 827.65 PIT
1647.89 1023 923 827.74 PIT
1656.62 1023 923 827.83 PIT
1665.38 1023 923 827.92 PIT
1674.17 1023 923 828.01 PIT
1682.99 1023 923 828.1 PIT
1691.84 1023 923 828.19 PIT
1700.71 1023 923 828.28 PIT
1709.62 1023 923 828.37 PIT
1718.54 1023 923 828.46 PIT
1727.49 1023 923 828.55 PIT
1736.47 1023 923 828.64 PIT
1745.47 1023 923 828.73 PIT
1754.49 1023 923 828.82 PIT
1763.54 1023 923 828.91 PIT
1772.6 1023 923 829 PIT
1781.69 1023 923 829.09 PIT
1790.8 1023 923 829.18 PIT
1799.93 1023 923 829.27 PIT
1809.07 1023 923 829.36 PIT
1818.24 1023 923 829.45 PIT
1827.42 1023 923 829.54 PIT
1836.61 1023 923 829.63 PIT
1845.83 1023 923 829.72 PIT
1855.06 1023 923 829.81 PIT
1864.3 1023 923 829.9 PIT
1873.56 1023 923 829.99 PIT
1882.83 1023 923 830.08 PIT
1892.11 1023 923 830.17 PIT
1901.41 1023 923 830.26 PIT
1910.71 1023 923 830.35 PIT
1920.03 1023 923 830.44 PIT
1929.35 1023 923 830.53 PIT
1938.69 1023 923 830.62 PIT
1948.03 1023 923 830.71 PIT
1957.38 1023 923 830.8 PIT
1966.74 1023 923 830.89 PIT
1976.1 1023 923 830.98 PIT
1985.47 1023 923 831.07 PIT
1994.84 1023 923 831.16 PIT
2004.22 1023 923 831.25 PIT
2013.6 1023 923 831.34 PIT
2022.99 1023 923 831.43 PIT
2032.37 1023 923 831.52 PIT
2041.76 1023 923 831.61 PIT
2051.14 1023 923 831.7 PIT
2060.53 1023 923 831.79 PIT
2069.92 1023 923 831.88 PIT
2079.3 1023 923 831.97 PIT
2088.68 1023 923 832.06 PIT
2098.06 1023 923 832.15 PIT
2107.44 1023 923 832.24 PIT
2116.81 1023 923 832.33 PIT
2126.18 1023 923 832.42 PIT
2135.54 1023 923 832.51 PIT
2144.89 1023 923 832.6 PIT
2154.23 1023 923 832.69 PIT
2163.57 1023 923 832.78 PIT
2172.9 1023 923 832.87 PIT
2182.22 1023 923 832.96 PIT
2191.53 1023 923 833.05 PIT
2200.83 1023 923 833.14 PIT
2210.12 1023 923 833.23 PIT
2219.4 1023 923 833.32 PIT
2228.66 1023 923 833.41 PIT
2237.91 1023 923 833.5 PIT
2247.15 1023 923 833.59 PIT
2256.37 1023 923 833.68 PIT
2265.57 1023 923 833.77 PIT
2274.76 1023 923 833.86 PIT
2283.93 1023 923 833.95 PIT
2293.09 1023 923 834.04 PIT
2302.22 1023 923 834.13 PIT
2311.34 1023 923 834.22 PIT
2320.44 1023 923 834.31 PIT
2329.51 1023 923 834.4 PIT
2338.57 1023 923 834.49 PIT
2347.6 1023 923 834.58 PIT
2356.61 1023 923 834.67 PIT
2365.6 1023 923 834.76 PIT
2374.56 1023 923 834.85 PIT
2383.5 1023 923 834.94 PIT
2392.41 1023 923 835.03 PIT
2401.3 1023 923 835.12 PIT
2410.16 1023 923 835.21 PIT
2418.99 1023 923 835.3 PIT
2427.79 1023 923 835.39 PIT
2436.57 1023 923 835.48 PIT
2445.31 1023 923 835.57 PIT
2454.03 1023 923 835.66 PIT
2462.71 1023 923 835.75 PIT
2471.36 1023 923 835.84 PIT
2479.98 1023 923 835.93 PIT
2488.57 1023 923 836.02 PIT
2497.12 1023 923 836.11 PIT
2505.64 1023 923 836.2 PIT
2514.12 1023 923 836.29 PIT
2522.57 1023 923 836.38 PIT
2530.98 1023 923 836.47 PIT
2539.35 1023 923 836.56 PIT
2547.69 1023 923 836.65 PIT
2555.98 1023 923 836.74 PIT
2564.24 1023 923 836.83 PIT
2572.45 1023 923 836.92 PIT
2580.63 1023 923 837.01 PIT
2588.76 1023 923 837.1 PIT
2596.85 1023 923 837.19 PIT
2604.9 1023 923 837.28 PIT
2612.91 1023 923 837.37 PIT
2620.87 1023 923 837.46 PIT
2628.78 1023 923 837.55 PIT
2636.65 1023 923 837.64 PIT
2644.47 1023 923 837.73 PIT
2652.25 1023 923 837.82 PIT
2659.98 1023 923 837.91 PIT
2667.66 1023 923 838 PIT
2675.29 1023 923 838.09 PIT
2682.87 1023 923 838.18 PIT
2690.39 1023 923 838.27 PIT
2697.87 1023 923 838.36 PIT
2705.3 1023 923 838.45 PIT
2712.67 1023 923 838.54 PIT
2719.99 1023 923 838.63 PIT
2727.25 1023 923 838.72 PIT
2734.46 1023 923 838.81 PIT
2741.62 1023 923 838.9 PIT
2748.72 1023 923 838.99 PIT
2755.76 1023 923 839.08 PIT
2762.74 1023 923 839.17 PIT
2769.67 1023 923 839.26 PIT
2776.53 1023 923 839.35 PIT
2783.34 1023 923 839.44 PIT
2790.08 1023 923 839.53 PIT
2796.77 1023 923 839.62 PIT
2803.39 1023 923 839.71 PIT
2809.95 1023 923 839.8 PIT
2816.45 1023 923 839.89 PIT
2822.88 1023 923 839.98 PIT
2829.24 2319.83 2219.83 840.07
2835.55 2320.57 2220.57 840.16
2841.79 2321.3 2221.3 840.25
2847.96 2322.04 2222.04 840.34
2854.07 2322.78 2222.78 840.43
2860.12 2323.52 2223.52 840.52
2866.1 2324.26 2224.26 840.61
2872.02 2325 2225 840.7
2877.88 2325.73 2225.73 840.79
2883.68 2326.47 2226.47 840.88
2889.41 2327.21 2227.21 840.97
2895.08 2327.95 2227.95 841.06
2900.69 2328.69 2228.69 841.15
2906.24 2329.43 2229.43 841.24
2911.73 2330.17 2230.17 841.33
2917.15 2330.9 2230.9 841.42
2922.52 2331.64 2231.64 841.51
2927.82 2332.38 2232.38 841.6
2933.07 2333.12 2233.12 841.69
2938.26 2333.86 2233.86 841.78
2943.38 2334.6 2234.6 841.87
2948.45 2335.34 2235.34 841.96
2953.46 2336.07 2236.07 842.05
2958.41 2336.81 2236.81 842.14
2963.3 2337.55 2237.55 842.23
2968.14 2338.29 2238.29 842.32
2972.91 2339.03 2239.03 842.41
2977.63 2339.77 2239.77 842.5
2982.3 2340.5 2240.5 842.59
2986.9 2341.24 2241.24 842.68
2991.45 2341.98 2241.98 842.77
2995.94 2342.72 2242.72 842.86
3000.38 2343.46 2243.46 842.95
3004.76 2344.2 2244.2 843.04
3009.08 2344.94 2244.94 843.13
3013.35 2345.67 2245.67 843.22
3017.57 2346.41 2246.41 843.31
3021.73 2347.15 2247.15 843.4
3025.83 2347.89 2247.89 843.49
3029.89 2348.63 2248.63 843.58
3033.88 2349.37 2249.37 843.67
3037.83 2350.11 2250.11 843.76
3041.72 2350.84 2250.84 843.85
3045.56 2351.58 2251.58 843.94
3049.34 2352.32 2252.32 844.03
3053.08 2353.06 2253.06 844.12
3056.76 2353.8 2253.8 844.21
3060.39 2354.54 2254.54 844.3
3063.96 2355.27 2255.27 844.39
3067.49 2356.01 2256.01 844.48
3070.97 2356.75 2256.75 844.57
3074.39 2357.49 2257.49 844.66
3077.77 2358.23 2258.23 844.75
3081.09 2358.97 2258.97 844.84
3084.36 2359.71 2259.71 844.93
3087.59 2360.44 2260.44 845.02
3090.76 2361.18 2261.18 845.11
3093.89 2361.92 2261.92 845.2
3096.97 2362.66 2262.66 845.29
3100 2363.4 2263.4 845.38
3102.98 2364.14 2264.14 845.47
3105.91 2364.87 2264.87 845.56
3108.8 2365.61 2265.61 845.65
3111.63 2366.35 2266.35 845.74
3114.42 2367.09 2267.09 845.83
3117.17 2367.83 2267.83 845.92
3119.87 2368.57 2268.57 846.01
3122.52 2369.31 2269.31 846.1
3125.12 2370.04 2270.04 846.19
3127.68 2370.78 2270.78 846.28
3130.2 2371.52 2271.52 846.37
3132.67 2372.26 2272.26 846.46
3135.09 2373 2273 846.55
3137.47 2373.74 2273.74 846.64
3139.8 2374.48 2274.48 846.73
3142.1 2375.21 2275.21 846.82
3144.34 2375.95 2275.95 846.91
3146.55 2376.69 2276.69 847
3148.71 2377.43 2277.43 847.09
3150.83 2378.17 2278.17 847.18
3152.9 2378.91 2278.91 847.27
3154.93 2379.64 2279.64 847.36
3156.93 2380.38 2280.38 847.45
3158.87 2381.12 2281.12 847.54
3160.78 2381.86 2281.86 847.63
3162.65 2382.6 2282.6 847.72
3164.47 2383.34 2283.34 847.81
3166.26 2384.08 2284.08 847.9
3168 2384.81 2284.81 847.99
3169.71 2385.55 2285.55 848.08
3171.37 2386.29 2286.29 848.17
3173 2387.03 2287.03 848.26
3174.58 2387.77 2287.77 848.35
3176.13 2388.51 2288.51 848.44
3177.64 2389.25 2289.25 848.53
3179.11 2389.98 2289.98 848.62
3180.54 2390.72 2290.72 848.71
3181.93 2391.46 2291.46 848.8
3183.29 2392.2 2292.2 848.89
3184.61 2392.94 2292.94 848.98
3185.89 2393.68 2293.68 849.07
3187.13 2394.41 2294.41 849.16
3188.34 2395.15 2295.15 849.25
3189.51 2395.89 2295.89 849.34
3190.65 2396.63 2296.63 849.43
3191.75 2397.37 2297.37 849.52
3192.81 2398.11 2298.11 849.61
3193.84 2398.85 2298.85 849.7
3194.84 2399.58 2299.58 849.79
3195.8 2400.32 2300.32 849.88
3196.73 2401.06 2301.06 849.97
3197.62 2401.8 2301.8 850.06
3198.48 2402.54 2302.54 850.15
3199.3 2403.28 2303.28 850.24
3200.1 2404.01 2304.01 850.33
3200.86 2404.75 2304.75 850.42
3201.58 2405.49 2305.49 850.51
3202.28 2406.23 2306.23 850.6
3202.94 2406.97 2306.97 850.69
3203.57 2407.71 2307.71 850.78
3204.17 2408.45 2308.45 850.87
3204.74 2409.18 2309.18 850.96
3205.28 2409.92 2309.92 851.05
3205.78 2410.66 2310.66 851.14
3206.26 2411.4 2311.4 851.23
3206.71 2412.14 2312.14 851.32
3207.12 2412.88 2312.88 851.41
3207.51 2413.62 2313.62 851.5
3207.87 2414.35 2314.35 851.59
3208.2 2415.09 2315.09 851.68
3208.5 2415.83 2315.83 851.77
3208.77 2416.57 2316.57 851.86
3209.01 2417.31 2317.31 851.95
3209.23 2418.05 2318.05 852.04
3209.42 2418.78 2318.78 852.13
3209.58 2419.52 2319.52 852.22
3209.71 2420.26 2320.26 852.31
3209.82 2421 2321 852.4
3209.9 2421.74 2321.74 852.49
3209.96 2422.48 2322.48 852.58
3209.99 2423.22 2323.22 852.67
3209.99 2423.95 2323.95 852.76
3209.97 2424.69 2324.69 852.85
3209.92 2425.43 2325.43 852.94
3209.85 2426.17 2326.17 853.03
3209.75 2426.91 2326.91 853.12
3209.63 2427.65 2327.65 853.21
3209.49 2428.39 2328.39 853.3
3209.32 2429.12 2329.12 853.39
3209.13 2429.86 2329.86 853.48
3208.91 2430.6 2330.6 853.57
3208.68 2431.34 2331.34 853.66
3208.42 2432.08 2332.08 853.75
3208.14 2432.82 2332.82 853.84
3207.83 2433.55 2333.55 853.93
3207.51 2434.29 2334.29 854.02
3207.16 2435.03 2335.03 854.11
3206.79 2435.77 2335.77 854.2
3206.4 2436.51 2336.51 854.29
3205.99 2437.25 2337.25 854.38
3205.56 2437.99 2337.99 854.47
3205.11 2438.72 2338.72 854.56
3204.65 2439.46 2339.46 854.65
3204.16 2440.2 2340.2 854.74
3203.65 2440.94 2340.94 854.83
3203.12 2441.68 2341.68 854.92
3202.58 2442.42 2342.42 855.01
3202.01 2443.15 2343.15 855.1
3201.43 2443.89 2343.89 855.19
3200.83 2444.63 2344.63 855.28
3200.21 2445.37 2345.37 855.37
3199.58 2446.11 2346.11 855.46
3198.93 2446.85 2346.85 855.55
3198.26 2447.59 2347.59 855.64
3197.58 2448.32 2348.32 855.73
3196.88 2449.06 2349.06 855.82
3196.16 2449.8 2349.8 855.91
3195.43 2450.54 2350.54 856
3194.68 2451.28 2351.28 856.09
3193.92 2452.02 2352.02 856.18
3193.14 2452.76 2352.76 856.27
3192.35 2453.49 2353.49 856.36
3191.55 2454.23 2354.23 856.45
3190.73 2454.97 2354.97 856.54
3189.9 2455.71 2355.71 856.63
3189.05 2456.45 2356.45 856.72
3188.19 2457.19 2357.19 856.81
3187.32 2457.92 2357.92 856.9
3186.43 2458.66 2358.66 856.99
3185.54 2459.4 2359.4 857.08
3184.63 2460.14 2360.14 857.17
3183.71 2460.88 2360.88 857.26
3182.78 2461.62 2361.62 857.35
3181.84 2462.36 2362.36 857.44
3180.88 2463.09 2363.09 857.53
3179.92 2463.83 2363.83 857.62
3178.95 2464.57 2364.57 857.71
3177.96 2465.31 2365.31 857.8
3176.97 2466.05 2366.05 857.89
3175.97 2466.79 2366.79 857.98
3174.95 2467.52 2367.52 858.07
3173.93 2468.26 2368.26 858.16
3172.9 2469 2369 858.25
3171.87 2469.74 2369.74 858.34
3170.82 2470.48 2370.48 858.43
3169.77 2471.22 2371.22 858.52
3168.71 2471.96 2371.96 858.61
3167.64 2472.69 2372.69 858.7
3166.56 2473.43 2373.43 858.79
3165.48 2474.17 2374.17 858.88
3164.4 2474.91 2374.91 858.97
3163.3 2475.65 2375.65 859.06
3162.2 2476.39 2376.39 859.15
3161.1 2477.13 2377.13 859.24
3159.99 2477.86 2377.86 859.33
3158.87 2478.6 2378.6 859.42
3157.75 2479.34 2379.34 859.51
3156.63 2480.08 2380.08 859.6
3155.5 2480.82 2380.82 859.69
3154.37 2481.56 2381.56 859.78
3153.23 2482.29 2382.29 859.87
3152.09 2483.03 2383.03 859.96
3150.95 2483.77 2383.77 860.05
3149.81 2484.51 2384.51 860.14
3148.66 2485.25 2385.25 860.23
3147.51 2485.99 2385.99 860.32
3146.36 2486.73 2386.73 860.41
3145.2 2487.46 2387.46 860.5
3144.04 2488.2 2388.2 860.59
3142.88 2488.94 2388.94 860.68
3141.72 2489.68 2389.68 860.77
3140.55 2490.42 2390.42 860.86
3139.38 2491.16 2391.16 860.95
3138.21 2491.9 2391.9 861.04
3137.04 2492.63 2392.63 861.13
3135.86 2493.37 2393.37 861.22
3134.68 2494.11 2394.11 861.31
3133.5 2494.85 2394.85 861.4
3132.31 2495.59 2395.59 861.49
3131.13 2496.33 2396.33 861.58
3129.94 2497.06 2397.06 861.67
3128.74 2497.8 2397.8 861.76
3127.55 2498.54 2398.54 861.85
3126.35 2499.28 2399.28 861.94
3125.15 2500.02 2400.02 862.03
3123.95 2500.76 2400.76 862.12
3122.75 2501.5 2401.5 862.21
3121.54 2502.23 2402.23 862.3
3120.33 2502.97 2402.97 862.39
3119.12 2503.71 2403.71 862.48
3117.91 2504.45 2404.45 862.57
3116.69 2505.19 2405.19 862.66
3115.47 2505.93 2405.93 862.75
3114.25 2506.66 2406.66 862.84
3113.03 2507.4 2407.4 862.93
3111.81 2508.14 2408.14 863.02
3110.58 2508.88 2408.88 863.11
3109.35 2509.62 2409.62 863.2
3108.12 2510.36 2410.36 863.29
3106.89 2511.1 2411.1 863.38
3105.65 2511.83 2411.83 863.47
3104.41 2512.57 2412.57 863.56
3103.17 2513.31 2413.31 863.65
3101.93 2514.05 2414.05 863.74
3100.69 2514.79 2414.79 863.83
3099.44 2515.53 2415.53 863.92
3098.2 2516.27 2416.27 864.01
3096.95 2517 2417 864.1
3095.69 2517.74 2417.74 864.19
3094.44 2518.48 2418.48 864.28
3093.19 2519.22 2419.22 864.37
3091.93 2519.96 2419.96 864.46
3090.67 2520.7 2420.7 864.55
3089.41 2521.43 2421.43 864.64
3088.15 2522.17 2422.17 864.73
3086.88 2522.91 2422.91 864.82
3085.62 2523.65 2423.65 864.91
3084.35 2524.39 2424.39 865
3083.08 2525.13 2425.13 865.09
3081.81 2525.87 2425.87 865.18
3080.53 2526.6 2426.6 865.27
3079.26 2527.34 2427.34 865.36
3077.98 2528.08 2428.08 865.45
3076.7 2528.82 2428.82 865.54
3075.42 2529.56 2429.56 865.63
3074.14 2530.3 2430.3 865.72
3072.86 2531.04 2431.04 865.81
3071.58 2531.77 2431.77 865.9
3070.29 2532.51 2432.51 865.99
3069 2533.25 2433.25 866.08
3067.71 2533.99 2433.99 866.17
3066.42 2534.73 2434.73 866.26
3065.13 2535.47 2435.47 866.35
3063.84 2536.2 2436.2 866.44
3062.54 2536.94 2436.94 866.53
3061.25 2537.68 2437.68 866.62
3059.95 2538.42 2438.42 866.71
3058.65 2539.16 2439.16 866.8
3057.35 2539.9 2439.9 866.89
3056.05 2540.64 2440.64 866.98
3054.75 2541.37 2441.37 867.07
3053.44 2542.11 2442.11 867.16
3052.14 2542.85 2442.85 867.25
3050.83 2543.59 2443.59 867.34
3049.52 2544.33 2444.33 867.43
3048.21 2545.07 2445.07 867.52
3046.9 2545.8 2445.8 867.61
3045.59 2546.54 2446.54 867.7
3044.28 2547.28 2447.28 867.79
3042.96 2548.02 2448.02 867.88
3041.65 2548.76 2448.76 867.97
3040.33 2549.5 2449.5 868.06
3039.02 2550.24 2450.24 868.15
3037.7 2550.97 2450.97 868.24
3036.38 2551.71 2451.71 868.33
3035.06 2552.45 2452.45 868.42
3033.74 2553.19 2453.19 868.51
3032.42 2553.93 2453.93 868.6
3031.09 2554.67 2454.67 868.69
3029.77 2555.41 2455.41 868.78
3028.45 2556.14 2456.14 868.87
3027.12 2556.88 2456.88 868.96
3025.79 2557.62 2457.62 869.05
3024.47 2558.36 2458.36 869.14
3023.14 2559.1 2459.1 869.23
3021.81 2559.84 2459.84 869.32
3020.48 2560.57 2460.57 869.41
3019.15 2561.31 2461.31 869.5
3017.82 2562.05 2462.05 869.59
3016.49 2562.79 2462.79 869.68
3015.15 2563.53 2463.53 869.77
3013.82 2564.27 2464.27 869.86
3012.49 2565.01 2465.01 869.95
3011.15 2565.74 2465.74 870.04
3009.82 2566.48 2466.48 870.13
3008.48 2567.22 2467.22 870.22
3007.15 2567.96 2467.96 870.31
3005.81 2568.7 2468.7 870.4
3004.47 2569.44 2469.44 870.49
3003.13 2570.18 2470.18 870.58
3001.79 2570.91 2470.91 870.67
3000.46 2571.65 2471.65 870.76
2999.12 2572.39 2472.39 870.85
2997.78 2573.13 2473.13 870.94
2996.44 2573.87 2473.87 871.03
2995.09 2574.61 2474.61 871.12
2993.75 2575.34 2475.34 871.21
2992.41 2576.08 2476.08 871.3
2991.07 2576.82 2476.82 871.39
2989.73 2577.56 2477.56 871.48
2988.39 2578.3 2478.3 871.57
2987.04 2579.04 2479.04 871.66
2985.7 2579.78 2479.78 871.75
2984.36 2580.51 2480.51 871.84
2983.01 2581.25 2481.25 871.93
2981.67 2581.99 2481.99 872.02
2980.33 2582.73 2482.73 872.11
2978.98 2583.47 2483.47 872.2
2977.64 2584.21 2484.21 872.29
2976.29 2584.94 2484.94 872.38
2974.95 2585.68 2485.68 872.47
2973.6 2586.42 2486.42 872.56
2972.26 2587.16 2487.16 872.65
2970.92 2587.9 2487.9 872.74
2969.57 2588.64 2488.64 872.83
2968.23 2589.38 2489.38 872.92
2966.88 2590.11 2490.11 873.01
2965.54 2590.85 2490.85 873.1
2964.19 2591.59 2491.59 873.19
2962.85 2592.33 2492.33 873.28
2961.5 2593.07 2493.07 873.37
2960.16 2593.81 2493.81 873.46
2958.82 2594.55 2494.55 873.55
2957.47 2595.28 2495.28 873.64
2956.13 2596.02 2496.02 873.73
2954.78 2596.76 2496.76 873.82
2953.44 2597.5 2497.5 873.91
2952.1 2598.24 2498.24 874
2950.75 2598.98 2498.98 874.09
2949.41 2599.71 2499.71 874.18
2948.07 2600.45 2500.45 874.27
2946.73 2601.19 2501.19 874.36
2945.39 2601.93 2501.93 874.45
2944.05 2602.67 2502.67 874.54
2942.7 2603.41 2503.41 874.63
2941.36 2604.15 2504.15 874.72
2940.02 2604.88 2504.88 874.81
2938.68 2605.62 2505.62 874.9
2937.34 2606.36 2506.36 874.99
2936.01 2607.1 2507.1 875.08
2934.67 2607.84 2507.84 875.17
2933.33 2608.58 2508.58 875.26
2931.99 2609.32 2509.32 875.35
2930.66 2610.05 2510.05 875.44
2929.32 2610.79 2510.79 875.53
2927.98 2611.53 2511.53 875.62
2926.65 2612.27 2512.27 875.71
2925.32 2613.01 2513.01 875.8
2923.98 2613.75 2513.75 875.89
2922.65 2614.48 2514.48 875.98
2921.32 2615.22 2515.22 876.07
2919.98 2615.96 2515.96 876.16
2918.65 2616.7 2516.7 876.25
2917.32 2617.44 2517.44 876.34
2915.99 2618.18 2518.18 876.43
2914.67 2618.92 2518.92 876.52
2913.34 2619.65 2519.65 876.61
2912.01 2620.39 2520.39 876.7
2910.69 2621.13 2521.13 876.79
2909.36 2621.87 2521.87 876.88
2908.04 2622.61 2522.61 876.97
2906.71 2623.35 2523.35 877.06
2905.39 2624.08 2524.08 877.15
2904.07 2624.82 2524.82 877.24
2902.75 2625.56 2525.56 877.33
2901.43 2626.3 2526.3 877.42
2900.11 2627.04 2527.04 877.51
2898.79 2627.78 2527.78 877.6
2897.48 2628.52 2528.52 877.69
2896.16 2629.25 2529.25 877.78
2894.85 2629.99 2529.99 877.87
2893.53 2630.73 2530.73 877.96
2892.22 2631.47 2531.47 878.05
2890.91 2632.21 2532.21 878.14
2889.6 2632.95 2532.95 878.23
2888.29 2633.69 2533.69 878.32
2886.99 2634.42 2534.42 878.41
2885.68 2635.16 2535.16 878.5
2884.38 2635.9 2535.9 878.59
2883.07 2636.64 2536.64 878.68
2881.77 2637.38 2537.38 878.77
2880.47 2638.12 2538.12 878.86
2879.17 2638.85 2538.85 878.95
2877.87 2639.59 2539.59 879.04
2876.57 2640.33 2540.33 879.13
2875.28 2641.07 2541.07 879.22
2873.98 2641.81 2541.81 879.31
2872.69 2642.55 2542.55 879.4
2871.4 2643.29 2543.29 879.49
2870.11 2644.02 2544.02 879.58
2868.82 2644.76 2544.76 879.67
2867.54 2645.5 2545.5 879.76
2866.25 2646.24 2546.24 879.85
2864.97 2646.98 2546.98 879.94
2863.68 2647.72 2547.72 880.03
2862.4 2648.46 2548.46 880.12
2861.13 2649.19 2549.19 880.21
2859.85 2649.93 2549.93 880.3
2858.57 2650.67 2550.67 880.39
2857.3 2651.41 2551.41 880.48
2856.02 2652.15 2552.15 880.57
2854.75 2652.89 2552.89 880.66
2853.48 2653.62 2553.62 880.75
2852.21 2654.36 2554.36 880.84
2850.95 2655.1 2555.1 880.93
2849.68 2655.84 2555.84 881.02
2848.42 2656.58 2556.58 881.11
2847.15 2657.32 2557.32 881.2
2845.89 2658.06 2558.06 881.29
2844.63 2658.79 2558.79 881.38
2843.37 2659.53 2559.53 881.47
2842.11 2660.27 2560.27 881.56
2840.85 2661.01 2561.01 881.65
2839.6 2661.75 2561.75 881.74
2838.34 2662.49 2562.49 881.83
2837.09 2663.22 2563.22 881.92
2835.84 2663.96 2563.96 882.01
2834.58 2664.7 2564.7 882.1
2833.33 2665.44 2565.44 882.19
2832.08 2666.18 2566.18 882.28
2830.83 2666.92 2566.92 882.37
2829.59 2667.66 2567.66 882.46
2828.34 2668.39 2568.39 882.55
2827.09 2669.13 2569.13 882.64
2825.85 2669.87 2569.87 882.73
2824.61 2670.61 2570.61 882.82
2823.36 2671.35 2571.35 882.91
2822.12 2672.09 2572.09 883
2820.88 2672.83 2572.83 883.09
2819.64 2673.56 2573.56 883.18
2818.4 2674.3 2574.3 883.27
2817.16 2675.04 2575.04 883.36
2815.92 2675.78 2575.78 883.45
2814.68 2676.52 2576.52 883.54
2813.44 2677.26 2577.26 883.63
2812.21 2677.99 2577.99 883.72
2810.97 2678.73 2578.73 883.81
2809.74 2679.47 2579.47 883.9
2808.5 2680.21 2580.21 883.99
2807.27 2680.95 2580.95 884.08
2806.03 2681.69 2581.69 884.17
2804.8 2682.43 2582.43 884.26
2803.57 2683.16 2583.16 884.35
2802.33 2683.9 2583.9 884.44
2801.1 2684.64 2584.64 884.53
2799.87 2685.38 2585.38 884.62
2798.64 2686.12 2586.12 884.71
2797.41 2686.86 2586.86 884.8
2796.18 2687.6 2587.6 884.89
2794.95 2688.33 2588.33 884.98
2793.72 2689.07 2589.07 885.07
2792.49 2689.81 2589.81 885.16
2791.26 2690.55 2590.55 885.25
2790.03 2691.29 2591.29 885.34
2788.8 2692.03 2592.03 885.43
2787.57 2692.76 2592.76 885.52
2786.35 2693.5 2593.5 885.61
2785.12 2694.24 2594.24 885.7
2783.89 2694.98 2594.98 885.79
2782.66 2695.72 2595.72 885.88
2781.43 2696.46 2596.46 885.97
2780.2 2697.2 2597.2 886.06
2778.98 2697.93 2597.93 886.15
2777.75 2698.67 2598.67 886.24
2776.52 2699.41 2599.41 886.33
2775.29 2700.15 2600.15 886.42
2774.06 2700.89 2600.89 886.51
2772.84 2701.63 2601.63 886.6
2771.61 2702.36 2602.36 886.69
2770.38 2703.1 2603.1 886.78
2769.15 2703.84 2603.84 886.87
2767.92 2704.58 2604.58 886.96
2766.69 2705.32 2605.32 887.05
2765.46 2706.06 2606.06 887.14
2764.23 2706.8 2606.8 887.23
2763 2707.53 2607.53 887.32
2761.77 2708.27 2608.27 887.41
2760.54 2709.01 2609.01 887.5
2759.31 2709.75 2609.75 887.59
2758.08 2710.49 2610.49 887.68
2756.85 2711.23 2611.23 887.77
2755.62 2711.97 2611.97 887.86
2754.38 2712.7 2612.7 887.95
2753.15 2713.44 2613.44 888.04
2751.92 2714.18 2614.18 888.13
2750.68 2714.92 2614.92 888.22
2749.45 2715.66 2615.66 888.31
2748.21 2716.4 2616.4 888.4
2746.98 2717.13 2617.13 888.49
2745.74 2717.87 2617.87 888.58
2744.5 2718.61 2618.61 888.67
2743.27 2719.35 2619.35 888.76
2742.03 2720.09 2620.09 888.85
2740.79 2720.83 2620.83 888.94
2739.55 2721.57 2621.57 889.03
2738.31 2722.3 2622.3 889.12
2737.07 2723.04 2623.04 889.21
2735.82 2723.78 2623.78 889.3
2734.58 2724.52 2624.52 889.39
2733.34 2725.26 2625.26 889.48
2732.09 2726 2626 889.57
2730.85 2726.74 2626.74 889.66
2729.6 2727.47 2627.47 889.75
2728.35 2728.21 2628.21 889.84
2727.11 2728.95 2628.95 889.93
2725.86 2729.69 2629.69 890.02
2724.61 2730.43 2630.43 890.11
2723.35 2731.17 2631.17 890.2
2722.1 2731.9 2631.9 890.29
2720.85 2732.64 2632.64 890.38
2719.59 2733.38 2633.38 890.47
2718.34 2734.12 2634.12 890.56
2717.08 2734.86 2634.86 890.65
2715.82 2735.6 2635.6 890.74
2714.56 2736.34 2636.34 890.83
2713.3 2737.07 2637.07 890.92
2712.04 2737.81 2637.81 891.01
2710.78 2738.55 2638.55 891.1
2709.51 2739.29 2639.29 891.19
2708.25 2740.03 2640.03 891.28
2706.98 2740.77 2640.77 891.37
2705.71 2741.5 2641.5 891.46
2704.44 2742.24 2642.24 891.55
2703.17 2742.98 2642.98 891.64
2701.9 2743.72 2643.72 891.73
2700.63 2744.46 2644.46 891.82
2699.35 2745.2 2645.2 891.91
2698.07 2745.94 2645.94 892
2696.8 2746.67 2646.67 892.09
2695.52 2747.41 2647.41 892.18
2694.23 2748.15 2648.15 892.27
2692.95 2748.89 2648.89 892.36
2691.67 2749.63 2649.63 892.45
2690.38 2750.37 2650.37 892.54
2689.09 2751.11 2651.11 892.63
2687.8 2751.84 2651.84 892.72
2686.51 2752.58 2652.58 892.81
2685.22 2753.32 2653.32 892.9
2683.92 2754.06 2654.06 892.99
2682.63 2754.8 2654.8 893.08
2681.33 2755.54 2655.54 893.17
2680.03 2756.27 2656.27 893.26
2678.73 2757.01 2657.01 893.35
2677.42 2757.75 2657.75 893.44
2676.12 2758.49 2658.49 893.53
2674.81 2759.23 2659.23 893.62
2673.5 2759.97 2659.97 893.71
2672.19 2760.71 2660.71 893.8
2670.87 2761.44 2661.44 893.89
2669.56 2762.18 2662.18 893.98
2668.24 2762.92 2662.92 894.07
2666.92 2763.66 2663.66 894.16
2665.6 2764.4 2664.4 894.25
2664.28 2765.14 2665.14 894.34
2662.95 2765.88 2665.88 894.43
2661.62 2766.61 2666.61 894.52
2660.29 2767.35 2667.35 894.61
2658.96 2768.09 2668.09 894.7
2657.62 2768.83 2668.83 894.79
2656.29 2769.57 2669.57 894.88
2654.95 2770.31 2670.31 894.97
2653.61 2771.04 2671.04 895.06
2652.26 2771.78 2671.78 895.15
2650.92 2772.52 2672.52 895.24
2649.57 2773.26 2673.26 895.33
2648.22 2774 2674 895.42
2646.86 2774.74 2674.74 895.51
2645.51 2775.48 2675.48 895.6
2644.15 2776.21 2676.21 895.69
2642.79 2776.95 2676.95 895.78
2641.43 2777.69 2677.69 895.87
2640.06 2778.43 2678.43 895.96
2638.69 2779.17 2679.17 896.05
2637.32 2779.91 2679.91 896.14
2635.95 2780.64 2680.64 896.23
2634.57 2781.38 2681.38 896.32
2633.19 2782.12 2682.12 896.41
2631.81 2782.86 2682.86 896.5
2630.43 2783.6 2683.6 896.59
2629.04 2784.34 2684.34 896.68
2627.65 2785.08 2685.08 896.77
2626.26 2785.81 2685.81 896.86
2624.87 2786.55 2686.55 896.95
2623.47 2787.29 2687.29 897.04
2622.07 2788.03 2688.03 897.13
2620.66 2788.77 2688.77 897.22
2619.26 2789.51 2689.51 897.31
2617.85 2790.25 2690.25 897.4
2616.44 2790.98 2690.98 897.49
2615.02 2791.72 2691.72 897.58
2613.6 2792.46 2692.46 897.67
2612.18 2793.2 2693.2 897.76
2610.76 2793.94 2693.94 897.85
2609.33 2794.68 2694.68 897.94
2607.9 2795.41 2695.41 898.03
2606.47 2796.15 2696.15 898.12
2605.03 2796.89 2696.89 898.21
2603.59 2797.63 2697.63 898.3
2602.15 2798.37 2698.37 898.39
2600.71 2799.11 2699.11 898.48
2599.26 2799.85 2699.85 898.57
2597.81 2800.58 2700.58 898.66
2596.35 2801.32 2701.32 898.75
2594.89 2802.06 2702.06 898.84
2593.43 2802.8 2702.8 898.93
2591.97 2803.54 2703.54 899.02
2590.5 2804.28 2704.28 899.11
2589.03 2805.02 2705.02 899.2
2587.55 2805.75 2705.75 899.29
2586.07 2806.49 2706.49 899.38
2584.59 2807.23 2707.23 899.47
2583.1 2807.97 2707.97 899.56
2581.62 2808.71 2708.71 899.65
2580.12 2809.45 2709.45 899.74
2578.63 2810.18 2710.18 899.83
2577.13 2810.92 2710.92 899.92
2575.63 2811.66 2711.66 900.01
2574.12 2812.4 2712.4 900.1
2572.61 2813.14 2713.14 900.19
2571.1 2813.88 2713.88 900.28
2569.58 2814.62 2714.62 900.37
2568.06 2815.35 2715.35 900.46
2566.53 2816.09 2716.09 900.55
2565.01 2816.83 2716.83 900.64
2563.48 2817.57 2717.57 900.73
2561.94 2818.31 2718.31 900.82
2560.41 2819.05 2719.05 900.91
2558.87 2819.78 2719.78 901
2557.32 2820.52 2720.52 901.09
2555.78 2821.26 2721.26 901.18
2554.23 2822 2722 901.27
2552.67 2822.74 2722.74 901.36
2551.12 2823.48 2723.48 901.45
2549.56 2824.22 2724.22 901.54
2548 2824.95 2724.95 901.63
2546.44 2825.69 2725.69 901.72
2544.87 2826.43 2726.43 901.81
2543.3 2827.17 2727.17 901.9
2541.73 2827.91 2727.91 901.99
2540.15 2828.65 2728.65 902.08
2538.58 2829.39 2729.39 902.17
2537 2830.12 2730.12 902.26
2535.42 2830.86 2730.86 902.35
2533.83 2831.6 2731.6 902.44
2532.24 2832.34 2732.34 902.53
2530.65 2833.08 2733.08 902.62
2529.06 2833.82 2733.82 902.71
2527.47 2834.55 2734.55 902.8
2525.87 2835.29 2735.29 902.89
2524.27 2836.03 2736.03 902.98
2522.67 2836.77 2736.77 903.07
2521.07 2837.51 2737.51 903.16
2519.46 2838.25 2738.25 903.25
2517.86 2838.99 2738.99 903.34
2516.25 2839.72 2739.72 903.43
2514.63 2840.46 2740.46 903.52
2513.02 2841.2 2741.2 903.61
2511.41 2841.94 2741.94 903.7
2509.79 2842.68 2742.68 903.79
2508.17 2843.42 2743.42 903.88
2506.55 2844.16 2744.16 903.97
2504.93 2844.89 2744.89 904.06
2503.3 2845.63 2745.63 904.15
2501.68 2846.37 2746.37 904.24
2500.05 2847.11 2747.11 904.33
2498.42 2847.85 2747.85 904.42
2496.79 2848.59 2748.59 904.51
2495.16 2849.32 2749.32 904.6
2493.53 2850.06 2750.06 904.69
2491.89 2850.8 2750.8 904.78
2490.26 2851.54 2751.54 904.87
2488.62 2852.28 2752.28 904.96
2486.98 2853.02 2753.02 905.05
2485.34 2853.76 2753.76 905.14
2483.7 2854.49 2754.49 905.23
2482.06 2855.23 2755.23 905.32
2480.42 2855.97 2755.97 905.41
2478.77 2856.71 2756.71 905.5
2477.13 2857.45 2757.45 905.59
2475.48 2858.19 2758.19 905.68
2473.83 2858.92 2758.92 905.77
2472.19 2859.66 2759.66 905.86
2470.54 2860.4 2760.4 905.95
2468.89 2861.14 2761.14 906.04
2467.24 2861.88 2761.88 906.13
2465.59 2862.62 2762.62 906.22
2463.93 2863.36 2763.36 906.31
2462.28 2864.09 2764.09 906.4
2460.63 2864.83 2764.83 906.49
2458.98 2865.57 2765.57 906.58
2457.32 2866.31 2766.31 906.67
2455.67 2867.05 2767.05 906.76
2454.01 2867.79 2767.79 906.85
2452.36 2868.53 2768.53 906.94
2450.7 2869.26 2769.26 907.03
2449.05 2870 2770 907.12
2447.39 2870.74 2770.74 907.21
2445.73 2871.48 2771.48 907.3
2444.08 2872.22 2772.22 907.39
2442.42 2872.96 2772.96 907.48
2440.77 2873.69 2773.69 907.57
2439.11 2874.43 2774.43 907.66
2437.45 2875.17 2775.17 907.75
2435.8 2875.91 2775.91 907.84
2434.14 2876.65 2776.65 907.93
2432.48 2877.39 2777.39 908.02
2430.83 2878.13 2778.13 908.11
2429.17 2878.86 2778.86 908.2
2427.52 2879.6 2779.6 908.29
2425.86 2880.34 2780.34 908.38
2424.2 2881.08 2781.08 908.47
2422.55 2881.82 2781.82 908.56
2420.9 2882.56 2782.56 908.65
2419.24 2883.3 2783.3 908.74
2417.59 2884.03 2784.03 908.83
2415.94 2884.77 2784.77 908.92
2414.28 2885.51 2785.51 909.01
2412.63 2886.25 2786.25 909.1
2410.98 2886.99 2786.99 909.19
2409.33 2887.73 2787.73 909.28
2407.68 2888.46 2788.46 909.37
2406.03 2889.2 2789.2 909.46
2404.39 2889.94 2789.94 909.55
2402.74 2890.68 2790.68 909.64
2401.09 2891.42 2791.42 909.73
2399.45 2892.16 2792.16 909.82
2397.81 2892.9 2792.9 909.91
2396.16 2893.63 2793.63 910
2394.52 2894.37 2794.37 910.09
2392.88 2895.11 2795.11 910.18
2391.24 2895.85 2795.85 910.27
2389.6 2896.59 2796.59 910.36
2387.97 2897.33 2797.33 910.45
2386.33 2898.06 2798.06 910.54
2384.7 2898.8 2798.8 910.63
2383.07 2899.54 2799.54 910.72
2381.43 2900.28 2800.28 910.81
2379.8 2901.02 2801.02 910.9
2378.18 2901.76 2801.76 910.99
2376.55 2902.5 2802.5 911.08
2374.92 2903.23 2803.23 911.17
2373.3 2903.97 2803.97 911.26
2371.68 2904.71 2804.71 911.35
2370.06 2905.45 2805.45 911.44
2368.44 2906.19 2806.19 911.53
2366.82 2906.93 2806.93 911.62
2365.21 2907.67 2807.67 911.71
2363.6 2908.4 2808.4 911.8
2361.99 2909.14 2809.14 911.89
2360.38 2909.88 2809.88 911.98
2358.77 2910.62 2810.62 912.07
2357.17 2911.36 2811.36 912.16
2355.56 2912.1 2812.1 912.25
2353.96 2912.83 2812.83 912.34
2352.37 2913.57 2813.57 912.43
2350.77 2914.31 2814.31 912.52
2349.18 2915.05 2815.05 912.61
2347.59 2915.79 2815.79 912.7
2346 2916.53 2816.53 912.79
2344.41 2917.27 2817.27 912.88
2342.83 2918 2818 912.97
2341.24 2918.74 2818.74 913.06
2339.67 2919.48 2819.48 913.15
2338.09 2920.22 2820.22 913.24
2336.52 2920.96 2820.96 913.33
2334.94 2921.7 2821.7 913.42
2333.38 2922.44 2822.44 913.51
2331.81 2923.17 2823.17 913.6
2330.25 2923.91 2823.91 913.69
2328.69 2924.65 2824.65 913.78
2327.13 2925.39 2825.39 913.87
2325.58 2926.13 2826.13 913.96
2324.03 2926.87 2826.87 914.05
2322.48 2927.6 2827.6 914.14
2320.93 2928.34 2828.34 914.23
2319.39 2929.08 2829.08 914.32
2317.85 2929.82 2829.82 914.41
2316.31 2930.56 2830.56 914.5
2314.78 2931.3 2831.3 914.59
2313.25 2932.04 2832.04 914.68
2311.73 2932.77 2832.77 914.77
2310.2 2933.51 2833.51 914.86
2308.68 2934.25 2834.25 914.95
2307.17 2934.99 2834.99 915.04
2305.66 2935.73 2835.73 915.13
2304.15 2936.47 2836.47 915.22
2302.64 2937.2 2837.2 915.31
2301.14 2937.94 2837.94 915.4
2299.64 2938.68 2838.68 915.49
2298.15 2939.42 2839.42 915.58
2296.66 2940.16 2840.16 915.67
2295.17 2940.9 2840.9 915.76
2293.69 2941.64 2841.64 915.85
2292.21 2942.37 2842.37 915.94
2290.73 2943.11 2843.11 916.03
2289.26 2943.85 2843.85 916.12
2287.79 2944.59 2844.59 916.21
2286.33 2945.33 2845.33 916.3
2284.87 2946.07 2846.07 916.39
2283.41 2946.81 2846.81 916.48
2281.96 2947.54 2847.54 916.57
2280.52 2948.28 2848.28 916.66
2279.07 2949.02 2849.02 916.75
2277.64 2949.76 2849.76 916.84
2276.2 2950.5 2850.5 916.93
2274.77 2951.24 2851.24 917.02
2273.35 2951.97 2851.97 917.11
2271.92 2952.71 2852.71 917.2
2270.51 2953.45 2853.45 917.29
2269.1 2954.19 2854.19 917.38
2267.69 2954.93 2854.93 917.47
2266.29 2955.67 2855.67 917.56
2264.89 2956.41 2856.41 917.65
2263.49 2957.14 2857.14 917.74
2262.1 2957.88 2857.88 917.83
2260.72 2958.62 2858.62 917.92
2259.34 2959.36 2859.36 918.01
2257.97 2960.1 2860.1 918.1
2256.6 2960.84 2860.84 918.19
2255.23 2961.58 2861.58 918.28
2253.87 2962.31 2862.31 918.37
2252.52 2963.05 2863.05 918.46
2251.17 2963.79 2863.79 918.55
2249.83 2964.53 2864.53 918.64
2248.49 2965.27 2865.27 918.73
2247.15 2966.01 2866.01 918.82
2245.82 2966.74 2866.74 918.91
2244.5 2967.48 2867.48 919
2243.18 2968.22 2868.22 919.09
2241.87 2968.96 2868.96 919.18
2240.56 2969.7 2869.7 919.27
2239.26 2970.44 2870.44 919.36
2237.96 2971.18 2871.18 919.45
2236.67 2971.91 2871.91 919.54
2235.39 2972.65 2872.65 919.63
2234.11 2973.39 2873.39 919.72
2232.83 2974.13 2874.13 919.81
2231.57 2974.87 2874.87 919.9
2230.3 2975.61 2875.61 919.99
2229.05 2976.34 2876.34 920.08
2227.8 2977.08 2877.08 920.17
2226.55 2977.82 2877.82 920.26
2225.31 2978.56 2878.56 920.35
2224.08 2979.3 2879.3 920.44
2222.85 2980.04 2880.04 920.53
2221.63 2980.78 2880.78 920.62
2220.41 2981.51 2881.51 920.71
2219.2 2982.25 2882.25 920.8
2217.99 2982.99 2882.99 920.89
2216.79 2983.73 2883.73 920.98
2215.6 2984.47 2884.47 921.07
2214.41 2985.21 2885.21 921.16
2213.23 2985.95 2885.95 921.25
2212.05 2986.68 2886.68 921.34
2210.88 2987.42 2887.42 921.43
2209.71 2988.16 2888.16 921.52
2208.55 2988.9 2888.9 921.61
2207.39 2989.64 2889.64 921.7
2206.24 2990.38 2890.38 921.79
2205.1 2991.11 2891.11 921.88
2203.96 2991.85 2891.85 921.97
2202.83 2992.59 2892.59 922.06
2201.7 2993.33 2893.33 922.15
2200.57 2994.07 2894.07 922.24
2199.46 2994.81 2894.81 922.33
2198.34 2995.55 2895.55 922.42
2197.24 2996.28 2896.28 922.51
2196.13 2997.02 2897.02 922.6
2195.04 2997.76 2897.76 922.69
2193.95 2998.5 2898.5 922.78
2192.86 2999.24 2899.24 922.87
2191.78 2999.98 2899.98 922.96
2190.7 3000.72 2900.72 923.05
2189.63 3001.45 2901.45 923.14
2188.57 3002.19 2902.19 923.23
2187.51 3002.93 2902.93 923.32
2186.45 3003.67 2903.67 923.41
2185.4 3004.41 2904.41 923.5
2184.36 3005.15 2905.15 923.59
2183.32 3005.88 2905.88 923.68
2182.28 3006.62 2906.62 923.77
2181.25 3007.36 2907.36 923.86
2180.23 3008.1 2908.1 923.95
2179.21 3008.84 2908.84 924.04
2178.2 3009.58 2909.58 924.13
2177.19 3010.32 2910.32 924.22
2176.18 3011.05 2911.05 924.31
2175.18 3011.79 2911.79 924.4
2174.19 3012.53 2912.53 924.49
2173.2 3013.27 2913.27 924.58
2172.21 3014.01 2914.01 924.67
2171.23 3014.75 2914.75 924.76
2170.25 3015.48 2915.48 924.85
2169.28 3016.22 2916.22 924.94
2168.32 3016.96 2916.96 925.03
2167.36 3017.7 2917.7 925.12
2166.4 3018.44 2918.44 925.21
2165.45 3019.18 2919.18 925.3
2164.5 3019.92 2919.92 925.39
2163.56 3020.65 2920.65 925.48
2162.62 3021.39 2921.39 925.57
2161.69 3022.13 2922.13 925.66
2160.76 3022.87 2922.87 925.75
2159.84 3023.61 2923.61 925.84
2158.92 3024.35 2924.35 925.93
2158.01 3025.09 2925.09 926.02
2157.1 3025.82 2925.82 926.11
2156.19 3026.56 2926.56 926.2
2155.29 3027.3 2927.3 926.29
2154.39 3028.04 2928.04 926.38
2153.5 3028.78 2928.78 926.47
2152.62 3029.52 2929.52 926.56
2151.73 3030.25 2930.25 926.65
2150.86 3030.99 2930.99 926.74
2149.98 3031.73 2931.73 926.83
2149.11 3032.47 2932.47 926.92
2148.25 3033.21 2933.21 927.01
2147.39 3033.95 2933.95 927.1
2146.53 3034.69 2934.69 927.19
2145.68 3035.42 2935.42 927.28
2144.83 3036.16 2936.16 927.37
2143.99 3036.9 2936.9 927.46
2143.15 3037.64 2937.64 927.55
2142.32 3038.38 2938.38 927.64
2141.49 3039.12 2939.12 927.73
2140.66 3039.86 2939.86 927.82
2139.84 3040.59 2940.59 927.91
2139.02 3041.33 2941.33 928
2138.21 3042.07 2942.07 928.09
2137.4 3042.81 2942.81 928.18
2136.6 3043.55 2943.55 928.27
2135.79 3044.29 2944.29 928.36
2135 3045.02 2945.02 928.45
2134.21 3045.76 2945.76 928.54
2133.42 3046.5 2946.5 928.63
2132.63 3047.24 2947.24 928.72
2131.85 3047.98 2947.98 928.81
2131.08 3048.72 2948.72 928.9
2130.3 3049.46 2949.46 928.99
2129.54 3050.19 2950.19 929.08
2128.77 3050.93 2950.93 929.17
2128.01 3051.67 2951.67 929.26
2127.25 3052.41 2952.41 929.35
2126.5 3053.15 2953.15 929.44
2125.75 3053.89 2953.89 929.53
2125.01 3054.62 2954.62 929.62
2124.27 3055.36 2955.36 929.71
2123.53 3056.1 2956.1 929.8
2122.8 3056.84 2956.84 929.89
2122.07 3057.58 2957.58 929.98
2121.34 3058.32 2958.32 930.07
2120.62 3059.06 2959.06 930.16
2119.9 3059.79 2959.79 930.25
2119.19 3060.53 2960.53 930.34
2118.48 3061.27 2961.27 930.43
2117.77 3062.01 2962.01 930.52
2117.07 3062.75 2962.75 930.61
2116.37 3063.49 2963.49 930.7
2115.67 3064.23 2964.23 930.79
2114.98 3064.96 2964.96 930.88
2114.29 3065.7 2965.7 930.97
2113.61 3066.44 2966.44 931.06
2112.93 3067.18 2967.18 931.15
2112.25 3067.92 2967.92 931.24
2111.57 3068.66 2968.66 931.33
2110.9 3069.39 2969.39 931.42
2110.24 3070.13 2970.13 931.51
2109.57 3070.87 2970.87 931.6
2108.91 3071.61 2971.61 931.69
2108.25 3072.35 2972.35 931.78
2107.6 3073.09 2973.09 931.87
2106.95 3073.83 2973.83 931.96
2106.3 3074.56 2974.56 932.05
2105.66 3075.3 2975.3 932.14
2105.02 3076.04 2976.04 932.23
2104.39 3076.78 2976.78 932.32
2103.75 3077.52 2977.52 932.41
2103.12 3078.26 2978.26 932.5
2102.5 3079 2979 932.59
2101.87 3079.73 2979.73 932.68
2101.25 3080.47 2980.47 932.77
2100.64 3081.21 2981.21 932.86
2100.02 3081.95 2981.95 932.95
2099.41 3082.69 2982.69 933.04
2098.8 3083.43 2983.43 933.13
2098.2 3084.16 2984.16 933.22
2097.6 3084.9 2984.9 933.31
2097 3085.64 2985.64 933.4
2096.41 3086.38 2986.38 933.49
2095.82 3087.12 2987.12 933.58
2095.23 3087.86 2987.86 933.67
2094.64 3088.6 2988.6 933.76
2094.06 3089.33 2989.33 933.85
2093.48 3090.07 2990.07 933.94
2092.9 3090.81 2990.81 934.03
2092.33 3091.55 2991.55 934.12
2091.76 3092.29 2992.29 934.21
2091.19 3093.03 2993.03 934.3
2090.63 3093.76 2993.76 934.39
2090.07 3094.5 2994.5 934.48
2089.51 3095.24 2995.24 934.57
2088.95 3095.98 2995.98 934.66
2088.4 3096.72 2996.72 934.75
2087.85 3097.46 2997.46 934.84
2087.3 3098.2 2998.2 934.93
2086.76 3098.93 2998.93 935.02
2086.22 3099.67 2999.67 935.11
2085.68 3100.41 3000.41 935.2
2085.14 3101.15 3001.15 935.29
2084.61 3101.89 3001.89 935.38
2084.08 3102.63 3002.63 935.47
2083.55 3103.37 3003.37 935.56
2083.02 3104.1 3004.1 935.65
2082.5 3104.84 3004.84 935.74
2081.98 3105.58 3005.58 935.83
2081.46 3106.32 3006.32 935.92
2080.95 3107.06 3007.06 936.01
2080.44 3107.8 3007.8 936.1
2079.93 3108.53 3008.53 936.19
2079.42 3109.27 3009.27 936.28
2078.92 3110.01 3010.01 936.37
2078.41 3110.75 3010.75 936.46
2077.91 3111.49 3011.49 936.55
2077.42 3112.23 3012.23 936.64
2076.92 3112.97 3012.97 936.73
2076.43 3113.7 3013.7 936.82
2075.94 3114.44 3014.44 936.91
2075.45 3115.18 3015.18 937
2074.97 3115.92 3015.92 937.09
2074.49 3116.66 3016.66 937.18
2074.01 3117.4 3017.4 937.27
2073.53 3118.14 3018.14 937.36
2073.05 3118.87 3018.87 937.45
2072.58 3119.61 3019.61 937.54
2072.11 3120.35 3020.35 937.63
2071.64 3121.09 3021.09 937.72
2071.17 3121.83 3021.83 937.81
2070.71 3122.57 3022.57 937.9
2070.25 3123.3 3023.3 937.99
2069.79 3124.04 3024.04 938.08
2069.33 3124.78 3024.78 938.17
2068.87 3125.52 3025.52 938.26
2068.42 3126.26 3026.26 938.35
2067.97 3127 3027 938.44
2067.52 3127.74 3027.74 938.53
2067.07 3128.47 3028.47 938.62
2066.63 3129.21 3029.21 938.71
2066.19 3129.95 3029.95 938.8
2065.75 3130.69 3030.69 938.89
2065.31 3131.43 3031.43 938.98
2064.87 3132.17 3032.17 939.07
2064.44 3132.9 3032.9 939.16
2064 3133.64 3033.64 939.25
2063.57 3134.38 3034.38 939.34
2063.14 3135.12 3035.12 939.43
2062.72 3135.86 3035.86 939.52
2062.29 3136.6 3036.6 939.61
2061.87 3137.34 3037.34 939.7
2061.45 3138.07 3038.07 939.79
2061.03 3138.81 3038.81 939.88
2060.61 3139.55 3039.55 939.97
2060.19 3140.29 3040.29 940.06
2059.78 3141.03 3041.03 940.15
2059.36 3141.77 3041.77 940.24
2058.95 3142.51 3042.51 940.33
2058.55 3143.24 3043.24 940.42
2058.14 3143.98 3043.98 940.51
2057.73 3144.72 3044.72 940.6
2057.33 3145.46 3045.46 940.69
2056.93 3146.2 3046.2 940.78
2056.53 3146.94 3046.94 940.87
2056.13 3147.67 3047.67 940.96
2055.73 3148.41 3048.41 941.05
2055.34 3149.15 3049.15 941.14
2054.94 3149.89 3049.89 941.23
2054.55 3150.63 3050.63 941.32
2054.16 3151.37 3051.37 941.41
2053.77 3152.11 3052.11 941.5
2053.39 3152.84 3052.84 941.59
2053 3153.58 3053.58 941.68
2052.62 3154.32 3054.32 941.77
2052.24 3155.06 3055.06 941.86
2051.86 3155.8 3055.8 941.95
2051.48 3156.54 3056.54 942.04
2051.1 3157.28 3057.28 942.13
2050.73 3158.01 3058.01 942.22
2050.36 3158.75 3058.75 942.31
2049.99 3159.49 3059.49 942.4
2049.62 3160.23 3060.23 942.49
2049.25 3160.97 3060.97 942.58
2048.88 3161.71 3061.71 942.67
2048.52 3162.44 3062.44 942.76
2048.15 3163.18 3063.18 942.85
2047.79 3163.92 3063.92 942.94
2047.43 3164.66 3064.66 943.03
2047.07 3165.4 3065.4 943.12
2046.71 3166.14 3066.14 943.21
2046.36 3166.88 3066.88 943.3
2046.01 3167.61 3067.61 943.39
2045.65 3168.35 3068.35 943.48
2045.3 3169.09 3069.09 943.57
2044.95 3169.83 3069.83 943.66
2044.61 3170.57 3070.57 943.75
2044.26 3171.31 3071.31 943.84
2043.91 3172.04 3072.04 943.93
2043.57 3172.78 3072.78 944.02
2043.23 3173.52 3073.52 944.11
2042.89 3174.26 3074.26 944.2
2042.55 3175 3075 944.29
2042.21 3175.74 3075.74 944.38
2041.88 3176.48 3076.48 944.47
2041.54 3177.21 3077.21 944.56
2041.21 3177.95 3077.95 944.65
2040.88 3178.69 3078.69 944.74
2040.55 3179.43 3079.43 944.83
2040.22 3180.17 3080.17 944.92
2039.9 3180.91 3080.91 945.01
2039.57 3181.65 3081.65 945.1
2039.25 3182.38 3082.38 945.19
2038.93 3183.12 3083.12 945.28
2038.6 3183.86 3083.86 945.37
2038.29 3184.6 3084.6 945.46
2037.97 3185.34 3085.34 945.55
2037.65 3186.08 3086.08 945.64
2037.34 3186.81 3086.81 945.73
2037.02 3187.55 3087.55 945.82
2036.71 3188.29 3088.29 945.91
2036.4 3189.03 3089.03 946
2036.09 3189.77 3089.77 946.09
2035.78 3190.51 3090.51 946.18
2035.47 3191.25 3091.25 946.27
2035.17 3191.98 3091.98 946.36
2034.86 3192.72 3092.72 946.45
2034.56 3193.46 3093.46 946.54
2034.26 3194.2 3094.2 946.63
2033.96 3194.94 3094.94 946.72
2033.66 3195.68 3095.68 946.81
2033.36 3196.42 3096.42 946.9
2033.07 3197.15 3097.15 946.99
2032.77 3197.89 3097.89 947.08
2032.48 3198.63 3098.63 947.17
2032.19 3199.37 3099.37 947.26
2031.9 3200.11 3100.11 947.35
2031.61 3200.85 3100.85 947.44
2031.32 3201.58 3101.58 947.53
2031.03 3202.32 3102.32 947.62
2030.75 3203.06 3103.06 947.71
2030.46 3203.8 3103.8 947.8
2030.18 3204.54 3104.54 947.89
2029.9 3205.28 3105.28 947.98
2029.62 3206.02 3106.02 948.07
2029.34 3206.75 3106.75 948.16
2029.06 3207.49 3107.49 948.25
2028.78 3208.23 3108.23 948.34
2028.51 3208.97 3108.97 948.43
2028.23 3209.71 3109.71 948.52
2027.96 3210.45 3110.45 948.61
2027.69 3211.18 3111.18 948.7
2027.42 3211.92 3111.92 948.79
2027.15 3212.66 3112.66 948.88
2026.88 3213.4 3113.4 948.97
2026.61 3214.14 3114.14 949.06
2026.35 3214.88 3114.88 949.15
2026.08 3215.62 3115.62 949.24
2025.82 3216.35 3116.35 949.33
2025.55 3217.09 3117.09 949.42
2025.29 3217.83 3117.83 949.51
2025.03 3218.57 3118.57 949.6
2024.77 3219.31 3119.31 949.69
2024.52 3220.05 3120.05 949.78
2024.26 3220.79 3120.79 949.87
2024 3221.52 3121.52 949.96
2023.75 3222.26 3122.26 950.05
2023.5 3223 3123 950.14
2023.24 3223.74 3123.74 950.23
2022.99 3224.48 3124.48 950.32
2022.74 3225.22 3125.22 950.41
2022.49 3225.95 3125.95 950.5
2022.25 3226.69 3126.69 950.59
2022 3227.43 3127.43 950.68
2021.75 3228.17 3128.17 950.77
2021.51 3228.91 3128.91 950.86
2021.26 3229.65 3129.65 950.95
2021.02 3230.39 3130.39 951.04
2020.78 3231.12 3131.12 951.13
2020.54 3231.86 3131.86 951.22
2020.3 3232.6 3132.6 951.31
2020.06 3233.34 3133.34 951.4
2019.82 3234.08 3134.08 951.49
2019.59 3234.82 3134.82 951.58
2019.35 3235.56 3135.56 951.67
2019.12 3236.29 3136.29 951.76
2018.89 3237.03 3137.03 951.85
2018.65 3237.77 3137.77 951.94
2018.42 3238.51 3138.51 952.03
2018.19 3239.25 3139.25 952.12
2017.96 3239.99 3139.99 952.21
2017.73 3240.72 3140.72 952.3
2017.51 3241.46 3141.46 952.39
2017.28 3242.2 3142.2 952.48
2017.05 3242.94 3142.94 952.57
2016.83 3243.68 3143.68 952.66
2016.61 3244.42 3144.42 952.75
2016.38 3245.16 3145.16 952.84
2016.16 3245.89 3145.89 952.93
2015.94 3246.63 3146.63 953.02
2015.72 3247.37 3147.37 953.11
2015.5 3248.11 3148.11 953.2
2015.28 3248.85 3148.85 953.29
2015.07 3249.59 3149.59 953.38
2014.85 3250.32 3150.32 953.47
2014.63 3251.06 3151.06 953.56
2014.42 3251.8 3151.8 953.65
2014.21 3252.54 3152.54 953.74
2013.99 3253.28 3153.28 953.83
2013.78 3254.02 3154.02 953.92
2013.57 3254.76 3154.76 954.01
2013.36 3255.49 3155.49 954.1
2013.15 3256.23 3156.23 954.19
2012.94 3256.97 3156.97 954.28
2012.73 3257.71 3157.71 954.37
2012.53 3258.45 3158.45 954.46
2012.32 3259.19 3159.19 954.55
2012.11 3259.93 3159.93 954.64
2011.91 3260.66 3160.66 954.73
2011.71 3261.4 3161.4 954.82
2011.5 3262.14 3162.14 954.91
2011.3 3262.88 3162.88 955
2011.1 3263.62 3163.62 955.09
2010.9 3264.36 3164.36 955.18
2010.7 3265.09 3165.09 955.27
2010.5 3265.83 3165.83 955.36
2010.3 3266.57 3166.57 955.45
2010.1 3267.31 3167.31 955.54
2009.91 3268.05 3168.05 955.63
2009.71 3268.79 3168.79 955.72
2009.52 3269.53 3169.53 955.81
2009.32 3270.26 3170.26 955.9
2009.13 3271 3171 955.99
2008.94 3271.74 3171.74 956.08
2008.74 3272.48 3172.48 956.17
2008.55 3273.22 3173.22 956.26
2008.36 3273.96 3173.96 956.35
2008.17 3274.7 3174.7 956.44
2007.98 3275.43 3175.43 956.53
2007.79 3276.17 3176.17 956.62
2007.6 3276.91 3176.91 956.71
2007.41 3277.65 3177.65 956.8
2007.23 3278.39 3178.39 956.89
2007.04 3279.13 3179.13 956.98
2006.86 3279.86 3179.86 957.07
2006.67 3280.6 3180.6 957.16
2006.49 3281.34 3181.34 957.25
2006.3 3282.08 3182.08 957.34
2006.12 3282.82 3182.82 957.43
2005.94 3283.56 3183.56 957.52
2005.76 3284.3 3184.3 957.61
2005.57 3285.03 3185.03 957.7
2005.39 3285.77 3185.77 957.79
2005.21 3286.51 3186.51 957.88
2005.03 3287.25 3187.25 957.97
2004.85 3287.99 3187.99 958.06
2004.68 3288.73 3188.73 958.15
2004.5 3289.46 3189.46 958.24
2004.32 3290.2 3190.2 958.33
2004.14 3290.94 3190.94 958.42
2003.97 3291.68 3191.68 958.51
2003.79 3292.42 3192.42 958.6
2003.62 3293.16 3193.16 958.69
2003.44 3293.9 3193.9 958.78
2003.27 3294.63 3194.63 958.87
2003.1 3295.37 3195.37 958.96
2002.92 3296.11 3196.11 959.05
2002.75 3296.85 3196.85 959.14
2002.58 3297.59 3197.59 959.23
2002.41 3298.33 3198.33 959.32
2002.24 3299.07 3199.07 959.41
2002.07 3299.8 3199.8 959.5
2001.9 3300.54 3200.54 959.59
2001.73 3301.28 3201.28 959.68
2001.56 3302.02 3202.02 959.77
2001.39 3302.76 3202.76 959.86
2001.22 3303.5 3203.5 959.95
2001.05 3304.23 3204.23 960.04
2000.89 3304.97 3204.97 960.13
2000.72 3305.71 3205.71 960.22
2000.55 3306.45 3206.45 960.31
2000.39 3307.19 3207.19 960.4
2000.22 3307.93 3207.93 960.49
2000.06 3308.67 3208.67 960.58
1999.89 3309.4 3209.4 960.67
1999.73 3310.14 3210.14 960.76
1999.56 3310.88 3210.88 960.85
1999.4 3311.62 3211.62 960.94
1999.24 3312.36 3212.36 961.03
1999.08 3313.1 3213.1 961.12
1998.91 3313.84 3213.84 961.21
1998.75 3314.57 3214.57 961.3
1998.59 3315.31 3215.31 961.39
1998.43 3316.05 3216.05 961.48
1998.27 3316.79 3216.79 961.57
1998.11 3317.53 3217.53 961.66
1997.95 3318.27 3218.27 961.75
1997.79 3319 3219 961.84
1997.63 3319.74 3219.74 961.93
1997.48 3320.48 3220.48 962.02
1997.32 3321.22 3221.22 962.11
1997.16 3321.96 3221.96 962.2
1997 3322.7 3222.7 962.29
1996.85 3323.44 3223.44 962.38
1996.69 3324.17 3224.17 962.47
1996.54 3324.91 3224.91 962.56
1996.38 3325.65 3225.65 962.65
1996.23 3326.39 3226.39 962.74
1996.07 3327.13 3227.13 962.83
1995.92 3327.87 3227.87 962.92
1995.77 3328.6 3228.6 963.01
1995.61 3329.34 3229.34 963.1
1995.46 3330.08 3230.08 963.19
1995.31 3330.82 3230.82 963.28
1995.16 3331.56 3231.56 963.37
1995.01 3332.3 3232.3 963.46
1994.86 3333.04 3233.04 963.55
1994.71 3333.77 3233.77 963.64
1994.56 3334.51 3234.51 963.73
1994.41 3335.25 3235.25 963.82
1994.26 3335.99 3235.99 963.91
1994.11 3336.73 3236.73 964
1993.96 3337.47 3237.47 964.09
1993.81 3338.21 3238.21 964.18
1993.67 3338.94 3238.94 964.27
1993.52 3339.68 3239.68 964.36
1993.37 3340.42 3240.42 964.45
1993.23 3341.16 3241.16 964.54
1993.08 3341.9 3241.9 964.63
1992.94 3342.64 3242.64 964.72
1992.79 3343.37 3243.37 964.81
1992.65 3344.11 3244.11 964.9
1992.5 3344.85 3244.85 964.99
1992.36 3345.59 3245.59 965.08
1992.22 3346.33 3246.33 965.17
1992.07 3347.07 3247.07 965.26
1991.93 3347.81 3247.81 965.35
1991.79 3348.54 3248.54 965.44
1991.65 3349.28 3249.28 965.53
1991.51 3350.02 3250.02 965.62
1991.37 3350.76 3250.76 965.71
1991.23 3351.5 3251.5 965.8
1991.09 3352.24 3252.24 965.89
1990.95 3352.98 3252.98 965.98
1990.81 3353.71 3253.71 966.07
1990.67 3354.45 3254.45 966.16
1990.53 3355.19 3255.19 966.25
1990.39 3355.93 3255.93 966.34
1990.26 3356.67 3256.67 966.43
1990.12 3357.41 3257.41 966.52
1989.98 3358.14 3258.14 966.61
1989.85 3358.88 3258.88 966.7
1989.71 3359.62 3259.62 966.79
1989.57 3360.36 3260.36 966.88
1989.44 3361.1 3261.1 966.97
1989.31 3361.84 3261.84 967.06
1989.17 3362.58 3262.58 967.15
1989.04 3363.31 3263.31 967.24
1988.9 3364.05 3264.05 967.33
1988.77 3364.79 3264.79 967.42
1988.64 3365.53 3265.53 967.51
1988.51 3366.27 3266.27 967.6
1988.38 3367.01 3267.01 967.69
1988.24 3367.74 3267.74 967.78
1988.11 3368.48 3268.48 967.87
1987.98 3369.22 3269.22 967.96
1987.85 3369.96 3269.96 968.05
1987.72 3370.7 3270.7 968.14
1987.59 3371.44 3271.44 968.23
1987.46 3372.18 3272.18 968.32
1987.34 3372.91 3272.91 968.41
1987.21 3373.65 3273.65 968.5
1987.08 3374.39 3274.39 968.59
1986.95 3375.13 3275.13 968.68
1986.83 3375.87 3275.87 968.77
1986.7 3376.61 3276.61 968.86
1986.57 3377.35 3277.35 968.95
1986.45 3378.08 3278.08 969.04
1986.32 3378.82 3278.82 969.13
1986.2 3379.56 3279.56 969.22
1986.07 3380.3 3280.3 969.31
1985.95 3381.04 3281.04 969.4
1985.83 3381.78 3281.78 969.49
1985.7 3382.51 3282.51 969.58
1985.58 3383.25 3283.25 969.67
1985.46 3383.99 3283.99 969.76
1985.33 3384.73 3284.73 969.85
1985.21 3385.47 3285.47 969.94
1985.09 3386.21 3286.21 970.03
1984.97 3386.95 3286.95 970.12
1984.85 3387.68 3287.68 970.21
1984.73 3388.42 3288.42 970.3
1984.61 3389.16 3289.16 970.39
1984.49 3389.9 3289.9 970.48
1984.37 3390.64 3290.64 970.57
1984.25 3391.38 3291.38 970.66
1984.13 3392.12 3292.12 970.75
1984.02 3392.85 3292.85 970.84
1983.9 3393.59 3293.59 970.93
1983.78 3394.33 3294.33 971.02
1983.66 3395.07 3295.07 971.11
1983.55 3395.81 3295.81 971.2
1983.43 3396.55 3296.55 971.29
1983.32 3397.28 3297.28 971.38
1983.2 3398.02 3298.02 971.47
1983.09 3398.76 3298.76 971.56
1982.97 3399.5 3299.5 971.65
1982.86 3400.24 3300.24 971.74
1982.74 3400.98 3300.98 971.83
1982.63 3401.72 3301.72 971.92
1982.52 3402.45 3302.45 972.01
1982.41 3403.19 3303.19 972.1
1982.29 3403.93 3303.93 972.19
1982.18 3404.67 3304.67 972.28
1982.07 3405.41 3305.41 972.37
1981.96 3406.15 3306.15 972.46
1981.85 3406.88 3306.88 972.55
1981.74 3407.62 3307.62 972.64
1981.63 3408.36 3308.36 972.73
1981.52 3409.1 3309.1 972.82
1981.41 3409.84 3309.84 972.91
1981.3 3410.58 3310.58 973
1981.19 3411.32 3311.32 973.09
1981.08 3412.05 3312.05 973.18
1980.98 3412.79 3312.79 973.27
1980.87 3413.53 3313.53 973.36
1980.76 3414.27 3314.27 973.45
1980.65 3415.01 3315.01 973.54
1980.55 3415.75 3315.75 973.63
1980.44 3416.49 3316.49 973.72
1980.34 3417.22 3317.22 973.81
1980.23 3417.96 3317.96 973.9
1980.13 3418.7 3318.7 973.99
1980.02 3419.44 3319.44 974.08
1979.92 3420.18 3320.18 974.17
1979.82 3420.92 3320.92 974.26
1979.71 3421.65 3321.65 974.35
1979.61 3422.39 3322.39 974.44
1979.51 3423.13 3323.13 974.53
1979.4 3423.87 3323.87 974.62
1979.3 3424.61 3324.61 974.71
1979.2 3425.35 3325.35 974.8
1979.1 3426.09 3326.09 974.89
1979 3426.82 3326.82 974.98
1978.9 3427.56 3327.56 975.07
1978.8 3428.3 3328.3 975.16
1978.7 3429.04 3329.04 975.25
1978.6 3429.78 3329.78 975.34
1978.5 3430.52 3330.52 975.43
1978.4 3431.26 3331.26 975.52
1978.3 3431.99 3331.99 975.61
1978.21 3432.73 3332.73 975.7
1978.11 3433.47 3333.47 975.79
1978.01 3434.21 3334.21 975.88
1977.91 3434.95 3334.95 975.97
1977.82 3435.69 3335.69 976.06
1977.72 3436.42 3336.42 976.15
1977.62 3437.16 3337.16 976.24
1977.53 3437.9 3337.9 976.33
1977.43 3438.64 3338.64 976.42
1977.34 3439.38 3339.38 976.51
1977.25 3440.12 3340.12 976.6
1977.15 3440.86 3340.86 976.69
1977.06 3441.59 3341.59 976.78
1976.96 3442.33 3342.33 976.87
1976.87 3443.07 3343.07 976.96
1976.78 3443.81 3343.81 977.05
1976.69 3444.55 3344.55 977.14
1976.59 3445.29 3345.29 977.23
1976.5 3446.02 3346.02 977.32
1976.41 3446.76 3346.76 977.41
1976.32 3447.5 3347.5 977.5
1976.23 3448.24 3348.24 977.59
1976.14 3448.98 3348.98 977.68
1976.05 3449.72 3349.72 977.77
1975.96 3450.46 3350.46 977.86
1975.87 3451.19 3351.19 977.95
1975.78 3451.93 3351.93 978.04
1975.69 3452.67 3352.67 978.13
1975.61 3453.41 3353.41 978.22
1975.52 3454.15 3354.15 978.31
1975.43 3454.89 3354.89 978.4
1975.34 3455.63 3355.63 978.49
1975.26 3456.36 3356.36 978.58
1975.17 3457.1 3357.1 978.67
1975.08 3457.84 3357.84 978.76
1975 3458.58 3358.58 978.85
1974.91 3459.32 3359.32 978.94
1974.83 3460.06 3360.06 979.03
1974.74 3460.79 3360.79 979.12
1974.66 3461.53 3361.53 979.21
1974.57 3462.27 3362.27 979.3
1974.49 3463.01 3363.01 979.39
1974.41 3463.75 3363.75 979.48
1974.32 3464.49 3364.49 979.57
1974.24 3465.23 3365.23 979.66
1974.16 3465.96 3365.96 979.75
1974.08 3466.7 3366.7 979.84
1973.99 3467.44 3367.44 979.93
1973.91 3468.18 3368.18 980.02
1973.83 3468.92 3368.92 980.11
1973.75 3469.66 3369.66 980.2
1973.67 3470.4 3370.4 980.29
1973.59 3471.13 3371.13 980.38
1973.51 3471.87 3371.87 980.47
1973.43 3472.61 3372.61 980.56
1973.35 3473.35 3373.35 980.65
1973.27 3474.09 3374.09 980.74
1973.19 3474.83 3374.83 980.83
1973.12 3475.56 3375.56 980.92
1973.04 3476.3 3376.3 981.01
1972.96 3477.04 3377.04 981.1
1972.88 3477.78 3377.78 981.19
1972.81 3478.52 3378.52 981.28
1972.73 3479.26 3379.26 981.37
1972.65 3480 3380 981.46
1972.58 3480.73 3380.73 981.55
1972.5 3481.47 3381.47 981.64
1972.43 3482.21 3382.21 981.73
1972.35 3482.95 3382.95 981.82
1972.28 3483.69 3383.69 981.91
1972.2 3484.43 3384.43 982
1972.13 3485.16 3385.16 982.09
1972.06 3485.9 3385.9 982.18
1971.98 3486.64 3386.64 982.27
1971.91 3487.38 3387.38 982.36
1971.84 3488.12 3388.12 982.45
1971.77 3488.86 3388.86 982.54
1971.69 3489.6 3389.6 982.63
1971.62 3490.33 3390.33 982.72
1971.55 3491.07 3391.07 982.81
1971.48 3491.81 3391.81 982.9
1971.41 3492.55 3392.55 982.99
1971.34 3493.29 3393.29 983.08
1971.27 3494.03 3394.03 983.17
1971.2 3494.77 3394.77 983.26
1971.13 3495.5 3395.5 983.35
1971.06 3496.24 3396.24 983.44
1970.99 3496.98 3396.98 983.53
1970.92 3497.72 3397.72 983.62
1970.85 3498.46 3398.46 983.71
1970.79 3499.2 3399.2 983.8
1970.72 3499.93 3399.93 983.89
1970.65 3500.67 3400.67 983.98
1970.58 3501.41 3401.41 984.07
1970.52 3502.15 3402.15 984.16
1970.45 3502.89 3402.89 984.25
1970.38 3503.63 3403.63 984.34
1970.32 3504.37 3404.37 984.43
1970.25 3505.1 3405.1 984.52
1970.19 3505.84 3405.84 984.61
1970.12 3506.58 3406.58 984.7
1970.06 3507.32 3407.32 984.79
1969.99 3508.06 3408.06 984.88
1969.93 3508.8 3408.8 984.97
1969.87 3509.54 3409.54 985.06
1969.8 3510.27 3410.27 985.15
1969.74 3511.01 3411.01 985.24
1969.68 3511.75 3411.75 985.33
1969.61 3512.49 3412.49 985.42
1969.55 3513.23 3413.23 985.51
1969.49 3513.97 3413.97 985.6
1969.43 3514.7 3414.7 985.69
1969.37 3515.44 3415.44 985.78
1969.31 3516.18 3416.18 985.87
1969.25 3516.92 3416.92 985.96
1969.19 3517.66 3417.66 986.05
1969.13 3518.4 3418.4 986.14
1969.07 3519.14 3419.14 986.23
1969.01 3519.87 3419.87 986.32
1968.95 3520.61 3420.61 986.41
1968.89 3521.35 3421.35 986.5
1968.83 3522.09 3422.09 986.59
1968.77 3522.83 3422.83 986.68
1968.71 3523.57 3423.57 986.77
1968.66 3524.3 3424.3 986.86
1968.6 3525.04 3425.04 986.95
1968.54 3525.78 3425.78 987.04
1968.48 3526.52 3426.52 987.13
1968.43 3527.26 3427.26 987.22
1968.37 3528 3428 987.31
1968.31 3528.74 3428.74 987.4
1968.26 3529.47 3429.47 987.49
1968.2 3530.21 3430.21 987.58
1968.15 3530.95 3430.95 987.67
1968.09 3531.69 3431.69 987.76
1968.04 3532.43 3432.43 987.85
1967.98 3533.17 3433.17 987.94
1967.93 3533.91 3433.91 988.03
1967.88 3534.64 3434.64 988.12
1967.82 3535.38 3435.38 988.21
1967.77 3536.12 3436.12 988.3
1967.72 3536.86 3436.86 988.39
1967.67 3537.6 3437.6 988.48
1967.61 3538.34 3438.34 988.57
1967.56 3539.07 3439.07 988.66
1967.51 3539.81 3439.81 988.75
1967.46 3540.55 3440.55 988.84
1967.41 3541.29 3441.29 988.93
1967.36 3542.03 3442.03 989.02
1967.31 3542.77 3442.77 989.11
1967.26 3543.51 3443.51 989.2
1967.21 3544.24 3444.24 989.29
1967.16 3544.98 3444.98 989.38
1967.11 3545.72 3445.72 989.47
1967.06 3546.46 3446.46 989.56
1967.01 3547.2 3447.2 989.65
1966.96 3547.94 3447.94 989.74
1966.91 3548.68 3448.68 989.83
1966.86 3549.41 3449.41 989.92
1966.81 3550.15 3450.15 990.01
1966.77 3550.89 3450.89 990.1
1966.72 3551.63 3451.63 990.19
1966.67 3552.37 3452.37 990.28
1966.63 3553.11 3453.11 990.37
1966.58 3553.84 3453.84 990.46
1966.53 3554.58 3454.58 990.55
1966.49 3555.32 3455.32 990.64
1966.44 3556.06 3456.06 990.73
1966.4 3556.8 3456.8 990.82
1966.35 3557.54 3457.54 990.91
1966.31 3558.28 3458.28 991
1966.26 3559.01 3459.01 991.09
1966.22 3559.75 3459.75 991.18
1966.17 3560.49 3460.49 991.27
1966.13 3561.23 3461.23 991.36
1966.09 3561.97 3461.97 991.45
1966.04 3562.71 3462.71 991.54
1966 3563.44 3463.44 991.63
1965.96 3564.18 3464.18 991.72
1965.92 3564.92 3464.92 991.81
1965.87 3565.66 3465.66 991.9
1965.83 3566.4 3466.4 991.99
1965.79 3567.14 3467.14 992.08
1965.75 3567.88 3467.88 992.17
1965.71 3568.61 3468.61 992.26
1965.67 3569.35 3469.35 992.35
1965.63 3570.09 3470.09 992.44
1965.59 3570.83 3470.83 992.53
1965.55 3571.57 3471.57 992.62
1965.51 3572.31 3472.31 992.71
1965.47 3573.05 3473.05 992.8
1965.43 3573.78 3473.78 992.89
1965.39 3574.52 3474.52 992.98
1965.35 3575.26 3475.26 993.07
1965.31 3576 3476 993.16
1965.27 3576.74 3476.74 993.25
1965.23 3577.48 3477.48 993.34
1965.2 3578.21 3478.21 993.43
1965.16 3578.95 3478.95 993.52
1965.12 3579.69 3479.69 993.61
1965.08 3580.43 3480.43 993.7
1965.05 3581.17 3481.17 993.79
1965.01 3581.91 3481.91 993.88
1964.98 3582.65 3482.65 993.97
1964.94 3583.38 3483.38 994.06
1964.9 3584.12 3484.12 994.15
1964.87 3584.86 3484.86 994.24
1964.83 3585.6 3485.6 994.33
1964.8 3586.34 3486.34 994.42
1964.76 3587.08 3487.08 994.51
1964.73 3587.82 3487.82 994.6
1964.69 3588.55 3488.55 994.69
1964.66 3589.29 3489.29 994.78
1964.63 3590.03 3490.03 994.87
1964.59 3590.77 3490.77 994.96
1964.56 3591.51 3491.51 995.05
1964.53 3592.25 3492.25 995.14
1964.49 3592.98 3492.98 995.23
1964.46 3593.72 3493.72 995.32
1964.43 3594.46 3494.46 995.41
1964.4 3595.2 3495.2 995.5
1964.37 3595.94 3495.94 995.59
1964.33 3596.68 3496.68 995.68
1964.3 3597.42 3497.42 995.77
1964.27 3598.15 3498.15 995.86
1964.24 3598.89 3498.89 995.95
1964.21 3599.63 3499.63 996.04
1964.18 3600.37 3500.37 996.13
1964.15 3601.11 3501.11 996.22
1964.12 3601.85 3501.85 996.31
1964.09 3602.58 3502.58 996.4
1964.06 3603.32 3503.32 996.49
1964.03 3604.06 3504.06 996.58
1964 3604.8 3504.8 996.67
1963.97 3605.54 3505.54 996.76
1963.95 3606.28 3506.28 996.85
1963.92 3607.02 3507.02 996.94
1963.89 3607.75 3507.75 997.03
1963.86 3608.49 3508.49 997.12
1963.83 3609.23 3509.23 997.21
1963.81 3609.97 3509.97 997.3
1963.78 3610.71 3510.71 997.39
1963.75 3611.45 3511.45 997.48
1963.73 3612.19 3512.19 997.57
1963.7 3612.92 3512.92 997.66
1963.67 3613.66 3513.66 997.75
1963.65 3614.4 3514.4 997.84
1963.62 3615.14 3515.14 997.93
1963.6 3615.88 3515.88 998.02
1963.57 3616.62 3516.62 998.11
1963.55 3617.35 3517.35 998.2
1963.52 3618.09 3518.09 998.29
1963.5 3618.83 3518.83 998.38
1963.47 3619.57 3519.57 998.47
1963.45 3620.31 3520.31 998.56
1963.43 3621.05 3521.05 998.65
1963.4 3621.79 3521.79 998.74
1963.38 3622.52 3522.52 998.83
1963.35 3623.26 3523.26 998.92
1963.33 3624 3524 999.01
1963.31 3624.74 3524.74 999.1
1963.29 3625.48 3525.48 999.19
1963.26 3626.22 3526.22 999.28
1963.24 3626.96 3526.96 999.37
1963.22 3627.69 3527.69 999.46
1963.2 3628.43 3528.43 999.55
1963.18 3629.17 3529.17 999.64
1963.16 3629.91 3529.91 999.73
1963.14 3630.65 3530.65 999.82
1963.11 3631.39 3531.39 999.91
1963.09 3632.12 3532.12 1000
