429.815 1241.53 1141.53 880
429.859 1241.63 1141.63 880.03
429.902 1241.74 1141.74 880.06
429.946 1241.85 1141.85 880.09
429.99 1241.96 1141.96 880.12
430.033 1242.07 1142.07 880.15
430.077 1242.18 1142.18 880.18
430.121 1242.28 1142.28 880.21
430.165 1242.39 1142.39 880.24
430.208 1242.5 1142.5 880.27
430.252 1242.61 1142.61 880.3
430.296 1242.72 1142.72 880.33
430.34 1242.82 1142.82 880.36
430.384 1242.93 1142.93 880.39
430.429 1243.04 1143.04 880.42
430.473 1243.15 1143.15 880.45
430.517 1243.26 1143.26 880.48
430.561 1243.37 1143.37 880.51
430.606 1243.47 1143.47 880.54
430.65 1243.58 1143.58 880.57
430.694 1243.69 1143.69 880.6
430.739 1243.8 1143.8 880.63
430.783 1243.91 1143.91 880.66
430.828 1244.02 1144.02 880.69
430.872 1244.12 1144.12 880.72
430.917 1244.23 1144.23 880.75
430.962 1244.34 1144.34 880.78
431.006 1244.45 1144.45 880.81
431.051 1244.56 1144.56 880.84
431.096 1244.67 1144.67 880.87
431.141 1244.77 1144.77 880.9
431.186 1244.88 1144.88 880.93
431.231 1244.99 1144.99 880.96
431.276 1245.1 1145.1 880.99
431.321 1245.21 1145.21 881.02
431.366 1245.31 1145.31 881.05
431.411 1245.42 1145.42 881.08
431.456 1245.53 1145.53 881.11
431.501 1245.64 1145.64 881.14
431.547 1245.75 1145.75 881.17
431.592 1245.86 1145.86 881.2
431.637 1245.96 1145.96 881.23
431.683 1246.07 1146.07 881.26
431.728 1246.18 1146.18 881.29
431.774 1246.29 1146.29 881.32
431.819 1246.4 1146.4 881.35
431.865 1246.51 1146.51 881.38
431.91 1246.61 1146.61 881.41
431.956 1246.72 1146.72 881.44
432.002 1246.83 1146.83 881.47
432.047 1246.94 1146.94 881.5
432.093 1247.05 1147.05 881.53
432.139 1247.16 1147.16 881.56
432.185 1247.26 1147.26 881.59
432.231 1247.37 1147.37 881.62
432.277 1247.48 1147.48 881.65
432.323 1247.59 1147.59 881.68
432.369 1247.7 1147.7 881.71
432.415 1247.8 1147.8 881.74
432.461 1247.91 1147.91 881.77
432.508 1248.02 1148.02 881.8
432.554 1248.13 1148.13 881.83
432.6 1248.24 1148.24 881.86
432.646 1248.35 1148.35 881.89
432.693 1248.45 1148.45 881.92
432.739 1248.56 1148.56 881.95
432.786 1248.67 1148.67 881.98
432.832 1248.78 1148.78 882.01
432.879 1248.89 1148.89 882.04
432.925 1249 1149 882.07
432.972 1249.1 1149.1 882.1
433.019 1249.21 1149.21 882.13
433.065 1249.32 1149.32 882.16
433.112 1249.43 1149.43 882.19
433.159 1249.54 1149.54 882.22
433.206 1249.64 1149.64 882.25
433.253 1249.75 1149.75 882.28
433.3 1249.86 1149.86 882.31
433.347 1249.97 1149.97 882.34
433.394 1250.08 1150.08 882.37
433.441 1250.19 1150.19 882.4
433.488 1250.29 1150.29 882.43
433.535 1250.4 1150.4 882.46
433.582 1250.51 1150.51 882.49
433.63 1250.62 1150.62 882.52
433.677 1250.73 1150.73 882.55
433.724 1250.84 1150.84 882.58
433.772 1250.94 1150.94 882.61
433.819 1251.05 1151.05 882.64
433.867 1251.16 1151.16 882.67
433.914 1251.27 1151.27 882.7
433.962 1251.38 1151.38 882.73
434.009 1251.49 1151.49 882.76
434.057 1251.59 1151.59 882.79
434.104 1251.7 1151.7 882.82
434.152 1251.81 1151.81 882.85
434.2 1251.92 1151.92 882.88
434.248 1252.03 1152.03 882.91
434.296 1252.13 1152.13 882.94
434.343 1252.24 1152.24 882.97
434.391 1252.35 1152.35 883
434.439 1252.46 1152.46 883.03
434.487 1252.57 1152.57 883.06
434.535 1252.68 1152.68 883.09
434.584 1252.78 1152.78 883.12
434.632 1252.89 1152.89 883.15
434.68 1253 1153 883.18
434.728 1253.11 1153.11 883.21
434.776 1253.22 1153.22 883.24
434.825 1253.33 1153.33 883.27
434.873 1253.43 1153.43 883.3
434.921 1253.54 1153.54 883.33
434.97 1253.65 1153.65 883.36
435.018 1253.76 1153.76 883.39
435.067 1253.87 1153.87 883.42
435.115 1253.98 1153.98 883.45
435.164 1254.08 1154.08 883.48
435.212 1254.19 1154.19 883.51
435.261 1254.3 1154.3 883.54
435.31 1254.41 1154.41 883.57
435.359 1254.52 1154.52 883.6
435.407 1254.62 1154.62 883.63
435.456 1254.73 1154.73 883.66
435.505 1254.84 1154.84 883.69
435.554 1254.95 1154.95 883.72
435.603 1255.06 1155.06 883.75
435.652 1255.17 1155.17 883.78
435.701 1255.27 1155.27 883.81
435.75 1255.38 1155.38 883.84
435.799 1255.49 1155.49 883.87
435.848 1255.6 1155.6 883.9
435.898 1255.71 1155.71 883.93
435.947 1255.82 1155.82 883.96
435.996 1255.92 1155.92 883.99
436.045 1256.03 1156.03 884.02
436.095 1256.14 1156.14 884.05
436.144 1256.25 1156.25 884.08
436.194 1256.36 1156.36 884.11
436.243 1256.47 1156.47 884.14
436.293 1256.57 1156.57 884.17
436.342 1256.68 1156.68 884.2
436.392 1256.79 1156.79 884.23
436.441 1256.9 1156.9 884.26
436.491 1257.01 1157.01 884.29
436.541 1257.11 1157.11 884.32
436.59 1257.22 1157.22 884.35
436.64 1257.33 1157.33 884.38
436.69 1257.44 1157.44 884.41
436.74 1257.55 1157.55 884.44
436.79 1257.66 1157.66 884.47
436.84 1257.76 1157.76 884.5
436.89 1257.87 1157.87 884.53
436.94 1257.98 1157.98 884.56
436.99 1258.09 1158.09 884.59
437.04 1258.2 1158.2 884.62
437.09 1258.31 1158.31 884.65
437.14 1258.41 1158.41 884.68
437.19 1258.52 1158.52 884.71
437.241 1258.63 1158.63 884.74
437.291 1258.74 1158.74 884.77
437.341 1258.85 1158.85 884.8
437.392 1258.96 1158.96 884.83
437.442 1259.06 1159.06 884.86
437.493 1259.17 1159.17 884.89
437.543 1259.28 1159.28 884.92
437.594 1259.39 1159.39 884.95
437.644 1259.5 1159.5 884.98
437.695 1259.6 1159.6 885.01
437.745 1259.71 1159.71 885.04
437.796 1259.82 1159.82 885.07
437.847 1259.93 1159.93 885.1
437.897 1260.04 1160.04 885.13
437.948 1260.15 1160.15 885.16
437.999 1260.25 1160.25 885.19
438.05 1260.36 1160.36 885.22
438.101 1260.47 1160.47 885.25
438.152 1260.58 1160.58 885.28
438.203 1260.69 1160.69 885.31
438.254 1260.8 1160.8 885.34
438.305 1260.9 1160.9 885.37
438.356 1261.01 1161.01 885.4
438.407 1261.12 1161.12 885.43
438.458 1261.23 1161.23 885.46
438.509 1261.34 1161.34 885.49
438.561 1261.45 1161.45 885.52
438.612 1261.55 1161.55 885.55
438.663 1261.66 1161.66 885.58
438.714 1261.77 1161.77 885.61
438.766 1261.88 1161.88 885.64
438.817 1261.99 1161.99 885.67
438.869 1262.09 1162.09 885.7
438.92 1262.2 1162.2 885.73
438.972 1262.31 1162.31 885.76
439.023 1262.42 1162.42 885.79
439.075 1262.53 1162.53 885.82
439.126 1262.64 1162.64 885.85
439.178 1262.74 1162.74 885.88
439.23 1262.85 1162.85 885.91
439.282 1262.96 1162.96 885.94
439.333 1263.07 1163.07 885.97
439.385 1263.18 1163.18 886
439.437 1263.29 1163.29 886.03
439.489 1263.39 1163.39 886.06
439.541 1263.5 1163.5 886.09
439.593 1263.61 1163.61 886.12
439.645 1263.72 1163.72 886.15
439.697 1263.83 1163.83 886.18
439.749 1263.94 1163.94 886.21
439.801 1264.04 1164.04 886.24
439.853 1264.15 1164.15 886.27
439.905 1264.26 1164.26 886.3
439.958 1264.37 1164.37 886.33
440.01 1264.48 1164.48 886.36
440.062 1264.58 1164.58 886.39
440.114 1264.69 1164.69 886.42
440.167 1264.8 1164.8 886.45
440.219 1264.91 1164.91 886.48
440.271 1265.02 1165.02 886.51
440.324 1265.13 1165.13 886.54
440.376 1265.23 1165.23 886.57
440.429 1265.34 1165.34 886.6
440.482 1265.45 1165.45 886.63
440.534 1265.56 1165.56 886.66
440.587 1265.67 1165.67 886.69
440.639 1265.78 1165.78 886.72
440.692 1265.88 1165.88 886.75
440.745 1265.99 1165.99 886.78
440.798 1266.1 1166.1 886.81
440.85 1266.21 1166.21 886.84
440.903 1266.32 1166.32 886.87
440.956 1266.43 1166.43 886.9
441.009 1266.53 1166.53 886.93
441.062 1266.64 1166.64 886.96
441.115 1266.75 1166.75 886.99
441.168 1266.86 1166.86 887.02
441.221 1266.97 1166.97 887.05
441.274 1267.07 1167.07 887.08
441.327 1267.18 1167.18 887.11
441.38 1267.29 1167.29 887.14
441.433 1267.4 1167.4 887.17
441.487 1267.51 1167.51 887.2
441.54 1267.62 1167.62 887.23
441.593 1267.72 1167.72 887.26
441.646 1267.83 1167.83 887.29
441.7 1267.94 1167.94 887.32
441.753 1268.05 1168.05 887.35
441.807 1268.16 1168.16 887.38
441.86 1268.27 1168.27 887.41
441.913 1268.37 1168.37 887.44
441.967 1268.48 1168.48 887.47
442.02 1268.59 1168.59 887.5
442.074 1268.7 1168.7 887.53
442.128 1268.81 1168.81 887.56
442.181 1268.91 1168.91 887.59
442.235 1269.02 1169.02 887.62
442.289 1269.13 1169.13 887.65
442.342 1269.24 1169.24 887.68
442.396 1269.35 1169.35 887.71
442.45 1269.46 1169.46 887.74
442.504 1269.56 1169.56 887.77
442.558 1269.67 1169.67 887.8
442.612 1269.78 1169.78 887.83
442.666 1269.89 1169.89 887.86
442.719 1270 1170 887.89
442.773 1270.11 1170.11 887.92
442.828 1270.21 1170.21 887.95
442.882 1270.32 1170.32 887.98
442.936 1270.43 1170.43 888.01
442.99 1270.54 1170.54 888.04
443.044 1270.65 1170.65 888.07
443.098 1270.76 1170.76 888.1
443.152 1270.86 1170.86 888.13
443.207 1270.97 1170.97 888.16
443.261 1271.08 1171.08 888.19
443.315 1271.19 1171.19 888.22
443.37 1271.3 1171.3 888.25
443.424 1271.4 1171.4 888.28
443.478 1271.51 1171.51 888.31
443.533 1271.62 1171.62 888.34
443.587 1271.73 1171.73 888.37
443.642 1271.84 1171.84 888.4
443.696 1271.95 1171.95 888.43
443.751 1272.05 1172.05 888.46
443.805 1272.16 1172.16 888.49
443.86 1272.27 1172.27 888.52
443.915 1272.38 1172.38 888.55
443.969 1272.49 1172.49 888.58
444.024 1272.6 1172.6 888.61
444.079 1272.7 1172.7 888.64
444.134 1272.81 1172.81 888.67
444.188 1272.92 1172.92 888.7
444.243 1273.03 1173.03 888.73
444.298 1273.14 1173.14 888.76
444.353 1273.25 1173.25 888.79
444.408 1273.35 1173.35 888.82
444.463 1273.46 1173.46 888.85
444.518 1273.57 1173.57 888.88
444.573 1273.68 1173.68 888.91
444.628 1273.79 1173.79 888.94
444.683 1273.89 1173.89 888.97
444.738 1274 1174 889
444.793 1274.11 1174.11 889.03
444.849 1274.22 1174.22 889.06
444.904 1274.33 1174.33 889.09
444.959 1274.44 1174.44 889.12
445.014 1274.54 1174.54 889.15
445.07 1274.65 1174.65 889.18
445.125 1274.76 1174.76 889.21
445.18 1274.87 1174.87 889.24
445.236 1274.98 1174.98 889.27
445.291 1275.09 1175.09 889.3
445.347 1275.19 1175.19 889.33
445.402 1275.3 1175.3 889.36
445.458 1275.41 1175.41 889.39
445.513 1275.52 1175.52 889.42
445.569 1275.63 1175.63 889.45
445.624 1275.74 1175.74 889.48
445.68 1275.84 1175.84 889.51
445.736 1275.95 1175.95 889.54
445.791 1276.06 1176.06 889.57
445.847 1276.17 1176.17 889.6
445.903 1276.28 1176.28 889.63
445.958 1276.38 1176.38 889.66
446.014 1276.49 1176.49 889.69
446.07 1276.6 1176.6 889.72
446.126 1276.71 1176.71 889.75
446.182 1276.82 1176.82 889.78
446.238 1276.93 1176.93 889.81
446.294 1277.03 1177.03 889.84
446.35 1277.14 1177.14 889.87
446.406 1277.25 1177.25 889.9
446.462 1277.36 1177.36 889.93
446.518 1277.47 1177.47 889.96
446.574 1277.58 1177.58 889.99
446.63 1277.68 1177.68 890.02
446.686 1277.79 1177.79 890.05
446.742 1277.9 1177.9 890.08
446.798 1278.01 1178.01 890.11
446.855 1278.12 1178.12 890.14
446.911 1278.23 1178.23 890.17
446.967 1278.33 1178.33 890.2
447.023 1278.44 1178.44 890.23
447.08 1278.55 1178.55 890.26
447.136 1278.66 1178.66 890.29
447.192 1278.77 1178.77 890.32
447.249 1278.87 1178.87 890.35
447.305 1278.98 1178.98 890.38
447.362 1279.09 1179.09 890.41
447.418 1279.2 1179.2 890.44
447.475 1279.31 1179.31 890.47
447.531 1279.42 1179.42 890.5
447.588 1279.52 1179.52 890.53
447.645 1279.63 1179.63 890.56
447.701 1279.74 1179.74 890.59
447.758 1279.85 1179.85 890.62
447.815 1279.96 1179.96 890.65
447.871 1280.07 1180.07 890.68
447.928 1280.17 1180.17 890.71
447.985 1280.28 1180.28 890.74
448.042 1280.39 1180.39 890.77
448.098 1280.5 1180.5 890.8
448.155 1280.61 1180.61 890.83
448.212 1280.72 1180.72 890.86
448.269 1280.82 1180.82 890.89
448.326 1280.93 1180.93 890.92
448.383 1281.04 1181.04 890.95
448.44 1281.15 1181.15 890.98
448.497 1281.26 1181.26 891.01
448.554 1281.36 1181.36 891.04
448.611 1281.47 1181.47 891.07
448.668 1281.58 1181.58 891.1
448.725 1281.69 1181.69 891.13
448.782 1281.8 1181.8 891.16
448.839 1281.91 1181.91 891.19
448.897 1282.01 1182.01 891.22
448.954 1282.12 1182.12 891.25
449.011 1282.23 1182.23 891.28
449.068 1282.34 1182.34 891.31
449.126 1282.45 1182.45 891.34
449.183 1282.56 1182.56 891.37
449.24 1282.66 1182.66 891.4
449.298 1282.77 1182.77 891.43
449.355 1282.88 1182.88 891.46
449.412 1282.99 1182.99 891.49
449.47 1283.1 1183.1 891.52
449.527 1283.21 1183.21 891.55
449.585 1283.31 1183.31 891.58
449.642 1283.42 1183.42 891.61
449.7 1283.53 1183.53 891.64
449.757 1283.64 1183.64 891.67
449.815 1283.75 1183.75 891.7
449.873 1283.85 1183.85 891.73
449.93 1283.96 1183.96 891.76
449.988 1284.07 1184.07 891.79
450.046 1284.18 1184.18 891.82
450.103 1284.29 1184.29 891.85
450.161 1284.4 1184.4 891.88
450.219 1284.5 1184.5 891.91
450.277 1284.61 1184.61 891.94
450.335 1284.72 1184.72 891.97
450.392 1284.83 1184.83 892
450.45 1284.94 1184.94 892.03
450.508 1285.05 1185.05 892.06
450.566 1285.15 1185.15 892.09
450.624 1285.26 1185.26 892.12
450.682 1285.37 1185.37 892.15
450.74 1285.48 1185.48 892.18
450.798 1285.59 1185.59 892.21
450.856 1285.69 1185.69 892.24
450.914 1285.8 1185.8 892.27
450.972 1285.91 1185.91 892.3
451.03 1286.02 1186.02 892.33
451.088 1286.13 1186.13 892.36
451.146 1286.24 1186.24 892.39
451.205 1286.34 1186.34 892.42
451.263 1286.45 1186.45 892.45
451.321 1286.56 1186.56 892.48
451.379 1286.67 1186.67 892.51
451.438 1286.78 1186.78 892.54
451.496 1286.89 1186.89 892.57
451.554 1286.99 1186.99 892.6
451.612 1287.1 1187.1 892.63
451.671 1287.21 1187.21 892.66
451.729 1287.32 1187.32 892.69
451.788 1287.43 1187.43 892.72
451.846 1287.54 1187.54 892.75
451.904 1287.64 1187.64 892.78
451.963 1287.75 1187.75 892.81
452.021 1287.86 1187.86 892.84
452.08 1287.97 1187.97 892.87
452.139 1288.08 1188.08 892.9
452.197 1288.18 1188.18 892.93
452.256 1288.29 1188.29 892.96
452.314 1288.4 1188.4 892.99
452.373 1288.51 1188.51 893.02
452.432 1288.62 1188.62 893.05
452.49 1288.73 1188.73 893.08
452.549 1288.83 1188.83 893.11
452.608 1288.94 1188.94 893.14
452.666 1289.05 1189.05 893.17
452.725 1289.16 1189.16 893.2
452.784 1289.27 1189.27 893.23
452.843 1289.38 1189.38 893.26
452.902 1289.48 1189.48 893.29
452.96 1289.59 1189.59 893.32
453.019 1289.7 1189.7 893.35
453.078 1289.81 1189.81 893.38
453.137 1289.92 1189.92 893.41
453.196 1290.03 1190.03 893.44
453.255 1290.13 1190.13 893.47
453.314 1290.24 1190.24 893.5
453.373 1290.35 1190.35 893.53
453.432 1290.46 1190.46 893.56
453.491 1290.57 1190.57 893.59
453.55 1290.67 1190.67 893.62
453.609 1290.78 1190.78 893.65
453.668 1290.89 1190.89 893.68
453.727 1291 1191 893.71
453.787 1291.11 1191.11 893.74
453.846 1291.22 1191.22 893.77
453.905 1291.32 1191.32 893.8
453.964 1291.43 1191.43 893.83
454.023 1291.54 1191.54 893.86
454.083 1291.65 1191.65 893.89
454.142 1291.76 1191.76 893.92
454.201 1291.87 1191.87 893.95
454.261 1291.97 1191.97 893.98
454.32 1292.08 1192.08 894.01
454.379 1292.19 1192.19 894.04
454.439 1292.3 1192.3 894.07
454.498 1292.41 1192.41 894.1
454.557 1292.52 1192.52 894.13
454.617 1292.62 1192.62 894.16
454.676 1292.73 1192.73 894.19
454.736 1292.84 1192.84 894.22
454.795 1292.95 1192.95 894.25
454.855 1293.06 1193.06 894.28
454.914 1293.16 1193.16 894.31
454.974 1293.27 1193.27 894.34
455.033 1293.38 1193.38 894.37
455.093 1293.49 1193.49 894.4
455.153 1293.6 1193.6 894.43
455.212 1293.71 1193.71 894.46
455.272 1293.81 1193.81 894.49
455.332 1293.92 1193.92 894.52
455.391 1294.03 1194.03 894.55
455.451 1294.14 1194.14 894.58
455.511 1294.25 1194.25 894.61
455.57 1294.36 1194.36 894.64
455.63 1294.46 1194.46 894.67
455.69 1294.57 1194.57 894.7
455.75 1294.68 1194.68 894.73
455.81 1294.79 1194.79 894.76
455.869 1294.9 1194.9 894.79
455.929 1295.01 1195.01 894.82
455.989 1295.11 1195.11 894.85
456.049 1295.22 1195.22 894.88
456.109 1295.33 1195.33 894.91
456.169 1295.44 1195.44 894.94
456.229 1295.55 1195.55 894.97
456.289 1295.65 1195.65 895
456.349 1295.76 1195.76 895.03
456.409 1295.87 1195.87 895.06
456.469 1295.98 1195.98 895.09
456.529 1296.09 1196.09 895.12
456.589 1296.2 1196.2 895.15
456.649 1296.3 1196.3 895.18
456.709 1296.41 1196.41 895.21
456.769 1296.52 1196.52 895.24
456.83 1296.63 1196.63 895.27
456.89 1296.74 1196.74 895.3
456.95 1296.85 1196.85 895.33
457.01 1296.95 1196.95 895.36
457.07 1297.06 1197.06 895.39
457.13 1297.17 1197.17 895.42
457.191 1297.28 1197.28 895.45
457.251 1297.39 1197.39 895.48
457.311 1297.5 1197.5 895.51
457.372 1297.6 1197.6 895.54
457.432 1297.71 1197.71 895.57
457.492 1297.82 1197.82 895.6
457.553 1297.93 1197.93 895.63
457.613 1298.04 1198.04 895.66
457.673 1298.14 1198.14 895.69
457.734 1298.25 1198.25 895.72
457.794 1298.36 1198.36 895.75
457.855 1298.47 1198.47 895.78
457.915 1298.58 1198.58 895.81
457.975 1298.69 1198.69 895.84
458.036 1298.79 1198.79 895.87
458.096 1298.9 1198.9 895.9
458.157 1299.01 1199.01 895.93
458.218 1299.12 1199.12 895.96
458.278 1299.23 1199.23 895.99
458.339 1299.34 1199.34 896.02
458.399 1299.44 1199.44 896.05
458.46 1299.55 1199.55 896.08
458.52 1299.66 1199.66 896.11
458.581 1299.77 1199.77 896.14
458.642 1299.88 1199.88 896.17
458.702 1299.99 1199.99 896.2
458.763 1300.09 1200.09 896.23
458.824 1300.2 1200.2 896.26
458.884 1300.31 1200.31 896.29
458.945 1300.42 1200.42 896.32
459.006 1300.53 1200.53 896.35
459.067 1300.63 1200.63 896.38
459.128 1300.74 1200.74 896.41
459.188 1300.85 1200.85 896.44
459.249 1300.96 1200.96 896.47
459.31 1301.07 1201.07 896.5
459.371 1301.18 1201.18 896.53
459.432 1301.28 1201.28 896.56
459.493 1301.39 1201.39 896.59
459.553 1301.5 1201.5 896.62
459.614 1301.61 1201.61 896.65
459.675 1301.72 1201.72 896.68
459.736 1301.83 1201.83 896.71
459.797 1301.93 1201.93 896.74
459.858 1302.04 1202.04 896.77
459.919 1302.15 1202.15 896.8
459.98 1302.26 1202.26 896.83
460.041 1302.37 1202.37 896.86
460.102 1302.48 1202.48 896.89
460.163 1302.58 1202.58 896.92
460.224 1302.69 1202.69 896.95
460.285 1302.8 1202.8 896.98
460.346 1302.91 1202.91 897.01
460.407 1303.02 1203.02 897.04
460.468 1303.12 1203.12 897.07
460.53 1303.23 1203.23 897.1
460.591 1303.34 1203.34 897.13
460.652 1303.45 1203.45 897.16
460.713 1303.56 1203.56 897.19
460.774 1303.67 1203.67 897.22
460.835 1303.77 1203.77 897.25
460.897 1303.88 1203.88 897.28
460.958 1303.99 1203.99 897.31
461.019 1304.1 1204.1 897.34
461.08 1304.21 1204.21 897.37
461.142 1304.32 1204.32 897.4
461.203 1304.42 1204.42 897.43
461.264 1304.53 1204.53 897.46
461.325 1304.64 1204.64 897.49
461.387 1304.75 1204.75 897.52
461.448 1304.86 1204.86 897.55
461.509 1304.96 1204.96 897.58
461.571 1305.07 1205.07 897.61
461.632 1305.18 1205.18 897.64
461.694 1305.29 1205.29 897.67
461.755 1305.4 1205.4 897.7
461.816 1305.51 1205.51 897.73
461.878 1305.61 1205.61 897.76
461.939 1305.72 1205.72 897.79
462.001 1305.83 1205.83 897.82
462.062 1305.94 1205.94 897.85
462.124 1306.05 1206.05 897.88
462.185 1306.16 1206.16 897.91
462.247 1306.26 1206.26 897.94
462.308 1306.37 1206.37 897.97
462.37 1306.48 1206.48 898
462.431 1306.59 1206.59 898.03
462.493 1306.7 1206.7 898.06
462.554 1306.81 1206.81 898.09
462.616 1306.91 1206.91 898.12
462.678 1307.02 1207.02 898.15
462.739 1307.13 1207.13 898.18
462.801 1307.24 1207.24 898.21
462.862 1307.35 1207.35 898.24
462.924 1307.45 1207.45 898.27
462.986 1307.56 1207.56 898.3
463.047 1307.67 1207.67 898.33
463.109 1307.78 1207.78 898.36
463.171 1307.89 1207.89 898.39
463.232 1308 1208 898.42
463.294 1308.1 1208.1 898.45
463.356 1308.21 1208.21 898.48
463.418 1308.32 1208.32 898.51
463.479 1308.43 1208.43 898.54
463.541 1308.54 1208.54 898.57
463.603 1308.65 1208.65 898.6
463.665 1308.75 1208.75 898.63
463.726 1308.86 1208.86 898.66
463.788 1308.97 1208.97 898.69
463.85 1309.08 1209.08 898.72
463.912 1309.19 1209.19 898.75
463.974 1309.3 1209.3 898.78
464.036 1309.4 1209.4 898.81
464.097 1309.51 1209.51 898.84
464.159 1309.62 1209.62 898.87
464.221 1309.73 1209.73 898.9
464.283 1309.84 1209.84 898.93
464.345 1309.94 1209.94 898.96
464.407 1310.05 1210.05 898.99
464.469 1310.16 1210.16 899.02
464.531 1310.27 1210.27 899.05
464.593 1310.38 1210.38 899.08
464.655 1310.49 1210.49 899.11
464.717 1310.59 1210.59 899.14
464.779 1310.7 1210.7 899.17
464.84 1310.81 1210.81 899.2
464.902 1310.92 1210.92 899.23
464.964 1311.03 1211.03 899.26
465.027 1311.14 1211.14 899.29
465.089 1311.24 1211.24 899.32
465.151 1311.35 1211.35 899.35
465.213 1311.46 1211.46 899.38
465.275 1311.57 1211.57 899.41
465.337 1311.68 1211.68 899.44
465.399 1311.79 1211.79 899.47
465.461 1311.89 1211.89 899.5
465.523 1312 1212 899.53
465.585 1312.11 1212.11 899.56
465.647 1312.22 1212.22 899.59
465.709 1312.33 1212.33 899.62
465.771 1312.43 1212.43 899.65
465.834 1312.54 1212.54 899.68
465.896 1312.65 1212.65 899.71
465.958 1312.76 1212.76 899.74
466.02 1312.87 1212.87 899.77
466.082 1312.98 1212.98 899.8
466.144 1313.08 1213.08 899.83
466.207 1313.19 1213.19 899.86
466.269 1313.3 1213.3 899.89
466.331 1313.41 1213.41 899.92
466.393 1313.52 1213.52 899.95
466.456 1313.63 1213.63 899.98
466.518 1313.73 1213.73 900.01
466.58 1313.84 1213.84 900.04
466.642 1313.95 1213.95 900.07
466.705 1314.06 1214.06 900.1
466.767 1314.17 1214.17 900.13
466.829 1314.28 1214.28 900.16
466.891 1314.38 1214.38 900.19
466.954 1314.49 1214.49 900.22
467.016 1314.6 1214.6 900.25
467.078 1314.71 1214.71 900.28
467.141 1314.82 1214.82 900.31
467.203 1314.92 1214.92 900.34
467.265 1315.03 1215.03 900.37
467.328 1315.14 1215.14 900.4
467.39 1315.25 1215.25 900.43
467.452 1315.36 1215.36 900.46
467.515 1315.47 1215.47 900.49
467.577 1315.57 1215.57 900.52
467.64 1315.68 1215.68 900.55
467.702 1315.79 1215.79 900.58
467.764 1315.9 1215.9 900.61
467.827 1316.01 1216.01 900.64
467.889 1316.12 1216.12 900.67
467.952 1316.22 1216.22 900.7
468.014 1316.33 1216.33 900.73
468.076 1316.44 1216.44 900.76
468.139 1316.55 1216.55 900.79
468.201 1316.66 1216.66 900.82
468.264 1316.77 1216.77 900.85
468.326 1316.87 1216.87 900.88
468.389 1316.98 1216.98 900.91
468.451 1317.09 1217.09 900.94
468.514 1317.2 1217.2 900.97
468.576 1317.31 1217.31 901
468.639 1317.41 1217.41 901.03
468.701 1317.52 1217.52 901.06
468.764 1317.63 1217.63 901.09
468.826 1317.74 1217.74 901.12
468.889 1317.85 1217.85 901.15
468.951 1317.96 1217.96 901.18
469.014 1318.06 1218.06 901.21
469.076 1318.17 1218.17 901.24
469.139 1318.28 1218.28 901.27
469.202 1318.39 1218.39 901.3
469.264 1318.5 1218.5 901.33
469.327 1318.61 1218.61 901.36
469.389 1318.71 1218.71 901.39
469.452 1318.82 1218.82 901.42
469.514 1318.93 1218.93 901.45
469.577 1319.04 1219.04 901.48
469.64 1319.15 1219.15 901.51
469.702 1319.26 1219.26 901.54
469.765 1319.36 1219.36 901.57
469.828 1319.47 1219.47 901.6
469.89 1319.58 1219.58 901.63
469.953 1319.69 1219.69 901.66
470.015 1319.8 1219.8 901.69
470.078 1319.9 1219.9 901.72
470.141 1320.01 1220.01 901.75
470.203 1320.12 1220.12 901.78
470.266 1320.23 1220.23 901.81
470.329 1320.34 1220.34 901.84
470.391 1320.45 1220.45 901.87
470.454 1320.55 1220.55 901.9
470.517 1320.66 1220.66 901.93
470.579 1320.77 1220.77 901.96
470.642 1320.88 1220.88 901.99
470.705 1320.99 1220.99 902.02
470.767 1321.1 1221.1 902.05
470.83 1321.2 1221.2 902.08
470.893 1321.31 1221.31 902.11
470.956 1321.42 1221.42 902.14
471.018 1321.53 1221.53 902.17
471.081 1321.64 1221.64 902.2
471.144 1321.74 1221.74 902.23
471.206 1321.85 1221.85 902.26
471.269 1321.96 1221.96 902.29
471.332 1322.07 1222.07 902.32
471.395 1322.18 1222.18 902.35
471.457 1322.29 1222.29 902.38
471.52 1322.39 1222.39 902.41
471.583 1322.5 1222.5 902.44
471.646 1322.61 1222.61 902.47
471.708 1322.72 1222.72 902.5
471.771 1322.83 1222.83 902.53
471.834 1322.94 1222.94 902.56
471.897 1323.04 1223.04 902.59
471.96 1323.15 1223.15 902.62
472.022 1323.26 1223.26 902.65
472.085 1323.37 1223.37 902.68
472.148 1323.48 1223.48 902.71
472.211 1323.59 1223.59 902.74
472.274 1323.69 1223.69 902.77
472.336 1323.8 1223.8 902.8
472.399 1323.91 1223.91 902.83
472.462 1324.02 1224.02 902.86
472.525 1324.13 1224.13 902.89
472.588 1324.23 1224.23 902.92
472.65 1324.34 1224.34 902.95
472.713 1324.45 1224.45 902.98
472.776 1324.56 1224.56 903.01
472.839 1324.67 1224.67 903.04
472.902 1324.78 1224.78 903.07
472.964 1324.88 1224.88 903.1
473.027 1324.99 1224.99 903.13
473.09 1325.1 1225.1 903.16
473.153 1325.21 1225.21 903.19
473.216 1325.32 1225.32 903.22
473.279 1325.43 1225.43 903.25
473.341 1325.53 1225.53 903.28
473.404 1325.64 1225.64 903.31
473.467 1325.75 1225.75 903.34
473.53 1325.86 1225.86 903.37
473.593 1325.97 1225.97 903.4
473.656 1326.08 1226.08 903.43
473.719 1326.18 1226.18 903.46
473.781 1326.29 1226.29 903.49
473.844 1326.4 1226.4 903.52
473.907 1326.51 1226.51 903.55
473.97 1326.62 1226.62 903.58
474.033 1326.72 1226.72 903.61
474.096 1326.83 1226.83 903.64
474.159 1326.94 1226.94 903.67
474.221 1327.05 1227.05 903.7
474.284 1327.16 1227.16 903.73
474.347 1327.27 1227.27 903.76
474.41 1327.37 1227.37 903.79
474.473 1327.48 1227.48 903.82
474.536 1327.59 1227.59 903.85
474.599 1327.7 1227.7 903.88
474.662 1327.81 1227.81 903.91
474.724 1327.92 1227.92 903.94
474.787 1328.02 1228.02 903.97
474.85 1328.13 1228.13 904
474.913 1328.24 1228.24 904.03
474.976 1328.35 1228.35 904.06
475.039 1328.46 1228.46 904.09
475.102 1328.57 1228.57 904.12
475.165 1328.67 1228.67 904.15
475.228 1328.78 1228.78 904.18
475.29 1328.89 1228.89 904.21
475.353 1329 1229 904.24
475.416 1329.11 1229.11 904.27
475.479 1329.21 1229.21 904.3
475.542 1329.32 1229.32 904.33
475.605 1329.43 1229.43 904.36
475.668 1329.54 1229.54 904.39
475.731 1329.65 1229.65 904.42
475.794 1329.76 1229.76 904.45
475.856 1329.86 1229.86 904.48
475.919 1329.97 1229.97 904.51
475.982 1330.08 1230.08 904.54
476.045 1330.19 1230.19 904.57
476.108 1330.3 1230.3 904.6
476.171 1330.41 1230.41 904.63
476.234 1330.51 1230.51 904.66
476.297 1330.62 1230.62 904.69
476.36 1330.73 1230.73 904.72
476.422 1330.84 1230.84 904.75
476.485 1330.95 1230.95 904.78
476.548 1331.06 1231.06 904.81
476.611 1331.16 1231.16 904.84
476.674 1331.27 1231.27 904.87
476.737 1331.38 1231.38 904.9
476.8 1331.49 1231.49 904.93
476.863 1331.6 1231.6 904.96
476.926 1331.7 1231.7 904.99
476.988 1331.81 1231.81 905.02
477.051 1331.92 1231.92 905.05
477.114 1332.03 1232.03 905.08
477.177 1332.14 1232.14 905.11
477.24 1332.25 1232.25 905.14
477.303 1332.35 1232.35 905.17
477.366 1332.46 1232.46 905.2
477.429 1332.57 1232.57 905.23
477.491 1332.68 1232.68 905.26
477.554 1332.79 1232.79 905.29
477.617 1332.9 1232.9 905.32
477.68 1333 1233 905.35
477.743 1333.11 1233.11 905.38
477.806 1333.22 1233.22 905.41
477.869 1333.33 1233.33 905.44
477.931 1333.44 1233.44 905.47
477.994 1333.55 1233.55 905.5
478.057 1333.65 1233.65 905.53
478.12 1333.76 1233.76 905.56
478.183 1333.87 1233.87 905.59
478.246 1333.98 1233.98 905.62
478.309 1334.09 1234.09 905.65
478.371 1334.19 1234.19 905.68
478.434 1334.3 1234.3 905.71
478.497 1334.41 1234.41 905.74
478.56 1334.52 1234.52 905.77
478.623 1334.63 1234.63 905.8
478.686 1334.74 1234.74 905.83
478.748 1334.84 1234.84 905.86
478.811 1334.95 1234.95 905.89
478.874 1335.06 1235.06 905.92
478.937 1335.17 1235.17 905.95
479 1335.28 1235.28 905.98
479.062 1335.39 1235.39 906.01
479.125 1335.49 1235.49 906.04
479.188 1335.6 1235.6 906.07
479.251 1335.71 1235.71 906.1
479.314 1335.82 1235.82 906.13
479.377 1335.93 1235.93 906.16
479.439 1336.04 1236.04 906.19
479.502 1336.14 1236.14 906.22
479.565 1336.25 1236.25 906.25
479.628 1336.36 1236.36 906.28
479.69 1336.47 1236.47 906.31
479.753 1336.58 1236.58 906.34
479.816 1336.68 1236.68 906.37
479.879 1336.79 1236.79 906.4
479.942 1336.9 1236.9 906.43
480.004 1337.01 1237.01 906.46
480.067 1337.12 1237.12 906.49
480.13 1337.23 1237.23 906.52
480.193 1337.33 1237.33 906.55
480.255 1337.44 1237.44 906.58
480.318 1337.55 1237.55 906.61
480.381 1337.66 1237.66 906.64
480.444 1337.77 1237.77 906.67
480.506 1337.88 1237.88 906.7
480.569 1337.98 1237.98 906.73
480.632 1338.09 1238.09 906.76
480.694 1338.2 1238.2 906.79
480.757 1338.31 1238.31 906.82
480.82 1338.42 1238.42 906.85
480.883 1338.53 1238.53 906.88
480.945 1338.63 1238.63 906.91
481.008 1338.74 1238.74 906.94
481.071 1338.85 1238.85 906.97
481.133 1338.96 1238.96 907
481.196 1339.07 1239.07 907.03
481.259 1339.17 1239.17 907.06
481.321 1339.28 1239.28 907.09
481.384 1339.39 1239.39 907.12
481.447 1339.5 1239.5 907.15
481.509 1339.61 1239.61 907.18
481.572 1339.72 1239.72 907.21
481.635 1339.82 1239.82 907.24
481.697 1339.93 1239.93 907.27
481.76 1340.04 1240.04 907.3
481.822 1340.15 1240.15 907.33
481.885 1340.26 1240.26 907.36
481.948 1340.37 1240.37 907.39
482.01 1340.47 1240.47 907.42
482.073 1340.58 1240.58 907.45
482.136 1340.69 1240.69 907.48
482.198 1340.8 1240.8 907.51
482.261 1340.91 1240.91 907.54
482.323 1341.01 1241.01 907.57
482.386 1341.12 1241.12 907.6
482.448 1341.23 1241.23 907.63
482.511 1341.34 1241.34 907.66
482.574 1341.45 1241.45 907.69
482.636 1341.56 1241.56 907.72
482.699 1341.66 1241.66 907.75
482.761 1341.77 1241.77 907.78
482.824 1341.88 1241.88 907.81
482.886 1341.99 1241.99 907.84
482.949 1342.1 1242.1 907.87
483.011 1342.21 1242.21 907.9
483.074 1342.31 1242.31 907.93
483.136 1342.42 1242.42 907.96
483.199 1342.53 1242.53 907.99
483.261 1342.64 1242.64 908.02
483.324 1342.75 1242.75 908.05
483.386 1342.86 1242.86 908.08
483.449 1342.96 1242.96 908.11
483.511 1343.07 1243.07 908.14
483.574 1343.18 1243.18 908.17
483.636 1343.29 1243.29 908.2
483.698 1343.4 1243.4 908.23
483.761 1343.5 1243.5 908.26
483.823 1343.61 1243.61 908.29
483.886 1343.72 1243.72 908.32
483.948 1343.83 1243.83 908.35
484.01 1343.94 1243.94 908.38
484.073 1344.05 1244.05 908.41
484.135 1344.15 1244.15 908.44
484.198 1344.26 1244.26 908.47
484.26 1344.37 1244.37 908.5
484.322 1344.48 1244.48 908.53
484.385 1344.59 1244.59 908.56
484.447 1344.7 1244.7 908.59
484.509 1344.8 1244.8 908.62
484.572 1344.91 1244.91 908.65
484.634 1345.02 1245.02 908.68
484.696 1345.13 1245.13 908.71
484.759 1345.24 1245.24 908.74
484.821 1345.35 1245.35 908.77
484.883 1345.45 1245.45 908.8
484.945 1345.56 1245.56 908.83
485.008 1345.67 1245.67 908.86
485.07 1345.78 1245.78 908.89
485.132 1345.89 1245.89 908.92
485.195 1345.99 1245.99 908.95
485.257 1346.1 1246.1 908.98
485.319 1346.21 1246.21 909.01
485.381 1346.32 1246.32 909.04
485.443 1346.43 1246.43 909.07
485.506 1346.54 1246.54 909.1
485.568 1346.64 1246.64 909.13
485.63 1346.75 1246.75 909.16
485.692 1346.86 1246.86 909.19
485.754 1346.97 1246.97 909.22
485.816 1347.08 1247.08 909.25
485.879 1347.19 1247.19 909.28
485.941 1347.29 1247.29 909.31
486.003 1347.4 1247.4 909.34
486.065 1347.51 1247.51 909.37
486.127 1347.62 1247.62 909.4
486.189 1347.73 1247.73 909.43
486.251 1347.84 1247.84 909.46
486.313 1347.94 1247.94 909.49
486.375 1348.05 1248.05 909.52
486.437 1348.16 1248.16 909.55
486.499 1348.27 1248.27 909.58
486.562 1348.38 1248.38 909.61
486.624 1348.48 1248.48 909.64
486.686 1348.59 1248.59 909.67
486.748 1348.7 1248.7 909.7
486.81 1348.81 1248.81 909.73
486.872 1348.92 1248.92 909.76
486.934 1349.03 1249.03 909.79
486.995 1349.13 1249.13 909.82
487.057 1349.24 1249.24 909.85
487.119 1349.35 1249.35 909.88
487.181 1349.46 1249.46 909.91
487.243 1349.57 1249.57 909.94
487.305 1349.68 1249.68 909.97
487.367 1349.78 1249.78 910
487.429 1349.89 1249.89 910.03
487.491 1350 1250 910.06
487.553 1350.11 1250.11 910.09
487.615 1350.22 1250.22 910.12
487.676 1350.33 1250.33 910.15
487.738 1350.43 1250.43 910.18
487.8 1350.54 1250.54 910.21
487.862 1350.65 1250.65 910.24
487.924 1350.76 1250.76 910.27
487.985 1350.87 1250.87 910.3
488.047 1350.97 1250.97 910.33
488.109 1351.08 1251.08 910.36
488.171 1351.19 1251.19 910.39
488.233 1351.3 1251.3 910.42
488.294 1351.41 1251.41 910.45
488.356 1351.52 1251.52 910.48
488.418 1351.62 1251.62 910.51
488.479 1351.73 1251.73 910.54
488.541 1351.84 1251.84 910.57
488.603 1351.95 1251.95 910.6
488.664 1352.06 1252.06 910.63
488.726 1352.17 1252.17 910.66
488.788 1352.27 1252.27 910.69
488.849 1352.38 1252.38 910.72
488.911 1352.49 1252.49 910.75
488.973 1352.6 1252.6 910.78
489.034 1352.71 1252.71 910.81
489.096 1352.82 1252.82 910.84
489.157 1352.92 1252.92 910.87
489.219 1353.03 1253.03 910.9
489.28 1353.14 1253.14 910.93
489.342 1353.25 1253.25 910.96
489.403 1353.36 1253.36 910.99
489.465 1353.46 1253.46 911.02
489.526 1353.57 1253.57 911.05
489.588 1353.68 1253.68 911.08
489.649 1353.79 1253.79 911.11
489.711 1353.9 1253.9 911.14
489.772 1354.01 1254.01 911.17
489.834 1354.11 1254.11 911.2
489.895 1354.22 1254.22 911.23
489.956 1354.33 1254.33 911.26
490.018 1354.44 1254.44 911.29
490.079 1354.55 1254.55 911.32
490.141 1354.66 1254.66 911.35
490.202 1354.76 1254.76 911.38
490.263 1354.87 1254.87 911.41
490.325 1354.98 1254.98 911.44
490.386 1355.09 1255.09 911.47
490.447 1355.2 1255.2 911.5
490.508 1355.31 1255.31 911.53
490.57 1355.41 1255.41 911.56
490.631 1355.52 1255.52 911.59
490.692 1355.63 1255.63 911.62
490.753 1355.74 1255.74 911.65
490.815 1355.85 1255.85 911.68
490.876 1355.95 1255.95 911.71
490.937 1356.06 1256.06 911.74
490.998 1356.17 1256.17 911.77
491.059 1356.28 1256.28 911.8
491.12 1356.39 1256.39 911.83
491.182 1356.5 1256.5 911.86
491.243 1356.6 1256.6 911.89
491.304 1356.71 1256.71 911.92
491.365 1356.82 1256.82 911.95
491.426 1356.93 1256.93 911.98
491.487 1357.04 1257.04 912.01
491.548 1357.15 1257.15 912.04
491.609 1357.25 1257.25 912.07
491.67 1357.36 1257.36 912.1
491.731 1357.47 1257.47 912.13
491.792 1357.58 1257.58 912.16
491.853 1357.69 1257.69 912.19
491.914 1357.79 1257.79 912.22
491.975 1357.9 1257.9 912.25
492.036 1358.01 1258.01 912.28
492.097 1358.12 1258.12 912.31
492.158 1358.23 1258.23 912.34
492.218 1358.34 1258.34 912.37
492.279 1358.44 1258.44 912.4
492.34 1358.55 1258.55 912.43
492.401 1358.66 1258.66 912.46
492.462 1358.77 1258.77 912.49
492.523 1358.88 1258.88 912.52
492.583 1358.99 1258.99 912.55
492.644 1359.09 1259.09 912.58
492.705 1359.2 1259.2 912.61
492.766 1359.31 1259.31 912.64
492.826 1359.42 1259.42 912.67
492.887 1359.53 1259.53 912.7
492.948 1359.64 1259.64 912.73
493.008 1359.74 1259.74 912.76
493.069 1359.85 1259.85 912.79
493.13 1359.96 1259.96 912.82
493.19 1360.07 1260.07 912.85
493.251 1360.18 1260.18 912.88
493.311 1360.28 1260.28 912.91
493.372 1360.39 1260.39 912.94
493.433 1360.5 1260.5 912.97
493.493 1360.61 1260.61 913
493.554 1360.72 1260.72 913.03
493.614 1360.83 1260.83 913.06
493.675 1360.93 1260.93 913.09
493.735 1361.04 1261.04 913.12
493.796 1361.15 1261.15 913.15
493.856 1361.26 1261.26 913.18
493.916 1361.37 1261.37 913.21
493.977 1361.48 1261.48 913.24
494.037 1361.58 1261.58 913.27
494.098 1361.69 1261.69 913.3
494.158 1361.8 1261.8 913.33
494.218 1361.91 1261.91 913.36
494.279 1362.02 1262.02 913.39
494.339 1362.13 1262.13 913.42
494.399 1362.23 1262.23 913.45
494.459 1362.34 1262.34 913.48
494.52 1362.45 1262.45 913.51
494.58 1362.56 1262.56 913.54
494.64 1362.67 1262.67 913.57
494.7 1362.77 1262.77 913.6
494.76 1362.88 1262.88 913.63
494.821 1362.99 1262.99 913.66
494.881 1363.1 1263.1 913.69
494.941 1363.21 1263.21 913.72
495.001 1363.32 1263.32 913.75
495.061 1363.42 1263.42 913.78
495.121 1363.53 1263.53 913.81
495.181 1363.64 1263.64 913.84
495.241 1363.75 1263.75 913.87
495.301 1363.86 1263.86 913.9
495.361 1363.97 1263.97 913.93
495.421 1364.07 1264.07 913.96
495.481 1364.18 1264.18 913.99
495.541 1364.29 1264.29 914.02
495.601 1364.4 1264.4 914.05
495.661 1364.51 1264.51 914.08
495.721 1364.62 1264.62 914.11
495.781 1364.72 1264.72 914.14
495.84 1364.83 1264.83 914.17
495.9 1364.94 1264.94 914.2
495.96 1365.05 1265.05 914.23
496.02 1365.16 1265.16 914.26
496.08 1365.26 1265.26 914.29
496.139 1365.37 1265.37 914.32
496.199 1365.48 1265.48 914.35
496.259 1365.59 1265.59 914.38
496.319 1365.7 1265.7 914.41
496.378 1365.81 1265.81 914.44
496.438 1365.91 1265.91 914.47
496.497 1366.02 1266.02 914.5
496.557 1366.13 1266.13 914.53
496.617 1366.24 1266.24 914.56
496.676 1366.35 1266.35 914.59
496.736 1366.46 1266.46 914.62
496.795 1366.56 1266.56 914.65
496.855 1366.67 1266.67 914.68
496.914 1366.78 1266.78 914.71
496.974 1366.89 1266.89 914.74
497.033 1367 1267 914.77
497.093 1367.11 1267.11 914.8
497.152 1367.21 1267.21 914.83
497.212 1367.32 1267.32 914.86
497.271 1367.43 1267.43 914.89
497.33 1367.54 1267.54 914.92
497.39 1367.65 1267.65 914.95
497.449 1367.75 1267.75 914.98
497.508 1367.86 1267.86 915.01
497.568 1367.97 1267.97 915.04
497.627 1368.08 1268.08 915.07
497.686 1368.19 1268.19 915.1
497.745 1368.3 1268.3 915.13
497.804 1368.4 1268.4 915.16
497.864 1368.51 1268.51 915.19
497.923 1368.62 1268.62 915.22
497.982 1368.73 1268.73 915.25
498.041 1368.84 1268.84 915.28
498.1 1368.95 1268.95 915.31
498.159 1369.05 1269.05 915.34
498.218 1369.16 1269.16 915.37
498.277 1369.27 1269.27 915.4
498.336 1369.38 1269.38 915.43
498.395 1369.49 1269.49 915.46
498.454 1369.6 1269.6 915.49
498.513 1369.7 1269.7 915.52
498.572 1369.81 1269.81 915.55
498.631 1369.92 1269.92 915.58
498.69 1370.03 1270.03 915.61
498.749 1370.14 1270.14 915.64
498.807 1370.24 1270.24 915.67
498.866 1370.35 1270.35 915.7
498.925 1370.46 1270.46 915.73
498.984 1370.57 1270.57 915.76
499.043 1370.68 1270.68 915.79
499.101 1370.79 1270.79 915.82
499.16 1370.89 1270.89 915.85
499.219 1371 1271 915.88
499.277 1371.11 1271.11 915.91
499.336 1371.22 1271.22 915.94
499.394 1371.33 1271.33 915.97
499.453 1371.44 1271.44 916
499.512 1371.54 1271.54 916.03
499.57 1371.65 1271.65 916.06
499.629 1371.76 1271.76 916.09
499.687 1371.87 1271.87 916.12
499.746 1371.98 1271.98 916.15
499.804 1372.09 1272.09 916.18
499.863 1372.19 1272.19 916.21
499.921 1372.3 1272.3 916.24
499.979 1372.41 1272.41 916.27
500.038 1372.52 1272.52 916.3
500.096 1372.63 1272.63 916.33
500.154 1372.73 1272.73 916.36
500.213 1372.84 1272.84 916.39
500.271 1372.95 1272.95 916.42
500.329 1373.06 1273.06 916.45
500.387 1373.17 1273.17 916.48
500.446 1373.28 1273.28 916.51
500.504 1373.38 1273.38 916.54
500.562 1373.49 1273.49 916.57
500.62 1373.6 1273.6 916.6
500.678 1373.71 1273.71 916.63
500.736 1373.82 1273.82 916.66
500.794 1373.93 1273.93 916.69
500.852 1374.03 1274.03 916.72
500.91 1374.14 1274.14 916.75
500.968 1374.25 1274.25 916.78
501.026 1374.36 1274.36 916.81
501.084 1374.47 1274.47 916.84
501.142 1374.57 1274.57 916.87
501.2 1374.68 1274.68 916.9
501.258 1374.79 1274.79 916.93
501.316 1374.9 1274.9 916.96
501.373 1375.01 1275.01 916.99
501.431 1375.12 1275.12 917.02
501.489 1375.22 1275.22 917.05
501.547 1375.33 1275.33 917.08
501.604 1375.44 1275.44 917.11
501.662 1375.55 1275.55 917.14
501.72 1375.66 1275.66 917.17
501.777 1375.77 1275.77 917.2
501.835 1375.87 1275.87 917.23
501.893 1375.98 1275.98 917.26
501.95 1376.09 1276.09 917.29
502.008 1376.2 1276.2 917.32
502.065 1376.31 1276.31 917.35
502.123 1376.42 1276.42 917.38
502.18 1376.52 1276.52 917.41
502.238 1376.63 1276.63 917.44
502.295 1376.74 1276.74 917.47
502.353 1376.85 1276.85 917.5
502.41 1376.96 1276.96 917.53
502.467 1377.06 1277.06 917.56
502.525 1377.17 1277.17 917.59
502.582 1377.28 1277.28 917.62
502.639 1377.39 1277.39 917.65
502.696 1377.5 1277.5 917.68
502.754 1377.61 1277.61 917.71
502.811 1377.71 1277.71 917.74
502.868 1377.82 1277.82 917.77
502.925 1377.93 1277.93 917.8
502.982 1378.04 1278.04 917.83
503.039 1378.15 1278.15 917.86
503.096 1378.26 1278.26 917.89
503.153 1378.36 1278.36 917.92
503.21 1378.47 1278.47 917.95
503.267 1378.58 1278.58 917.98
503.324 1378.69 1278.69 918.01
503.381 1378.8 1278.8 918.04
503.438 1378.91 1278.91 918.07
503.495 1379.01 1279.01 918.1
503.552 1379.12 1279.12 918.13
503.609 1379.23 1279.23 918.16
503.665 1379.34 1279.34 918.19
503.722 1379.45 1279.45 918.22
503.779 1379.55 1279.55 918.25
503.836 1379.66 1279.66 918.28
503.892 1379.77 1279.77 918.31
503.949 1379.88 1279.88 918.34
504.006 1379.99 1279.99 918.37
504.062 1380.1 1280.1 918.4
504.119 1380.2 1280.2 918.43
504.175 1380.31 1280.31 918.46
504.232 1380.42 1280.42 918.49
504.288 1380.53 1280.53 918.52
504.345 1380.64 1280.64 918.55
504.401 1380.75 1280.75 918.58
504.458 1380.85 1280.85 918.61
504.514 1380.96 1280.96 918.64
504.571 1381.07 1281.07 918.67
504.627 1381.18 1281.18 918.7
504.683 1381.29 1281.29 918.73
504.739 1381.4 1281.4 918.76
504.796 1381.5 1281.5 918.79
504.852 1381.61 1281.61 918.82
504.908 1381.72 1281.72 918.85
504.964 1381.83 1281.83 918.88
505.02 1381.94 1281.94 918.91
505.076 1382.04 1282.04 918.94
505.133 1382.15 1282.15 918.97
505.189 1382.26 1282.26 919
505.245 1382.37 1282.37 919.03
505.301 1382.48 1282.48 919.06
505.357 1382.59 1282.59 919.09
505.413 1382.69 1282.69 919.12
505.468 1382.8 1282.8 919.15
505.524 1382.91 1282.91 919.18
505.58 1383.02 1283.02 919.21
505.636 1383.13 1283.13 919.24
505.692 1383.24 1283.24 919.27
505.748 1383.34 1283.34 919.3
505.803 1383.45 1283.45 919.33
505.859 1383.56 1283.56 919.36
505.915 1383.67 1283.67 919.39
505.97 1383.78 1283.78 919.42
506.026 1383.89 1283.89 919.45
506.082 1383.99 1283.99 919.48
506.137 1384.1 1284.1 919.51
506.193 1384.21 1284.21 919.54
506.248 1384.32 1284.32 919.57
506.304 1384.43 1284.43 919.6
506.359 1384.53 1284.53 919.63
506.415 1384.64 1284.64 919.66
506.47 1384.75 1284.75 919.69
506.525 1384.86 1284.86 919.72
506.581 1384.97 1284.97 919.75
506.636 1385.08 1285.08 919.78
506.691 1385.18 1285.18 919.81
506.746 1385.29 1285.29 919.84
506.802 1385.4 1285.4 919.87
506.857 1385.51 1285.51 919.9
506.912 1385.62 1285.62 919.93
506.967 1385.73 1285.73 919.96
507.022 1385.83 1285.83 919.99
507.077 1385.94 1285.94 920.02
507.132 1386.05 1286.05 920.05
507.187 1386.16 1286.16 920.08
507.242 1386.27 1286.27 920.11
507.297 1386.38 1286.38 920.14
507.352 1386.48 1286.48 920.17
507.407 1386.59 1286.59 920.2
507.462 1386.7 1286.7 920.23
507.517 1386.81 1286.81 920.26
507.571 1386.92 1286.92 920.29
507.626 1387.02 1287.02 920.32
507.681 1387.13 1287.13 920.35
507.736 1387.24 1287.24 920.38
507.79 1387.35 1287.35 920.41
507.845 1387.46 1287.46 920.44
507.899 1387.57 1287.57 920.47
507.954 1387.67 1287.67 920.5
508.009 1387.78 1287.78 920.53
508.063 1387.89 1287.89 920.56
508.118 1388 1288 920.59
508.172 1388.11 1288.11 920.62
508.226 1388.22 1288.22 920.65
508.281 1388.32 1288.32 920.68
508.335 1388.43 1288.43 920.71
508.39 1388.54 1288.54 920.74
508.444 1388.65 1288.65 920.77
508.498 1388.76 1288.76 920.8
508.552 1388.87 1288.87 920.83
508.607 1388.97 1288.97 920.86
508.661 1389.08 1289.08 920.89
508.715 1389.19 1289.19 920.92
508.769 1389.3 1289.3 920.95
508.823 1389.41 1289.41 920.98
508.877 1389.51 1289.51 921.01
508.931 1389.62 1289.62 921.04
508.985 1389.73 1289.73 921.07
509.039 1389.84 1289.84 921.1
509.093 1389.95 1289.95 921.13
509.147 1390.06 1290.06 921.16
509.201 1390.16 1290.16 921.19
509.255 1390.27 1290.27 921.22
509.309 1390.38 1290.38 921.25
509.363 1390.49 1290.49 921.28
509.416 1390.6 1290.6 921.31
509.47 1390.71 1290.71 921.34
509.524 1390.81 1290.81 921.37
509.578 1390.92 1290.92 921.4
509.631 1391.03 1291.03 921.43
509.685 1391.14 1291.14 921.46
509.738 1391.25 1291.25 921.49
509.792 1391.36 1291.36 921.52
509.846 1391.46 1291.46 921.55
509.899 1391.57 1291.57 921.58
509.953 1391.68 1291.68 921.61
510.006 1391.79 1291.79 921.64
510.059 1391.9 1291.9 921.67
510.113 1392 1292 921.7
510.166 1392.11 1292.11 921.73
510.22 1392.22 1292.22 921.76
510.273 1392.33 1292.33 921.79
510.326 1392.44 1292.44 921.82
510.379 1392.55 1292.55 921.85
510.433 1392.65 1292.65 921.88
510.486 1392.76 1292.76 921.91
510.539 1392.87 1292.87 921.94
510.592 1392.98 1292.98 921.97
510.645 1393.09 1293.09 922
510.698 1393.2 1293.2 922.03
510.751 1393.3 1293.3 922.06
510.804 1393.41 1293.41 922.09
510.857 1393.52 1293.52 922.12
510.91 1393.63 1293.63 922.15
510.963 1393.74 1293.74 922.18
511.016 1393.84 1293.84 922.21
511.069 1393.95 1293.95 922.24
511.122 1394.06 1294.06 922.27
511.175 1394.17 1294.17 922.3
511.228 1394.28 1294.28 922.33
511.28 1394.39 1294.39 922.36
511.333 1394.49 1294.49 922.39
511.386 1394.6 1294.6 922.42
511.438 1394.71 1294.71 922.45
511.491 1394.82 1294.82 922.48
511.544 1394.93 1294.93 922.51
511.596 1395.04 1295.04 922.54
511.649 1395.14 1295.14 922.57
511.701 1395.25 1295.25 922.6
511.754 1395.36 1295.36 922.63
511.806 1395.47 1295.47 922.66
511.859 1395.58 1295.58 922.69
511.911 1395.69 1295.69 922.72
511.964 1395.79 1295.79 922.75
512.016 1395.9 1295.9 922.78
512.068 1396.01 1296.01 922.81
512.121 1396.12 1296.12 922.84
512.173 1396.23 1296.23 922.87
512.225 1396.33 1296.33 922.9
512.277 1396.44 1296.44 922.93
512.33 1396.55 1296.55 922.96
512.382 1396.66 1296.66 922.99
512.434 1396.77 1296.77 923.02
512.486 1396.88 1296.88 923.05
512.538 1396.98 1296.98 923.08
512.59 1397.09 1297.09 923.11
512.642 1397.2 1297.2 923.14
512.694 1397.31 1297.31 923.17
512.746 1397.42 1297.42 923.2
512.798 1397.53 1297.53 923.23
512.85 1397.63 1297.63 923.26
512.902 1397.74 1297.74 923.29
512.954 1397.85 1297.85 923.32
513.006 1397.96 1297.96 923.35
513.057 1398.07 1298.07 923.38
513.109 1398.18 1298.18 923.41
513.161 1398.28 1298.28 923.44
513.213 1398.39 1298.39 923.47
513.264 1398.5 1298.5 923.5
513.316 1398.61 1298.61 923.53
513.368 1398.72 1298.72 923.56
513.419 1398.82 1298.82 923.59
513.471 1398.93 1298.93 923.62
513.522 1399.04 1299.04 923.65
513.574 1399.15 1299.15 923.68
513.625 1399.26 1299.26 923.71
513.677 1399.37 1299.37 923.74
513.728 1399.47 1299.47 923.77
513.78 1399.58 1299.58 923.8
513.831 1399.69 1299.69 923.83
513.882 1399.8 1299.8 923.86
513.934 1399.91 1299.91 923.89
513.985 1400.02 1300.02 923.92
514.036 1400.12 1300.12 923.95
514.088 1400.23 1300.23 923.98
514.139 1400.34 1300.34 924.01
514.19 1400.45 1300.45 924.04
514.241 1400.56 1300.56 924.07
514.292 1400.67 1300.67 924.1
514.343 1400.77 1300.77 924.13
514.394 1400.88 1300.88 924.16
514.445 1400.99 1300.99 924.19
514.496 1401.1 1301.1 924.22
514.547 1401.21 1301.21 924.25
514.598 1401.31 1301.31 924.28
514.649 1401.42 1301.42 924.31
514.7 1401.53 1301.53 924.34
514.751 1401.64 1301.64 924.37
514.802 1401.75 1301.75 924.4
514.853 1401.86 1301.86 924.43
514.904 1401.96 1301.96 924.46
514.955 1402.07 1302.07 924.49
515.005 1402.18 1302.18 924.52
515.056 1402.29 1302.29 924.55
515.107 1402.4 1302.4 924.58
515.157 1402.51 1302.51 924.61
515.208 1402.61 1302.61 924.64
515.259 1402.72 1302.72 924.67
515.309 1402.83 1302.83 924.7
515.36 1402.94 1302.94 924.73
515.41 1403.05 1303.05 924.76
515.461 1403.16 1303.16 924.79
515.511 1403.26 1303.26 924.82
515.562 1403.37 1303.37 924.85
515.612 1403.48 1303.48 924.88
515.663 1403.59 1303.59 924.91
515.713 1403.7 1303.7 924.94
515.763 1403.8 1303.8 924.97
515.814 1403.91 1303.91 925
515.864 1404.02 1304.02 925.03
515.914 1404.13 1304.13 925.06
515.964 1404.24 1304.24 925.09
516.015 1404.35 1304.35 925.12
516.065 1404.45 1304.45 925.15
516.115 1404.56 1304.56 925.18
516.165 1404.67 1304.67 925.21
516.215 1404.78 1304.78 925.24
516.265 1404.89 1304.89 925.27
516.315 1405 1305 925.3
516.365 1405.1 1305.1 925.33
516.415 1405.21 1305.21 925.36
516.465 1405.32 1305.32 925.39
516.515 1405.43 1305.43 925.42
516.565 1405.54 1305.54 925.45
516.615 1405.65 1305.65 925.48
516.665 1405.75 1305.75 925.51
516.715 1405.86 1305.86 925.54
516.765 1405.97 1305.97 925.57
516.814 1406.08 1306.08 925.6
516.864 1406.19 1306.19 925.63
516.914 1406.29 1306.29 925.66
516.964 1406.4 1306.4 925.69
517.013 1406.51 1306.51 925.72
517.063 1406.62 1306.62 925.75
517.113 1406.73 1306.73 925.78
517.162 1406.84 1306.84 925.81
517.212 1406.94 1306.94 925.84
517.261 1407.05 1307.05 925.87
517.311 1407.16 1307.16 925.9
517.36 1407.27 1307.27 925.93
517.41 1407.38 1307.38 925.96
517.459 1407.49 1307.49 925.99
517.509 1407.59 1307.59 926.02
517.558 1407.7 1307.7 926.05
517.607 1407.81 1307.81 926.08
517.657 1407.92 1307.92 926.11
517.706 1408.03 1308.03 926.14
517.755 1408.14 1308.14 926.17
517.805 1408.24 1308.24 926.2
517.854 1408.35 1308.35 926.23
517.903 1408.46 1308.46 926.26
517.952 1408.57 1308.57 926.29
518.001 1408.68 1308.68 926.32
518.051 1408.78 1308.78 926.35
518.1 1408.89 1308.89 926.38
518.149 1409 1309 926.41
518.198 1409.11 1309.11 926.44
518.247 1409.22 1309.22 926.47
518.296 1409.33 1309.33 926.5
518.345 1409.43 1309.43 926.53
518.394 1409.54 1309.54 926.56
518.443 1409.65 1309.65 926.59
518.492 1409.76 1309.76 926.62
518.541 1409.87 1309.87 926.65
518.589 1409.98 1309.98 926.68
518.638 1410.08 1310.08 926.71
518.687 1410.19 1310.19 926.74
518.736 1410.3 1310.3 926.77
518.785 1410.41 1310.41 926.8
518.833 1410.52 1310.52 926.83
518.882 1410.62 1310.62 926.86
518.931 1410.73 1310.73 926.89
518.979 1410.84 1310.84 926.92
519.028 1410.95 1310.95 926.95
519.076 1411.06 1311.06 926.98
519.125 1411.17 1311.17 927.01
519.174 1411.27 1311.27 927.04
519.222 1411.38 1311.38 927.07
519.271 1411.49 1311.49 927.1
519.319 1411.6 1311.6 927.13
519.368 1411.71 1311.71 927.16
519.416 1411.82 1311.82 927.19
519.464 1411.92 1311.92 927.22
519.513 1412.03 1312.03 927.25
519.561 1412.14 1312.14 927.28
519.609 1412.25 1312.25 927.31
519.658 1412.36 1312.36 927.34
519.706 1412.47 1312.47 927.37
519.754 1412.57 1312.57 927.4
519.802 1412.68 1312.68 927.43
519.851 1412.79 1312.79 927.46
519.899 1412.9 1312.9 927.49
519.947 1413.01 1313.01 927.52
519.995 1413.11 1313.11 927.55
520.043 1413.22 1313.22 927.58
520.091 1413.33 1313.33 927.61
520.139 1413.44 1313.44 927.64
520.187 1413.55 1313.55 927.67
520.235 1413.66 1313.66 927.7
520.283 1413.76 1313.76 927.73
520.331 1413.87 1313.87 927.76
520.379 1413.98 1313.98 927.79
520.427 1414.09 1314.09 927.82
520.475 1414.2 1314.2 927.85
520.523 1414.31 1314.31 927.88
520.57 1414.41 1314.41 927.91
520.618 1414.52 1314.52 927.94
520.666 1414.63 1314.63 927.97
520.714 1414.74 1314.74 928
520.761 1414.85 1314.85 928.03
520.809 1414.96 1314.96 928.06
520.857 1415.06 1315.06 928.09
520.904 1415.17 1315.17 928.12
520.952 1415.28 1315.28 928.15
521 1415.39 1315.39 928.18
521.047 1415.5 1315.5 928.21
521.095 1415.6 1315.6 928.24
521.142 1415.71 1315.71 928.27
521.19 1415.82 1315.82 928.3
521.237 1415.93 1315.93 928.33
521.285 1416.04 1316.04 928.36
521.332 1416.15 1316.15 928.39
521.379 1416.25 1316.25 928.42
521.427 1416.36 1316.36 928.45
521.474 1416.47 1316.47 928.48
521.521 1416.58 1316.58 928.51
521.569 1416.69 1316.69 928.54
521.616 1416.8 1316.8 928.57
521.663 1416.9 1316.9 928.6
521.71 1417.01 1317.01 928.63
521.758 1417.12 1317.12 928.66
521.805 1417.23 1317.23 928.69
521.852 1417.34 1317.34 928.72
521.899 1417.45 1317.45 928.75
521.946 1417.55 1317.55 928.78
521.993 1417.66 1317.66 928.81
522.04 1417.77 1317.77 928.84
522.087 1417.88 1317.88 928.87
522.134 1417.99 1317.99 928.9
522.181 1418.09 1318.09 928.93
522.228 1418.2 1318.2 928.96
522.275 1418.31 1318.31 928.99
522.322 1418.42 1318.42 929.02
522.369 1418.53 1318.53 929.05
522.416 1418.64 1318.64 929.08
522.463 1418.74 1318.74 929.11
522.509 1418.85 1318.85 929.14
522.556 1418.96 1318.96 929.17
522.603 1419.07 1319.07 929.2
522.65 1419.18 1319.18 929.23
522.696 1419.29 1319.29 929.26
522.743 1419.39 1319.39 929.29
522.79 1419.5 1319.5 929.32
522.836 1419.61 1319.61 929.35
522.883 1419.72 1319.72 929.38
522.93 1419.83 1319.83 929.41
522.976 1419.94 1319.94 929.44
523.023 1420.04 1320.04 929.47
523.069 1420.15 1320.15 929.5
523.116 1420.26 1320.26 929.53
523.162 1420.37 1320.37 929.56
523.209 1420.48 1320.48 929.59
523.255 1420.58 1320.58 929.62
523.302 1420.69 1320.69 929.65
523.348 1420.8 1320.8 929.68
523.394 1420.91 1320.91 929.71
523.441 1421.02 1321.02 929.74
523.487 1421.13 1321.13 929.77
523.533 1421.23 1321.23 929.8
523.58 1421.34 1321.34 929.83
523.626 1421.45 1321.45 929.86
523.672 1421.56 1321.56 929.89
523.718 1421.67 1321.67 929.92
523.764 1421.78 1321.78 929.95
523.81 1421.88 1321.88 929.98
523.857 1421.99 1321.99 930.01
523.903 1422.1 1322.1 930.04
523.949 1422.21 1322.21 930.07
523.995 1422.32 1322.32 930.1
524.041 1422.43 1322.43 930.13
524.087 1422.53 1322.53 930.16
524.133 1422.64 1322.64 930.19
524.179 1422.75 1322.75 930.22
524.225 1422.86 1322.86 930.25
524.271 1422.97 1322.97 930.28
524.317 1423.07 1323.07 930.31
524.362 1423.18 1323.18 930.34
524.408 1423.29 1323.29 930.37
524.454 1423.4 1323.4 930.4
524.5 1423.51 1323.51 930.43
524.546 1423.62 1323.62 930.46
524.591 1423.72 1323.72 930.49
524.637 1423.83 1323.83 930.52
524.683 1423.94 1323.94 930.55
524.728 1424.05 1324.05 930.58
524.774 1424.16 1324.16 930.61
524.82 1424.27 1324.27 930.64
524.865 1424.37 1324.37 930.67
524.911 1424.48 1324.48 930.7
524.957 1424.59 1324.59 930.73
525.002 1424.7 1324.7 930.76
525.048 1424.81 1324.81 930.79
525.093 1424.92 1324.92 930.82
525.139 1425.02 1325.02 930.85
525.184 1425.13 1325.13 930.88
525.229 1425.24 1325.24 930.91
525.275 1425.35 1325.35 930.94
525.32 1425.46 1325.46 930.97
525.366 1425.56 1325.56 931
525.411 1425.67 1325.67 931.03
525.456 1425.78 1325.78 931.06
525.502 1425.89 1325.89 931.09
525.547 1426 1326 931.12
525.592 1426.11 1326.11 931.15
525.637 1426.21 1326.21 931.18
525.682 1426.32 1326.32 931.21
525.728 1426.43 1326.43 931.24
525.773 1426.54 1326.54 931.27
525.818 1426.65 1326.65 931.3
525.863 1426.76 1326.76 931.33
525.908 1426.86 1326.86 931.36
525.953 1426.97 1326.97 931.39
525.998 1427.08 1327.08 931.42
526.043 1427.19 1327.19 931.45
526.088 1427.3 1327.3 931.48
526.133 1427.41 1327.41 931.51
526.178 1427.51 1327.51 931.54
526.223 1427.62 1327.62 931.57
526.268 1427.73 1327.73 931.6
526.313 1427.84 1327.84 931.63
526.358 1427.95 1327.95 931.66
526.403 1428.05 1328.05 931.69
526.447 1428.16 1328.16 931.72
526.492 1428.27 1328.27 931.75
526.537 1428.38 1328.38 931.78
526.582 1428.49 1328.49 931.81
526.626 1428.6 1328.6 931.84
526.671 1428.7 1328.7 931.87
526.716 1428.81 1328.81 931.9
526.76 1428.92 1328.92 931.93
526.805 1429.03 1329.03 931.96
526.85 1429.14 1329.14 931.99
526.894 1429.25 1329.25 932.02
526.939 1429.35 1329.35 932.05
526.983 1429.46 1329.46 932.08
527.028 1429.57 1329.57 932.11
527.072 1429.68 1329.68 932.14
527.117 1429.79 1329.79 932.17
527.161 1429.89 1329.89 932.2
527.206 1430 1330 932.23
527.25 1430.11 1330.11 932.26
527.295 1430.22 1330.22 932.29
527.339 1430.33 1330.33 932.32
527.383 1430.44 1330.44 932.35
527.428 1430.54 1330.54 932.38
527.472 1430.65 1330.65 932.41
527.516 1430.76 1330.76 932.44
527.561 1430.87 1330.87 932.47
527.605 1430.98 1330.98 932.5
527.649 1431.09 1331.09 932.53
527.693 1431.19 1331.19 932.56
527.737 1431.3 1331.3 932.59
527.782 1431.41 1331.41 932.62
527.826 1431.52 1331.52 932.65
527.87 1431.63 1331.63 932.68
527.914 1431.74 1331.74 932.71
527.958 1431.84 1331.84 932.74
528.002 1431.95 1331.95 932.77
528.046 1432.06 1332.06 932.8
528.09 1432.17 1332.17 932.83
528.134 1432.28 1332.28 932.86
528.178 1432.38 1332.38 932.89
528.222 1432.49 1332.49 932.92
528.266 1432.6 1332.6 932.95
528.31 1432.71 1332.71 932.98
528.354 1432.82 1332.82 933.01
528.398 1432.93 1332.93 933.04
528.441 1433.03 1333.03 933.07
528.485 1433.14 1333.14 933.1
528.529 1433.25 1333.25 933.13
528.573 1433.36 1333.36 933.16
528.617 1433.47 1333.47 933.19
528.66 1433.58 1333.58 933.22
528.704 1433.68 1333.68 933.25
528.748 1433.79 1333.79 933.28
528.791 1433.9 1333.9 933.31
528.835 1434.01 1334.01 933.34
528.879 1434.12 1334.12 933.37
528.922 1434.23 1334.23 933.4
528.966 1434.33 1334.33 933.43
529.009 1434.44 1334.44 933.46
529.053 1434.55 1334.55 933.49
529.096 1434.66 1334.66 933.52
529.14 1434.77 1334.77 933.55
529.183 1434.87 1334.87 933.58
529.227 1434.98 1334.98 933.61
529.27 1435.09 1335.09 933.64
529.314 1435.2 1335.2 933.67
529.357 1435.31 1335.31 933.7
529.4 1435.42 1335.42 933.73
529.444 1435.52 1335.52 933.76
529.487 1435.63 1335.63 933.79
529.53 1435.74 1335.74 933.82
529.574 1435.85 1335.85 933.85
529.617 1435.96 1335.96 933.88
529.66 1436.07 1336.07 933.91
529.703 1436.17 1336.17 933.94
529.747 1436.28 1336.28 933.97
529.79 1436.39 1336.39 934
529.833 1436.5 1336.5 934.03
529.876 1436.61 1336.61 934.06
529.919 1436.72 1336.72 934.09
529.962 1436.82 1336.82 934.12
530.005 1436.93 1336.93 934.15
530.048 1437.04 1337.04 934.18
530.091 1437.15 1337.15 934.21
530.134 1437.26 1337.26 934.24
530.177 1437.36 1337.36 934.27
530.22 1437.47 1337.47 934.3
530.263 1437.58 1337.58 934.33
530.306 1437.69 1337.69 934.36
530.349 1437.8 1337.8 934.39
530.392 1437.91 1337.91 934.42
530.435 1438.01 1338.01 934.45
530.478 1438.12 1338.12 934.48
530.521 1438.23 1338.23 934.51
530.564 1438.34 1338.34 934.54
530.606 1438.45 1338.45 934.57
530.649 1438.56 1338.56 934.6
530.692 1438.66 1338.66 934.63
530.735 1438.77 1338.77 934.66
530.777 1438.88 1338.88 934.69
530.82 1438.99 1338.99 934.72
530.863 1439.1 1339.1 934.75
530.905 1439.21 1339.21 934.78
530.948 1439.31 1339.31 934.81
530.991 1439.42 1339.42 934.84
531.033 1439.53 1339.53 934.87
531.076 1439.64 1339.64 934.9
531.118 1439.75 1339.75 934.93
531.161 1439.85 1339.85 934.96
531.203 1439.96 1339.96 934.99
531.246 1440.07 1340.07 935.02
531.288 1440.18 1340.18 935.05
531.331 1440.29 1340.29 935.08
531.373 1440.4 1340.4 935.11
531.415 1440.5 1340.5 935.14
531.458 1440.61 1340.61 935.17
531.5 1440.72 1340.72 935.2
531.543 1440.83 1340.83 935.23
531.585 1440.94 1340.94 935.26
531.627 1441.05 1341.05 935.29
531.67 1441.15 1341.15 935.32
531.712 1441.26 1341.26 935.35
531.754 1441.37 1341.37 935.38
531.796 1441.48 1341.48 935.41
531.838 1441.59 1341.59 935.44
531.881 1441.7 1341.7 935.47
531.923 1441.8 1341.8 935.5
531.965 1441.91 1341.91 935.53
532.007 1442.02 1342.02 935.56
532.049 1442.13 1342.13 935.59
532.091 1442.24 1342.24 935.62
532.133 1442.34 1342.34 935.65
532.175 1442.45 1342.45 935.68
532.217 1442.56 1342.56 935.71
532.259 1442.67 1342.67 935.74
532.301 1442.78 1342.78 935.77
532.343 1442.89 1342.89 935.8
532.385 1442.99 1342.99 935.83
532.427 1443.1 1343.1 935.86
532.469 1443.21 1343.21 935.89
532.511 1443.32 1343.32 935.92
532.553 1443.43 1343.43 935.95
532.595 1443.54 1343.54 935.98
532.637 1443.64 1343.64 936.01
532.679 1443.75 1343.75 936.04
532.72 1443.86 1343.86 936.07
532.762 1443.97 1343.97 936.1
532.804 1444.08 1344.08 936.13
532.846 1444.19 1344.19 936.16
532.887 1444.29 1344.29 936.19
532.929 1444.4 1344.4 936.22
532.971 1444.51 1344.51 936.25
533.012 1444.62 1344.62 936.28
533.054 1444.73 1344.73 936.31
533.096 1444.83 1344.83 936.34
533.137 1444.94 1344.94 936.37
533.179 1445.05 1345.05 936.4
533.22 1445.16 1345.16 936.43
533.262 1445.27 1345.27 936.46
533.303 1445.38 1345.38 936.49
533.345 1445.48 1345.48 936.52
533.386 1445.59 1345.59 936.55
533.428 1445.7 1345.7 936.58
533.469 1445.81 1345.81 936.61
533.511 1445.92 1345.92 936.64
533.552 1446.03 1346.03 936.67
533.594 1446.13 1346.13 936.7
533.635 1446.24 1346.24 936.73
533.676 1446.35 1346.35 936.76
533.718 1446.46 1346.46 936.79
533.759 1446.57 1346.57 936.82
533.8 1446.67 1346.67 936.85
533.842 1446.78 1346.78 936.88
533.883 1446.89 1346.89 936.91
533.924 1447 1347 936.94
533.965 1447.11 1347.11 936.97
534.007 1447.22 1347.22 937
534.048 1447.32 1347.32 937.03
534.089 1447.43 1347.43 937.06
534.13 1447.54 1347.54 937.09
534.171 1447.65 1347.65 937.12
534.212 1447.76 1347.76 937.15
534.253 1447.87 1347.87 937.18
534.295 1447.97 1347.97 937.21
534.336 1448.08 1348.08 937.24
534.377 1448.19 1348.19 937.27
534.418 1448.3 1348.3 937.3
534.459 1448.41 1348.41 937.33
534.5 1448.52 1348.52 937.36
534.541 1448.62 1348.62 937.39
534.582 1448.73 1348.73 937.42
534.622 1448.84 1348.84 937.45
534.663 1448.95 1348.95 937.48
534.704 1449.06 1349.06 937.51
534.745 1449.16 1349.16 937.54
534.786 1449.27 1349.27 937.57
534.827 1449.38 1349.38 937.6
534.868 1449.49 1349.49 937.63
534.908 1449.6 1349.6 937.66
534.949 1449.71 1349.71 937.69
534.99 1449.81 1349.81 937.72
535.031 1449.92 1349.92 937.75
535.071 1450.03 1350.03 937.78
535.112 1450.14 1350.14 937.81
535.153 1450.25 1350.25 937.84
535.194 1450.36 1350.36 937.87
535.234 1450.46 1350.46 937.9
535.275 1450.57 1350.57 937.93
535.315 1450.68 1350.68 937.96
535.356 1450.79 1350.79 937.99
535.397 1450.9 1350.9 938.02
535.437 1451.01 1351.01 938.05
535.478 1451.11 1351.11 938.08
535.518 1451.22 1351.22 938.11
535.559 1451.33 1351.33 938.14
535.599 1451.44 1351.44 938.17
535.64 1451.55 1351.55 938.2
535.68 1451.65 1351.65 938.23
535.721 1451.76 1351.76 938.26
535.761 1451.87 1351.87 938.29
535.801 1451.98 1351.98 938.32
535.842 1452.09 1352.09 938.35
535.882 1452.2 1352.2 938.38
535.923 1452.3 1352.3 938.41
535.963 1452.41 1352.41 938.44
536.003 1452.52 1352.52 938.47
536.044 1452.63 1352.63 938.5
536.084 1452.74 1352.74 938.53
536.124 1452.85 1352.85 938.56
536.164 1452.95 1352.95 938.59
536.205 1453.06 1353.06 938.62
536.245 1453.17 1353.17 938.65
536.285 1453.28 1353.28 938.68
536.325 1453.39 1353.39 938.71
536.365 1453.5 1353.5 938.74
536.405 1453.6 1353.6 938.77
536.446 1453.71 1353.71 938.8
536.486 1453.82 1353.82 938.83
536.526 1453.93 1353.93 938.86
536.566 1454.04 1354.04 938.89
536.606 1454.14 1354.14 938.92
536.646 1454.25 1354.25 938.95
536.686 1454.36 1354.36 938.98
536.726 1454.47 1354.47 939.01
536.766 1454.58 1354.58 939.04
536.806 1454.69 1354.69 939.07
536.846 1454.79 1354.79 939.1
536.886 1454.9 1354.9 939.13
536.926 1455.01 1355.01 939.16
536.966 1455.12 1355.12 939.19
537.005 1455.23 1355.23 939.22
537.045 1455.34 1355.34 939.25
537.085 1455.44 1355.44 939.28
537.125 1455.55 1355.55 939.31
537.165 1455.66 1355.66 939.34
537.205 1455.77 1355.77 939.37
537.244 1455.88 1355.88 939.4
537.284 1455.99 1355.99 939.43
537.324 1456.09 1356.09 939.46
537.364 1456.2 1356.2 939.49
537.403 1456.31 1356.31 939.52
537.443 1456.42 1356.42 939.55
537.483 1456.53 1356.53 939.58
537.522 1456.63 1356.63 939.61
537.562 1456.74 1356.74 939.64
537.602 1456.85 1356.85 939.67
537.641 1456.96 1356.96 939.7
537.681 1457.07 1357.07 939.73
537.72 1457.18 1357.18 939.76
537.76 1457.28 1357.28 939.79
537.799 1457.39 1357.39 939.82
537.839 1457.5 1357.5 939.85
537.878 1457.61 1357.61 939.88
537.918 1457.72 1357.72 939.91
537.957 1457.83 1357.83 939.94
537.997 1457.93 1357.93 939.97
538.036 1458.04 1358.04 940
538.076 1458.15 1358.15 940.03
538.115 1458.26 1358.26 940.06
538.155 1458.37 1358.37 940.09
538.194 1458.48 1358.48 940.12
538.233 1458.58 1358.58 940.15
538.273 1458.69 1358.69 940.18
538.312 1458.8 1358.8 940.21
538.351 1458.91 1358.91 940.24
538.39 1459.02 1359.02 940.27
538.43 1459.12 1359.12 940.3
538.469 1459.23 1359.23 940.33
538.508 1459.34 1359.34 940.36
538.547 1459.45 1359.45 940.39
538.587 1459.56 1359.56 940.42
538.626 1459.67 1359.67 940.45
538.665 1459.77 1359.77 940.48
538.704 1459.88 1359.88 940.51
538.743 1459.99 1359.99 940.54
538.782 1460.1 1360.1 940.57
538.822 1460.21 1360.21 940.6
538.861 1460.32 1360.32 940.63
538.9 1460.42 1360.42 940.66
538.939 1460.53 1360.53 940.69
538.978 1460.64 1360.64 940.72
539.017 1460.75 1360.75 940.75
539.056 1460.86 1360.86 940.78
539.095 1460.97 1360.97 940.81
539.134 1461.07 1361.07 940.84
539.173 1461.18 1361.18 940.87
539.212 1461.29 1361.29 940.9
539.251 1461.4 1361.4 940.93
539.29 1461.51 1361.51 940.96
539.329 1461.61 1361.61 940.99
539.367 1461.72 1361.72 941.02
539.406 1461.83 1361.83 941.05
539.445 1461.94 1361.94 941.08
539.484 1462.05 1362.05 941.11
539.523 1462.16 1362.16 941.14
539.562 1462.26 1362.26 941.17
539.6 1462.37 1362.37 941.2
539.639 1462.48 1362.48 941.23
539.678 1462.59 1362.59 941.26
539.717 1462.7 1362.7 941.29
539.756 1462.81 1362.81 941.32
539.794 1462.91 1362.91 941.35
539.833 1463.02 1363.02 941.38
539.872 1463.13 1363.13 941.41
539.91 1463.24 1363.24 941.44
539.949 1463.35 1363.35 941.47
539.988 1463.46 1363.46 941.5
540.026 1463.56 1363.56 941.53
540.065 1463.67 1363.67 941.56
540.103 1463.78 1363.78 941.59
540.142 1463.89 1363.89 941.62
540.181 1464 1364 941.65
540.219 1464.1 1364.1 941.68
540.258 1464.21 1364.21 941.71
540.296 1464.32 1364.32 941.74
540.335 1464.43 1364.43 941.77
540.373 1464.54 1364.54 941.8
540.412 1464.65 1364.65 941.83
540.45 1464.75 1364.75 941.86
540.489 1464.86 1364.86 941.89
540.527 1464.97 1364.97 941.92
540.565 1465.08 1365.08 941.95
540.604 1465.19 1365.19 941.98
540.642 1465.3 1365.3 942.01
540.681 1465.4 1365.4 942.04
540.719 1465.51 1365.51 942.07
540.757 1465.62 1365.62 942.1
540.796 1465.73 1365.73 942.13
540.834 1465.84 1365.84 942.16
540.872 1465.94 1365.94 942.19
540.911 1466.05 1366.05 942.22
540.949 1466.16 1366.16 942.25
540.987 1466.27 1366.27 942.28
541.025 1466.38 1366.38 942.31
541.064 1466.49 1366.49 942.34
541.102 1466.59 1366.59 942.37
541.14 1466.7 1366.7 942.4
541.178 1466.81 1366.81 942.43
541.216 1466.92 1366.92 942.46
541.255 1467.03 1367.03 942.49
541.293 1467.14 1367.14 942.52
541.331 1467.24 1367.24 942.55
541.369 1467.35 1367.35 942.58
541.407 1467.46 1367.46 942.61
541.445 1467.57 1367.57 942.64
541.483 1467.68 1367.68 942.67
541.521 1467.79 1367.79 942.7
541.559 1467.89 1367.89 942.73
541.597 1468 1368 942.76
541.635 1468.11 1368.11 942.79
541.673 1468.22 1368.22 942.82
541.711 1468.33 1368.33 942.85
541.749 1468.43 1368.43 942.88
541.787 1468.54 1368.54 942.91
541.825 1468.65 1368.65 942.94
541.863 1468.76 1368.76 942.97
541.901 1468.87 1368.87 943
541.939 1468.98 1368.98 943.03
541.977 1469.08 1369.08 943.06
542.015 1469.19 1369.19 943.09
542.053 1469.3 1369.3 943.12
542.091 1469.41 1369.41 943.15
542.128 1469.52 1369.52 943.18
542.166 1469.63 1369.63 943.21
542.204 1469.73 1369.73 943.24
542.242 1469.84 1369.84 943.27
542.28 1469.95 1369.95 943.3
542.318 1470.06 1370.06 943.33
542.355 1470.17 1370.17 943.36
542.393 1470.28 1370.28 943.39
542.431 1470.38 1370.38 943.42
542.469 1470.49 1370.49 943.45
542.506 1470.6 1370.6 943.48
542.544 1470.71 1370.71 943.51
542.582 1470.82 1370.82 943.54
542.619 1470.92 1370.92 943.57
542.657 1471.03 1371.03 943.6
542.695 1471.14 1371.14 943.63
542.732 1471.25 1371.25 943.66
542.77 1471.36 1371.36 943.69
542.808 1471.47 1371.47 943.72
542.845 1471.57 1371.57 943.75
542.883 1471.68 1371.68 943.78
542.92 1471.79 1371.79 943.81
542.958 1471.9 1371.9 943.84
542.995 1472.01 1372.01 943.87
543.033 1472.12 1372.12 943.9
543.07 1472.22 1372.22 943.93
543.108 1472.33 1372.33 943.96
543.145 1472.44 1372.44 943.99
543.183 1472.55 1372.55 944.02
543.22 1472.66 1372.66 944.05
543.258 1472.77 1372.77 944.08
543.295 1472.87 1372.87 944.11
543.333 1472.98 1372.98 944.14
543.37 1473.09 1373.09 944.17
543.408 1473.2 1373.2 944.2
543.445 1473.31 1373.31 944.23
543.482 1473.41 1373.41 944.26
543.52 1473.52 1373.52 944.29
543.557 1473.63 1373.63 944.32
543.595 1473.74 1373.74 944.35
543.632 1473.85 1373.85 944.38
543.669 1473.96 1373.96 944.41
543.706 1474.06 1374.06 944.44
543.744 1474.17 1374.17 944.47
543.781 1474.28 1374.28 944.5
543.818 1474.39 1374.39 944.53
543.856 1474.5 1374.5 944.56
543.893 1474.61 1374.61 944.59
543.93 1474.71 1374.71 944.62
543.967 1474.82 1374.82 944.65
544.005 1474.93 1374.93 944.68
544.042 1475.04 1375.04 944.71
544.079 1475.15 1375.15 944.74
544.116 1475.26 1375.26 944.77
544.153 1475.36 1375.36 944.8
544.191 1475.47 1375.47 944.83
544.228 1475.58 1375.58 944.86
544.265 1475.69 1375.69 944.89
544.302 1475.8 1375.8 944.92
544.339 1475.9 1375.9 944.95
544.376 1476.01 1376.01 944.98
544.413 1476.12 1376.12 945.01
544.45 1476.23 1376.23 945.04
544.487 1476.34 1376.34 945.07
544.525 1476.45 1376.45 945.1
544.562 1476.55 1376.55 945.13
544.599 1476.66 1376.66 945.16
544.636 1476.77 1376.77 945.19
544.673 1476.88 1376.88 945.22
544.71 1476.99 1376.99 945.25
544.747 1477.1 1377.1 945.28
544.784 1477.2 1377.2 945.31
544.821 1477.31 1377.31 945.34
544.858 1477.42 1377.42 945.37
544.895 1477.53 1377.53 945.4
544.931 1477.64 1377.64 945.43
544.968 1477.75 1377.75 945.46
545.005 1477.85 1377.85 945.49
545.042 1477.96 1377.96 945.52
545.079 1478.07 1378.07 945.55
545.116 1478.18 1378.18 945.58
545.153 1478.29 1378.29 945.61
545.19 1478.39 1378.39 945.64
545.227 1478.5 1378.5 945.67
545.263 1478.61 1378.61 945.7
545.3 1478.72 1378.72 945.73
545.337 1478.83 1378.83 945.76
545.374 1478.94 1378.94 945.79
545.411 1479.04 1379.04 945.82
545.447 1479.15 1379.15 945.85
545.484 1479.26 1379.26 945.88
545.521 1479.37 1379.37 945.91
545.558 1479.48 1379.48 945.94
545.595 1479.59 1379.59 945.97
545.631 1479.69 1379.69 946
545.668 1479.8 1379.8 946.03
545.705 1479.91 1379.91 946.06
545.741 1480.02 1380.02 946.09
545.778 1480.13 1380.13 946.12
545.815 1480.24 1380.24 946.15
545.851 1480.34 1380.34 946.18
545.888 1480.45 1380.45 946.21
545.925 1480.56 1380.56 946.24
545.961 1480.67 1380.67 946.27
545.998 1480.78 1380.78 946.3
546.035 1480.88 1380.88 946.33
546.071 1480.99 1380.99 946.36
546.108 1481.1 1381.1 946.39
546.145 1481.21 1381.21 946.42
546.181 1481.32 1381.32 946.45
546.218 1481.43 1381.43 946.48
546.254 1481.53 1381.53 946.51
546.291 1481.64 1381.64 946.54
546.327 1481.75 1381.75 946.57
546.364 1481.86 1381.86 946.6
546.4 1481.97 1381.97 946.63
546.437 1482.08 1382.08 946.66
546.473 1482.18 1382.18 946.69
546.51 1482.29 1382.29 946.72
546.546 1482.4 1382.4 946.75
546.583 1482.51 1382.51 946.78
546.619 1482.62 1382.62 946.81
546.656 1482.72 1382.72 946.84
546.692 1482.83 1382.83 946.87
546.729 1482.94 1382.94 946.9
546.765 1483.05 1383.05 946.93
546.802 1483.16 1383.16 946.96
546.838 1483.27 1383.27 946.99
546.874 1483.37 1383.37 947.02
546.911 1483.48 1383.48 947.05
546.947 1483.59 1383.59 947.08
546.984 1483.7 1383.7 947.11
547.02 1483.81 1383.81 947.14
547.056 1483.92 1383.92 947.17
547.093 1484.02 1384.02 947.2
547.129 1484.13 1384.13 947.23
547.165 1484.24 1384.24 947.26
547.202 1484.35 1384.35 947.29
547.238 1484.46 1384.46 947.32
547.274 1484.57 1384.57 947.35
547.311 1484.67 1384.67 947.38
547.347 1484.78 1384.78 947.41
547.383 1484.89 1384.89 947.44
547.419 1485 1385 947.47
547.456 1485.11 1385.11 947.5
547.492 1485.21 1385.21 947.53
547.528 1485.32 1385.32 947.56
547.564 1485.43 1385.43 947.59
547.601 1485.54 1385.54 947.62
547.637 1485.65 1385.65 947.65
547.673 1485.76 1385.76 947.68
547.709 1485.86 1385.86 947.71
547.746 1485.97 1385.97 947.74
547.782 1486.08 1386.08 947.77
547.818 1486.19 1386.19 947.8
547.854 1486.3 1386.3 947.83
547.89 1486.41 1386.41 947.86
547.926 1486.51 1386.51 947.89
547.963 1486.62 1386.62 947.92
547.999 1486.73 1386.73 947.95
548.035 1486.84 1386.84 947.98
548.071 1486.95 1386.95 948.01
548.107 1487.06 1387.06 948.04
548.143 1487.16 1387.16 948.07
548.179 1487.27 1387.27 948.1
548.215 1487.38 1387.38 948.13
548.251 1487.49 1387.49 948.16
548.287 1487.6 1387.6 948.19
548.323 1487.7 1387.7 948.22
548.36 1487.81 1387.81 948.25
548.396 1487.92 1387.92 948.28
548.432 1488.03 1388.03 948.31
548.468 1488.14 1388.14 948.34
548.504 1488.25 1388.25 948.37
548.54 1488.35 1388.35 948.4
548.576 1488.46 1388.46 948.43
548.612 1488.57 1388.57 948.46
548.648 1488.68 1388.68 948.49
548.684 1488.79 1388.79 948.52
548.72 1488.9 1388.9 948.55
548.756 1489 1389 948.58
548.792 1489.11 1389.11 948.61
548.828 1489.22 1389.22 948.64
548.864 1489.33 1389.33 948.67
548.899 1489.44 1389.44 948.7
548.935 1489.55 1389.55 948.73
548.971 1489.65 1389.65 948.76
549.007 1489.76 1389.76 948.79
549.043 1489.87 1389.87 948.82
549.079 1489.98 1389.98 948.85
549.115 1490.09 1390.09 948.88
549.151 1490.19 1390.19 948.91
549.187 1490.3 1390.3 948.94
549.223 1490.41 1390.41 948.97
549.258 1490.52 1390.52 949
549.294 1490.63 1390.63 949.03
549.33 1490.74 1390.74 949.06
549.366 1490.84 1390.84 949.09
549.402 1490.95 1390.95 949.12
549.438 1491.06 1391.06 949.15
549.473 1491.17 1391.17 949.18
549.509 1491.28 1391.28 949.21
549.545 1491.39 1391.39 949.24
549.581 1491.49 1391.49 949.27
549.617 1491.6 1391.6 949.3
549.653 1491.71 1391.71 949.33
549.688 1491.82 1391.82 949.36
549.724 1491.93 1391.93 949.39
549.76 1492.04 1392.04 949.42
549.796 1492.14 1392.14 949.45
549.831 1492.25 1392.25 949.48
549.867 1492.36 1392.36 949.51
549.903 1492.47 1392.47 949.54
549.939 1492.58 1392.58 949.57
549.974 1492.68 1392.68 949.6
550.01 1492.79 1392.79 949.63
550.046 1492.9 1392.9 949.66
550.081 1493.01 1393.01 949.69
550.117 1493.12 1393.12 949.72
550.153 1493.23 1393.23 949.75
550.189 1493.33 1393.33 949.78
550.224 1493.44 1393.44 949.81
550.26 1493.55 1393.55 949.84
550.296 1493.66 1393.66 949.87
550.331 1493.77 1393.77 949.9
550.367 1493.88 1393.88 949.93
550.403 1493.98 1393.98 949.96
550.438 1494.09 1394.09 949.99
550.474 1494.2 1394.2 950.02
550.51 1494.31 1394.31 950.05
550.545 1494.42 1394.42 950.08
550.581 1494.53 1394.53 950.11
550.616 1494.63 1394.63 950.14
550.652 1494.74 1394.74 950.17
550.688 1494.85 1394.85 950.2
550.723 1494.96 1394.96 950.23
550.759 1495.07 1395.07 950.26
550.794 1495.17 1395.17 950.29
550.83 1495.28 1395.28 950.32
550.866 1495.39 1395.39 950.35
550.901 1495.5 1395.5 950.38
550.937 1495.61 1395.61 950.41
550.972 1495.72 1395.72 950.44
551.008 1495.82 1395.82 950.47
551.043 1495.93 1395.93 950.5
551.079 1496.04 1396.04 950.53
551.114 1496.15 1396.15 950.56
551.15 1496.26 1396.26 950.59
551.186 1496.37 1396.37 950.62
551.221 1496.47 1396.47 950.65
551.257 1496.58 1396.58 950.68
551.292 1496.69 1396.69 950.71
551.328 1496.8 1396.8 950.74
551.363 1496.91 1396.91 950.77
551.399 1497.02 1397.02 950.8
551.434 1497.12 1397.12 950.83
551.47 1497.23 1397.23 950.86
551.505 1497.34 1397.34 950.89
551.541 1497.45 1397.45 950.92
551.576 1497.56 1397.56 950.95
551.612 1497.66 1397.66 950.98
551.647 1497.77 1397.77 951.01
551.682 1497.88 1397.88 951.04
551.718 1497.99 1397.99 951.07
551.753 1498.1 1398.1 951.1
551.789 1498.21 1398.21 951.13
551.824 1498.31 1398.31 951.16
551.86 1498.42 1398.42 951.19
551.895 1498.53 1398.53 951.22
551.93 1498.64 1398.64 951.25
551.966 1498.75 1398.75 951.28
552.001 1498.86 1398.86 951.31
552.037 1498.96 1398.96 951.34
552.072 1499.07 1399.07 951.37
552.108 1499.18 1399.18 951.4
552.143 1499.29 1399.29 951.43
552.178 1499.4 1399.4 951.46
552.214 1499.51 1399.51 951.49
552.249 1499.61 1399.61 951.52
552.284 1499.72 1399.72 951.55
552.32 1499.83 1399.83 951.58
552.355 1499.94 1399.94 951.61
552.391 1500.05 1400.05 951.64
552.426 1500.15 1400.15 951.67
552.461 1500.26 1400.26 951.7
552.497 1500.37 1400.37 951.73
552.532 1500.48 1400.48 951.76
552.567 1500.59 1400.59 951.79
552.603 1500.7 1400.7 951.82
552.638 1500.8 1400.8 951.85
552.673 1500.91 1400.91 951.88
552.709 1501.02 1401.02 951.91
552.744 1501.13 1401.13 951.94
552.779 1501.24 1401.24 951.97
552.815 1501.35 1401.35 952
552.85 1501.45 1401.45 952.03
552.885 1501.56 1401.56 952.06
552.921 1501.67 1401.67 952.09
552.956 1501.78 1401.78 952.12
552.991 1501.89 1401.89 952.15
553.026 1501.99 1401.99 952.18
553.062 1502.1 1402.1 952.21
553.097 1502.21 1402.21 952.24
553.132 1502.32 1402.32 952.27
553.168 1502.43 1402.43 952.3
553.203 1502.54 1402.54 952.33
553.238 1502.64 1402.64 952.36
553.273 1502.75 1402.75 952.39
553.309 1502.86 1402.86 952.42
553.344 1502.97 1402.97 952.45
553.379 1503.08 1403.08 952.48
553.414 1503.19 1403.19 952.51
553.45 1503.29 1403.29 952.54
553.485 1503.4 1403.4 952.57
553.52 1503.51 1403.51 952.6
553.555 1503.62 1403.62 952.63
553.591 1503.73 1403.73 952.66
553.626 1503.84 1403.84 952.69
553.661 1503.94 1403.94 952.72
553.696 1504.05 1404.05 952.75
553.732 1504.16 1404.16 952.78
553.767 1504.27 1404.27 952.81
553.802 1504.38 1404.38 952.84
553.837 1504.48 1404.48 952.87
553.872 1504.59 1404.59 952.9
553.908 1504.7 1404.7 952.93
553.943 1504.81 1404.81 952.96
553.978 1504.92 1404.92 952.99
554.013 1505.03 1405.03 953.02
554.048 1505.13 1405.13 953.05
554.084 1505.24 1405.24 953.08
554.119 1505.35 1405.35 953.11
554.154 1505.46 1405.46 953.14
554.189 1505.57 1405.57 953.17
554.224 1505.68 1405.68 953.2
554.26 1505.78 1405.78 953.23
554.295 1505.89 1405.89 953.26
554.33 1506 1406 953.29
554.365 1506.11 1406.11 953.32
554.4 1506.22 1406.22 953.35
554.435 1506.33 1406.33 953.38
554.471 1506.43 1406.43 953.41
554.506 1506.54 1406.54 953.44
554.541 1506.65 1406.65 953.47
554.576 1506.76 1406.76 953.5
554.611 1506.87 1406.87 953.53
554.646 1506.97 1406.97 953.56
554.682 1507.08 1407.08 953.59
554.717 1507.19 1407.19 953.62
554.752 1507.3 1407.3 953.65
554.787 1507.41 1407.41 953.68
554.822 1507.52 1407.52 953.71
554.857 1507.62 1407.62 953.74
554.892 1507.73 1407.73 953.77
554.928 1507.84 1407.84 953.8
554.963 1507.95 1407.95 953.83
554.998 1508.06 1408.06 953.86
555.033 1508.17 1408.17 953.89
555.068 1508.27 1408.27 953.92
555.103 1508.38 1408.38 953.95
555.138 1508.49 1408.49 953.98
555.173 1508.6 1408.6 954.01
555.209 1508.71 1408.71 954.04
555.244 1508.82 1408.82 954.07
555.279 1508.92 1408.92 954.1
555.314 1509.03 1409.03 954.13
555.349 1509.14 1409.14 954.16
555.384 1509.25 1409.25 954.19
555.419 1509.36 1409.36 954.22
555.454 1509.46 1409.46 954.25
555.489 1509.57 1409.57 954.28
555.525 1509.68 1409.68 954.31
555.56 1509.79 1409.79 954.34
555.595 1509.9 1409.9 954.37
555.63 1510.01 1410.01 954.4
555.665 1510.11 1410.11 954.43
555.7 1510.22 1410.22 954.46
555.735 1510.33 1410.33 954.49
555.77 1510.44 1410.44 954.52
555.805 1510.55 1410.55 954.55
555.841 1510.66 1410.66 954.58
555.876 1510.76 1410.76 954.61
555.911 1510.87 1410.87 954.64
555.946 1510.98 1410.98 954.67
555.981 1511.09 1411.09 954.7
556.016 1511.2 1411.2 954.73
556.051 1511.31 1411.31 954.76
556.086 1511.41 1411.41 954.79
556.121 1511.52 1411.52 954.82
556.156 1511.63 1411.63 954.85
556.191 1511.74 1411.74 954.88
556.227 1511.85 1411.85 954.91
556.262 1511.95 1411.95 954.94
556.297 1512.06 1412.06 954.97
556.332 1512.17 1412.17 955
556.367 1512.28 1412.28 955.03
556.402 1512.39 1412.39 955.06
556.437 1512.5 1412.5 955.09
556.472 1512.6 1412.6 955.12
556.507 1512.71 1412.71 955.15
556.542 1512.82 1412.82 955.18
556.577 1512.93 1412.93 955.21
556.612 1513.04 1413.04 955.24
556.647 1513.15 1413.15 955.27
556.683 1513.25 1413.25 955.3
556.718 1513.36 1413.36 955.33
556.753 1513.47 1413.47 955.36
556.788 1513.58 1413.58 955.39
556.823 1513.69 1413.69 955.42
556.858 1513.8 1413.8 955.45
556.893 1513.9 1413.9 955.48
556.928 1514.01 1414.01 955.51
556.963 1514.12 1414.12 955.54
556.998 1514.23 1414.23 955.57
557.033 1514.34 1414.34 955.6
557.068 1514.44 1414.44 955.63
557.103 1514.55 1414.55 955.66
557.139 1514.66 1414.66 955.69
557.174 1514.77 1414.77 955.72
557.209 1514.88 1414.88 955.75
557.244 1514.99 1414.99 955.78
557.279 1515.09 1415.09 955.81
557.314 1515.2 1415.2 955.84
557.349 1515.31 1415.31 955.87
557.384 1515.42 1415.42 955.9
557.419 1515.53 1415.53 955.93
557.454 1515.64 1415.64 955.96
557.489 1515.74 1415.74 955.99
557.524 1515.85 1415.85 956.02
557.559 1515.96 1415.96 956.05
557.595 1516.07 1416.07 956.08
557.63 1516.18 1416.18 956.11
557.665 1516.29 1416.29 956.14
557.7 1516.39 1416.39 956.17
557.735 1516.5 1416.5 956.2
557.77 1516.61 1416.61 956.23
557.805 1516.72 1416.72 956.26
557.84 1516.83 1416.83 956.29
557.875 1516.93 1416.93 956.32
557.91 1517.04 1417.04 956.35
557.945 1517.15 1417.15 956.38
557.98 1517.26 1417.26 956.41
558.015 1517.37 1417.37 956.44
558.051 1517.48 1417.48 956.47
558.086 1517.58 1417.58 956.5
558.121 1517.69 1417.69 956.53
558.156 1517.8 1417.8 956.56
558.191 1517.91 1417.91 956.59
558.226 1518.02 1418.02 956.62
558.261 1518.13 1418.13 956.65
558.296 1518.23 1418.23 956.68
558.331 1518.34 1418.34 956.71
558.366 1518.45 1418.45 956.74
558.401 1518.56 1418.56 956.77
558.437 1518.67 1418.67 956.8
558.472 1518.77 1418.77 956.83
558.507 1518.88 1418.88 956.86
558.542 1518.99 1418.99 956.89
558.577 1519.1 1419.1 956.92
558.612 1519.21 1419.21 956.95
558.647 1519.32 1419.32 956.98
558.682 1519.42 1419.42 957.01
558.717 1519.53 1419.53 957.04
558.752 1519.64 1419.64 957.07
558.788 1519.75 1419.75 957.1
558.823 1519.86 1419.86 957.13
558.858 1519.97 1419.97 957.16
558.893 1520.07 1420.07 957.19
558.928 1520.18 1420.18 957.22
558.963 1520.29 1420.29 957.25
558.998 1520.4 1420.4 957.28
559.033 1520.51 1420.51 957.31
559.069 1520.62 1420.62 957.34
559.104 1520.72 1420.72 957.37
559.139 1520.83 1420.83 957.4
559.174 1520.94 1420.94 957.43
559.209 1521.05 1421.05 957.46
559.244 1521.16 1421.16 957.49
559.279 1521.26 1421.26 957.52
559.314 1521.37 1421.37 957.55
559.35 1521.48 1421.48 957.58
559.385 1521.59 1421.59 957.61
559.42 1521.7 1421.7 957.64
559.455 1521.81 1421.81 957.67
559.49 1521.91 1421.91 957.7
559.525 1522.02 1422.02 957.73
559.56 1522.13 1422.13 957.76
559.596 1522.24 1422.24 957.79
559.631 1522.35 1422.35 957.82
559.666 1522.46 1422.46 957.85
559.701 1522.56 1422.56 957.88
559.736 1522.67 1422.67 957.91
559.771 1522.78 1422.78 957.94
559.807 1522.89 1422.89 957.97
559.842 1523 1423 958
559.877 1523.11 1423.11 958.03
559.912 1523.21 1423.21 958.06
559.947 1523.32 1423.32 958.09
559.982 1523.43 1423.43 958.12
560.018 1523.54 1423.54 958.15
560.053 1523.65 1423.65 958.18
560.088 1523.75 1423.75 958.21
560.123 1523.86 1423.86 958.24
560.158 1523.97 1423.97 958.27
560.194 1524.08 1424.08 958.3
560.229 1524.19 1424.19 958.33
560.264 1524.3 1424.3 958.36
560.299 1524.4 1424.4 958.39
560.334 1524.51 1424.51 958.42
560.37 1524.62 1424.62 958.45
560.405 1524.73 1424.73 958.48
560.44 1524.84 1424.84 958.51
560.475 1524.95 1424.95 958.54
560.51 1525.05 1425.05 958.57
560.546 1525.16 1425.16 958.6
560.581 1525.27 1425.27 958.63
560.616 1525.38 1425.38 958.66
560.651 1525.49 1425.49 958.69
560.687 1525.6 1425.6 958.72
560.722 1525.7 1425.7 958.75
560.757 1525.81 1425.81 958.78
560.792 1525.92 1425.92 958.81
560.828 1526.03 1426.03 958.84
560.863 1526.14 1426.14 958.87
560.898 1526.24 1426.24 958.9
560.933 1526.35 1426.35 958.93
560.969 1526.46 1426.46 958.96
561.004 1526.57 1426.57 958.99
561.039 1526.68 1426.68 959.02
561.074 1526.79 1426.79 959.05
561.11 1526.89 1426.89 959.08
561.145 1527 1427 959.11
561.18 1527.11 1427.11 959.14
561.216 1527.22 1427.22 959.17
561.251 1527.33 1427.33 959.2
561.286 1527.44 1427.44 959.23
561.322 1527.54 1427.54 959.26
561.357 1527.65 1427.65 959.29
561.392 1527.76 1427.76 959.32
561.427 1527.87 1427.87 959.35
561.463 1527.98 1427.98 959.38
561.498 1528.09 1428.09 959.41
561.533 1528.19 1428.19 959.44
561.569 1528.3 1428.3 959.47
561.604 1528.41 1428.41 959.5
561.639 1528.52 1428.52 959.53
561.675 1528.63 1428.63 959.56
561.71 1528.73 1428.73 959.59
561.745 1528.84 1428.84 959.62
561.781 1528.95 1428.95 959.65
561.816 1529.06 1429.06 959.68
561.851 1529.17 1429.17 959.71
561.887 1529.28 1429.28 959.74
561.922 1529.38 1429.38 959.77
561.958 1529.49 1429.49 959.8
561.993 1529.6 1429.6 959.83
562.028 1529.71 1429.71 959.86
562.064 1529.82 1429.82 959.89
562.099 1529.93 1429.93 959.92
562.135 1530.03 1430.03 959.95
562.17 1530.14 1430.14 959.98
562.205 1530.25 1430.25 960.01
562.241 1530.36 1430.36 960.04
562.276 1530.47 1430.47 960.07
562.312 1530.58 1430.58 960.1
562.347 1530.68 1430.68 960.13
562.382 1530.79 1430.79 960.16
562.418 1530.9 1430.9 960.19
562.453 1531.01 1431.01 960.22
562.489 1531.12 1431.12 960.25
562.524 1531.22 1431.22 960.28
562.56 1531.33 1431.33 960.31
562.595 1531.44 1431.44 960.34
562.631 1531.55 1431.55 960.37
562.666 1531.66 1431.66 960.4
562.702 1531.77 1431.77 960.43
562.737 1531.87 1431.87 960.46
562.772 1531.98 1431.98 960.49
562.808 1532.09 1432.09 960.52
562.843 1532.2 1432.2 960.55
562.879 1532.31 1432.31 960.58
562.914 1532.42 1432.42 960.61
562.95 1532.52 1432.52 960.64
562.985 1532.63 1432.63 960.67
563.021 1532.74 1432.74 960.7
563.056 1532.85 1432.85 960.73
563.092 1532.96 1432.96 960.76
563.127 1533.07 1433.07 960.79
563.163 1533.17 1433.17 960.82
563.198 1533.28 1433.28 960.85
563.234 1533.39 1433.39 960.88
563.27 1533.5 1433.5 960.91
563.305 1533.61 1433.61 960.94
563.341 1533.71 1433.71 960.97
563.376 1533.82 1433.82 961
563.412 1533.93 1433.93 961.03
563.447 1534.04 1434.04 961.06
563.483 1534.15 1434.15 961.09
563.518 1534.26 1434.26 961.12
563.554 1534.36 1434.36 961.15
563.59 1534.47 1434.47 961.18
563.625 1534.58 1434.58 961.21
563.661 1534.69 1434.69 961.24
563.696 1534.8 1434.8 961.27
563.732 1534.91 1434.91 961.3
563.767 1535.01 1435.01 961.33
563.803 1535.12 1435.12 961.36
563.839 1535.23 1435.23 961.39
563.874 1535.34 1435.34 961.42
563.91 1535.45 1435.45 961.45
563.945 1535.56 1435.56 961.48
563.981 1535.66 1435.66 961.51
564.017 1535.77 1435.77 961.54
564.052 1535.88 1435.88 961.57
564.088 1535.99 1435.99 961.6
564.123 1536.1 1436.1 961.63
564.159 1536.2 1436.2 961.66
564.195 1536.31 1436.31 961.69
564.23 1536.42 1436.42 961.72
564.266 1536.53 1436.53 961.75
564.302 1536.64 1436.64 961.78
564.337 1536.75 1436.75 961.81
564.373 1536.85 1436.85 961.84
564.408 1536.96 1436.96 961.87
564.444 1537.07 1437.07 961.9
564.48 1537.18 1437.18 961.93
564.515 1537.29 1437.29 961.96
564.551 1537.4 1437.4 961.99
564.587 1537.5 1437.5 962.02
564.622 1537.61 1437.61 962.05
564.658 1537.72 1437.72 962.08
564.694 1537.83 1437.83 962.11
564.729 1537.94 1437.94 962.14
564.765 1538.04 1438.04 962.17
564.801 1538.15 1438.15 962.2
564.836 1538.26 1438.26 962.23
564.872 1538.37 1438.37 962.26
564.908 1538.48 1438.48 962.29
564.943 1538.59 1438.59 962.32
564.979 1538.69 1438.69 962.35
565.015 1538.8 1438.8 962.38
565.051 1538.91 1438.91 962.41
565.086 1539.02 1439.02 962.44
565.122 1539.13 1439.13 962.47
565.158 1539.24 1439.24 962.5
565.193 1539.34 1439.34 962.53
565.229 1539.45 1439.45 962.56
565.265 1539.56 1439.56 962.59
565.3 1539.67 1439.67 962.62
565.336 1539.78 1439.78 962.65
565.372 1539.89 1439.89 962.68
565.408 1539.99 1439.99 962.71
565.443 1540.1 1440.1 962.74
565.479 1540.21 1440.21 962.77
565.515 1540.32 1440.32 962.8
565.55 1540.43 1440.43 962.83
565.586 1540.53 1440.53 962.86
565.622 1540.64 1440.64 962.89
565.658 1540.75 1440.75 962.92
565.693 1540.86 1440.86 962.95
565.729 1540.97 1440.97 962.98
565.765 1541.08 1441.08 963.01
565.801 1541.18 1441.18 963.04
565.836 1541.29 1441.29 963.07
565.872 1541.4 1441.4 963.1
565.908 1541.51 1441.51 963.13
565.944 1541.62 1441.62 963.16
565.979 1541.73 1441.73 963.19
566.015 1541.83 1441.83 963.22
566.051 1541.94 1441.94 963.25
566.087 1542.05 1442.05 963.28
566.122 1542.16 1442.16 963.31
566.158 1542.27 1442.27 963.34
566.194 1542.38 1442.38 963.37
566.23 1542.48 1442.48 963.4
566.265 1542.59 1442.59 963.43
566.301 1542.7 1442.7 963.46
566.337 1542.81 1442.81 963.49
566.373 1542.92 1442.92 963.52
566.408 1543.02 1443.02 963.55
566.444 1543.13 1443.13 963.58
566.48 1543.24 1443.24 963.61
566.516 1543.35 1443.35 963.64
566.552 1543.46 1443.46 963.67
566.587 1543.57 1443.57 963.7
566.623 1543.67 1443.67 963.73
566.659 1543.78 1443.78 963.76
566.695 1543.89 1443.89 963.79
566.73 1544 1444 963.82
566.766 1544.11 1444.11 963.85
566.802 1544.22 1444.22 963.88
566.838 1544.32 1444.32 963.91
566.874 1544.43 1444.43 963.94
566.909 1544.54 1444.54 963.97
566.945 1544.65 1444.65 964
566.981 1544.76 1444.76 964.03
567.017 1544.87 1444.87 964.06
567.052 1544.97 1444.97 964.09
567.088 1545.08 1445.08 964.12
567.124 1545.19 1445.19 964.15
567.16 1545.3 1445.3 964.18
567.196 1545.41 1445.41 964.21
567.231 1545.51 1445.51 964.24
567.267 1545.62 1445.62 964.27
567.303 1545.73 1445.73 964.3
567.339 1545.84 1445.84 964.33
567.375 1545.95 1445.95 964.36
567.41 1546.06 1446.06 964.39
567.446 1546.16 1446.16 964.42
567.482 1546.27 1446.27 964.45
567.518 1546.38 1446.38 964.48
567.554 1546.49 1446.49 964.51
567.589 1546.6 1446.6 964.54
567.625 1546.71 1446.71 964.57
567.661 1546.81 1446.81 964.6
567.697 1546.92 1446.92 964.63
567.733 1547.03 1447.03 964.66
567.769 1547.14 1447.14 964.69
567.804 1547.25 1447.25 964.72
567.84 1547.36 1447.36 964.75
567.876 1547.46 1447.46 964.78
567.912 1547.57 1447.57 964.81
567.948 1547.68 1447.68 964.84
567.983 1547.79 1447.79 964.87
568.019 1547.9 1447.9 964.9
568.055 1548 1448 964.93
568.091 1548.11 1448.11 964.96
568.127 1548.22 1448.22 964.99
568.162 1548.33 1448.33 965.02
568.198 1548.44 1448.44 965.05
568.234 1548.55 1448.55 965.08
568.27 1548.65 1448.65 965.11
568.306 1548.76 1448.76 965.14
568.341 1548.87 1448.87 965.17
568.377 1548.98 1448.98 965.2
568.413 1549.09 1449.09 965.23
568.449 1549.2 1449.2 965.26
568.485 1549.3 1449.3 965.29
568.521 1549.41 1449.41 965.32
568.556 1549.52 1449.52 965.35
568.592 1549.63 1449.63 965.38
568.628 1549.74 1449.74 965.41
568.664 1549.85 1449.85 965.44
568.7 1549.95 1449.95 965.47
568.735 1550.06 1450.06 965.5
568.771 1550.17 1450.17 965.53
568.807 1550.28 1450.28 965.56
568.843 1550.39 1450.39 965.59
568.879 1550.49 1450.49 965.62
568.914 1550.6 1450.6 965.65
568.95 1550.71 1450.71 965.68
568.986 1550.82 1450.82 965.71
569.022 1550.93 1450.93 965.74
569.058 1551.04 1451.04 965.77
569.094 1551.14 1451.14 965.8
569.129 1551.25 1451.25 965.83
569.165 1551.36 1451.36 965.86
569.201 1551.47 1451.47 965.89
569.237 1551.58 1451.58 965.92
569.273 1551.69 1451.69 965.95
569.308 1551.79 1451.79 965.98
569.344 1551.9 1451.9 966.01
569.38 1552.01 1452.01 966.04
569.416 1552.12 1452.12 966.07
569.452 1552.23 1452.23 966.1
569.487 1552.34 1452.34 966.13
569.523 1552.44 1452.44 966.16
569.559 1552.55 1452.55 966.19
569.595 1552.66 1452.66 966.22
569.631 1552.77 1452.77 966.25
569.666 1552.88 1452.88 966.28
569.702 1552.98 1452.98 966.31
569.738 1553.09 1453.09 966.34
569.774 1553.2 1453.2 966.37
569.81 1553.31 1453.31 966.4
569.845 1553.42 1453.42 966.43
569.881 1553.53 1453.53 966.46
569.917 1553.63 1453.63 966.49
569.953 1553.74 1453.74 966.52
569.989 1553.85 1453.85 966.55
570.024 1553.96 1453.96 966.58
570.06 1554.07 1454.07 966.61
570.096 1554.18 1454.18 966.64
570.132 1554.28 1454.28 966.67
570.168 1554.39 1454.39 966.7
570.203 1554.5 1454.5 966.73
570.239 1554.61 1454.61 966.76
570.275 1554.72 1454.72 966.79
570.311 1554.82 1454.82 966.82
570.346 1554.93 1454.93 966.85
570.382 1555.04 1455.04 966.88
570.418 1555.15 1455.15 966.91
570.454 1555.26 1455.26 966.94
570.49 1555.37 1455.37 966.97
570.525 1555.47 1455.47 967
570.561 1555.58 1455.58 967.03
570.597 1555.69 1455.69 967.06
570.633 1555.8 1455.8 967.09
570.668 1555.91 1455.91 967.12
570.704 1556.02 1456.02 967.15
570.74 1556.12 1456.12 967.18
570.776 1556.23 1456.23 967.21
570.811 1556.34 1456.34 967.24
570.847 1556.45 1456.45 967.27
570.883 1556.56 1456.56 967.3
570.919 1556.67 1456.67 967.33
570.954 1556.77 1456.77 967.36
570.99 1556.88 1456.88 967.39
571.026 1556.99 1456.99 967.42
571.062 1557.1 1457.1 967.45
571.097 1557.21 1457.21 967.48
571.133 1557.31 1457.31 967.51
571.169 1557.42 1457.42 967.54
571.205 1557.53 1457.53 967.57
571.24 1557.64 1457.64 967.6
571.276 1557.75 1457.75 967.63
571.312 1557.86 1457.86 967.66
571.348 1557.96 1457.96 967.69
571.383 1558.07 1458.07 967.72
571.419 1558.18 1458.18 967.75
571.455 1558.29 1458.29 967.78
571.491 1558.4 1458.4 967.81
571.526 1558.51 1458.51 967.84
571.562 1558.61 1458.61 967.87
571.598 1558.72 1458.72 967.9
571.633 1558.83 1458.83 967.93
571.669 1558.94 1458.94 967.96
571.705 1559.05 1459.05 967.99
571.741 1559.16 1459.16 968.02
571.776 1559.26 1459.26 968.05
571.812 1559.37 1459.37 968.08
571.848 1559.48 1459.48 968.11
571.883 1559.59 1459.59 968.14
571.919 1559.7 1459.7 968.17
571.955 1559.8 1459.8 968.2
571.99 1559.91 1459.91 968.23
572.026 1560.02 1460.02 968.26
572.062 1560.13 1460.13 968.29
572.097 1560.24 1460.24 968.32
572.133 1560.35 1460.35 968.35
572.169 1560.45 1460.45 968.38
572.204 1560.56 1460.56 968.41
572.24 1560.67 1460.67 968.44
572.276 1560.78 1460.78 968.47
572.311 1560.89 1460.89 968.5
572.347 1561 1461 968.53
572.383 1561.1 1461.1 968.56
572.418 1561.21 1461.21 968.59
572.454 1561.32 1461.32 968.62
572.49 1561.43 1461.43 968.65
572.525 1561.54 1461.54 968.68
572.561 1561.65 1461.65 968.71
572.597 1561.75 1461.75 968.74
572.632 1561.86 1461.86 968.77
572.668 1561.97 1461.97 968.8
572.704 1562.08 1462.08 968.83
572.739 1562.19 1462.19 968.86
572.775 1562.29 1462.29 968.89
572.81 1562.4 1462.4 968.92
572.846 1562.51 1462.51 968.95
572.882 1562.62 1462.62 968.98
572.917 1562.73 1462.73 969.01
572.953 1562.84 1462.84 969.04
572.989 1562.94 1462.94 969.07
573.024 1563.05 1463.05 969.1
573.06 1563.16 1463.16 969.13
573.095 1563.27 1463.27 969.16
573.131 1563.38 1463.38 969.19
573.167 1563.49 1463.49 969.22
573.202 1563.59 1463.59 969.25
573.238 1563.7 1463.7 969.28
573.273 1563.81 1463.81 969.31
573.309 1563.92 1463.92 969.34
573.344 1564.03 1464.03 969.37
573.38 1564.14 1464.14 969.4
573.416 1564.24 1464.24 969.43
573.451 1564.35 1464.35 969.46
573.487 1564.46 1464.46 969.49
573.522 1564.57 1464.57 969.52
573.558 1564.68 1464.68 969.55
573.593 1564.78 1464.78 969.58
573.629 1564.89 1464.89 969.61
573.664 1565 1465 969.64
573.7 1565.11 1465.11 969.67
573.736 1565.22 1465.22 969.7
573.771 1565.33 1465.33 969.73
573.807 1565.43 1465.43 969.76
573.842 1565.54 1465.54 969.79
573.878 1565.65 1465.65 969.82
573.913 1565.76 1465.76 969.85
573.949 1565.87 1465.87 969.88
573.984 1565.98 1465.98 969.91
574.02 1566.08 1466.08 969.94
574.055 1566.19 1466.19 969.97
574.091 1566.3 1466.3 970
574.126 1566.41 1466.41 970.03
574.162 1566.52 1466.52 970.06
574.197 1566.63 1466.63 970.09
574.233 1566.73 1466.73 970.12
574.268 1566.84 1466.84 970.15
574.304 1566.95 1466.95 970.18
574.339 1567.06 1467.06 970.21
574.374 1567.17 1467.17 970.24
574.41 1567.27 1467.27 970.27
574.445 1567.38 1467.38 970.3
574.481 1567.49 1467.49 970.33
574.516 1567.6 1467.6 970.36
574.552 1567.71 1467.71 970.39
574.587 1567.82 1467.82 970.42
574.623 1567.92 1467.92 970.45
574.658 1568.03 1468.03 970.48
574.693 1568.14 1468.14 970.51
574.729 1568.25 1468.25 970.54
574.764 1568.36 1468.36 970.57
574.8 1568.47 1468.47 970.6
574.835 1568.57 1468.57 970.63
574.87 1568.68 1468.68 970.66
574.906 1568.79 1468.79 970.69
574.941 1568.9 1468.9 970.72
574.977 1569.01 1469.01 970.75
575.012 1569.12 1469.12 970.78
575.047 1569.22 1469.22 970.81
575.083 1569.33 1469.33 970.84
575.118 1569.44 1469.44 970.87
575.153 1569.55 1469.55 970.9
575.189 1569.66 1469.66 970.93
575.224 1569.76 1469.76 970.96
575.26 1569.87 1469.87 970.99
575.295 1569.98 1469.98 971.02
575.33 1570.09 1470.09 971.05
575.366 1570.2 1470.2 971.08
575.401 1570.31 1470.31 971.11
575.436 1570.41 1470.41 971.14
575.472 1570.52 1470.52 971.17
575.507 1570.63 1470.63 971.2
575.542 1570.74 1470.74 971.23
575.577 1570.85 1470.85 971.26
575.613 1570.96 1470.96 971.29
575.648 1571.06 1471.06 971.32
575.683 1571.17 1471.17 971.35
575.719 1571.28 1471.28 971.38
575.754 1571.39 1471.39 971.41
575.789 1571.5 1471.5 971.44
575.824 1571.6 1471.6 971.47
575.86 1571.71 1471.71 971.5
575.895 1571.82 1471.82 971.53
575.93 1571.93 1471.93 971.56
575.965 1572.04 1472.04 971.59
576.001 1572.15 1472.15 971.62
576.036 1572.25 1472.25 971.65
576.071 1572.36 1472.36 971.68
576.106 1572.47 1472.47 971.71
576.141 1572.58 1472.58 971.74
576.177 1572.69 1472.69 971.77
576.212 1572.8 1472.8 971.8
576.247 1572.9 1472.9 971.83
576.282 1573.01 1473.01 971.86
576.317 1573.12 1473.12 971.89
576.353 1573.23 1473.23 971.92
576.388 1573.34 1473.34 971.95
576.423 1573.45 1473.45 971.98
576.458 1573.55 1473.55 972.01
576.493 1573.66 1473.66 972.04
576.528 1573.77 1473.77 972.07
576.564 1573.88 1473.88 972.1
576.599 1573.99 1473.99 972.13
576.634 1574.09 1474.09 972.16
576.669 1574.2 1474.2 972.19
576.704 1574.31 1474.31 972.22
576.739 1574.42 1474.42 972.25
576.774 1574.53 1474.53 972.28
576.809 1574.64 1474.64 972.31
576.845 1574.74 1474.74 972.34
576.88 1574.85 1474.85 972.37
576.915 1574.96 1474.96 972.4
576.95 1575.07 1475.07 972.43
576.985 1575.18 1475.18 972.46
577.02 1575.29 1475.29 972.49
577.055 1575.39 1475.39 972.52
577.09 1575.5 1475.5 972.55
577.125 1575.61 1475.61 972.58
577.16 1575.72 1475.72 972.61
577.195 1575.83 1475.83 972.64
577.23 1575.94 1475.94 972.67
577.265 1576.04 1476.04 972.7
577.3 1576.15 1476.15 972.73
577.335 1576.26 1476.26 972.76
577.37 1576.37 1476.37 972.79
577.405 1576.48 1476.48 972.82
577.44 1576.58 1476.58 972.85
577.475 1576.69 1476.69 972.88
577.51 1576.8 1476.8 972.91
577.545 1576.91 1476.91 972.94
577.58 1577.02 1477.02 972.97
577.615 1577.13 1477.13 973
577.65 1577.23 1477.23 973.03
577.685 1577.34 1477.34 973.06
577.72 1577.45 1477.45 973.09
577.755 1577.56 1477.56 973.12
577.79 1577.67 1477.67 973.15
577.825 1577.78 1477.78 973.18
577.86 1577.88 1477.88 973.21
577.894 1577.99 1477.99 973.24
577.929 1578.1 1478.1 973.27
577.964 1578.21 1478.21 973.3
577.999 1578.32 1478.32 973.33
578.034 1578.43 1478.43 973.36
578.069 1578.53 1478.53 973.39
578.104 1578.64 1478.64 973.42
578.139 1578.75 1478.75 973.45
578.173 1578.86 1478.86 973.48
578.208 1578.97 1478.97 973.51
578.243 1579.07 1479.07 973.54
578.278 1579.18 1479.18 973.57
578.313 1579.29 1479.29 973.6
578.348 1579.4 1479.4 973.63
578.382 1579.51 1479.51 973.66
578.417 1579.62 1479.62 973.69
578.452 1579.72 1479.72 973.72
578.487 1579.83 1479.83 973.75
578.522 1579.94 1479.94 973.78
578.556 1580.05 1480.05 973.81
578.591 1580.16 1480.16 973.84
578.626 1580.27 1480.27 973.87
578.661 1580.37 1480.37 973.9
578.695 1580.48 1480.48 973.93
578.73 1580.59 1480.59 973.96
578.765 1580.7 1480.7 973.99
578.799 1580.81 1480.81 974.02
578.834 1580.92 1480.92 974.05
578.869 1581.02 1481.02 974.08
578.904 1581.13 1481.13 974.11
578.938 1581.24 1481.24 974.14
578.973 1581.35 1481.35 974.17
579.008 1581.46 1481.46 974.2
579.042 1581.56 1481.56 974.23
579.077 1581.67 1481.67 974.26
579.112 1581.78 1481.78 974.29
579.146 1581.89 1481.89 974.32
579.181 1582 1482 974.35
579.215 1582.11 1482.11 974.38
579.25 1582.21 1482.21 974.41
579.285 1582.32 1482.32 974.44
579.319 1582.43 1482.43 974.47
579.354 1582.54 1482.54 974.5
579.388 1582.65 1482.65 974.53
579.423 1582.76 1482.76 974.56
579.458 1582.86 1482.86 974.59
579.492 1582.97 1482.97 974.62
579.527 1583.08 1483.08 974.65
579.561 1583.19 1483.19 974.68
579.596 1583.3 1483.3 974.71
579.63 1583.41 1483.41 974.74
579.665 1583.51 1483.51 974.77
579.699 1583.62 1483.62 974.8
579.734 1583.73 1483.73 974.83
579.768 1583.84 1483.84 974.86
579.803 1583.95 1483.95 974.89
579.837 1584.05 1484.05 974.92
579.872 1584.16 1484.16 974.95
579.906 1584.27 1484.27 974.98
579.941 1584.38 1484.38 975.01
579.975 1584.49 1484.49 975.04
580.009 1584.6 1484.6 975.07
580.044 1584.7 1484.7 975.1
580.078 1584.81 1484.81 975.13
580.113 1584.92 1484.92 975.16
580.147 1585.03 1485.03 975.19
580.181 1585.14 1485.14 975.22
580.216 1585.25 1485.25 975.25
580.25 1585.35 1485.35 975.28
580.285 1585.46 1485.46 975.31
580.319 1585.57 1485.57 975.34
580.353 1585.68 1485.68 975.37
580.388 1585.79 1485.79 975.4
580.422 1585.9 1485.9 975.43
580.456 1586 1486 975.46
580.491 1586.11 1486.11 975.49
580.525 1586.22 1486.22 975.52
580.559 1586.33 1486.33 975.55
580.593 1586.44 1486.44 975.58
580.628 1586.54 1486.54 975.61
580.662 1586.65 1486.65 975.64
580.696 1586.76 1486.76 975.67
580.73 1586.87 1486.87 975.7
580.765 1586.98 1486.98 975.73
580.799 1587.09 1487.09 975.76
580.833 1587.19 1487.19 975.79
580.867 1587.3 1487.3 975.82
580.902 1587.41 1487.41 975.85
580.936 1587.52 1487.52 975.88
580.97 1587.63 1487.63 975.91
581.004 1587.74 1487.74 975.94
581.038 1587.84 1487.84 975.97
581.072 1587.95 1487.95 976
581.107 1588.06 1488.06 976.03
581.141 1588.17 1488.17 976.06
581.175 1588.28 1488.28 976.09
581.209 1588.39 1488.39 976.12
581.243 1588.49 1488.49 976.15
581.277 1588.6 1488.6 976.18
581.311 1588.71 1488.71 976.21
581.345 1588.82 1488.82 976.24
581.379 1588.93 1488.93 976.27
581.414 1589.03 1489.03 976.3
581.448 1589.14 1489.14 976.33
581.482 1589.25 1489.25 976.36
581.516 1589.36 1489.36 976.39
581.55 1589.47 1489.47 976.42
581.584 1589.58 1489.58 976.45
581.618 1589.68 1489.68 976.48
581.652 1589.79 1489.79 976.51
581.686 1589.9 1489.9 976.54
581.72 1590.01 1490.01 976.57
581.754 1590.12 1490.12 976.6
581.788 1590.23 1490.23 976.63
581.822 1590.33 1490.33 976.66
581.855 1590.44 1490.44 976.69
581.889 1590.55 1490.55 976.72
581.923 1590.66 1490.66 976.75
581.957 1590.77 1490.77 976.78
581.991 1590.87 1490.87 976.81
582.025 1590.98 1490.98 976.84
582.059 1591.09 1491.09 976.87
582.093 1591.2 1491.2 976.9
582.127 1591.31 1491.31 976.93
582.16 1591.42 1491.42 976.96
582.194 1591.52 1491.52 976.99
582.228 1591.63 1491.63 977.02
582.262 1591.74 1491.74 977.05
582.296 1591.85 1491.85 977.08
582.329 1591.96 1491.96 977.11
582.363 1592.07 1492.07 977.14
582.397 1592.17 1492.17 977.17
582.431 1592.28 1492.28 977.2
582.465 1592.39 1492.39 977.23
582.498 1592.5 1492.5 977.26
582.532 1592.61 1492.61 977.29
582.566 1592.72 1492.72 977.32
582.599 1592.82 1492.82 977.35
582.633 1592.93 1492.93 977.38
582.667 1593.04 1493.04 977.41
582.701 1593.15 1493.15 977.44
582.734 1593.26 1493.26 977.47
582.768 1593.36 1493.36 977.5
582.802 1593.47 1493.47 977.53
582.835 1593.58 1493.58 977.56
582.869 1593.69 1493.69 977.59
582.902 1593.8 1493.8 977.62
582.936 1593.91 1493.91 977.65
582.97 1594.01 1494.01 977.68
583.003 1594.12 1494.12 977.71
583.037 1594.23 1494.23 977.74
583.07 1594.34 1494.34 977.77
583.104 1594.45 1494.45 977.8
583.137 1594.56 1494.56 977.83
583.171 1594.66 1494.66 977.86
583.204 1594.77 1494.77 977.89
583.238 1594.88 1494.88 977.92
583.271 1594.99 1494.99 977.95
583.305 1595.1 1495.1 977.98
583.338 1595.21 1495.21 978.01
583.372 1595.31 1495.31 978.04
583.405 1595.42 1495.42 978.07
583.439 1595.53 1495.53 978.1
583.472 1595.64 1495.64 978.13
583.506 1595.75 1495.75 978.16
583.539 1595.85 1495.85 978.19
583.572 1595.96 1495.96 978.22
583.606 1596.07 1496.07 978.25
583.639 1596.18 1496.18 978.28
583.673 1596.29 1496.29 978.31
583.706 1596.4 1496.4 978.34
583.739 1596.5 1496.5 978.37
583.773 1596.61 1496.61 978.4
583.806 1596.72 1496.72 978.43
583.839 1596.83 1496.83 978.46
583.872 1596.94 1496.94 978.49
583.906 1597.05 1497.05 978.52
583.939 1597.15 1497.15 978.55
583.972 1597.26 1497.26 978.58
584.006 1597.37 1497.37 978.61
584.039 1597.48 1497.48 978.64
584.072 1597.59 1497.59 978.67
584.105 1597.7 1497.7 978.7
584.138 1597.8 1497.8 978.73
584.172 1597.91 1497.91 978.76
584.205 1598.02 1498.02 978.79
584.238 1598.13 1498.13 978.82
584.271 1598.24 1498.24 978.85
584.304 1598.34 1498.34 978.88
584.337 1598.45 1498.45 978.91
584.371 1598.56 1498.56 978.94
584.404 1598.67 1498.67 978.97
584.437 1598.78 1498.78 979
584.47 1598.89 1498.89 979.03
584.503 1598.99 1498.99 979.06
584.536 1599.1 1499.1 979.09
584.569 1599.21 1499.21 979.12
584.602 1599.32 1499.32 979.15
584.635 1599.43 1499.43 979.18
584.668 1599.54 1499.54 979.21
584.701 1599.64 1499.64 979.24
584.734 1599.75 1499.75 979.27
584.767 1599.86 1499.86 979.3
584.8 1599.97 1499.97 979.33
584.833 1600.08 1500.08 979.36
584.866 1600.19 1500.19 979.39
584.899 1600.29 1500.29 979.42
584.932 1600.4 1500.4 979.45
584.965 1600.51 1500.51 979.48
584.997 1600.62 1500.62 979.51
585.03 1600.73 1500.73 979.54
585.063 1600.83 1500.83 979.57
585.096 1600.94 1500.94 979.6
585.129 1601.05 1501.05 979.63
585.162 1601.16 1501.16 979.66
585.195 1601.27 1501.27 979.69
585.227 1601.38 1501.38 979.72
585.26 1601.48 1501.48 979.75
585.293 1601.59 1501.59 979.78
585.326 1601.7 1501.7 979.81
585.358 1601.81 1501.81 979.84
585.391 1601.92 1501.92 979.87
585.424 1602.03 1502.03 979.9
585.457 1602.13 1502.13 979.93
585.489 1602.24 1502.24 979.96
585.522 1602.35 1502.35 979.99
585.555 1602.46 1502.46 980.02
585.587 1602.57 1502.57 980.05
585.62 1602.68 1502.68 980.08
585.653 1602.78 1502.78 980.11
585.685 1602.89 1502.89 980.14
585.718 1603 1503 980.17
585.75 1603.11 1503.11 980.2
585.783 1603.22 1503.22 980.23
585.816 1603.32 1503.32 980.26
585.848 1603.43 1503.43 980.29
585.881 1603.54 1503.54 980.32
585.913 1603.65 1503.65 980.35
585.946 1603.76 1503.76 980.38
585.978 1603.87 1503.87 980.41
586.011 1603.97 1503.97 980.44
586.043 1604.08 1504.08 980.47
586.076 1604.19 1504.19 980.5
586.108 1604.3 1504.3 980.53
586.141 1604.41 1504.41 980.56
586.173 1604.52 1504.52 980.59
586.205 1604.62 1504.62 980.62
586.238 1604.73 1504.73 980.65
586.27 1604.84 1504.84 980.68
586.303 1604.95 1504.95 980.71
586.335 1605.06 1505.06 980.74
586.367 1605.17 1505.17 980.77
586.4 1605.27 1505.27 980.8
586.432 1605.38 1505.38 980.83
586.464 1605.49 1505.49 980.86
586.497 1605.6 1505.6 980.89
586.529 1605.71 1505.71 980.92
586.561 1605.81 1505.81 980.95
586.593 1605.92 1505.92 980.98
586.626 1606.03 1506.03 981.01
586.658 1606.14 1506.14 981.04
586.69 1606.25 1506.25 981.07
586.722 1606.36 1506.36 981.1
586.754 1606.46 1506.46 981.13
586.787 1606.57 1506.57 981.16
586.819 1606.68 1506.68 981.19
586.851 1606.79 1506.79 981.22
586.883 1606.9 1506.9 981.25
586.915 1607.01 1507.01 981.28
586.947 1607.11 1507.11 981.31
586.979 1607.22 1507.22 981.34
587.011 1607.33 1507.33 981.37
587.043 1607.44 1507.44 981.4
587.076 1607.55 1507.55 981.43
587.108 1607.65 1507.65 981.46
587.14 1607.76 1507.76 981.49
587.172 1607.87 1507.87 981.52
587.204 1607.98 1507.98 981.55
587.236 1608.09 1508.09 981.58
587.268 1608.2 1508.2 981.61
587.299 1608.3 1508.3 981.64
587.331 1608.41 1508.41 981.67
587.363 1608.52 1508.52 981.7
587.395 1608.63 1508.63 981.73
587.427 1608.74 1508.74 981.76
587.459 1608.85 1508.85 981.79
587.491 1608.95 1508.95 981.82
587.523 1609.06 1509.06 981.85
587.555 1609.17 1509.17 981.88
587.586 1609.28 1509.28 981.91
587.618 1609.39 1509.39 981.94
587.65 1609.5 1509.5 981.97
587.682 1609.6 1509.6 982
587.713 1609.71 1509.71 982.03
587.745 1609.82 1509.82 982.06
587.777 1609.93 1509.93 982.09
587.809 1610.04 1510.04 982.12
587.84 1610.14 1510.14 982.15
587.872 1610.25 1510.25 982.18
587.904 1610.36 1510.36 982.21
587.935 1610.47 1510.47 982.24
587.967 1610.58 1510.58 982.27
587.999 1610.69 1510.69 982.3
588.03 1610.79 1510.79 982.33
588.062 1610.9 1510.9 982.36
588.093 1611.01 1511.01 982.39
588.125 1611.12 1511.12 982.42
588.157 1611.23 1511.23 982.45
588.188 1611.34 1511.34 982.48
588.22 1611.44 1511.44 982.51
588.251 1611.55 1511.55 982.54
588.283 1611.66 1511.66 982.57
588.314 1611.77 1511.77 982.6
588.346 1611.88 1511.88 982.63
588.377 1611.99 1511.99 982.66
588.408 1612.09 1512.09 982.69
588.44 1612.2 1512.2 982.72
588.471 1612.31 1512.31 982.75
588.503 1612.42 1512.42 982.78
588.534 1612.53 1512.53 982.81
588.565 1612.63 1512.63 982.84
588.597 1612.74 1512.74 982.87
588.628 1612.85 1512.85 982.9
588.659 1612.96 1512.96 982.93
588.691 1613.07 1513.07 982.96
588.722 1613.18 1513.18 982.99
588.753 1613.28 1513.28 983.02
588.784 1613.39 1513.39 983.05
588.816 1613.5 1513.5 983.08
588.847 1613.61 1513.61 983.11
588.878 1613.72 1513.72 983.14
588.909 1613.83 1513.83 983.17
588.94 1613.93 1513.93 983.2
588.972 1614.04 1514.04 983.23
589.003 1614.15 1514.15 983.26
589.034 1614.26 1514.26 983.29
589.065 1614.37 1514.37 983.32
589.096 1614.48 1514.48 983.35
589.127 1614.58 1514.58 983.38
589.158 1614.69 1514.69 983.41
589.189 1614.8 1514.8 983.44
589.22 1614.91 1514.91 983.47
589.251 1615.02 1515.02 983.5
589.282 1615.12 1515.12 983.53
589.313 1615.23 1515.23 983.56
589.344 1615.34 1515.34 983.59
589.375 1615.45 1515.45 983.62
589.406 1615.56 1515.56 983.65
589.437 1615.67 1515.67 983.68
589.468 1615.77 1515.77 983.71
589.499 1615.88 1515.88 983.74
589.53 1615.99 1515.99 983.77
589.561 1616.1 1516.1 983.8
589.591 1616.21 1516.21 983.83
589.622 1616.32 1516.32 983.86
589.653 1616.42 1516.42 983.89
589.684 1616.53 1516.53 983.92
589.715 1616.64 1516.64 983.95
589.745 1616.75 1516.75 983.98
589.776 1616.86 1516.86 984.01
589.807 1616.97 1516.97 984.04
589.838 1617.07 1517.07 984.07
589.868 1617.18 1517.18 984.1
589.899 1617.29 1517.29 984.13
589.93 1617.4 1517.4 984.16
589.96 1617.51 1517.51 984.19
589.991 1617.61 1517.61 984.22
590.021 1617.72 1517.72 984.25
590.052 1617.83 1517.83 984.28
590.083 1617.94 1517.94 984.31
590.113 1618.05 1518.05 984.34
590.144 1618.16 1518.16 984.37
590.174 1618.26 1518.26 984.4
590.205 1618.37 1518.37 984.43
590.235 1618.48 1518.48 984.46
590.266 1618.59 1518.59 984.49
590.296 1618.7 1518.7 984.52
590.327 1618.81 1518.81 984.55
590.357 1618.91 1518.91 984.58
590.388 1619.02 1519.02 984.61
590.418 1619.13 1519.13 984.64
590.448 1619.24 1519.24 984.67
590.479 1619.35 1519.35 984.7
590.509 1619.46 1519.46 984.73
590.539 1619.56 1519.56 984.76
590.57 1619.67 1519.67 984.79
590.6 1619.78 1519.78 984.82
590.63 1619.89 1519.89 984.85
590.66 1620 1520 984.88
590.691 1620.1 1520.1 984.91
590.721 1620.21 1520.21 984.94
590.751 1620.32 1520.32 984.97
590.781 1620.43 1520.43 985
590.812 1620.54 1520.54 985.03
590.842 1620.65 1520.65 985.06
590.872 1620.75 1520.75 985.09
590.902 1620.86 1520.86 985.12
590.932 1620.97 1520.97 985.15
590.962 1621.08 1521.08 985.18
590.992 1621.19 1521.19 985.21
591.022 1621.3 1521.3 985.24
591.052 1621.4 1521.4 985.27
591.082 1621.51 1521.51 985.3
591.112 1621.62 1521.62 985.33
591.142 1621.73 1521.73 985.36
591.172 1621.84 1521.84 985.39
591.202 1621.95 1521.95 985.42
591.232 1622.05 1522.05 985.45
591.262 1622.16 1522.16 985.48
591.292 1622.27 1522.27 985.51
591.322 1622.38 1522.38 985.54
591.352 1622.49 1522.49 985.57
591.382 1622.59 1522.59 985.6
591.411 1622.7 1522.7 985.63
591.441 1622.81 1522.81 985.66
591.471 1622.92 1522.92 985.69
591.501 1623.03 1523.03 985.72
591.53 1623.14 1523.14 985.75
591.56 1623.24 1523.24 985.78
591.59 1623.35 1523.35 985.81
591.62 1623.46 1523.46 985.84
591.649 1623.57 1523.57 985.87
591.679 1623.68 1523.68 985.9
591.709 1623.79 1523.79 985.93
591.738 1623.89 1523.89 985.96
591.768 1624 1524 985.99
591.797 1624.11 1524.11 986.02
591.827 1624.22 1524.22 986.05
591.857 1624.33 1524.33 986.08
591.886 1624.44 1524.44 986.11
591.916 1624.54 1524.54 986.14
591.945 1624.65 1524.65 986.17
591.975 1624.76 1524.76 986.2
592.004 1624.87 1524.87 986.23
592.034 1624.98 1524.98 986.26
592.063 1625.08 1525.08 986.29
592.092 1625.19 1525.19 986.32
592.122 1625.3 1525.3 986.35
592.151 1625.41 1525.41 986.38
592.181 1625.52 1525.52 986.41
592.21 1625.63 1525.63 986.44
592.239 1625.73 1525.73 986.47
592.268 1625.84 1525.84 986.5
592.298 1625.95 1525.95 986.53
592.327 1626.06 1526.06 986.56
592.356 1626.17 1526.17 986.59
592.386 1626.28 1526.28 986.62
592.415 1626.38 1526.38 986.65
592.444 1626.49 1526.49 986.68
592.473 1626.6 1526.6 986.71
592.502 1626.71 1526.71 986.74
592.531 1626.82 1526.82 986.77
592.56 1626.92 1526.92 986.8
592.59 1627.03 1527.03 986.83
592.619 1627.14 1527.14 986.86
592.648 1627.25 1527.25 986.89
592.677 1627.36 1527.36 986.92
592.706 1627.47 1527.47 986.95
592.735 1627.57 1527.57 986.98
592.764 1627.68 1527.68 987.01
592.793 1627.79 1527.79 987.04
592.822 1627.9 1527.9 987.07
592.851 1628.01 1528.01 987.1
592.88 1628.12 1528.12 987.13
592.908 1628.22 1528.22 987.16
592.937 1628.33 1528.33 987.19
592.966 1628.44 1528.44 987.22
592.995 1628.55 1528.55 987.25
593.024 1628.66 1528.66 987.28
593.053 1628.77 1528.77 987.31
593.081 1628.87 1528.87 987.34
593.11 1628.98 1528.98 987.37
593.139 1629.09 1529.09 987.4
593.168 1629.2 1529.2 987.43
593.196 1629.31 1529.31 987.46
593.225 1629.41 1529.41 987.49
593.254 1629.52 1529.52 987.52
593.282 1629.63 1529.63 987.55
593.311 1629.74 1529.74 987.58
593.339 1629.85 1529.85 987.61
593.368 1629.96 1529.96 987.64
593.397 1630.06 1530.06 987.67
593.425 1630.17 1530.17 987.7
593.454 1630.28 1530.28 987.73
593.482 1630.39 1530.39 987.76
593.511 1630.5 1530.5 987.79
593.539 1630.61 1530.61 987.82
593.568 1630.71 1530.71 987.85
593.596 1630.82 1530.82 987.88
593.624 1630.93 1530.93 987.91
593.653 1631.04 1531.04 987.94
593.681 1631.15 1531.15 987.97
593.71 1631.26 1531.26 988
593.738 1631.36 1531.36 988.03
593.766 1631.47 1531.47 988.06
593.794 1631.58 1531.58 988.09
593.823 1631.69 1531.69 988.12
593.851 1631.8 1531.8 988.15
593.879 1631.9 1531.9 988.18
593.907 1632.01 1532.01 988.21
593.936 1632.12 1532.12 988.24
593.964 1632.23 1532.23 988.27
593.992 1632.34 1532.34 988.3
594.02 1632.45 1532.45 988.33
594.048 1632.55 1532.55 988.36
594.076 1632.66 1532.66 988.39
594.104 1632.77 1532.77 988.42
594.132 1632.88 1532.88 988.45
594.16 1632.99 1532.99 988.48
594.188 1633.1 1533.1 988.51
594.216 1633.2 1533.2 988.54
594.244 1633.31 1533.31 988.57
594.272 1633.42 1533.42 988.6
594.3 1633.53 1533.53 988.63
594.328 1633.64 1533.64 988.66
594.356 1633.75 1533.75 988.69
594.384 1633.85 1533.85 988.72
594.412 1633.96 1533.96 988.75
594.44 1634.07 1534.07 988.78
594.467 1634.18 1534.18 988.81
594.495 1634.29 1534.29 988.84
594.523 1634.39 1534.39 988.87
594.551 1634.5 1534.5 988.9
594.578 1634.61 1534.61 988.93
594.606 1634.72 1534.72 988.96
594.634 1634.83 1534.83 988.99
594.661 1634.94 1534.94 989.02
594.689 1635.04 1535.04 989.05
594.717 1635.15 1535.15 989.08
594.744 1635.26 1535.26 989.11
594.772 1635.37 1535.37 989.14
594.799 1635.48 1535.48 989.17
594.827 1635.59 1535.59 989.2
594.854 1635.69 1535.69 989.23
594.882 1635.8 1535.8 989.26
594.909 1635.91 1535.91 989.29
594.937 1636.02 1536.02 989.32
594.964 1636.13 1536.13 989.35
594.992 1636.24 1536.24 989.38
595.019 1636.34 1536.34 989.41
595.046 1636.45 1536.45 989.44
595.074 1636.56 1536.56 989.47
595.101 1636.67 1536.67 989.5
595.128 1636.78 1536.78 989.53
595.156 1636.88 1536.88 989.56
595.183 1636.99 1536.99 989.59
595.21 1637.1 1537.1 989.62
595.237 1637.21 1537.21 989.65
595.265 1637.32 1537.32 989.68
595.292 1637.43 1537.43 989.71
595.319 1637.53 1537.53 989.74
595.346 1637.64 1537.64 989.77
595.373 1637.75 1537.75 989.8
595.4 1637.86 1537.86 989.83
595.427 1637.97 1537.97 989.86
595.454 1638.08 1538.08 989.89
595.482 1638.18 1538.18 989.92
595.509 1638.29 1538.29 989.95
595.536 1638.4 1538.4 989.98
595.562 1638.51 1538.51 990.01
595.589 1638.62 1538.62 990.04
595.616 1638.73 1538.73 990.07
595.643 1638.83 1538.83 990.1
595.67 1638.94 1538.94 990.13
595.697 1639.05 1539.05 990.16
595.724 1639.16 1539.16 990.19
595.751 1639.27 1539.27 990.22
595.777 1639.37 1539.37 990.25
595.804 1639.48 1539.48 990.28
595.831 1639.59 1539.59 990.31
595.858 1639.7 1539.7 990.34
595.884 1639.81 1539.81 990.37
595.911 1639.92 1539.92 990.4
595.938 1640.02 1540.02 990.43
595.964 1640.13 1540.13 990.46
595.991 1640.24 1540.24 990.49
596.018 1640.35 1540.35 990.52
596.044 1640.46 1540.46 990.55
596.071 1640.57 1540.57 990.58
596.097 1640.67 1540.67 990.61
596.124 1640.78 1540.78 990.64
596.15 1640.89 1540.89 990.67
596.177 1641 1541 990.7
596.203 1641.11 1541.11 990.73
596.23 1641.22 1541.22 990.76
596.256 1641.32 1541.32 990.79
596.282 1641.43 1541.43 990.82
596.309 1641.54 1541.54 990.85
596.335 1641.65 1541.65 990.88
596.361 1641.76 1541.76 990.91
596.388 1641.86 1541.86 990.94
596.414 1641.97 1541.97 990.97
596.44 1642.08 1542.08 991
596.466 1642.19 1542.19 991.03
596.493 1642.3 1542.3 991.06
596.519 1642.41 1542.41 991.09
596.545 1642.51 1542.51 991.12
596.571 1642.62 1542.62 991.15
596.597 1642.73 1542.73 991.18
596.623 1642.84 1542.84 991.21
596.649 1642.95 1542.95 991.24
596.675 1643.06 1543.06 991.27
596.701 1643.16 1543.16 991.3
596.727 1643.27 1543.27 991.33
596.753 1643.38 1543.38 991.36
596.779 1643.49 1543.49 991.39
596.805 1643.6 1543.6 991.42
596.831 1643.7 1543.7 991.45
596.857 1643.81 1543.81 991.48
596.883 1643.92 1543.92 991.51
596.909 1644.03 1544.03 991.54
596.934 1644.14 1544.14 991.57
596.96 1644.25 1544.25 991.6
596.986 1644.35 1544.35 991.63
597.012 1644.46 1544.46 991.66
597.038 1644.57 1544.57 991.69
597.063 1644.68 1544.68 991.72
597.089 1644.79 1544.79 991.75
597.115 1644.9 1544.9 991.78
597.14 1645 1545 991.81
597.166 1645.11 1545.11 991.84
597.191 1645.22 1545.22 991.87
597.217 1645.33 1545.33 991.9
597.242 1645.44 1545.44 991.93
597.268 1645.55 1545.55 991.96
597.293 1645.65 1545.65 991.99
597.319 1645.76 1545.76 992.02
597.344 1645.87 1545.87 992.05
597.37 1645.98 1545.98 992.08
597.395 1646.09 1546.09 992.11
597.421 1646.19 1546.19 992.14
597.446 1646.3 1546.3 992.17
597.471 1646.41 1546.41 992.2
597.497 1646.52 1546.52 992.23
597.522 1646.63 1546.63 992.26
597.547 1646.74 1546.74 992.29
597.572 1646.84 1546.84 992.32
597.598 1646.95 1546.95 992.35
597.623 1647.06 1547.06 992.38
597.648 1647.17 1547.17 992.41
597.673 1647.28 1547.28 992.44
597.698 1647.39 1547.39 992.47
597.723 1647.49 1547.49 992.5
597.748 1647.6 1547.6 992.53
597.773 1647.71 1547.71 992.56
597.798 1647.82 1547.82 992.59
597.823 1647.93 1547.93 992.62
597.848 1648.04 1548.04 992.65
597.873 1648.14 1548.14 992.68
597.898 1648.25 1548.25 992.71
597.923 1648.36 1548.36 992.74
597.948 1648.47 1548.47 992.77
597.973 1648.58 1548.58 992.8
597.998 1648.68 1548.68 992.83
598.022 1648.79 1548.79 992.86
598.047 1648.9 1548.9 992.89
598.072 1649.01 1549.01 992.92
598.097 1649.12 1549.12 992.95
598.121 1649.23 1549.23 992.98
598.146 1649.33 1549.33 993.01
598.171 1649.44 1549.44 993.04
598.195 1649.55 1549.55 993.07
598.22 1649.66 1549.66 993.1
598.245 1649.77 1549.77 993.13
598.269 1649.88 1549.88 993.16
598.294 1649.98 1549.98 993.19
598.318 1650.09 1550.09 993.22
598.343 1650.2 1550.2 993.25
598.367 1650.31 1550.31 993.28
598.392 1650.42 1550.42 993.31
598.416 1650.53 1550.53 993.34
598.441 1650.63 1550.63 993.37
598.465 1650.74 1550.74 993.4
598.489 1650.85 1550.85 993.43
598.514 1650.96 1550.96 993.46
598.538 1651.07 1551.07 993.49
598.562 1651.17 1551.17 993.52
598.586 1651.28 1551.28 993.55
598.611 1651.39 1551.39 993.58
598.635 1651.5 1551.5 993.61
598.659 1651.61 1551.61 993.64
598.683 1651.72 1551.72 993.67
598.707 1651.82 1551.82 993.7
598.731 1651.93 1551.93 993.73
598.755 1652.04 1552.04 993.76
598.779 1652.15 1552.15 993.79
598.803 1652.26 1552.26 993.82
598.827 1652.37 1552.37 993.85
598.851 1652.47 1552.47 993.88
598.875 1652.58 1552.58 993.91
598.899 1652.69 1552.69 993.94
598.923 1652.8 1552.8 993.97
598.947 1652.91 1552.91 994
598.971 1653.02 1553.02 994.03
598.995 1653.12 1553.12 994.06
599.019 1653.23 1553.23 994.09
599.042 1653.34 1553.34 994.12
599.066 1653.45 1553.45 994.15
599.09 1653.56 1553.56 994.18
599.114 1653.66 1553.66 994.21
599.137 1653.77 1553.77 994.24
599.161 1653.88 1553.88 994.27
599.185 1653.99 1553.99 994.3
599.208 1654.1 1554.1 994.33
599.232 1654.21 1554.21 994.36
599.255 1654.31 1554.31 994.39
599.279 1654.42 1554.42 994.42
599.302 1654.53 1554.53 994.45
599.326 1654.64 1554.64 994.48
599.349 1654.75 1554.75 994.51
599.373 1654.86 1554.86 994.54
599.396 1654.96 1554.96 994.57
599.419 1655.07 1555.07 994.6
599.443 1655.18 1555.18 994.63
599.466 1655.29 1555.29 994.66
599.489 1655.4 1555.4 994.69
599.513 1655.51 1555.51 994.72
599.536 1655.61 1555.61 994.75
599.559 1655.72 1555.72 994.78
599.582 1655.83 1555.83 994.81
599.605 1655.94 1555.94 994.84
599.629 1656.05 1556.05 994.87
599.652 1656.15 1556.15 994.9
599.675 1656.26 1556.26 994.93
599.698 1656.37 1556.37 994.96
599.721 1656.48 1556.48 994.99
599.744 1656.59 1556.59 995.02
599.767 1656.7 1556.7 995.05
599.79 1656.8 1556.8 995.08
599.813 1656.91 1556.91 995.11
599.836 1657.02 1557.02 995.14
599.859 1657.13 1557.13 995.17
599.881 1657.24 1557.24 995.2
599.904 1657.35 1557.35 995.23
599.927 1657.45 1557.45 995.26
599.95 1657.56 1557.56 995.29
599.973 1657.67 1557.67 995.32
599.995 1657.78 1557.78 995.35
600.018 1657.89 1557.89 995.38
600.041 1658 1558 995.41
600.063 1658.1 1558.1 995.44
600.086 1658.21 1558.21 995.47
600.109 1658.32 1558.32 995.5
600.131 1658.43 1558.43 995.53
600.154 1658.54 1558.54 995.56
600.176 1658.64 1558.64 995.59
600.199 1658.75 1558.75 995.62
600.221 1658.86 1558.86 995.65
600.244 1658.97 1558.97 995.68
600.266 1659.08 1559.08 995.71
600.288 1659.19 1559.19 995.74
600.311 1659.29 1559.29 995.77
600.333 1659.4 1559.4 995.8
600.355 1659.51 1559.51 995.83
600.378 1659.62 1559.62 995.86
600.4 1659.73 1559.73 995.89
600.422 1659.84 1559.84 995.92
600.444 1659.94 1559.94 995.95
600.467 1660.05 1560.05 995.98
600.489 1660.16 1560.16 996.01
600.511 1660.27 1560.27 996.04
600.533 1660.38 1560.38 996.07
600.555 1660.49 1560.49 996.1
600.577 1660.59 1560.59 996.13
600.599 1660.7 1560.7 996.16
600.621 1660.81 1560.81 996.19
600.643 1660.92 1560.92 996.22
600.665 1661.03 1561.03 996.25
600.687 1661.13 1561.13 996.28
600.709 1661.24 1561.24 996.31
600.731 1661.35 1561.35 996.34
600.752 1661.46 1561.46 996.37
600.774 1661.57 1561.57 996.4
600.796 1661.68 1561.68 996.43
600.818 1661.78 1561.78 996.46
600.839 1661.89 1561.89 996.49
600.861 1662 1562 996.52
600.883 1662.11 1562.11 996.55
600.904 1662.22 1562.22 996.58
600.926 1662.33 1562.33 996.61
600.948 1662.43 1562.43 996.64
600.969 1662.54 1562.54 996.67
600.991 1662.65 1562.65 996.7
601.012 1662.76 1562.76 996.73
601.034 1662.87 1562.87 996.76
601.055 1662.97 1562.97 996.79
601.076 1663.08 1563.08 996.82
601.098 1663.19 1563.19 996.85
601.119 1663.3 1563.3 996.88
601.14 1663.41 1563.41 996.91
601.162 1663.52 1563.52 996.94
601.183 1663.62 1563.62 996.97
601.204 1663.73 1563.73 997
601.226 1663.84 1563.84 997.03
601.247 1663.95 1563.95 997.06
601.268 1664.06 1564.06 997.09
601.289 1664.17 1564.17 997.12
601.31 1664.27 1564.27 997.15
601.331 1664.38 1564.38 997.18
601.352 1664.49 1564.49 997.21
601.373 1664.6 1564.6 997.24
601.394 1664.71 1564.71 997.27
601.415 1664.82 1564.82 997.3
601.436 1664.92 1564.92 997.33
601.457 1665.03 1565.03 997.36
601.478 1665.14 1565.14 997.39
601.499 1665.25 1565.25 997.42
601.52 1665.36 1565.36 997.45
601.541 1665.46 1565.46 997.48
601.561 1665.57 1565.57 997.51
601.582 1665.68 1565.68 997.54
601.603 1665.79 1565.79 997.57
601.624 1665.9 1565.9 997.6
601.644 1666.01 1566.01 997.63
601.665 1666.11 1566.11 997.66
601.685 1666.22 1566.22 997.69
601.706 1666.33 1566.33 997.72
601.727 1666.44 1566.44 997.75
601.747 1666.55 1566.55 997.78
601.768 1666.66 1566.66 997.81
601.788 1666.76 1566.76 997.84
601.808 1666.87 1566.87 997.87
601.829 1666.98 1566.98 997.9
601.849 1667.09 1567.09 997.93
601.87 1667.2 1567.2 997.96
601.89 1667.31 1567.31 997.99
601.91 1667.41 1567.41 998.02
601.931 1667.52 1567.52 998.05
601.951 1667.63 1567.63 998.08
601.971 1667.74 1567.74 998.11
601.991 1667.85 1567.85 998.14
602.011 1667.95 1567.95 998.17
602.031 1668.06 1568.06 998.2
602.052 1668.17 1568.17 998.23
602.072 1668.28 1568.28 998.26
602.092 1668.39 1568.39 998.29
602.112 1668.5 1568.5 998.32
602.132 1668.6 1568.6 998.35
602.152 1668.71 1568.71 998.38
602.172 1668.82 1568.82 998.41
602.191 1668.93 1568.93 998.44
602.211 1669.04 1569.04 998.47
602.231 1669.15 1569.15 998.5
602.251 1669.25 1569.25 998.53
602.271 1669.36 1569.36 998.56
602.29 1669.47 1569.47 998.59
602.31 1669.58 1569.58 998.62
602.33 1669.69 1569.69 998.65
602.35 1669.8 1569.8 998.68
602.369 1669.9 1569.9 998.71
602.389 1670.01 1570.01 998.74
602.408 1670.12 1570.12 998.77
602.428 1670.23 1570.23 998.8
602.447 1670.34 1570.34 998.83
602.467 1670.44 1570.44 998.86
602.486 1670.55 1570.55 998.89
602.506 1670.66 1570.66 998.92
602.525 1670.77 1570.77 998.95
602.545 1670.88 1570.88 998.98
602.564 1670.99 1570.99 999.01
602.583 1671.09 1571.09 999.04
602.603 1671.2 1571.2 999.07
602.622 1671.31 1571.31 999.1
602.641 1671.42 1571.42 999.13
602.66 1671.53 1571.53 999.16
602.679 1671.64 1571.64 999.19
602.699 1671.74 1571.74 999.22
602.718 1671.85 1571.85 999.25
602.737 1671.96 1571.96 999.28
602.756 1672.07 1572.07 999.31
602.775 1672.18 1572.18 999.34
602.794 1672.29 1572.29 999.37
602.813 1672.39 1572.39 999.4
602.832 1672.5 1572.5 999.43
602.851 1672.61 1572.61 999.46
602.869 1672.72 1572.72 999.49
602.888 1672.83 1572.83 999.52
602.907 1672.93 1572.93 999.55
602.926 1673.04 1573.04 999.58
602.945 1673.15 1573.15 999.61
602.963 1673.26 1573.26 999.64
602.982 1673.37 1573.37 999.67
603.001 1673.48 1573.48 999.7
603.019 1673.58 1573.58 999.73
603.038 1673.69 1573.69 999.76
603.057 1673.8 1573.8 999.79
603.075 1673.91 1573.91 999.82
603.094 1674.02 1574.02 999.85
603.112 1674.13 1574.13 999.88
603.13 1674.23 1574.23 999.91
603.149 1674.34 1574.34 999.94
603.167 1674.45 1574.45 999.97
603.186 1674.56 1574.56 1000
