906.019 1464.43 1364.43 640
910.444 1466.39 1366.39 640.09
914.845 1468.34 1368.34 640.18
919.221 1470.3 1370.3 640.27
923.573 1472.26 1372.26 640.36
927.902 1474.22 1374.22 640.45
932.206 1476.18 1376.18 640.54
936.487 1478.14 1378.14 640.63
940.744 1480.1 1380.1 640.72
944.977 1482.05 1382.05 640.81
949.186 1484.01 1384.01 640.9
953.372 1485.97 1385.97 640.99
957.534 1487.93 1387.93 641.08
961.672 1489.89 1389.89 641.17
965.787 1491.85 1391.85 641.26
969.879 1493.81 1393.81 641.35
973.947 1495.76 1395.76 641.44
977.992 1497.72 1397.72 641.53
982.013 1499.68 1399.68 641.62
986.011 1501.64 1401.64 641.71
989.986 1503.6 1403.6 641.8
993.937 1505.56 1405.56 641.89
997.866 1507.52 1407.52 641.98
1001.77 1509.47 1409.47 642.07
1005.65 1511.43 1411.43 642.16
1009.51 1513.39 1413.39 642.25
1013.35 1515.35 1415.35 642.34
1017.16 1517.31 1417.31 642.43
1020.95 1519.27 1419.27 642.52
1024.72 1521.23 1421.23 642.61
1028.47 1523.18 1423.18 642.7
1032.19 1525.14 1425.14 642.79
1035.89 1527.1 1427.1 642.88
1039.57 1529.06 1429.06 642.97
1043.22 1531.02 1431.02 643.06
1046.85 1532.98 1432.98 643.15
1050.46 1534.94 1434.94 643.24
1054.05 1536.89 1436.89 643.33
1057.61 1538.85 1438.85 643.42
1061.16 1540.81 1440.81 643.51
1064.68 1542.77 1442.77 643.6
1068.18 1544.73 1444.73 643.69
1071.65 1546.69 1446.69 643.78
1075.11 1548.65 1448.65 643.87
1078.54 1550.6 1450.6 643.96
1081.95 1552.56 1452.56 644.05
1085.34 1554.52 1454.52 644.14
1088.7 1556.48 1456.48 644.23
1092.05 1558.44 1458.44 644.32
1095.37 1560.4 1460.4 644.41
1098.67 1562.36 1462.36 644.5
1101.95 1564.31 1464.31 644.59
1105.21 1566.27 1466.27 644.68
1108.44 1568.23 1468.23 644.77
1111.65 1570.19 1470.19 644.86
1114.85 1572.15 1472.15 644.95
1118.02 1574.11 1474.11 645.04
1121.17 1576.07 1476.07 645.13
1124.3 1578.02 1478.02 645.22
1127.4 1579.98 1479.98 645.31
1130.49 1581.94 1481.94 645.4
1133.55 1583.9 1483.9 645.49
1136.6 1585.86 1485.86 645.58
1139.62 1587.82 1487.82 645.67
1142.62 1589.78 1489.78 645.76
1145.6 1591.73 1491.73 645.85
1148.56 1593.69 1493.69 645.94
1151.5 1595.65 1495.65 646.03
1154.41 1597.61 1497.61 646.12
1157.31 1599.57 1499.57 646.21
1160.19 1601.53 1501.53 646.3
1163.04 1603.49 1503.49 646.39
1165.88 1605.44 1505.44 646.48
1168.69 1607.4 1507.4 646.57
1171.48 1609.36 1509.36 646.66
1174.25 1611.32 1511.32 646.75
1177.01 1613.28 1513.28 646.84
1179.74 1615.24 1515.24 646.93
1182.45 1617.2 1517.2 647.02
1185.14 1619.15 1519.15 647.11
1187.81 1621.11 1521.11 647.2
1190.46 1623.07 1523.07 647.29
1193.09 1625.03 1525.03 647.38
1195.7 1626.99 1526.99 647.47
1198.29 1628.95 1528.95 647.56
1200.86 1630.91 1530.91 647.65
1203.41 1632.86 1532.86 647.74
1205.94 1634.82 1534.82 647.83
1208.45 1636.78 1536.78 647.92
1210.94 1638.74 1538.74 648.01
1213.41 1640.7 1540.7 648.1
1215.86 1642.66 1542.66 648.19
1218.29 1644.62 1544.62 648.28
1220.7 1646.57 1546.57 648.37
1223.1 1648.53 1548.53 648.46
1225.47 1650.49 1550.49 648.55
1227.82 1652.45 1552.45 648.64
1230.15 1654.41 1554.41 648.73
1232.47 1656.37 1556.37 648.82
1234.76 1658.33 1558.33 648.91
1237.04 1660.28 1560.28 649
1239.29 1662.24 1562.24 649.09
1241.53 1664.2 1564.2 649.18
1243.75 1666.16 1566.16 649.27
1245.95 1668.12 1568.12 649.36
1248.12 1670.08 1570.08 649.45
1250.29 1672.04 1572.04 649.54
1252.43 1673.99 1573.99 649.63
1254.55 1675.95 1575.95 649.72
1256.65 1677.91 1577.91 649.81
1258.74 1679.87 1579.87 649.9
1260.8 1681.83 1581.83 649.99
1262.85 1683.79 1583.79 650.08
1264.88 1685.75 1585.75 650.17
1266.89 1687.7 1587.7 650.26
1268.88 1689.66 1589.66 650.35
1270.85 1691.62 1591.62 650.44
1272.81 1693.58 1593.58 650.53
1274.74 1695.54 1595.54 650.62
1276.66 1697.5 1597.5 650.71
1278.56 1699.46 1599.46 650.8
1280.44 1701.41 1601.41 650.89
1282.3 1703.37 1603.37 650.98
1284.15 1705.33 1605.33 651.07
1285.97 1707.29 1607.29 651.16
1287.78 1709.25 1609.25 651.25
1289.57 1711.21 1611.21 651.34
1291.35 1713.17 1613.17 651.43
1293.1 1715.12 1615.12 651.52
1294.84 1717.08 1617.08 651.61
1296.56 1719.04 1619.04 651.7
1298.26 1721 1621 651.79
1299.94 1722.96 1622.96 651.88
1301.6 1724.92 1624.92 651.97
1303.25 1726.88 1626.88 652.06
1304.88 1728.83 1628.83 652.15
1306.5 1730.79 1630.79 652.24
1308.09 1732.75 1632.75 652.33
1309.67 1734.71 1634.71 652.42
1311.23 1736.67 1636.67 652.51
1312.77 1738.63 1638.63 652.6
1314.3 1740.59 1640.59 652.69
1315.81 1742.54 1642.54 652.78
1317.3 1744.5 1644.5 652.87
1318.77 1746.46 1646.46 652.96
1320.23 1748.42 1648.42 653.05
1321.67 1750.38 1650.38 653.14
1323.09 1752.34 1652.34 653.23
1324.5 1754.3 1654.3 653.32
1325.89 1756.25 1656.25 653.41
1327.26 1758.21 1658.21 653.5
1328.61 1760.17 1660.17 653.59
1329.95 1762.13 1662.13 653.68
1331.28 1764.09 1664.09 653.77
1332.58 1766.05 1666.05 653.86
1333.87 1768.01 1668.01 653.95
1335.14 1769.96 1669.96 654.04
1336.4 1771.92 1671.92 654.13
1337.64 1773.88 1673.88 654.22
1338.86 1775.84 1675.84 654.31
1340.07 1777.8 1677.8 654.4
1341.26 1779.76 1679.76 654.49
1342.43 1781.72 1681.72 654.58
1343.59 1783.67 1683.67 654.67
1344.73 1785.63 1685.63 654.76
1345.85 1787.59 1687.59 654.85
1346.96 1789.55 1689.55 654.94
1348.06 1791.51 1691.51 655.03
1349.13 1793.47 1693.47 655.12
1350.2 1795.43 1695.43 655.21
1351.24 1797.38 1697.38 655.3
1352.27 1799.34 1699.34 655.39
1353.28 1801.3 1701.3 655.48
1354.28 1803.26 1703.26 655.57
1355.27 1805.22 1705.22 655.66
1356.23 1807.18 1707.18 655.75
1357.18 1809.14 1709.14 655.84
1358.12 1811.09 1711.09 655.93
1359.04 1813.05 1713.05 656.02
1359.94 1815.01 1715.01 656.11
1360.83 1816.97 1716.97 656.2
1361.71 1818.93 1718.93 656.29
1362.57 1820.89 1720.89 656.38
1363.41 1822.85 1722.85 656.47
1364.24 1824.8 1724.8 656.56
1365.05 1826.76 1726.76 656.65
1365.85 1828.72 1728.72 656.74
1366.63 1830.68 1730.68 656.83
1367.4 1832.64 1732.64 656.92
1368.16 1834.6 1734.6 657.01
1368.89 1836.56 1736.56 657.1
1369.62 1838.51 1738.51 657.19
1370.33 1840.47 1740.47 657.28
1371.02 1842.43 1742.43 657.37
1371.7 1844.39 1744.39 657.46
1372.36 1846.35 1746.35 657.55
1373.01 1848.31 1748.31 657.64
1373.65 1850.27 1750.27 657.73
1374.27 1852.22 1752.22 657.82
1374.88 1854.18 1754.18 657.91
1375.47 1856.14 1756.14 658
1376.05 1858.1 1758.1 658.09
1376.61 1860.06 1760.06 658.18
1377.16 1862.02 1762.02 658.27
1377.69 1863.98 1763.98 658.36
1378.22 1865.93 1765.93 658.45
1378.72 1867.89 1767.89 658.54
1379.22 1869.85 1769.85 658.63
1379.69 1871.81 1771.81 658.72
1380.16 1873.77 1773.77 658.81
1380.61 1875.73 1775.73 658.9
1381.05 1877.69 1777.69 658.99
1381.47 1879.64 1779.64 659.08
1381.88 1881.6 1781.6 659.17
1382.28 1883.56 1783.56 659.26
1382.66 1885.52 1785.52 659.35
1383.03 1887.48 1787.48 659.44
1383.38 1889.44 1789.44 659.53
1383.72 1891.4 1791.4 659.62
1384.05 1893.35 1793.35 659.71
1384.36 1895.31 1795.31 659.8
1384.67 1897.27 1797.27 659.89
1384.95 1899.23 1799.23 659.98
1385.23 1901.19 1801.19 660.07
1385.49 1903.15 1803.15 660.16
1385.74 1905.11 1805.11 660.25
1385.97 1907.06 1807.06 660.34
1386.19 1909.02 1809.02 660.43
1386.4 1910.98 1810.98 660.52
1386.6 1912.94 1812.94 660.61
1386.78 1914.9 1814.9 660.7
1386.95 1916.86 1816.86 660.79
1387.11 1918.82 1818.82 660.88
1387.25 1920.77 1820.77 660.97
1387.39 1922.73 1822.73 661.06
1387.5 1924.69 1824.69 661.15
1387.61 1926.65 1826.65 661.24
1387.7 1928.61 1828.61 661.33
1387.79 1930.57 1830.57 661.42
1387.86 1932.53 1832.53 661.51
1387.91 1934.48 1834.48 661.6
1387.96 1936.44 1836.44 661.69
1387.99 1938.4 1838.4 661.78
1388.01 1940.36 1840.36 661.87
1388.01 1942.32 1842.32 661.96
1388.01 1944.28 1844.28 662.05
1387.99 1946.24 1846.24 662.14
1387.96 1948.19 1848.19 662.23
1387.92 1950.15 1850.15 662.32
1387.87 1952.11 1852.11 662.41
1387.8 1954.07 1854.07 662.5
1387.73 1956.03 1856.03 662.59
1387.64 1957.99 1857.99 662.68
1387.54 1959.95 1859.95 662.77
1387.42 1961.9 1861.9 662.86
1387.3 1963.86 1863.86 662.95
1387.16 1965.82 1865.82 663.04
1387.02 1967.78 1867.78 663.13
1386.86 1969.74 1869.74 663.22
1386.69 1971.7 1871.7 663.31
1386.5 1973.66 1873.66 663.4
1386.31 1975.61 1875.61 663.49
1386.11 1977.57 1877.57 663.58
1385.89 1979.53 1879.53 663.67
1385.66 1981.49 1881.49 663.76
1385.42 1983.45 1883.45 663.85
1385.17 1985.41 1885.41 663.94
1384.91 1987.37 1887.37 664.03
1384.64 1989.32 1889.32 664.12
1384.36 1991.28 1891.28 664.21
1384.06 1993.24 1893.24 664.3
1383.76 1995.2 1895.2 664.39
1383.44 1997.16 1897.16 664.48
1383.12 1999.12 1899.12 664.57
1382.78 2001.08 1901.08 664.66
1382.43 2003.03 1903.03 664.75
1382.07 2004.99 1904.99 664.84
1381.7 2006.95 1906.95 664.93
1381.32 2008.91 1908.91 665.02
1380.93 2010.87 1910.87 665.11
1380.53 2012.83 1912.83 665.2
1380.12 2014.79 1914.79 665.29
1379.7 2016.74 1916.74 665.38
1379.27 2018.7 1918.7 665.47
1378.83 2020.66 1920.66 665.56
1378.37 2022.62 1922.62 665.65
1377.91 2024.58 1924.58 665.74
1377.44 2026.54 1926.54 665.83
1376.96 2028.5 1928.5 665.92
1376.46 2030.45 1930.45 666.01
1375.96 2032.41 1932.41 666.1
1375.45 2034.37 1934.37 666.19
1374.93 2036.33 1936.33 666.28
1374.39 2038.29 1938.29 666.37
1373.85 2040.25 1940.25 666.46
1373.3 2042.21 1942.21 666.55
1372.74 2044.16 1944.16 666.64
1372.17 2046.12 1946.12 666.73
1371.58 2048.08 1948.08 666.82
1370.99 2050.04 1950.04 666.91
1370.39 2052 1952 667
1369.78 2053.96 1953.96 667.09
1369.17 2055.92 1955.92 667.18
1368.54 2057.87 1957.87 667.27
1367.9 2059.83 1959.83 667.36
1367.25 2061.79 1961.79 667.45
1366.6 2063.75 1963.75 667.54
1365.93 2065.71 1965.71 667.63
1365.26 2067.67 1967.67 667.72
1364.58 2069.63 1969.63 667.81
1363.88 2071.58 1971.58 667.9
1363.18 2073.54 1973.54 667.99
1362.47 2075.5 1975.5 668.08
1361.75 2077.46 1977.46 668.17
1361.03 2079.42 1979.42 668.26
1360.29 2081.38 1981.38 668.35
1359.54 2083.34 1983.34 668.44
1358.79 2085.29 1985.29 668.53
1358.03 2087.25 1987.25 668.62
1357.26 2089.21 1989.21 668.71
1356.48 2091.17 1991.17 668.8
1355.69 2093.13 1993.13 668.89
1354.89 2095.09 1995.09 668.98
1354.09 2097.05 1997.05 669.07
1353.28 2099 1999 669.16
1352.45 2100.96 2000.96 669.25
1351.62 2102.92 2002.92 669.34
1350.79 2104.88 2004.88 669.43
1349.94 2106.84 2006.84 669.52
1349.09 2108.8 2008.8 669.61
1348.23 2110.76 2010.76 669.7
1347.36 2112.71 2012.71 669.79
1346.48 2114.67 2014.67 669.88
1345.59 2116.63 2016.63 669.97
1344.7 2118.59 2018.59 670.06
1343.8 2120.55 2020.55 670.15
1342.89 2122.51 2022.51 670.24
1341.97 2124.47 2024.47 670.33
1341.05 2126.42 2026.42 670.42
1340.12 2128.38 2028.38 670.51
1339.18 2130.34 2030.34 670.6
1338.23 2132.3 2032.3 670.69
1337.27 2134.26 2034.26 670.78
1336.31 2136.22 2036.22 670.87
1335.34 2138.18 2038.18 670.96
1334.37 2140.13 2040.13 671.05
1333.38 2142.09 2042.09 671.14
1332.39 2144.05 2044.05 671.23
1331.4 2146.01 2046.01 671.32
1330.39 2147.97 2047.97 671.41
1329.38 2149.93 2049.93 671.5
1328.36 2151.89 2051.89 671.59
1327.33 2153.84 2053.84 671.68
1326.3 2155.8 2055.8 671.77
1325.26 2157.76 2057.76 671.86
1324.21 2159.72 2059.72 671.95
1323.16 2161.68 2061.68 672.04
1322.1 2163.64 2063.64 672.13
1321.04 2165.6 2065.6 672.22
1319.96 2167.55 2067.55 672.31
1318.88 2169.51 2069.51 672.4
1317.8 2171.47 2071.47 672.49
1316.7 2173.43 2073.43 672.58
1315.6 2175.39 2075.39 672.67
1314.5 2177.35 2077.35 672.76
1313.39 2179.31 2079.31 672.85
1312.27 2181.26 2081.26 672.94
1311.15 2183.22 2083.22 673.03
1310.02 2185.18 2085.18 673.12
1308.88 2187.14 2087.14 673.21
1307.74 2189.1 2089.1 673.3
1306.59 2191.06 2091.06 673.39
1305.43 2193.02 2093.02 673.48
1304.27 2194.97 2094.97 673.57
1303.11 2196.93 2096.93 673.66
1301.94 2198.89 2098.89 673.75
1300.76 2200.85 2100.85 673.84
1299.57 2202.81 2102.81 673.93
1298.39 2204.77 2104.77 674.02
1297.19 2206.73 2106.73 674.11
1295.99 2208.68 2108.68 674.2
1294.78 2210.64 2110.64 674.29
1293.57 2212.6 2112.6 674.38
1292.36 2214.56 2114.56 674.47
1291.13 2216.52 2116.52 674.56
1289.91 2218.48 2118.48 674.65
1288.67 2220.44 2120.44 674.74
1287.44 2222.39 2122.39 674.83
1286.19 2224.35 2124.35 674.92
1284.95 2226.31 2126.31 675.01
1283.69 2228.27 2128.27 675.1
1282.43 2230.23 2130.23 675.19
1281.17 2232.19 2132.19 675.28
1279.9 2234.15 2134.15 675.37
1278.63 2236.1 2136.1 675.46
1277.35 2238.06 2138.06 675.55
1276.07 2240.02 2140.02 675.64
1274.78 2241.98 2141.98 675.73
1273.49 2243.94 2143.94 675.82
1272.19 2245.9 2145.9 675.91
1270.89 2247.86 2147.86 676
1269.59 2249.81 2149.81 676.09
1268.27 2251.77 2151.77 676.18
1266.96 2253.73 2153.73 676.27
1265.64 2255.69 2155.69 676.36
1264.32 2257.65 2157.65 676.45
1262.99 2259.61 2159.61 676.54
1261.66 2261.57 2161.57 676.63
1260.32 2263.52 2163.52 676.72
1258.98 2265.48 2165.48 676.81
1257.64 2267.44 2167.44 676.9
1256.29 2269.4 2169.4 676.99
1254.94 2271.36 2171.36 677.08
1253.58 2273.32 2173.32 677.17
1252.22 2275.28 2175.28 677.26
1250.85 2277.23 2177.23 677.35
1249.49 2279.19 2179.19 677.44
1248.12 2281.15 2181.15 677.53
1246.74 2283.11 2183.11 677.62
1245.36 2285.07 2185.07 677.71
1243.98 2287.03 2187.03 677.8
1242.59 2288.99 2188.99 677.89
1241.2 2290.94 2190.94 677.98
1239.81 2292.9 2192.9 678.07
1238.41 2294.86 2194.86 678.16
1237.01 2296.82 2196.82 678.25
1235.61 2298.78 2198.78 678.34
1234.2 2300.74 2200.74 678.43
1232.79 2302.7 2202.7 678.52
1231.38 2304.65 2204.65 678.61
1229.96 2306.61 2206.61 678.7
1228.54 2308.57 2208.57 678.79
1227.12 2310.53 2210.53 678.88
1225.7 2312.49 2212.49 678.97
1224.27 2314.45 2214.45 679.06
1222.84 2316.41 2216.41 679.15
1221.41 2318.36 2218.36 679.24
1219.97 2320.32 2220.32 679.33
1218.53 2322.28 2222.28 679.42
1217.09 2324.24 2224.24 679.51
1215.64 2326.2 2226.2 679.6
1214.2 2328.16 2228.16 679.69
1212.75 2330.12 2230.12 679.78
1211.3 2332.07 2232.07 679.87
1209.84 2334.03 2234.03 679.96
1208.38 1023 923 680.05 PIT
1206.92 1023 923 680.14 PIT
1205.46 1023 923 680.23 PIT
1204 1023 923 680.32 PIT
1202.53 1023 923 680.41 PIT
1201.07 1023 923 680.5 PIT
1199.6 1023 923 680.59 PIT
1198.12 1023 923 680.68 PIT
1196.65 1023 923 680.77 PIT
1195.17 1023 923 680.86 PIT
1193.7 1023 923 680.95 PIT
1192.22 1023 923 681.04 PIT
1190.74 1023 923 681.13 PIT
1189.25 1023 923 681.22 PIT
1187.77 1023 923 681.31 PIT
1186.28 1023 923 681.4 PIT
1184.79 1023 923 681.49 PIT
1183.3 1023 923 681.58 PIT
1181.81 1023 923 681.67 PIT
1180.32 1023 923 681.76 PIT
1178.83 1023 923 681.85 PIT
1177.33 1023 923 681.94 PIT
1175.83 1023 923 682.03 PIT
1174.34 1023 923 682.12 PIT
1172.84 1023 923 682.21 PIT
1171.34 1023 923 682.3 PIT
1169.83 1023 923 682.39 PIT
1168.33 1023 923 682.48 PIT
1166.83 1023 923 682.57 PIT
1165.32 1023 923 682.66 PIT
1163.82 1023 923 682.75 PIT
1162.31 1023 923 682.84 PIT
1160.81 1023 923 682.93 PIT
1159.3 1023 923 683.02 PIT
1157.79 1023 923 683.11 PIT
1156.28 1023 923 683.2 PIT
1154.77 1023 923 683.29 PIT
1153.26 1023 923 683.38 PIT
1151.75 1023 923 683.47 PIT
1150.24 1023 923 683.56 PIT
1148.73 1023 923 683.65 PIT
1147.22 1023 923 683.74 PIT
1145.7 1023 923 683.83 PIT
1144.19 1023 923 683.92 PIT
1142.68 1023 923 684.01 PIT
1141.17 1023 923 684.1 PIT
1139.65 1023 923 684.19 PIT
1138.14 1023 923 684.28 PIT
1136.63 1023 923 684.37 PIT
1135.11 1023 923 684.46 PIT
1133.6 1023 923 684.55 PIT
1132.09 1023 923 684.64 PIT
1130.58 1023 923 684.73 PIT
1129.06 1023 923 684.82 PIT
1127.55 1023 923 684.91 PIT
1126.04 1023 923 685 PIT
1124.53 1023 923 685.09 PIT
1123.02 1023 923 685.18 PIT
1121.51 1023 923 685.27 PIT
1120 1023 923 685.36 PIT
1118.49 1023 923 685.45 PIT
1116.98 1023 923 685.54 PIT
1115.47 1023 923 685.63 PIT
1113.96 1023 923 685.72 PIT
1112.45 1023 923 685.81 PIT
1110.95 1023 923 685.9 PIT
1109.44 1023 923 685.99 PIT
1107.94 1023 923 686.08 PIT
1106.44 1023 923 686.17 PIT
1104.93 1023 923 686.26 PIT
1103.43 1023 923 686.35 PIT
1101.93 1023 923 686.44 PIT
1100.43 1023 923 686.53 PIT
1098.94 1023 923 686.62 PIT
1097.44 1023 923 686.71 PIT
1095.95 1023 923 686.8 PIT
1094.45 1023 923 686.89 PIT
1092.96 1023 923 686.98 PIT
1091.47 1023 923 687.07 PIT
1089.98 1023 923 687.16 PIT
1088.49 1023 923 687.25 PIT
1087.01 1023 923 687.34 PIT
1085.52 1023 923 687.43 PIT
1084.04 1023 923 687.52 PIT
1082.56 1023 923 687.61 PIT
1081.08 1023 923 687.7 PIT
1079.6 1023 923 687.79 PIT
1078.12 1023 923 687.88 PIT
1076.65 1023 923 687.97 PIT
1075.18 1023 923 688.06 PIT
1073.71 1023 923 688.15 PIT
1072.24 1023 923 688.24 PIT
1070.78 1023 923 688.33 PIT
1069.31 1023 923 688.42 PIT
1067.85 1023 923 688.51 PIT
1066.39 1023 923 688.6 PIT
1064.94 1023 923 688.69 PIT
1063.48 1023 923 688.78 PIT
1062.03 1023 923 688.87 PIT
1060.58 1023 923 688.96 PIT
1059.14 1023 923 689.05 PIT
1057.69 1023 923 689.14 PIT
1056.25 1023 923 689.23 PIT
1054.81 1023 923 689.32 PIT
1053.38 1023 923 689.41 PIT
1051.94 1023 923 689.5 PIT
1050.51 1023 923 689.59 PIT
1049.09 1023 923 689.68 PIT
1047.66 1023 923 689.77 PIT
1046.24 1023 923 689.86 PIT
1044.82 1023 923 689.95 PIT
1043.41 1023 923 690.04 PIT
1041.99 1023 923 690.13 PIT
1040.59 1023 923 690.22 PIT
1039.18 1023 923 690.31 PIT
1037.78 1023 923 690.4 PIT
1036.38 1023 923 690.49 PIT
1034.98 1023 923 690.58 PIT
1033.59 1023 923 690.67 PIT
1032.2 1023 923 690.76 PIT
1030.81 1023 923 690.85 PIT
1029.43 1023 923 690.94 PIT
1028.05 1023 923 691.03 PIT
1026.68 1023 923 691.12 PIT
1025.31 1023 923 691.21 PIT
1023.94 1023 923 691.3 PIT
1022.58 1023 923 691.39 PIT
1021.22 1023 923 691.48 PIT
1019.86 1023 923 691.57 PIT
1018.51 1023 923 691.66 PIT
1017.16 1023 923 691.75 PIT
1015.82 1023 923 691.84 PIT
1014.48 1023 923 691.93 PIT
1013.14 1023 923 692.02 PIT
1011.81 1023 923 692.11 PIT
1010.49 1023 923 692.2 PIT
1009.16 1023 923 692.29 PIT
1007.85 1023 923 692.38 PIT
1006.53 1023 923 692.47 PIT
1005.22 1023 923 692.56 PIT
1003.92 1023 923 692.65 PIT
1002.62 1023 923 692.74 PIT
1001.32 1023 923 692.83 PIT
1000.03 1023 923 692.92 PIT
998.744 1023 923 693.01 PIT
997.462 1023 923 693.1 PIT
996.185 1023 923 693.19 PIT
994.913 1023 923 693.28 PIT
993.646 1023 923 693.37 PIT
992.384 1023 923 693.46 PIT
991.126 1023 923 693.55 PIT
989.874 1023 923 693.64 PIT
988.627 1023 923 693.73 PIT
987.385 1023 923 693.82 PIT
986.148 1023 923 693.91 PIT
984.916 1023 923 694 PIT
983.69 1023 923 694.09 PIT
982.469 1023 923 694.18 PIT
981.253 1023 923 694.27 PIT
980.043 1023 923 694.36 PIT
978.839 1023 923 694.45 PIT
977.639 1023 923 694.54 PIT
976.446 1023 923 694.63 PIT
975.258 1023 923 694.72 PIT
974.075 1023 923 694.81 PIT
972.899 1023 923 694.9 PIT
971.728 1023 923 694.99 PIT
970.563 1023 923 695.08 PIT
969.404 1023 923 695.17 PIT
968.251 1023 923 695.26 PIT
967.103 1023 923 695.35 PIT
965.962 1023 923 695.44 PIT
964.827 1023 923 695.53 PIT
963.698 1023 923 695.62 PIT
962.575 1023 923 695.71 PIT
961.458 1023 923 695.8 PIT
960.348 1023 923 695.89 PIT
959.244 1023 923 695.98 PIT
958.146 1023 923 696.07 PIT
957.055 1023 923 696.16 PIT
955.97 1023 923 696.25 PIT
954.892 1023 923 696.34 PIT
953.82 1023 923 696.43 PIT
952.755 1023 923 696.52 PIT
951.696 1023 923 696.61 PIT
950.644 1023 923 696.7 PIT
949.599 1023 923 696.79 PIT
948.561 1023 923 696.88 PIT
947.53 1023 923 696.97 PIT
946.505 1023 923 697.06 PIT
945.487 1023 923 697.15 PIT
944.477 1023 923 697.24 PIT
943.473 1023 923 697.33 PIT
942.477 1023 923 697.42 PIT
941.488 1023 923 697.51 PIT
940.506 1023 923 697.6 PIT
939.531 1023 923 697.69 PIT
938.563 1023 923 697.78 PIT
937.603 1023 923 697.87 PIT
936.65 1023 923 697.96 PIT
935.705 1023 923 698.05 PIT
934.767 1023 923 698.14 PIT
933.836 1023 923 698.23 PIT
932.914 1023 923 698.32 PIT
931.999 1023 923 698.41 PIT
931.091 1023 923 698.5 PIT
930.191 1023 923 698.59 PIT
929.299 1023 923 698.68 PIT
928.415 1023 923 698.77 PIT
927.539 1023 923 698.86 PIT
926.671 1023 923 698.95 PIT
925.811 1023 923 699.04 PIT
924.958 1023 923 699.13 PIT
924.114 1023 923 699.22 PIT
923.278 1023 923 699.31 PIT
922.45 1023 923 699.4 PIT
921.63 1023 923 699.49 PIT
920.819 1023 923 699.58 PIT
920.016 1023 923 699.67 PIT
919.221 1023 923 699.76 PIT
918.435 1023 923 699.85 PIT
917.657 1023 923 699.94 PIT
916.888 1023 923 700.03 PIT
916.127 1023 923 700.12 PIT
915.375 1023 923 700.21 PIT
914.632 1023 923 700.3 PIT
913.897 1023 923 700.39 PIT
913.171 1023 923 700.48 PIT
912.454 1023 923 700.57 PIT
911.746 1023 923 700.66 PIT
911.046 1023 923 700.75 PIT
910.356 1023 923 700.84 PIT
909.675 1023 923 700.93 PIT
909.002 1023 923 701.02 PIT
908.339 1023 923 701.11 PIT
907.685 1023 923 701.2 PIT
907.04 1023 923 701.29 PIT
906.405 1023 923 701.38 PIT
905.778 1023 923 701.47 PIT
905.161 1023 923 701.56 PIT
904.554 1023 923 701.65 PIT
903.956 1023 923 701.74 PIT
903.367 1023 923 701.83 PIT
902.788 1023 923 701.92 PIT
902.219 1023 923 702.01 PIT
901.659 1023 923 702.1 PIT
901.109 1023 923 702.19 PIT
900.569 1023 923 702.28 PIT
900.038 1023 923 702.37 PIT
899.517 1023 923 702.46 PIT
899.007 1023 923 702.55 PIT
898.506 1023 923 702.64 PIT
898.015 1023 923 702.73 PIT
897.534 1023 923 702.82 PIT
897.063 1023 923 702.91 PIT
896.603 1023 923 703 PIT
896.152 1023 923 703.09 PIT
895.712 1023 923 703.18 PIT
895.282 1023 923 703.27 PIT
894.863 1023 923 703.36 PIT
894.454 1023 923 703.45 PIT
894.055 1023 923 703.54 PIT
893.667 1023 923 703.63 PIT
893.289 1023 923 703.72 PIT
892.922 1023 923 703.81 PIT
892.565 1023 923 703.9 PIT
892.22 1023 923 703.99 PIT
891.885 1023 923 704.08 PIT
891.56 1023 923 704.17 PIT
891.247 1023 923 704.26 PIT
890.944 1023 923 704.35 PIT
890.653 1023 923 704.44 PIT
890.372 1023 923 704.53 PIT
890.102 1023 923 704.62 PIT
889.844 1023 923 704.71 PIT
889.596 1023 923 704.8 PIT
889.36 1023 923 704.89 PIT
889.135 1023 923 704.98 PIT
888.921 1023 923 705.07 PIT
888.718 1023 923 705.16 PIT
888.527 1023 923 705.25 PIT
888.347 1023 923 705.34 PIT
888.179 1023 923 705.43 PIT
888.022 1023 923 705.52 PIT
887.877 1023 923 705.61 PIT
887.744 1023 923 705.7 PIT
887.622 1023 923 705.79 PIT
887.512 1023 923 705.88 PIT
887.413 1023 923 705.97 PIT
887.327 1023 923 706.06 PIT
887.252 1023 923 706.15 PIT
887.189 1023 923 706.24 PIT
887.138 1023 923 706.33 PIT
887.099 1023 923 706.42 PIT
887.072 1023 923 706.51 PIT
887.058 1023 923 706.6 PIT
887.055 1023 923 706.69 PIT
887.065 1023 923 706.78 PIT
887.086 1023 923 706.87 PIT
887.121 1023 923 706.96 PIT
887.167 1023 923 707.05 PIT
887.226 1023 923 707.14 PIT
887.297 1023 923 707.23 PIT
887.381 1023 923 707.32 PIT
887.477 1023 923 707.41 PIT
887.586 1023 923 707.5 PIT
887.708 1023 923 707.59 PIT
887.842 1023 923 707.68 PIT
887.989 1023 923 707.77 PIT
888.149 1023 923 707.86 PIT
888.322 1023 923 707.95 PIT
888.508 1023 923 708.04 PIT
888.706 1023 923 708.13 PIT
888.918 1023 923 708.22 PIT
889.142 1023 923 708.31 PIT
889.38 1023 923 708.4 PIT
889.63 1023 923 708.49 PIT
889.894 1023 923 708.58 PIT
890.172 1023 923 708.67 PIT
890.462 1023 923 708.76 PIT
890.766 1023 923 708.85 PIT
891.083 1023 923 708.94 PIT
891.413 1023 923 709.03 PIT
891.758 1023 923 709.12 PIT
892.115 1023 923 709.21 PIT
892.486 1023 923 709.3 PIT
892.871 1023 923 709.39 PIT
893.27 1023 923 709.48 PIT
893.682 1023 923 709.57 PIT
894.108 1023 923 709.66 PIT
894.547 1023 923 709.75 PIT
895.001 1023 923 709.84 PIT
895.469 1023 923 709.93 PIT
895.95 1023 923 710.02 PIT
896.446 1023 923 710.11 PIT
896.955 1023 923 710.2 PIT
897.479 1023 923 710.29 PIT
898.017 1023 923 710.38 PIT
898.569 1023 923 710.47 PIT
899.135 1023 923 710.56 PIT
899.716 1023 923 710.65 PIT
900.311 1023 923 710.74 PIT
900.921 1023 923 710.83 PIT
901.544 1023 923 710.92 PIT
902.183 1023 923 711.01 PIT
902.836 1023 923 711.1 PIT
903.503 1023 923 711.19 PIT
904.186 1023 923 711.28 PIT
904.883 1023 923 711.37 PIT
905.594 1023 923 711.46 PIT
906.321 1023 923 711.55 PIT
907.062 1023 923 711.64 PIT
907.818 1023 923 711.73 PIT
908.589 1023 923 711.82 PIT
909.376 1023 923 711.91 PIT
910.177 1023 923 712 PIT
910.993 1023 923 712.09 PIT
911.825 1023 923 712.18 PIT
912.671 1023 923 712.27 PIT
913.533 1023 923 712.36 PIT
914.411 1023 923 712.45 PIT
915.303 1023 923 712.54 PIT
916.211 1023 923 712.63 PIT
917.134 1023 923 712.72 PIT
918.073 1023 923 712.81 PIT
919.028 1023 923 712.9 PIT
919.998 1023 923 712.99 PIT
920.983 1023 923 713.08 PIT
921.985 1023 923 713.17 PIT
923.002 1023 923 713.26 PIT
924.035 1023 923 713.35 PIT
925.083 1023 923 713.44 PIT
926.148 1023 923 713.53 PIT
927.228 1023 923 713.62 PIT
928.325 1023 923 713.71 PIT
929.437 1023 923 713.8 PIT
930.566 1023 923 713.89 PIT
931.71 1023 923 713.98 PIT
932.871 1023 923 714.07 PIT
934.048 1023 923 714.16 PIT
935.242 1023 923 714.25 PIT
936.452 1023 923 714.34 PIT
937.678 1023 923 714.43 PIT
938.92 1023 923 714.52 PIT
940.179 1023 923 714.61 PIT
941.455 1023 923 714.7 PIT
942.747 1023 923 714.79 PIT
944.055 1023 923 714.88 PIT
945.381 1023 923 714.97 PIT
946.723 1023 923 715.06 PIT
948.081 1023 923 715.15 PIT
949.457 1023 923 715.24 PIT
950.85 1023 923 715.33 PIT
952.259 1023 923 715.42 PIT
953.685 1023 923 715.51 PIT
955.129 1023 923 715.6 PIT
956.589 1023 923 715.69 PIT
958.067 1023 923 715.78 PIT
959.561 1023 923 715.87 PIT
961.073 1023 923 715.96 PIT
962.603 1023 923 716.05 PIT
964.149 1023 923 716.14 PIT
965.713 1023 923 716.23 PIT
967.294 1023 923 716.32 PIT
968.893 1023 923 716.41 PIT
970.509 1023 923 716.5 PIT
972.143 1023 923 716.59 PIT
973.794 1023 923 716.68 PIT
975.463 1023 923 716.77 PIT
977.15 1023 923 716.86 PIT
978.854 1023 923 716.95 PIT
980.576 1023 923 717.04 PIT
982.316 1023 923 717.13 PIT
984.074 1023 923 717.22 PIT
985.85 1023 923 717.31 PIT
987.644 1023 923 717.4 PIT
989.456 1023 923 717.49 PIT
991.286 1023 923 717.58 PIT
993.134 1023 923 717.67 PIT
995.001 1023 923 717.76 PIT
996.885 1023 923 717.85 PIT
998.788 1023 923 717.94 PIT
1000.71 1023 923 718.03 PIT
1002.65 1023 923 718.12 PIT
1004.61 1023 923 718.21 PIT
1006.58 1023 923 718.3 PIT
1008.58 1023 923 718.39 PIT
1010.59 1023 923 718.48 PIT
1012.62 1023 923 718.57 PIT
1014.68 1023 923 718.66 PIT
1016.75 1023 923 718.75 PIT
1018.83 1023 923 718.84 PIT
1020.94 1023 923 718.93 PIT
1023.07 1023 923 719.02 PIT
1025.21 1023 923 719.11 PIT
1027.38 1023 923 719.2 PIT
1029.56 1023 923 719.29 PIT
1031.76 1023 923 719.38 PIT
1033.98 1023 923 719.47 PIT
1036.22 1023 923 719.56 PIT
1038.48 1023 923 719.65 PIT
1040.76 1023 923 719.74 PIT
1043.06 1023 923 719.83 PIT
1045.38 1023 923 719.92 PIT
1047.71 1023 923 720.01 PIT
1050.07 1023 923 720.1 PIT
1052.45 1023 923 720.19 PIT
1054.84 1023 923 720.28 PIT
1057.26 1023 923 720.37 PIT
1059.69 1023 923 720.46 PIT
1062.14 1023 923 720.55 PIT
1064.61 1023 923 720.64 PIT
1067.1 1023 923 720.73 PIT
1069.61 1023 923 720.82 PIT
1072.14 1023 923 720.91 PIT
1074.68 1023 923 721 PIT
1077.25 1023 923 721.09 PIT
1079.83 1023 923 721.18 PIT
1082.43 1023 923 721.27 PIT
1085.05 1023 923 721.36 PIT
1087.69 1023 923 721.45 PIT
1090.34 1023 923 721.54 PIT
1093.01 1023 923 721.63 PIT
1095.7 1023 923 721.72 PIT
1098.41 1023 923 721.81 PIT
1101.13 1023 923 721.9 PIT
1103.88 1023 923 721.99 PIT
1106.64 1023 923 722.08 PIT
1109.41 1023 923 722.17 PIT
1112.21 1023 923 722.26 PIT
1115.02 1023 923 722.35 PIT
1117.84 1023 923 722.44 PIT
1120.69 1023 923 722.53 PIT
1123.55 1023 923 722.62 PIT
1126.43 1023 923 722.71 PIT
1129.32 1023 923 722.8 PIT
1132.23 1023 923 722.89 PIT
1135.16 1023 923 722.98 PIT
1138.1 1023 923 723.07 PIT
1141.06 1023 923 723.16 PIT
1144.04 1023 923 723.25 PIT
1147.03 1023 923 723.34 PIT
1150.04 1023 923 723.43 PIT
1153.06 1023 923 723.52 PIT
1156.1 1023 923 723.61 PIT
1159.15 1023 923 723.7 PIT
1162.22 1023 923 723.79 PIT
1165.3 1023 923 723.88 PIT
1168.4 1023 923 723.97 PIT
1171.52 1023 923 724.06 PIT
1174.65 1023 923 724.15 PIT
1177.79 1023 923 724.24 PIT
1180.95 1023 923 724.33 PIT
1184.13 1023 923 724.42 PIT
1187.32 1023 923 724.51 PIT
1190.52 1023 923 724.6 PIT
1193.74 1023 923 724.69 PIT
1196.97 1023 923 724.78 PIT
1200.22 1023 923 724.87 PIT
1203.48 1023 923 724.96 PIT
1206.76 1023 923 725.05 PIT
1210.04 1023 923 725.14 PIT
1213.35 1023 923 725.23 PIT
1216.66 1023 923 725.32 PIT
1219.99 1023 923 725.41 PIT
1223.34 1023 923 725.5 PIT
1226.69 1023 923 725.59 PIT
1230.07 1023 923 725.68 PIT
1233.45 1023 923 725.77 PIT
1236.85 1023 923 725.86 PIT
1240.26 1023 923 725.95 PIT
1243.68 1023 923 726.04 PIT
1247.12 1023 923 726.13 PIT
1250.56 1023 923 726.22 PIT
1254.03 1023 923 726.31 PIT
1257.5 1023 923 726.4 PIT
1260.99 1023 923 726.49 PIT
1264.48 1023 923 726.58 PIT
1268 1023 923 726.67 PIT
1271.52 1023 923 726.76 PIT
1275.05 1023 923 726.85 PIT
1278.6 1023 923 726.94 PIT
1282.16 1023 923 727.03 PIT
1285.73 1023 923 727.12 PIT
1289.32 1023 923 727.21 PIT
1292.91 1023 923 727.3 PIT
1296.52 1023 923 727.39 PIT
1300.13 1023 923 727.48 PIT
1303.76 1023 923 727.57 PIT
1307.4 1023 923 727.66 PIT
1311.05 1023 923 727.75 PIT
1314.71 1023 923 727.84 PIT
1318.39 1023 923 727.93 PIT
1322.07 1023 923 728.02 PIT
1325.76 1023 923 728.11 PIT
1329.47 1023 923 728.2 PIT
1333.18 1023 923 728.29 PIT
1336.91 1023 923 728.38 PIT
1340.65 1023 923 728.47 PIT
1344.39 1023 923 728.56 PIT
1348.15 1023 923 728.65 PIT
1351.92 1023 923 728.74 PIT
1355.69 1023 923 728.83 PIT
1359.48 1023 923 728.92 PIT
1363.27 1023 923 729.01 PIT
1367.08 1023 923 729.1 PIT
1370.9 1023 923 729.19 PIT
1374.72 1023 923 729.28 PIT
1378.55 1023 923 729.37 PIT
1382.4 1023 923 729.46 PIT
1386.25 1023 923 729.55 PIT
1390.11 1023 923 729.64 PIT
1393.98 1023 923 729.73 PIT
1397.86 1023 923 729.82 PIT
1401.75 1023 923 729.91 PIT
1405.65 1023 923 730 PIT
1409.55 1023 923 730.09 PIT
1413.46 1023 923 730.18 PIT
1417.39 1023 923 730.27 PIT
1421.32 1023 923 730.36 PIT
1425.26 1023 923 730.45 PIT
1429.2 1023 923 730.54 PIT
1433.16 1023 923 730.63 PIT
1437.12 1023 923 730.72 PIT
1441.09 1023 923 730.81 PIT
1445.07 1023 923 730.9 PIT
1449.05 1023 923 730.99 PIT
1453.04 1023 923 731.08 PIT
1457.04 1023 923 731.17 PIT
1461.05 1023 923 731.26 PIT
1465.07 1023 923 731.35 PIT
1469.09 1023 923 731.44 PIT
1473.12 1023 923 731.53 PIT
1477.15 1023 923 731.62 PIT
1481.19 1023 923 731.71 PIT
1485.24 1023 923 731.8 PIT
1489.3 1023 923 731.89 PIT
1493.36 1023 923 731.98 PIT
1497.43 1023 923 732.07 PIT
1501.51 1023 923 732.16 PIT
1505.59 1023 923 732.25 PIT
1509.67 1023 923 732.34 PIT
1513.77 1023 923 732.43 PIT
1517.87 1023 923 732.52 PIT
1521.97 1023 923 732.61 PIT
1526.08 1023 923 732.7 PIT
1530.2 1023 923 732.79 PIT
1534.32 1023 923 732.88 PIT
1538.45 1023 923 732.97 PIT
1542.58 1023 923 733.06 PIT
1546.72 1023 923 733.15 PIT
1550.86 1023 923 733.24 PIT
1555.01 1023 923 733.33 PIT
1559.16 1023 923 733.42 PIT
1563.32 1023 923 733.51 PIT
1567.48 1023 923 733.6 PIT
1571.65 1023 923 733.69 PIT
1575.82 1023 923 733.78 PIT
1579.99 1023 923 733.87 PIT
1584.17 1023 923 733.96 PIT
1588.36 1023 923 734.05 PIT
1592.55 1023 923 734.14 PIT
1596.74 1023 923 734.23 PIT
1600.94 1023 923 734.32 PIT
1605.14 1023 923 734.41 PIT
1609.34 1023 923 734.5 PIT
1613.55 1023 923 734.59 PIT
1617.76 1023 923 734.68 PIT
1621.97 1023 923 734.77 PIT
1626.19 1023 923 734.86 PIT
1630.41 1023 923 734.95 PIT
1634.64 1023 923 735.04 PIT
1638.87 1023 923 735.13 PIT
1643.1 1023 923 735.22 PIT
1647.33 1023 923 735.31 PIT
1651.57 1023 923 735.4 PIT
1655.8 1023 923 735.49 PIT
1660.05 1023 923 735.58 PIT
1664.29 1023 923 735.67 PIT
1668.54 1023 923 735.76 PIT
1672.78 1023 923 735.85 PIT
1677.04 1023 923 735.94 PIT
1681.29 1023 923 736.03 PIT
1685.54 1023 923 736.12 PIT
1689.8 1023 923 736.21 PIT
1694.06 1023 923 736.3 PIT
1698.32 1023 923 736.39 PIT
1702.58 1023 923 736.48 PIT
1706.84 1023 923 736.57 PIT
1711.11 1023 923 736.66 PIT
1715.37 1023 923 736.75 PIT
1719.64 1023 923 736.84 PIT
1723.91 1023 923 736.93 PIT
1728.18 1023 923 737.02 PIT
1732.45 1023 923 737.11 PIT
1736.72 1023 923 737.2 PIT
1740.99 1023 923 737.29 PIT
1745.26 1023 923 737.38 PIT
1749.53 1023 923 737.47 PIT
1753.81 1023 923 737.56 PIT
1758.08 1023 923 737.65 PIT
1762.35 1023 923 737.74 PIT
1766.63 1023 923 737.83 PIT
1770.9 1023 923 737.92 PIT
1775.18 1023 923 738.01 PIT
1779.45 1023 923 738.1 PIT
1783.72 1023 923 738.19 PIT
1788 1023 923 738.28 PIT
1792.27 1023 923 738.37 PIT
1796.54 1023 923 738.46 PIT
1800.81 1023 923 738.55 PIT
1805.08 1023 923 738.64 PIT
1809.35 1023 923 738.73 PIT
1813.62 1023 923 738.82 PIT
1817.89 1023 923 738.91 PIT
1822.15 1023 923 739 PIT
1826.42 1023 923 739.09 PIT
1830.68 1023 923 739.18 PIT
1834.94 1023 923 739.27 PIT
1839.2 1023 923 739.36 PIT
1843.46 1023 923 739.45 PIT
1847.72 1023 923 739.54 PIT
1851.98 1023 923 739.63 PIT
1856.23 1023 923 739.72 PIT
1860.48 1023 923 739.81 PIT
1864.73 1023 923 739.9 PIT
1868.98 1023 923 739.99 PIT
1873.22 1023 923 740.08 PIT
1877.46 1023 923 740.17 PIT
1881.7 1023 923 740.26 PIT
1885.94 1023 923 740.35 PIT
1890.17 1023 923 740.44 PIT
1894.41 1023 923 740.53 PIT
1898.64 1023 923 740.62 PIT
1902.86 1023 923 740.71 PIT
1907.08 1023 923 740.8 PIT
1911.3 1023 923 740.89 PIT
1915.52 1023 923 740.98 PIT
1919.73 1023 923 741.07 PIT
1923.94 1023 923 741.16 PIT
1928.14 1023 923 741.25 PIT
1932.35 1023 923 741.34 PIT
1936.54 1023 923 741.43 PIT
1940.74 1023 923 741.52 PIT
1944.93 1023 923 741.61 PIT
1949.11 1023 923 741.7 PIT
1953.3 1023 923 741.79 PIT
1957.47 1023 923 741.88 PIT
1961.65 1023 923 741.97 PIT
1965.81 1023 923 742.06 PIT
1969.98 1023 923 742.15 PIT
1974.14 1023 923 742.24 PIT
1978.29 1023 923 742.33 PIT
1982.44 1023 923 742.42 PIT
1986.59 1023 923 742.51 PIT
1990.72 1023 923 742.6 PIT
1994.86 1023 923 742.69 PIT
1998.99 1023 923 742.78 PIT
2003.11 1023 923 742.87 PIT
2007.23 1023 923 742.96 PIT
2011.34 1023 923 743.05 PIT
2015.45 1023 923 743.14 PIT
2019.55 1023 923 743.23 PIT
2023.64 1023 923 743.32 PIT
2027.73 1023 923 743.41 PIT
2031.82 1023 923 743.5 PIT
2035.89 1023 923 743.59 PIT
2039.96 1023 923 743.68 PIT
2044.03 1023 923 743.77 PIT
2048.09 1023 923 743.86 PIT
2052.14 1023 923 743.95 PIT
2056.18 1023 923 744.04 PIT
2060.22 1023 923 744.13 PIT
2064.25 1023 923 744.22 PIT
2068.27 1023 923 744.31 PIT
2072.29 1023 923 744.4 PIT
2076.3 1023 923 744.49 PIT
2080.3 1023 923 744.58 PIT
2084.3 1023 923 744.67 PIT
2088.29 1023 923 744.76 PIT
2092.27 1023 923 744.85 PIT
2096.24 1023 923 744.94 PIT
2100.2 1023 923 745.03 PIT
2104.16 1023 923 745.12 PIT
2108.11 1023 923 745.21 PIT
2112.05 1023 923 745.3 PIT
2115.98 1023 923 745.39 PIT
2119.91 1023 923 745.48 PIT
2123.83 1023 923 745.57 PIT
2127.73 1023 923 745.66 PIT
2131.63 1023 923 745.75 PIT
2135.52 1023 923 745.84 PIT
2139.41 1023 923 745.93 PIT
2143.28 1023 923 746.02 PIT
2147.14 1023 923 746.11 PIT
2151 1023 923 746.2 PIT
2154.85 1023 923 746.29 PIT
2158.68 1023 923 746.38 PIT
2162.51 1023 923 746.47 PIT
2166.33 1023 923 746.56 PIT
2170.14 1023 923 746.65 PIT
2173.94 1023 923 746.74 PIT
2177.73 1023 923 746.83 PIT
2181.51 1023 923 746.92 PIT
2185.28 1023 923 747.01 PIT
2189.04 1023 923 747.1 PIT
2192.79 1023 923 747.19 PIT
2196.53 1023 923 747.28 PIT
2200.25 1023 923 747.37 PIT
2203.97 1023 923 747.46 PIT
2207.68 1023 923 747.55 PIT
2211.38 1023 923 747.64 PIT
2215.07 1023 923 747.73 PIT
2218.74 1023 923 747.82 PIT
2222.41 1023 923 747.91 PIT
2226.06 1023 923 748 PIT
2229.71 1023 923 748.09 PIT
2233.34 1023 923 748.18 PIT
2236.96 1023 923 748.27 PIT
2240.57 1023 923 748.36 PIT
2244.17 1023 923 748.45 PIT
2247.75 1023 923 748.54 PIT
2251.33 1023 923 748.63 PIT
2254.89 1023 923 748.72 PIT
2258.44 1023 923 748.81 PIT
2261.98 1023 923 748.9 PIT
2265.51 1023 923 748.99 PIT
2269.02 1023 923 749.08 PIT
2272.53 1023 923 749.17 PIT
2276.02 1023 923 749.26 PIT
2279.5 1023 923 749.35 PIT
2282.96 1023 923 749.44 PIT
2286.41 1023 923 749.53 PIT
2289.86 1023 923 749.62 PIT
2293.28 1023 923 749.71 PIT
2296.7 1023 923 749.8 PIT
2300.1 1023 923 749.89 PIT
2303.49 1023 923 749.98 PIT
2306.86 1023 923 750.07 PIT
2310.22 1023 923 750.16 PIT
2313.57 1023 923 750.25 PIT
2316.91 1023 923 750.34 PIT
2320.23 1023 923 750.43 PIT
2323.53 1023 923 750.52 PIT
2326.83 1023 923 750.61 PIT
2330.11 1023 923 750.7 PIT
2333.37 1023 923 750.79 PIT
2336.62 1023 923 750.88 PIT
2339.86 1023 923 750.97 PIT
2343.08 1023 923 751.06 PIT
2346.29 1023 923 751.15 PIT
2349.49 1023 923 751.24 PIT
2352.67 1023 923 751.33 PIT
2355.83 1023 923 751.42 PIT
2358.98 1023 923 751.51 PIT
2362.12 1023 923 751.6 PIT
2365.24 1023 923 751.69 PIT
2368.34 1023 923 751.78 PIT
2371.43 1023 923 751.87 PIT
2374.5 1023 923 751.96 PIT
2377.56 1023 923 752.05 PIT
2380.61 1023 923 752.14 PIT
2383.64 1023 923 752.23 PIT
2386.65 1023 923 752.32 PIT
2389.64 1023 923 752.41 PIT
2392.62 1023 923 752.5 PIT
2395.59 1023 923 752.59 PIT
2398.54 1023 923 752.68 PIT
2401.47 1023 923 752.77 PIT
2404.39 1023 923 752.86 PIT
2407.29 1023 923 752.95 PIT
2410.17 1023 923 753.04 PIT
2413.04 1023 923 753.13 PIT
2415.89 1023 923 753.22 PIT
2418.72 1023 923 753.31 PIT
2421.54 1023 923 753.4 PIT
2424.33 1023 923 753.49 PIT
2427.12 1023 923 753.58 PIT
2429.88 1023 923 753.67 PIT
2432.63 1023 923 753.76 PIT
2435.36 1023 923 753.85 PIT
2438.07 1023 923 753.94 PIT
2440.77 1023 923 754.03 PIT
2443.45 1023 923 754.12 PIT
2446.11 1023 923 754.21 PIT
2448.75 1023 923 754.3 PIT
2451.37 1023 923 754.39 PIT
2453.98 1023 923 754.48 PIT
2456.57 1023 923 754.57 PIT
2459.14 1023 923 754.66 PIT
2461.69 1023 923 754.75 PIT
2464.22 1023 923 754.84 PIT
2466.74 1023 923 754.93 PIT
2469.23 1023 923 755.02 PIT
2471.71 1023 923 755.11 PIT
2474.17 1023 923 755.2 PIT
2476.61 1023 923 755.29 PIT
2479.03 1023 923 755.38 PIT
2481.43 1023 923 755.47 PIT
2483.81 1023 923 755.56 PIT
2486.18 1023 923 755.65 PIT
2488.52 1023 923 755.74 PIT
2490.84 1023 923 755.83 PIT
2493.15 1023 923 755.92 PIT
2495.43 1023 923 756.01 PIT
2497.7 1023 923 756.1 PIT
2499.94 1023 923 756.19 PIT
2502.17 1023 923 756.28 PIT
2504.37 1023 923 756.37 PIT
2506.56 1023 923 756.46 PIT
2508.72 1023 923 756.55 PIT
2510.86 1023 923 756.64 PIT
2512.99 1023 923 756.73 PIT
2515.09 1023 923 756.82 PIT
2517.17 1023 923 756.91 PIT
2519.23 1023 923 757 PIT
2521.27 1023 923 757.09 PIT
2523.29 1023 923 757.18 PIT
2525.29 1023 923 757.27 PIT
2527.27 1023 923 757.36 PIT
2529.22 1023 923 757.45 PIT
2531.16 1023 923 757.54 PIT
2533.07 1023 923 757.63 PIT
2534.96 1023 923 757.72 PIT
2536.83 1023 923 757.81 PIT
2538.68 1023 923 757.9 PIT
2540.51 1023 923 757.99 PIT
2542.31 1023 923 758.08 PIT
2544.09 1023 923 758.17 PIT
2545.85 1023 923 758.26 PIT
2547.59 1023 923 758.35 PIT
2549.31 1023 923 758.44 PIT
2551 1023 923 758.53 PIT
2552.67 1023 923 758.62 PIT
2554.32 1023 923 758.71 PIT
2555.94 1023 923 758.8 PIT
2557.54 1023 923 758.89 PIT
2559.12 1023 923 758.98 PIT
2560.68 1023 923 759.07 PIT
2562.21 1023 923 759.16 PIT
2563.72 1023 923 759.25 PIT
2565.21 1023 923 759.34 PIT
2566.67 1023 923 759.43 PIT
2568.11 1023 923 759.52 PIT
2569.53 1023 923 759.61 PIT
2570.92 1023 923 759.7 PIT
2572.29 1023 923 759.79 PIT
2573.63 1023 923 759.88 PIT
2574.95 1023 923 759.97 PIT
2576.25 4077.16 3977.16 760.06
2577.52 4079.12 3979.12 760.15
2578.77 4081.08 3981.08 760.24
2579.99 4083.04 3983.04 760.33
2581.19 4084.99 3984.99 760.42
2582.37 4086.95 3986.95 760.51
2583.52 4088.91 3988.91 760.6
2584.65 4090.87 3990.87 760.69
2585.75 4092.83 3992.83 760.78
2586.84 4094.79 3994.79 760.87
2587.89 4096.75 3996.75 760.96
2588.93 4098.7 3998.7 761.05
2589.94 4100.66 4000.66 761.14
2590.93 4102.62 4002.62 761.23
2591.9 4104.58 4004.58 761.32
2592.84 4106.54 4006.54 761.41
2593.76 4108.5 4008.5 761.5
2594.66 4110.46 4010.46 761.59
2595.53 4112.41 4012.41 761.68
2596.38 4114.37 4014.37 761.77
2597.21 4116.33 4016.33 761.86
2598.02 4118.29 4018.29 761.95
2598.8 4120.25 4020.25 762.04
2599.56 4122.21 4022.21 762.13
2600.3 4124.17 4024.17 762.22
2601.02 4126.12 4026.12 762.31
2601.72 4128.08 4028.08 762.4
2602.39 4130.04 4030.04 762.49
2603.04 4132 4032 762.58
2603.67 4133.96 4033.96 762.67
2604.28 4135.92 4035.92 762.76
2604.86 4137.88 4037.88 762.85
2605.43 4139.83 4039.83 762.94
2605.97 4141.79 4041.79 763.03
2606.49 4143.75 4043.75 763.12
2606.99 4145.71 4045.71 763.21
2607.47 4147.67 4047.67 763.3
2607.93 4149.63 4049.63 763.39
2608.36 4151.59 4051.59 763.48
2608.78 4153.54 4053.54 763.57
2609.17 4155.5 4055.5 763.66
2609.54 4157.46 4057.46 763.75
2609.9 4159.42 4059.42 763.84
2610.23 4161.38 4061.38 763.93
2610.54 4163.34 4063.34 764.02
2610.83 4165.3 4065.3 764.11
2611.1 4167.25 4067.25 764.2
2611.35 4169.21 4069.21 764.29
2611.57 4171.17 4071.17 764.38
2611.78 4173.13 4073.13 764.47
2611.97 4175.09 4075.09 764.56
2612.14 4177.05 4077.05 764.65
2612.29 4179.01 4079.01 764.74
2612.42 4180.96 4080.96 764.83
2612.52 4182.92 4082.92 764.92
2612.61 4184.88 4084.88 765.01
2612.68 4186.84 4086.84 765.1
2612.73 4188.8 4088.8 765.19
2612.76 4190.76 4090.76 765.28
2612.77 4192.72 4092.72 765.37
2612.76 4194.67 4094.67 765.46
2612.73 4196.63 4096.63 765.55
2612.68 4198.59 4098.59 765.64
2612.62 4200.55 4100.55 765.73
2612.53 4202.51 4102.51 765.82
2612.42 4204.47 4104.47 765.91
2612.3 4206.43 4106.43 766
2612.16 4208.38 4108.38 766.09
2611.99 4210.34 4110.34 766.18
2611.81 4212.3 4112.3 766.27
2611.62 4214.26 4114.26 766.36
2611.4 4216.22 4116.22 766.45
2611.16 4218.18 4118.18 766.54
2610.91 4220.14 4120.14 766.63
2610.63 4222.09 4122.09 766.72
2610.34 4224.05 4124.05 766.81
2610.03 4226.01 4126.01 766.9
2609.71 4227.97 4127.97 766.99
2609.36 4229.93 4129.93 767.08
2609 4231.89 4131.89 767.17
2608.62 4233.85 4133.85 767.26
2608.22 4235.8 4135.8 767.35
2607.8 4237.76 4137.76 767.44
2607.37 4239.72 4139.72 767.53
2606.92 4241.68 4141.68 767.62
2606.45 4243.64 4143.64 767.71
2605.96 4245.6 4145.6 767.8
2605.46 4247.56 4147.56 767.89
2604.94 4249.51 4149.51 767.98
2604.4 4251.47 4151.47 768.07
2603.84 4253.43 4153.43 768.16
2603.27 4255.39 4155.39 768.25
2602.68 4257.35 4157.35 768.34
2602.08 4259.31 4159.31 768.43
2601.46 4261.27 4161.27 768.52
2600.82 4263.22 4163.22 768.61
2600.16 4265.18 4165.18 768.7
2599.49 4267.14 4167.14 768.79
2598.8 4269.1 4169.1 768.88
2598.1 4271.06 4171.06 768.97
2597.38 4273.02 4173.02 769.06
2596.64 4274.98 4174.98 769.15
2595.89 4276.93 4176.93 769.24
2595.12 4278.89 4178.89 769.33
2594.33 4280.85 4180.85 769.42
2593.53 4282.81 4182.81 769.51
2592.72 4284.77 4184.77 769.6
2591.89 4286.73 4186.73 769.69
2591.04 4288.69 4188.69 769.78
2590.17 4290.64 4190.64 769.87
2589.3 4292.6 4192.6 769.96
2588.4 4294.56 4194.56 770.05
2587.49 4296.52 4196.52 770.14
2586.57 4298.48 4198.48 770.23
2585.63 4300.44 4200.44 770.32
2584.68 4302.4 4202.4 770.41
2583.71 4304.35 4204.35 770.5
2582.72 4306.31 4206.31 770.59
2581.72 4308.27 4208.27 770.68
2580.71 4310.23 4210.23 770.77
2579.68 4312.19 4212.19 770.86
2578.64 4314.15 4214.15 770.95
2577.58 4316.11 4216.11 771.04
2576.51 4318.06 4218.06 771.13
2575.42 4320.02 4220.02 771.22
2574.32 4321.98 4221.98 771.31
2573.21 4323.94 4223.94 771.4
2572.08 4325.9 4225.9 771.49
2570.93 4327.86 4227.86 771.58
2569.78 4329.82 4229.82 771.67
2568.61 4331.77 4231.77 771.76
2567.42 4333.73 4233.73 771.85
2566.23 4335.69 4235.69 771.94
2565.01 4337.65 4237.65 772.03
2563.79 4339.61 4239.61 772.12
2562.55 4341.57 4241.57 772.21
2561.3 4343.53 4243.53 772.3
2560.03 4345.48 4245.48 772.39
2558.76 4347.44 4247.44 772.48
2557.46 4349.4 4249.4 772.57
2556.16 4351.36 4251.36 772.66
2554.84 4353.32 4253.32 772.75
2553.51 4355.28 4255.28 772.84
2552.17 4357.24 4257.24 772.93
2550.81 4359.19 4259.19 773.02
2549.44 4361.15 4261.15 773.11
2548.06 4363.11 4263.11 773.2
2546.67 4365.07 4265.07 773.29
2545.26 4367.03 4267.03 773.38
2543.85 4368.99 4268.99 773.47
2542.41 4370.95 4270.95 773.56
2540.97 4372.9 4272.9 773.65
2539.52 4374.86 4274.86 773.74
2538.05 4376.82 4276.82 773.83
2536.57 4378.78 4278.78 773.92
2535.08 4380.74 4280.74 774.01
2533.58 4382.7 4282.7 774.1
2532.06 4384.66 4284.66 774.19
2530.54 4386.61 4286.61 774.28
2529 4388.57 4288.57 774.37
2527.45 4390.53 4290.53 774.46
2525.89 4392.49 4292.49 774.55
2524.32 4394.45 4294.45 774.64
2522.74 4396.41 4296.41 774.73
2521.15 4398.37 4298.37 774.82
2519.54 4400.32 4300.32 774.91
2517.92 4402.28 4302.28 775
2516.3 4404.24 4304.24 775.09
2514.66 4406.2 4306.2 775.18
2513.01 4408.16 4308.16 775.27
2511.35 4410.12 4310.12 775.36
2509.68 4412.08 4312.08 775.45
2508 4414.03 4314.03 775.54
2506.31 4415.99 4315.99 775.63
2504.61 4417.95 4317.95 775.72
2502.9 4419.91 4319.91 775.81
2501.18 4421.87 4321.87 775.9
2499.45 4423.83 4323.83 775.99
2497.71 4425.79 4325.79 776.08
2495.96 4427.74 4327.74 776.17
2494.2 4429.7 4329.7 776.26
2492.43 4431.66 4331.66 776.35
2490.65 4433.62 4333.62 776.44
2488.86 4435.58 4335.58 776.53
2487.06 4437.54 4337.54 776.62
2485.25 4439.5 4339.5 776.71
2483.43 4441.45 4341.45 776.8
2481.6 4443.41 4343.41 776.89
2479.76 4445.37 4345.37 776.98
2477.92 4447.33 4347.33 777.07
2476.06 4449.29 4349.29 777.16
2474.2 4451.25 4351.25 777.25
2472.33 4453.21 4353.21 777.34
2470.44 4455.16 4355.16 777.43
2468.55 4457.12 4357.12 777.52
2466.65 4459.08 4359.08 777.61
2464.75 4461.04 4361.04 777.7
2462.83 4463 4363 777.79
2460.9 4464.96 4364.96 777.88
2458.97 4466.92 4366.92 777.97
2457.03 4468.87 4368.87 778.06
2455.08 4470.83 4370.83 778.15
2453.12 4472.79 4372.79 778.24
2451.16 4474.75 4374.75 778.33
2449.18 4476.71 4376.71 778.42
2447.2 4478.67 4378.67 778.51
2445.21 4480.63 4380.63 778.6
2443.21 4482.58 4382.58 778.69
2441.21 4484.54 4384.54 778.78
2439.2 4486.5 4386.5 778.87
2437.18 4488.46 4388.46 778.96
2435.15 4490.42 4390.42 779.05
2433.12 4492.38 4392.38 779.14
2431.07 4494.34 4394.34 779.23
2429.03 4496.29 4396.29 779.32
2426.97 4498.25 4398.25 779.41
2424.91 4500.21 4400.21 779.5
2422.84 4502.17 4402.17 779.59
2420.76 4504.13 4404.13 779.68
2418.68 4506.09 4406.09 779.77
2416.59 4508.05 4408.05 779.86
2414.49 4510 4410 779.95
2412.39 4511.96 4411.96 780.04
2410.28 4513.92 4413.92 780.13
2408.16 4515.88 4415.88 780.22
2406.04 4517.84 4417.84 780.31
2403.91 4519.8 4419.8 780.4
2401.77 4521.76 4421.76 780.49
2399.63 4523.71 4423.71 780.58
2397.49 4525.67 4425.67 780.67
2395.33 4527.63 4427.63 780.76
2393.18 4529.59 4429.59 780.85
2391.01 4531.55 4431.55 780.94
2388.84 4533.51 4433.51 781.03
2386.67 4535.47 4435.47 781.12
2384.49 4537.42 4437.42 781.21
2382.3 4539.38 4439.38 781.3
2380.11 4541.34 4441.34 781.39
2377.91 4543.3 4443.3 781.48
2375.71 4545.26 4445.26 781.57
2373.5 4547.22 4447.22 781.66
2371.29 4549.18 4449.18 781.75
2369.07 4551.13 4451.13 781.84
2366.85 4553.09 4453.09 781.93
2364.63 4555.05 4455.05 782.02
2362.4 4557.01 4457.01 782.11
2360.16 4558.97 4458.97 782.2
2357.92 4560.93 4460.93 782.29
2355.67 4562.89 4462.89 782.38
2353.43 4564.84 4464.84 782.47
2351.17 4566.8 4466.8 782.56
2348.91 4568.76 4468.76 782.65
2346.65 4570.72 4470.72 782.74
2344.39 4572.68 4472.68 782.83
2342.12 4574.64 4474.64 782.92
2339.84 4576.6 4476.6 783.01
2337.57 4578.55 4478.55 783.1
2335.28 4580.51 4480.51 783.19
2333 4582.47 4482.47 783.28
2330.71 4584.43 4484.43 783.37
2328.42 4586.39 4486.39 783.46
2326.12 4588.35 4488.35 783.55
2323.82 4590.31 4490.31 783.64
2321.52 4592.26 4492.26 783.73
2319.22 4594.22 4494.22 783.82
2316.91 4596.18 4496.18 783.91
2314.6 4598.14 4498.14 784
2312.28 4600.1 4500.1 784.09
2309.97 4602.06 4502.06 784.18
2307.65 4604.02 4504.02 784.27
2305.32 4605.97 4505.97 784.36
2303 4607.93 4507.93 784.45
2300.67 4609.89 4509.89 784.54
2298.34 4611.85 4511.85 784.63
2296.01 4613.81 4513.81 784.72
2293.67 4615.77 4515.77 784.81
2291.34 4617.73 4517.73 784.9
2289 4619.68 4519.68 784.99
2286.66 4621.64 4521.64 785.08
2284.31 4623.6 4523.6 785.17
2281.97 4625.56 4525.56 785.26
2279.62 4627.52 4527.52 785.35
2277.27 4629.48 4529.48 785.44
2274.92 4631.44 4531.44 785.53
2272.57 4633.39 4533.39 785.62
2270.22 4635.35 4535.35 785.71
2267.86 4637.31 4537.31 785.8
2265.51 4639.27 4539.27 785.89
2263.15 4641.23 4541.23 785.98
2260.79 4643.19 4543.19 786.07
2258.43 4645.15 4545.15 786.16
2256.07 4647.1 4547.1 786.25
2253.71 4649.06 4549.06 786.34
2251.34 4651.02 4551.02 786.43
2248.98 4652.98 4552.98 786.52
2246.62 4654.94 4554.94 786.61
2244.25 4656.9 4556.9 786.7
2241.89 4658.86 4558.86 786.79
2239.52 4660.81 4560.81 786.88
2237.16 4662.77 4562.77 786.97
2234.79 4664.73 4564.73 787.06
2232.42 4666.69 4566.69 787.15
2230.06 4668.65 4568.65 787.24
2227.69 4670.61 4570.61 787.33
2225.32 4672.57 4572.57 787.42
2222.95 4674.52 4574.52 787.51
2220.59 4676.48 4576.48 787.6
2218.22 4678.44 4578.44 787.69
2215.86 4680.4 4580.4 787.78
2213.49 4682.36 4582.36 787.87
2211.12 4684.32 4584.32 787.96
2208.76 4686.28 4586.28 788.05
2206.4 4688.23 4588.23 788.14
2204.03 4690.19 4590.19 788.23
2201.67 4692.15 4592.15 788.32
2199.31 4694.11 4594.11 788.41
2196.95 4696.07 4596.07 788.5
2194.59 4698.03 4598.03 788.59
2192.23 4699.99 4599.99 788.68
2189.87 4701.94 4601.94 788.77
2187.52 4703.9 4603.9 788.86
2185.16 4705.86 4605.86 788.95
2182.81 4707.82 4607.82 789.04
2180.46 4709.78 4609.78 789.13
2178.11 4711.74 4611.74 789.22
2175.76 4713.7 4613.7 789.31
2173.41 4715.65 4615.65 789.4
2171.07 4717.61 4617.61 789.49
2168.73 4719.57 4619.57 789.58
2166.38 4721.53 4621.53 789.67
2164.05 4723.49 4623.49 789.76
2161.71 4725.45 4625.45 789.85
2159.37 4727.41 4627.41 789.94
2157.04 4729.36 4629.36 790.03
2154.71 4731.32 4631.32 790.12
2152.39 4733.28 4633.28 790.21
2150.06 4735.24 4635.24 790.3
2147.74 4737.2 4637.2 790.39
2145.42 4739.16 4639.16 790.48
2143.1 4741.12 4641.12 790.57
2140.79 4743.07 4643.07 790.66
2138.48 4745.03 4645.03 790.75
2136.17 4746.99 4646.99 790.84
2133.87 4748.95 4648.95 790.93
2131.57 4750.91 4650.91 791.02
2129.27 4752.87 4652.87 791.11
2126.97 4754.83 4654.83 791.2
2124.68 4756.78 4656.78 791.29
2122.39 4758.74 4658.74 791.38
2120.11 4760.7 4660.7 791.47
2117.83 4762.66 4662.66 791.56
2115.55 4764.62 4664.62 791.65
2113.28 4766.58 4666.58 791.74
2111.01 4768.54 4668.54 791.83
2108.75 4770.49 4670.49 791.92
2106.48 4772.45 4672.45 792.01
2104.23 4774.41 4674.41 792.1
2101.97 4776.37 4676.37 792.19
2099.73 4778.33 4678.33 792.28
2097.48 4780.29 4680.29 792.37
2095.24 4782.25 4682.25 792.46
2093.01 4784.2 4684.2 792.55
2090.78 4786.16 4686.16 792.64
2088.55 4788.12 4688.12 792.73
2086.33 4790.08 4690.08 792.82
2084.12 4792.04 4692.04 792.91
2081.91 4794 4694 793
2079.7 4795.96 4695.96 793.09
2077.5 4797.91 4697.91 793.18
2075.3 4799.87 4699.87 793.27
2073.11 4801.83 4701.83 793.36
2070.93 4803.79 4703.79 793.45
2068.75 4805.75 4705.75 793.54
2066.57 4807.71 4707.71 793.63
2064.4 4809.67 4709.67 793.72
2062.24 4811.62 4711.62 793.81
2060.08 4813.58 4713.58 793.9
2057.93 4815.54 4715.54 793.99
2055.79 4817.5 4717.5 794.08
2053.65 4819.46 4719.46 794.17
2051.51 4821.42 4721.42 794.26
2049.39 4823.38 4723.38 794.35
2047.27 4825.33 4725.33 794.44
2045.15 4827.29 4727.29 794.53
2043.04 4829.25 4729.25 794.62
2040.94 4831.21 4731.21 794.71
2038.85 4833.17 4733.17 794.8
2036.76 4835.13 4735.13 794.89
2034.68 4837.09 4737.09 794.98
2032.6 4839.04 4739.04 795.07
2030.53 4841 4741 795.16
2028.47 4842.96 4742.96 795.25
2026.42 4844.92 4744.92 795.34
2024.37 4846.88 4746.88 795.43
2022.33 4848.84 4748.84 795.52
2020.29 4850.8 4750.8 795.61
2018.27 4852.75 4752.75 795.7
2016.25 4854.71 4754.71 795.79
2014.24 4856.67 4756.67 795.88
2012.24 4858.63 4758.63 795.97
2010.24 4860.59 4760.59 796.06
2008.25 4862.55 4762.55 796.15
2006.27 4864.51 4764.51 796.24
2004.3 4866.46 4766.46 796.33
2002.34 4868.42 4768.42 796.42
2000.38 4870.38 4770.38 796.51
1998.43 4872.34 4772.34 796.6
1996.49 4874.3 4774.3 796.69
1994.56 4876.26 4776.26 796.78
1992.64 4878.22 4778.22 796.87
1990.72 4880.17 4780.17 796.96
1988.82 4882.13 4782.13 797.05
1986.92 4884.09 4784.09 797.14
1985.03 4886.05 4786.05 797.23
1983.15 4888.01 4788.01 797.32
1981.28 4889.97 4789.97 797.41
1979.42 4891.93 4791.93 797.5
1977.56 4893.88 4793.88 797.59
1975.72 4895.84 4795.84 797.68
1973.88 4897.8 4797.8 797.77
1972.06 4899.76 4799.76 797.86
1970.24 4901.72 4801.72 797.95
1968.43 4903.68 4803.68 798.04
1966.64 4905.64 4805.64 798.13
1964.85 4907.59 4807.59 798.22
1963.07 4909.55 4809.55 798.31
1961.3 4911.51 4811.51 798.4
1959.54 4913.47 4813.47 798.49
1957.79 4915.43 4815.43 798.58
1956.05 4917.39 4817.39 798.67
1954.33 4919.35 4819.35 798.76
1952.61 4921.3 4821.3 798.85
1950.9 4923.26 4823.26 798.94
1949.2 4925.22 4825.22 799.03
1947.51 4927.18 4827.18 799.12
1945.83 4929.14 4829.14 799.21
1944.17 4931.1 4831.1 799.3
1942.51 4933.06 4833.06 799.39
1940.86 4935.01 4835.01 799.48
1939.23 4936.97 4836.97 799.57
1937.6 4938.93 4838.93 799.66
1935.99 4940.89 4840.89 799.75
1934.39 4942.85 4842.85 799.84
1932.8 4944.81 4844.81 799.93
1931.22 4946.77 4846.77 800.02
1929.65 4948.72 4848.72 800.11
1928.09 4950.68 4850.68 800.2
1926.54 4952.64 4852.64 800.29
1925.01 4954.6 4854.6 800.38
1923.48 4956.56 4856.56 800.47
1921.97 4958.52 4858.52 800.56
1920.47 4960.48 4860.48 800.65
1918.97 4962.43 4862.43 800.74
1917.49 4964.39 4864.39 800.83
1916.02 4966.35 4866.35 800.92
1914.57 4968.31 4868.31 801.01
1913.12 4970.27 4870.27 801.1
1911.68 4972.23 4872.23 801.19
1910.26 4974.19 4874.19 801.28
1908.84 4976.14 4876.14 801.37
1907.44 4978.1 4878.1 801.46
1906.04 4980.06 4880.06 801.55
1904.66 4982.02 4882.02 801.64
1903.29 4983.98 4883.98 801.73
1901.93 4985.94 4885.94 801.82
1900.58 4987.9 4887.9 801.91
1899.24 4989.85 4889.85 802
1897.91 4991.81 4891.81 802.09
1896.59 4993.77 4893.77 802.18
1895.28 4995.73 4895.73 802.27
1893.98 4997.69 4897.69 802.36
1892.69 4999.65 4899.65 802.45
1891.42 5001.61 4901.61 802.54
1890.15 5003.56 4903.56 802.63
1888.89 5005.52 4905.52 802.72
1887.65 5007.48 4907.48 802.81
1886.41 5009.44 4909.44 802.9
1885.19 5011.4 4911.4 802.99
1883.97 5013.36 4913.36 803.08
1882.77 5015.32 4915.32 803.17
1881.57 5017.27 4917.27 803.26
1880.39 5019.23 4919.23 803.35
1879.21 5021.19 4921.19 803.44
1878.05 5023.15 4923.15 803.53
1876.89 5025.11 4925.11 803.62
1875.75 5027.07 4927.07 803.71
1874.62 5029.03 4929.03 803.8
1873.49 5030.98 4930.98 803.89
1872.38 5032.94 4932.94 803.98
1871.27 5034.9 4934.9 804.07
1870.18 5036.86 4936.86 804.16
1869.1 5038.82 4938.82 804.25
1868.02 5040.78 4940.78 804.34
1866.96 5042.74 4942.74 804.43
1865.9 5044.69 4944.69 804.52
1864.86 5046.65 4946.65 804.61
1863.82 5048.61 4948.61 804.7
1862.8 5050.57 4950.57 804.79
1861.78 5052.53 4952.53 804.88
1860.78 5054.49 4954.49 804.97
1859.78 5056.45 4956.45 805.06
1858.8 5058.4 4958.4 805.15
1857.82 5060.36 4960.36 805.24
1856.85 5062.32 4962.32 805.33
1855.89 5064.28 4964.28 805.42
1854.95 5066.24 4966.24 805.51
1854.01 5068.2 4968.2 805.6
1853.08 5070.16 4970.16 805.69
1852.16 5072.11 4972.11 805.78
1851.25 5074.07 4974.07 805.87
1850.35 5076.03 4976.03 805.96
1849.45 5077.99 4977.99 806.05
1848.57 5079.95 4979.95 806.14
1847.7 5081.91 4981.91 806.23
1846.83 5083.87 4983.87 806.32
1845.98 5085.82 4985.82 806.41
1845.13 5087.78 4987.78 806.5
1844.3 5089.74 4989.74 806.59
1843.47 5091.7 4991.7 806.68
1842.65 5093.66 4993.66 806.77
1841.84 5095.62 4995.62 806.86
1841.05 5097.58 4997.58 806.95
1840.25 5099.53 4999.53 807.04
1839.47 5101.49 5001.49 807.13
1838.7 5103.45 5003.45 807.22
1837.94 5105.41 5005.41 807.31
1837.18 5107.37 5007.37 807.4
1836.44 5109.33 5009.33 807.49
1835.7 5111.29 5011.29 807.58
1834.97 5113.24 5013.24 807.67
1834.25 5115.2 5015.2 807.76
1833.54 5117.16 5017.16 807.85
1832.84 5119.12 5019.12 807.94
1832.14 5121.08 5021.08 808.03
1831.46 5123.04 5023.04 808.12
1830.78 5125 5025 808.21
1830.12 5126.95 5026.95 808.3
1829.46 5128.91 5028.91 808.39
1828.81 5130.87 5030.87 808.48
1828.17 5132.83 5032.83 808.57
1827.53 5134.79 5034.79 808.66
1826.91 5136.75 5036.75 808.75
1826.29 5138.71 5038.71 808.84
1825.69 5140.66 5040.66 808.93
1825.09 5142.62 5042.62 809.02
1824.5 5144.58 5044.58 809.11
1823.92 5146.54 5046.54 809.2
1823.34 5148.5 5048.5 809.29
1822.78 5150.46 5050.46 809.38
1822.22 5152.42 5052.42 809.47
1821.67 5154.37 5054.37 809.56
1821.13 5156.33 5056.33 809.65
1820.6 5158.29 5058.29 809.74
1820.07 5160.25 5060.25 809.83
1819.55 5162.21 5062.21 809.92
1819.05 5164.17 5064.17 810.01
1818.55 5166.13 5066.13 810.1
1818.05 5168.08 5068.08 810.19
1817.57 5170.04 5070.04 810.28
1817.09 5172 5072 810.37
1816.63 5173.96 5073.96 810.46
1816.17 5175.92 5075.92 810.55
1815.71 5177.88 5077.88 810.64
1815.27 5179.84 5079.84 810.73
1814.83 5181.79 5081.79 810.82
1814.4 5183.75 5083.75 810.91
1813.98 5185.71 5085.71 811
1813.57 5187.67 5087.67 811.09
1813.16 5189.63 5089.63 811.18
1812.77 5191.59 5091.59 811.27
1812.38 5193.55 5093.55 811.36
1811.99 5195.5 5095.5 811.45
1811.62 5197.46 5097.46 811.54
1811.25 5199.42 5099.42 811.63
1810.89 5201.38 5101.38 811.72
1810.54 5203.34 5103.34 811.81
1810.2 5205.3 5105.3 811.9
1809.86 5207.26 5107.26 811.99
1809.53 5209.21 5109.21 812.08
1809.21 5211.17 5111.17 812.17
1808.89 5213.13 5113.13 812.26
1808.59 5215.09 5115.09 812.35
1808.29 5217.05 5117.05 812.44
1807.99 5219.01 5119.01 812.53
1807.71 5220.97 5120.97 812.62
1807.43 5222.92 5122.92 812.71
1807.16 5224.88 5124.88 812.8
1806.9 5226.84 5126.84 812.89
1806.64 5228.8 5128.8 812.98
1806.39 5230.76 5130.76 813.07
1806.15 5232.72 5132.72 813.16
1805.91 5234.68 5134.68 813.25
1805.69 5236.63 5136.63 813.34
1805.46 5238.59 5138.59 813.43
1805.25 5240.55 5140.55 813.52
1805.04 5242.51 5142.51 813.61
1804.84 5244.47 5144.47 813.7
1804.65 5246.43 5146.43 813.79
1804.46 5248.39 5148.39 813.88
1804.29 5250.34 5150.34 813.97
1804.11 5252.3 5152.3 814.06
1803.95 5254.26 5154.26 814.15
1803.79 5256.22 5156.22 814.24
1803.64 5258.18 5158.18 814.33
1803.49 5260.14 5160.14 814.42
1803.35 5262.1 5162.1 814.51
1803.22 5264.05 5164.05 814.6
1803.09 5266.01 5166.01 814.69
1802.98 5267.97 5167.97 814.78
1802.86 5269.93 5169.93 814.87
1802.76 5271.89 5171.89 814.96
1802.66 5273.85 5173.85 815.05
1802.57 5275.81 5175.81 815.14
1802.48 5277.76 5177.76 815.23
1802.4 5279.72 5179.72 815.32
1802.33 5281.68 5181.68 815.41
1802.26 5283.64 5183.64 815.5
1802.2 5285.6 5185.6 815.59
1802.15 5287.56 5187.56 815.68
1802.1 5289.52 5189.52 815.77
1802.06 5291.47 5191.47 815.86
1802.02 5293.43 5193.43 815.95
1801.99 5295.39 5195.39 816.04
1801.97 5297.35 5197.35 816.13
1801.95 5299.31 5199.31 816.22
1801.94 5301.27 5201.27 816.31
1801.94 5303.23 5203.23 816.4
1801.94 5305.18 5205.18 816.49
1801.95 5307.14 5207.14 816.58
1801.96 5309.1 5209.1 816.67
1801.98 5311.06 5211.06 816.76
1802.01 5313.02 5213.02 816.85
1802.04 5314.98 5214.98 816.94
1802.08 5316.94 5216.94 817.03
1802.12 5318.89 5218.89 817.12
1802.17 5320.85 5220.85 817.21
1802.22 5322.81 5222.81 817.3
1802.29 5324.77 5224.77 817.39
1802.35 5326.73 5226.73 817.48
1802.42 5328.69 5228.69 817.57
1802.5 5330.65 5230.65 817.66
1802.59 5332.6 5232.6 817.75
1802.68 5334.56 5234.56 817.84
1802.77 5336.52 5236.52 817.93
1802.87 5338.48 5238.48 818.02
1802.98 5340.44 5240.44 818.11
1803.09 5342.4 5242.4 818.2
1803.21 5344.36 5244.36 818.29
1803.33 5346.31 5246.31 818.38
1803.46 5348.27 5248.27 818.47
1803.59 5350.23 5250.23 818.56
1803.73 5352.19 5252.19 818.65
1803.88 5354.15 5254.15 818.74
1804.03 5356.11 5256.11 818.83
1804.18 5358.07 5258.07 818.92
1804.34 5360.02 5260.02 819.01
1804.51 5361.98 5261.98 819.1
1804.68 5363.94 5263.94 819.19
1804.86 5365.9 5265.9 819.28
1805.04 5367.86 5267.86 819.37
1805.22 5369.82 5269.82 819.46
1805.42 5371.78 5271.78 819.55
1805.61 5373.73 5273.73 819.64
1805.82 5375.69 5275.69 819.73
1806.02 5377.65 5277.65 819.82
1806.23 5379.61 5279.61 819.91
1806.45 5381.57 5281.57 820
1806.67 5383.53 5283.53 820.09
1806.9 5385.49 5285.49 820.18
1807.13 5387.44 5287.44 820.27
1807.37 5389.4 5289.4 820.36
1807.61 5391.36 5291.36 820.45
1807.86 5393.32 5293.32 820.54
1808.11 5395.28 5295.28 820.63
1808.36 5397.24 5297.24 820.72
1808.62 5399.2 5299.2 820.81
1808.89 5401.15 5301.15 820.9
1809.16 5403.11 5303.11 820.99
1809.43 5405.07 5305.07 821.08
1809.71 5407.03 5307.03 821.17
1810 5408.99 5308.99 821.26
1810.28 5410.95 5310.95 821.35
1810.58 5412.91 5312.91 821.44
1810.88 5414.86 5314.86 821.53
1811.18 5416.82 5316.82 821.62
1811.48 5418.78 5318.78 821.71
1811.79 5420.74 5320.74 821.8
1812.11 5422.7 5322.7 821.89
1812.43 5424.66 5324.66 821.98
1812.75 5426.62 5326.62 822.07
1813.08 5428.57 5328.57 822.16
1813.41 5430.53 5330.53 822.25
1813.75 5432.49 5332.49 822.34
1814.09 5434.45 5334.45 822.43
1814.44 5436.41 5336.41 822.52
1814.79 5438.37 5338.37 822.61
1815.14 5440.33 5340.33 822.7
1815.5 5442.28 5342.28 822.79
1815.86 5444.24 5344.24 822.88
1816.22 5446.2 5346.2 822.97
1816.59 5448.16 5348.16 823.06
1816.97 5450.12 5350.12 823.15
1817.35 5452.08 5352.08 823.24
1817.73 5454.04 5354.04 823.33
1818.11 5455.99 5355.99 823.42
1818.5 5457.95 5357.95 823.51
1818.9 5459.91 5359.91 823.6
1819.29 5461.87 5361.87 823.69
1819.69 5463.83 5363.83 823.78
1820.1 5465.79 5365.79 823.87
1820.51 5467.74 5367.74 823.96
1820.92 5469.7 5369.7 824.05
1821.33 5471.66 5371.66 824.14
1821.75 5473.62 5373.62 824.23
1822.18 5475.58 5375.58 824.32
1822.6 5477.54 5377.54 824.41
1823.03 5479.5 5379.5 824.5
1823.47 5481.45 5381.45 824.59
1823.91 5483.41 5383.41 824.68
1824.35 5485.37 5385.37 824.77
1824.79 5487.33 5387.33 824.86
1825.24 5489.29 5389.29 824.95
1825.69 5491.25 5391.25 825.04
1826.15 5493.21 5393.21 825.13
1826.6 5495.16 5395.16 825.22
1827.06 5497.12 5397.12 825.31
1827.53 5499.08 5399.08 825.4
1828 5501.04 5401.04 825.49
1828.47 5503 5403 825.58
1828.94 5504.96 5404.96 825.67
1829.42 5506.92 5406.92 825.76
1829.9 5508.87 5408.87 825.85
1830.38 5510.83 5410.83 825.94
1830.87 5512.79 5412.79 826.03
1831.36 5514.75 5414.75 826.12
1831.85 5516.71 5416.71 826.21
1832.35 5518.67 5418.67 826.3
1832.85 5520.63 5420.63 826.39
1833.35 5522.58 5422.58 826.48
1833.86 5524.54 5424.54 826.57
1834.36 5526.5 5426.5 826.66
1834.87 5528.46 5428.46 826.75
1835.39 5530.42 5430.42 826.84
1835.9 5532.38 5432.38 826.93
1836.42 5534.34 5434.34 827.02
1836.95 5536.29 5436.29 827.11
1837.47 5538.25 5438.25 827.2
1838 5540.21 5440.21 827.29
1838.53 5542.17 5442.17 827.38
1839.06 5544.13 5444.13 827.47
1839.6 5546.09 5446.09 827.56
1840.13 5548.05 5448.05 827.65
1840.67 5550 5450 827.74
1841.22 5551.96 5451.96 827.83
1841.76 5553.92 5453.92 827.92
1842.31 5555.88 5455.88 828.01
1842.86 5557.84 5457.84 828.1
1843.41 5559.8 5459.8 828.19
1843.97 5561.76 5461.76 828.28
1844.53 5563.71 5463.71 828.37
1845.09 5565.67 5465.67 828.46
1845.65 5567.63 5467.63 828.55
1846.21 5569.59 5469.59 828.64
1846.78 5571.55 5471.55 828.73
1847.35 5573.51 5473.51 828.82
1847.92 5575.47 5475.47 828.91
1848.49 5577.42 5477.42 829
1849.07 5579.38 5479.38 829.09
1849.65 5581.34 5481.34 829.18
1850.23 5583.3 5483.3 829.27
1850.81 5585.26 5485.26 829.36
1851.39 5587.22 5487.22 829.45
1851.98 5589.18 5489.18 829.54
1852.57 5591.13 5491.13 829.63
1853.16 5593.09 5493.09 829.72
1853.75 5595.05 5495.05 829.81
1854.34 5597.01 5497.01 829.9
1854.94 5598.97 5498.97 829.99
1855.53 5600.93 5500.93 830.08
1856.13 5602.89 5502.89 830.17
1856.73 5604.84 5504.84 830.26
1857.34 5606.8 5506.8 830.35
1857.94 5608.76 5508.76 830.44
1858.55 5610.72 5510.72 830.53
1859.15 5612.68 5512.68 830.62
1859.76 5614.64 5514.64 830.71
1860.37 5616.6 5516.6 830.8
1860.99 5618.55 5518.55 830.89
1861.6 5620.51 5520.51 830.98
1862.22 5622.47 5522.47 831.07
1862.83 5624.43 5524.43 831.16
1863.45 5626.39 5526.39 831.25
1864.07 5628.35 5528.35 831.34
1864.69 5630.31 5530.31 831.43
1865.32 5632.26 5532.26 831.52
1865.94 5634.22 5534.22 831.61
1866.57 5636.18 5536.18 831.7
1867.19 5638.14 5538.14 831.79
1867.82 5640.1 5540.1 831.88
1868.45 5642.06 5542.06 831.97
1869.08 5644.02 5544.02 832.06
1869.71 5645.97 5545.97 832.15
1870.34 5647.93 5547.93 832.24
1870.98 5649.89 5549.89 832.33
1871.61 5651.85 5551.85 832.42
1872.25 5653.81 5553.81 832.51
1872.89 5655.77 5555.77 832.6
1873.53 5657.73 5557.73 832.69
1874.16 5659.68 5559.68 832.78
1874.8 5661.64 5561.64 832.87
1875.45 5663.6 5563.6 832.96
1876.09 5665.56 5565.56 833.05
1876.73 5667.52 5567.52 833.14
1877.37 5669.48 5569.48 833.23
1878.02 5671.44 5571.44 833.32
1878.66 5673.39 5573.39 833.41
1879.31 5675.35 5575.35 833.5
1879.96 5677.31 5577.31 833.59
1880.6 5679.27 5579.27 833.68
1881.25 5681.23 5581.23 833.77
1881.9 5683.19 5583.19 833.86
1882.55 5685.15 5585.15 833.95
1883.2 5687.1 5587.1 834.04
1883.85 5689.06 5589.06 834.13
1884.5 5691.02 5591.02 834.22
1885.15 5692.98 5592.98 834.31
1885.81 5694.94 5594.94 834.4
1886.46 5696.9 5596.9 834.49
1887.11 5698.86 5598.86 834.58
1887.77 5700.81 5600.81 834.67
1888.42 5702.77 5602.77 834.76
1889.07 5704.73 5604.73 834.85
1889.73 5706.69 5606.69 834.94
1890.38 5708.65 5608.65 835.03
1891.04 5710.61 5610.61 835.12
1891.69 5712.57 5612.57 835.21
1892.35 5714.52 5614.52 835.3
1893 5716.48 5616.48 835.39
1893.66 5718.44 5618.44 835.48
1894.32 5720.4 5620.4 835.57
1894.97 5722.36 5622.36 835.66
1895.63 5724.32 5624.32 835.75
1896.28 5726.28 5626.28 835.84
1896.94 5728.23 5628.23 835.93
1897.6 5730.19 5630.19 836.02
1898.25 5732.15 5632.15 836.11
1898.91 5734.11 5634.11 836.2
1899.56 5736.07 5636.07 836.29
1900.22 5738.03 5638.03 836.38
1900.87 5739.99 5639.99 836.47
1901.53 5741.94 5641.94 836.56
1902.18 5743.9 5643.9 836.65
1902.84 5745.86 5645.86 836.74
1903.49 5747.82 5647.82 836.83
1904.15 5749.78 5649.78 836.92
1904.8 5751.74 5651.74 837.01
1905.46 5753.7 5653.7 837.1
1906.11 5755.65 5655.65 837.19
1906.76 5757.61 5657.61 837.28
1907.41 5759.57 5659.57 837.37
1908.07 5761.53 5661.53 837.46
1908.72 5763.49 5663.49 837.55
1909.37 5765.45 5665.45 837.64
1910.02 5767.41 5667.41 837.73
1910.67 5769.36 5669.36 837.82
1911.32 5771.32 5671.32 837.91
1911.97 5773.28 5673.28 838
1912.61 5775.24 5675.24 838.09
1913.26 5777.2 5677.2 838.18
1913.91 5779.16 5679.16 838.27
1914.55 5781.12 5681.12 838.36
1915.2 5783.07 5683.07 838.45
1915.84 5785.03 5685.03 838.54
1916.48 5786.99 5686.99 838.63
1917.13 5788.95 5688.95 838.72
1917.77 5790.91 5690.91 838.81
1918.41 5792.87 5692.87 838.9
1919.05 5794.83 5694.83 838.99
1919.69 5796.78 5696.78 839.08
1920.32 5798.74 5698.74 839.17
1920.96 5800.7 5700.7 839.26
1921.59 5802.66 5702.66 839.35
1922.23 5804.62 5704.62 839.44
1922.86 5806.58 5706.58 839.53
1923.49 5808.54 5708.54 839.62
1924.12 5810.49 5710.49 839.71
1924.75 5812.45 5712.45 839.8
1925.38 5814.41 5714.41 839.89
1926.01 5816.37 5716.37 839.98
1926.64 5818.33 5718.33 840.07
1927.26 5820.29 5720.29 840.16
1927.88 5822.25 5722.25 840.25
1928.5 5824.2 5724.2 840.34
1929.13 5826.16 5726.16 840.43
1929.75 5828.12 5728.12 840.52
1930.36 5830.08 5730.08 840.61
1930.98 5832.04 5732.04 840.7
1931.6 5834 5734 840.79
1932.21 5835.96 5735.96 840.88
1932.82 5837.91 5737.91 840.97
1933.43 5839.87 5739.87 841.06
1934.05 5841.83 5741.83 841.15
1934.65 5843.79 5743.79 841.24
1935.26 5845.75 5745.75 841.33
1935.87 5847.71 5747.71 841.42
1936.48 5849.67 5749.67 841.51
1937.08 5851.62 5751.62 841.6
1937.68 5853.58 5753.58 841.69
1938.29 5855.54 5755.54 841.78
1938.89 5857.5 5757.5 841.87
1939.49 5859.46 5759.46 841.96
1940.08 5861.42 5761.42 842.05
1940.68 5863.38 5763.38 842.14
1941.28 5865.33 5765.33 842.23
1941.87 5867.29 5767.29 842.32
1942.47 5869.25 5769.25 842.41
1943.06 5871.21 5771.21 842.5
1943.65 5873.17 5773.17 842.59
1944.24 5875.13 5775.13 842.68
1944.83 5877.09 5777.09 842.77
1945.42 5879.04 5779.04 842.86
1946.01 5881 5781 842.95
1946.59 5882.96 5782.96 843.04
1947.18 5884.92 5784.92 843.13
1947.76 5886.88 5786.88 843.22
1948.34 5888.84 5788.84 843.31
1948.92 5890.8 5790.8 843.4
1949.5 5892.75 5792.75 843.49
1950.08 5894.71 5794.71 843.58
1950.66 5896.67 5796.67 843.67
1951.24 5898.63 5798.63 843.76
1951.81 5900.59 5800.59 843.85
1952.39 5902.55 5802.55 843.94
1952.96 5904.51 5804.51 844.03
1953.53 5906.46 5806.46 844.12
1954.1 5908.42 5808.42 844.21
1954.68 5910.38 5810.38 844.3
1955.24 5912.34 5812.34 844.39
1955.81 5914.3 5814.3 844.48
1956.38 5916.26 5816.26 844.57
1956.95 5918.22 5818.22 844.66
1957.51 5920.17 5820.17 844.75
1958.08 5922.13 5822.13 844.84
1958.64 5924.09 5824.09 844.93
1959.2 5926.05 5826.05 845.02
1959.76 5928.01 5828.01 845.11
1960.32 5929.97 5829.97 845.2
1960.88 5931.93 5831.93 845.29
1961.44 5933.88 5833.88 845.38
1962 5935.84 5835.84 845.47
1962.55 5937.8 5837.8 845.56
1963.11 5939.76 5839.76 845.65
1963.66 5941.72 5841.72 845.74
1964.21 5943.68 5843.68 845.83
1964.77 5945.64 5845.64 845.92
1965.32 5947.59 5847.59 846.01
1965.87 5949.55 5849.55 846.1
1966.42 5951.51 5851.51 846.19
1966.96 5953.47 5853.47 846.28
1967.51 5955.43 5855.43 846.37
1968.06 5957.39 5857.39 846.46
1968.6 5959.35 5859.35 846.55
1969.15 5961.3 5861.3 846.64
1969.69 5963.26 5863.26 846.73
1970.23 5965.22 5865.22 846.82
1970.78 5967.18 5867.18 846.91
1971.32 5969.14 5869.14 847
1971.86 5971.1 5871.1 847.09
1972.4 5973.06 5873.06 847.18
1972.93 5975.01 5875.01 847.27
1973.47 5976.97 5876.97 847.36
1974.01 5978.93 5878.93 847.45
1974.54 5980.89 5880.89 847.54
1975.08 5982.85 5882.85 847.63
1975.61 5984.81 5884.81 847.72
1976.14 5986.77 5886.77 847.81
1976.68 5988.72 5888.72 847.9
1977.21 5990.68 5890.68 847.99
1977.74 5992.64 5892.64 848.08
1978.27 5994.6 5894.6 848.17
1978.79 5996.56 5896.56 848.26
1979.32 5998.52 5898.52 848.35
1979.85 6000.48 5900.48 848.44
1980.37 6002.43 5902.43 848.53
1980.9 6004.39 5904.39 848.62
1981.42 6006.35 5906.35 848.71
1981.95 6008.31 5908.31 848.8
1982.47 6010.27 5910.27 848.89
1982.99 6012.23 5912.23 848.98
1983.51 6014.19 5914.19 849.07
1984.03 6016.14 5916.14 849.16
1984.55 6018.1 5918.1 849.25
1985.07 6020.06 5920.06 849.34
1985.59 6022.02 5922.02 849.43
1986.11 6023.98 5923.98 849.52
1986.62 6025.94 5925.94 849.61
1987.14 6027.9 5927.9 849.7
1987.65 6029.85 5929.85 849.79
1988.17 6031.81 5931.81 849.88
1988.68 6033.77 5933.77 849.97
1989.19 6035.73 5935.73 850.06
1989.71 6037.69 5937.69 850.15
1990.22 6039.65 5939.65 850.24
1990.73 6041.61 5941.61 850.33
1991.24 6043.56 5943.56 850.42
1991.75 6045.52 5945.52 850.51
1992.25 6047.48 5947.48 850.6
1992.76 6049.44 5949.44 850.69
1993.27 6051.4 5951.4 850.78
1993.77 6053.36 5953.36 850.87
1994.28 6055.32 5955.32 850.96
1994.79 6057.27 5957.27 851.05
1995.29 6059.23 5959.23 851.14
1995.79 6061.19 5961.19 851.23
1996.3 6063.15 5963.15 851.32
1996.8 6065.11 5965.11 851.41
1997.3 6067.07 5967.07 851.5
1997.8 6069.03 5969.03 851.59
1998.3 6070.98 5970.98 851.68
1998.8 6072.94 5972.94 851.77
1999.3 6074.9 5974.9 851.86
1999.8 6076.86 5976.86 851.95
2000.29 6078.82 5978.82 852.04
2000.79 6080.78 5980.78 852.13
2001.29 6082.74 5982.74 852.22
2001.78 6084.69 5984.69 852.31
2002.28 6086.65 5986.65 852.4
2002.77 6088.61 5988.61 852.49
2003.26 6090.57 5990.57 852.58
2003.76 6092.53 5992.53 852.67
2004.25 6094.49 5994.49 852.76
2004.74 6096.45 5996.45 852.85
2005.23 6098.4 5998.4 852.94
2005.72 6100.36 6000.36 853.03
2006.21 6102.32 6002.32 853.12
2006.7 6104.28 6004.28 853.21
2007.19 6106.24 6006.24 853.3
2007.68 6108.2 6008.2 853.39
2008.17 6110.16 6010.16 853.48
2008.66 6112.11 6012.11 853.57
2009.14 6114.07 6014.07 853.66
2009.63 6116.03 6016.03 853.75
2010.12 6117.99 6017.99 853.84
2010.6 6119.95 6019.95 853.93
2011.09 6121.91 6021.91 854.02
2011.57 6123.87 6023.87 854.11
2012.05 6125.82 6025.82 854.2
2012.54 6127.78 6027.78 854.29
2013.02 6129.74 6029.74 854.38
2013.5 6131.7 6031.7 854.47
2013.98 6133.66 6033.66 854.56
2014.46 6135.62 6035.62 854.65
2014.95 6137.58 6037.58 854.74
2015.43 6139.53 6039.53 854.83
2015.91 6141.49 6041.49 854.92
2016.38 6143.45 6043.45 855.01
2016.86 6145.41 6045.41 855.1
2017.34 6147.37 6047.37 855.19
2017.82 6149.33 6049.33 855.28
2018.3 6151.29 6051.29 855.37
2018.77 6153.24 6053.24 855.46
2019.25 6155.2 6055.2 855.55
2019.73 6157.16 6057.16 855.64
2020.2 6159.12 6059.12 855.73
2020.68 6161.08 6061.08 855.82
2021.15 6163.04 6063.04 855.91
2021.63 6165 6065 856
2022.1 6166.95 6066.95 856.09
2022.57 6168.91 6068.91 856.18
2023.05 6170.87 6070.87 856.27
2023.52 6172.83 6072.83 856.36
2023.99 6174.79 6074.79 856.45
2024.46 6176.75 6076.75 856.54
2024.94 6178.71 6078.71 856.63
2025.41 6180.66 6080.66 856.72
2025.88 6182.62 6082.62 856.81
2026.35 6184.58 6084.58 856.9
2026.82 6186.54 6086.54 856.99
2027.29 6188.5 6088.5 857.08
2027.76 6190.46 6090.46 857.17
2028.23 6192.42 6092.42 857.26
2028.69 6194.37 6094.37 857.35
2029.16 6196.33 6096.33 857.44
2029.63 6198.29 6098.29 857.53
2030.1 6200.25 6100.25 857.62
2030.57 6202.21 6102.21 857.71
2031.03 6204.17 6104.17 857.8
2031.5 6206.13 6106.13 857.89
2031.97 6208.08 6108.08 857.98
2032.43 6210.04 6110.04 858.07
2032.9 6212 6112 858.16
2033.36 6213.96 6113.96 858.25
2033.83 6215.92 6115.92 858.34
2034.29 6217.88 6117.88 858.43
2034.76 6219.84 6119.84 858.52
2035.22 6221.79 6121.79 858.61
2035.69 6223.75 6123.75 858.7
2036.15 6225.71 6125.71 858.79
2036.62 6227.67 6127.67 858.88
2037.08 6229.63 6129.63 858.97
2037.54 6231.59 6131.59 859.06
2038 6233.55 6133.55 859.15
2038.47 6235.5 6135.5 859.24
2038.93 6237.46 6137.46 859.33
2039.39 6239.42 6139.42 859.42
2039.85 6241.38 6141.38 859.51
2040.32 6243.34 6143.34 859.6
2040.78 6245.3 6145.3 859.69
2041.24 6247.26 6147.26 859.78
2041.7 6249.21 6149.21 859.87
2042.16 6251.17 6151.17 859.96
2042.62 6253.13 6153.13 860.05
2043.08 6255.09 6155.09 860.14
2043.54 6257.05 6157.05 860.23
2044 6259.01 6159.01 860.32
2044.46 6260.97 6160.97 860.41
2044.92 6262.92 6162.92 860.5
2045.38 6264.88 6164.88 860.59
2045.84 6266.84 6166.84 860.68
2046.3 6268.8 6168.8 860.77
2046.76 6270.76 6170.76 860.86
2047.22 6272.72 6172.72 860.95
2047.68 6274.68 6174.68 861.04
2048.14 6276.63 6176.63 861.13
2048.59 6278.59 6178.59 861.22
2049.05 6280.55 6180.55 861.31
2049.51 6282.51 6182.51 861.4
2049.97 6284.47 6184.47 861.49
2050.43 6286.43 6186.43 861.58
2050.89 6288.39 6188.39 861.67
2051.34 6290.34 6190.34 861.76
2051.8 6292.3 6192.3 861.85
2052.26 6294.26 6194.26 861.94
2052.72 6296.22 6196.22 862.03
2053.18 6298.18 6198.18 862.12
2053.63 6300.14 6200.14 862.21
2054.09 6302.1 6202.1 862.3
2054.55 6304.05 6204.05 862.39
2055 6306.01 6206.01 862.48
2055.46 6307.97 6207.97 862.57
2055.92 6309.93 6209.93 862.66
2056.38 6311.89 6211.89 862.75
2056.83 6313.85 6213.85 862.84
2057.29 6315.81 6215.81 862.93
2057.75 6317.76 6217.76 863.02
2058.21 6319.72 6219.72 863.11
2058.66 6321.68 6221.68 863.2
2059.12 6323.64 6223.64 863.29
2059.58 6325.6 6225.6 863.38
2060.03 6327.56 6227.56 863.47
2060.49 6329.52 6229.52 863.56
2060.95 6331.47 6231.47 863.65
2061.4 6333.43 6233.43 863.74
2061.86 6335.39 6235.39 863.83
2062.32 6337.35 6237.35 863.92
2062.78 6339.31 6239.31 864.01
2063.23 6341.27 6241.27 864.1
2063.69 6343.23 6243.23 864.19
2064.15 6345.18 6245.18 864.28
2064.6 6347.14 6247.14 864.37
2065.06 6349.1 6249.1 864.46
2065.52 6351.06 6251.06 864.55
2065.98 6353.02 6253.02 864.64
2066.43 6354.98 6254.98 864.73
2066.89 6356.94 6256.94 864.82
2067.35 6358.89 6258.89 864.91
2067.81 6360.85 6260.85 865
2068.26 6362.81 6262.81 865.09
2068.72 6364.77 6264.77 865.18
2069.18 6366.73 6266.73 865.27
2069.64 6368.69 6268.69 865.36
2070.1 6370.65 6270.65 865.45
2070.55 6372.6 6272.6 865.54
2071.01 6374.56 6274.56 865.63
2071.47 6376.52 6276.52 865.72
2071.93 6378.48 6278.48 865.81
2072.39 6380.44 6280.44 865.9
2072.85 6382.4 6282.4 865.99
2073.31 6384.36 6284.36 866.08
2073.77 6386.31 6286.31 866.17
2074.23 6388.27 6288.27 866.26
2074.69 6390.23 6290.23 866.35
2075.14 6392.19 6292.19 866.44
2075.6 6394.15 6294.15 866.53
2076.06 6396.11 6296.11 866.62
2076.52 6398.07 6298.07 866.71
2076.99 6400.02 6300.02 866.8
2077.45 6401.98 6301.98 866.89
2077.91 6403.94 6303.94 866.98
2078.37 6405.9 6305.9 867.07
2078.83 6407.86 6307.86 867.16
2079.29 6409.82 6309.82 867.25
2079.75 6411.78 6311.78 867.34
2080.21 6413.73 6313.73 867.43
2080.67 6415.69 6315.69 867.52
2081.14 6417.65 6317.65 867.61
2081.6 6419.61 6319.61 867.7
2082.06 6421.57 6321.57 867.79
2082.52 6423.53 6323.53 867.88
2082.99 6425.49 6325.49 867.97
2083.45 6427.44 6327.44 868.06
2083.91 6429.4 6329.4 868.15
2084.38 6431.36 6331.36 868.24
2084.84 6433.32 6333.32 868.33
2085.31 6435.28 6335.28 868.42
2085.77 6437.24 6337.24 868.51
2086.24 6439.2 6339.2 868.6
2086.7 6441.15 6341.15 868.69
2087.17 6443.11 6343.11 868.78
2087.63 6445.07 6345.07 868.87
2088.1 6447.03 6347.03 868.96
2088.57 6448.99 6348.99 869.05
2089.03 6450.95 6350.95 869.14
2089.5 6452.91 6352.91 869.23
2089.97 6454.86 6354.86 869.32
2090.43 6456.82 6356.82 869.41
2090.9 6458.78 6358.78 869.5
2091.37 6460.74 6360.74 869.59
2091.84 6462.7 6362.7 869.68
2092.31 6464.66 6364.66 869.77
2092.78 6466.62 6366.62 869.86
2093.25 6468.57 6368.57 869.95
2093.72 6470.53 6370.53 870.04
2094.19 6472.49 6372.49 870.13
2094.66 6474.45 6374.45 870.22
2095.13 6476.41 6376.41 870.31
2095.6 6478.37 6378.37 870.4
2096.07 6480.33 6380.33 870.49
2096.55 6482.28 6382.28 870.58
2097.02 6484.24 6384.24 870.67
2097.49 6486.2 6386.2 870.76
2097.97 6488.16 6388.16 870.85
2098.44 6490.12 6390.12 870.94
2098.91 6492.08 6392.08 871.03
2099.39 6494.04 6394.04 871.12
2099.86 6495.99 6395.99 871.21
2100.34 6497.95 6397.95 871.3
2100.82 6499.91 6399.91 871.39
2101.29 6501.87 6401.87 871.48
2101.77 6503.83 6403.83 871.57
2102.25 6505.79 6405.79 871.66
2102.72 6507.75 6407.75 871.75
2103.2 6509.7 6409.7 871.84
2103.68 6511.66 6411.66 871.93
2104.16 6513.62 6413.62 872.02
2104.64 6515.58 6415.58 872.11
2105.12 6517.54 6417.54 872.2
2105.6 6519.5 6419.5 872.29
2106.08 6521.46 6421.46 872.38
2106.56 6523.41 6423.41 872.47
2107.05 6525.37 6425.37 872.56
2107.53 6527.33 6427.33 872.65
2108.01 6529.29 6429.29 872.74
2108.5 6531.25 6431.25 872.83
2108.98 6533.21 6433.21 872.92
2109.46 6535.17 6435.17 873.01
2109.95 6537.12 6437.12 873.1
2110.44 6539.08 6439.08 873.19
2110.92 6541.04 6441.04 873.28
2111.41 6543 6443 873.37
2111.9 6544.96 6444.96 873.46
2112.38 6546.92 6446.92 873.55
2112.87 6548.88 6448.88 873.64
2113.36 6550.83 6450.83 873.73
2113.85 6552.79 6452.79 873.82
2114.34 6554.75 6454.75 873.91
2114.83 6556.71 6456.71 874
2115.32 6558.67 6458.67 874.09
2115.82 6560.63 6460.63 874.18
2116.31 6562.59 6462.59 874.27
2116.8 6564.54 6464.54 874.36
2117.29 6566.5 6466.5 874.45
2117.79 6568.46 6468.46 874.54
2118.28 6570.42 6470.42 874.63
2118.78 6572.38 6472.38 874.72
2119.28 6574.34 6474.34 874.81
2119.77 6576.3 6476.3 874.9
2120.27 6578.25 6478.25 874.99
2120.77 6580.21 6480.21 875.08
2121.27 6582.17 6482.17 875.17
2121.77 6584.13 6484.13 875.26
2122.27 6586.09 6486.09 875.35
2122.77 6588.05 6488.05 875.44
2123.27 6590.01 6490.01 875.53
2123.77 6591.96 6491.96 875.62
2124.27 6593.92 6493.92 875.71
2124.78 6595.88 6495.88 875.8
2125.28 6597.84 6497.84 875.89
2125.79 6599.8 6499.8 875.98
2126.29 6601.76 6501.76 876.07
2126.8 6603.72 6503.72 876.16
2127.3 6605.67 6505.67 876.25
2127.81 6607.63 6507.63 876.34
2128.32 6609.59 6509.59 876.43
2128.83 6611.55 6511.55 876.52
2129.34 6613.51 6513.51 876.61
2129.85 6615.47 6515.47 876.7
2130.36 6617.43 6517.43 876.79
2130.87 6619.38 6519.38 876.88
2131.38 6621.34 6521.34 876.97
2131.9 6623.3 6523.3 877.06
2132.41 6625.26 6525.26 877.15
2132.93 6627.22 6527.22 877.24
2133.44 6629.18 6529.18 877.33
2133.96 6631.14 6531.14 877.42
2134.48 6633.09 6533.09 877.51
2134.99 6635.05 6535.05 877.6
2135.51 6637.01 6537.01 877.69
2136.03 6638.97 6538.97 877.78
2136.55 6640.93 6540.93 877.87
2137.07 6642.89 6542.89 877.96
2137.59 6644.85 6544.85 878.05
2138.12 6646.8 6546.8 878.14
2138.64 6648.76 6548.76 878.23
2139.17 6650.72 6550.72 878.32
2139.69 6652.68 6552.68 878.41
2140.22 6654.64 6554.64 878.5
2140.74 6656.6 6556.6 878.59
2141.27 6658.56 6558.56 878.68
2141.8 6660.51 6560.51 878.77
2142.33 6662.47 6562.47 878.86
2142.86 6664.43 6564.43 878.95
2143.39 6666.39 6566.39 879.04
2143.92 6668.35 6568.35 879.13
2144.45 6670.31 6570.31 879.22
2144.99 6672.27 6572.27 879.31
2145.52 6674.22 6574.22 879.4
2146.06 6676.18 6576.18 879.49
2146.59 6678.14 6578.14 879.58
2147.13 6680.1 6580.1 879.67
2147.67 6682.06 6582.06 879.76
2148.21 6684.02 6584.02 879.85
2148.75 6685.98 6585.98 879.94
2149.29 6687.93 6587.93 880.03
2149.83 6689.89 6589.89 880.12
2150.37 6691.85 6591.85 880.21
2150.92 6693.81 6593.81 880.3
2151.46 6695.77 6595.77 880.39
2152.01 6697.73 6597.73 880.48
2152.55 6699.69 6599.69 880.57
2153.1 6701.64 6601.64 880.66
2153.65 6703.6 6603.6 880.75
2154.2 6705.56 6605.56 880.84
2154.75 6707.52 6607.52 880.93
2155.3 6709.48 6609.48 881.02
2155.85 6711.44 6611.44 881.11
2156.4 6713.4 6613.4 881.2
2156.95 6715.35 6615.35 881.29
2157.51 6717.31 6617.31 881.38
2158.06 6719.27 6619.27 881.47
2158.62 6721.23 6621.23 881.56
2159.18 6723.19 6623.19 881.65
2159.73 6725.15 6625.15 881.74
2160.29 6727.11 6627.11 881.83
2160.85 6729.06 6629.06 881.92
2161.41 6731.02 6631.02 882.01
2161.97 6732.98 6632.98 882.1
2162.53 6734.94 6634.94 882.19
2163.1 6736.9 6636.9 882.28
2163.66 6738.86 6638.86 882.37
2164.22 6740.82 6640.82 882.46
2164.79 6742.77 6642.77 882.55
2165.36 6744.73 6644.73 882.64
2165.92 6746.69 6646.69 882.73
2166.49 6748.65 6648.65 882.82
2167.06 6750.61 6650.61 882.91
2167.63 6752.57 6652.57 883
2168.2 6754.53 6654.53 883.09
2168.77 6756.48 6656.48 883.18
2169.34 6758.44 6658.44 883.27
2169.91 6760.4 6660.4 883.36
2170.49 6762.36 6662.36 883.45
2171.06 6764.32 6664.32 883.54
2171.64 6766.28 6666.28 883.63
2172.21 6768.24 6668.24 883.72
2172.79 6770.19 6670.19 883.81
2173.37 6772.15 6672.15 883.9
2173.94 6774.11 6674.11 883.99
2174.52 6776.07 6676.07 884.08
2175.1 6778.03 6678.03 884.17
2175.68 6779.99 6679.99 884.26
2176.26 6781.95 6681.95 884.35
2176.85 6783.9 6683.9 884.44
2177.43 6785.86 6685.86 884.53
2178.01 6787.82 6687.82 884.62
2178.6 6789.78 6689.78 884.71
2179.18 6791.74 6691.74 884.8
2179.77 6793.7 6693.7 884.89
2180.35 6795.66 6695.66 884.98
2180.94 6797.61 6697.61 885.07
2181.53 6799.57 6699.57 885.16
2182.12 6801.53 6701.53 885.25
2182.71 6803.49 6703.49 885.34
2183.3 6805.45 6705.45 885.43
2183.89 6807.41 6707.41 885.52
2184.48 6809.37 6709.37 885.61
2185.07 6811.32 6711.32 885.7
2185.67 6813.28 6713.28 885.79
2186.26 6815.24 6715.24 885.88
2186.86 6817.2 6717.2 885.97
2187.45 6819.16 6719.16 886.06
2188.05 6821.12 6721.12 886.15
2188.64 6823.08 6723.08 886.24
2189.24 6825.03 6725.03 886.33
2189.84 6826.99 6726.99 886.42
2190.44 6828.95 6728.95 886.51
2191.04 6830.91 6730.91 886.6
2191.64 6832.87 6732.87 886.69
2192.24 6834.83 6734.83 886.78
2192.84 6836.79 6736.79 886.87
2193.44 6838.74 6738.74 886.96
2194.05 6840.7 6740.7 887.05
2194.65 6842.66 6742.66 887.14
2195.25 6844.62 6744.62 887.23
2195.86 6846.58 6746.58 887.32
2196.47 6848.54 6748.54 887.41
2197.07 6850.5 6750.5 887.5
2197.68 6852.45 6752.45 887.59
2198.29 6854.41 6754.41 887.68
2198.9 6856.37 6756.37 887.77
2199.5 6858.33 6758.33 887.86
2200.11 6860.29 6760.29 887.95
2200.73 6862.25 6762.25 888.04
2201.34 6864.21 6764.21 888.13
2201.95 6866.16 6766.16 888.22
2202.56 6868.12 6768.12 888.31
2203.17 6870.08 6770.08 888.4
2203.79 6872.04 6772.04 888.49
2204.4 6874 6774 888.58
2205.02 6875.96 6775.96 888.67
2205.63 6877.92 6777.92 888.76
2206.25 6879.87 6779.87 888.85
2206.86 6881.83 6781.83 888.94
2207.48 6883.79 6783.79 889.03
2208.1 6885.75 6785.75 889.12
2208.72 6887.71 6787.71 889.21
2209.34 6889.67 6789.67 889.3
2209.96 6891.63 6791.63 889.39
2210.58 6893.58 6793.58 889.48
2211.2 6895.54 6795.54 889.57
2211.82 6897.5 6797.5 889.66
2212.44 6899.46 6799.46 889.75
2213.07 6901.42 6801.42 889.84
2213.69 6903.38 6803.38 889.93
2214.31 6905.34 6805.34 890.02
2214.94 6907.29 6807.29 890.11
2215.56 6909.25 6809.25 890.2
2216.19 6911.21 6811.21 890.29
2216.82 6913.17 6813.17 890.38
2217.44 6915.13 6815.13 890.47
2218.07 6917.09 6817.09 890.56
2218.7 6919.05 6819.05 890.65
2219.33 6921 6821 890.74
2219.96 6922.96 6822.96 890.83
2220.59 6924.92 6824.92 890.92
2221.22 6926.88 6826.88 891.01
2221.85 6928.84 6828.84 891.1
2222.48 6930.8 6830.8 891.19
2223.11 6932.76 6832.76 891.28
2223.74 6934.71 6834.71 891.37
2224.38 6936.67 6836.67 891.46
2225.01 6938.63 6838.63 891.55
2225.65 6940.59 6840.59 891.64
2226.28 6942.55 6842.55 891.73
2226.92 6944.51 6844.51 891.82
2227.55 6946.47 6846.47 891.91
2228.19 6948.42 6848.42 892
2228.82 6950.38 6850.38 892.09
2229.46 6952.34 6852.34 892.18
2230.1 6954.3 6854.3 892.27
2230.74 6956.26 6856.26 892.36
2231.38 6958.22 6858.22 892.45
2232.02 6960.18 6860.18 892.54
2232.66 6962.13 6862.13 892.63
2233.3 6964.09 6864.09 892.72
2233.94 6966.05 6866.05 892.81
2234.58 6968.01 6868.01 892.9
2235.22 6969.97 6869.97 892.99
2235.86 6971.93 6871.93 893.08
2236.51 6973.89 6873.89 893.17
2237.15 6975.84 6875.84 893.26
2237.79 6977.8 6877.8 893.35
2238.44 6979.76 6879.76 893.44
2239.08 6981.72 6881.72 893.53
2239.73 6983.68 6883.68 893.62
2240.37 6985.64 6885.64 893.71
2241.02 6987.6 6887.6 893.8
2241.67 6989.55 6889.55 893.89
2242.31 6991.51 6891.51 893.98
2242.96 6993.47 6893.47 894.07
2243.61 6995.43 6895.43 894.16
2244.26 6997.39 6897.39 894.25
2244.91 6999.35 6899.35 894.34
2245.56 7001.31 6901.31 894.43
2246.2 7003.26 6903.26 894.52
2246.86 7005.22 6905.22 894.61
2247.51 7007.18 6907.18 894.7
2248.16 7009.14 6909.14 894.79
2248.81 7011.1 6911.1 894.88
2249.46 7013.06 6913.06 894.97
2250.11 7015.02 6915.02 895.06
2250.77 7016.97 6916.97 895.15
2251.42 7018.93 6918.93 895.24
2252.07 7020.89 6920.89 895.33
2252.73 7022.85 6922.85 895.42
2253.38 7024.81 6924.81 895.51
2254.04 7026.77 6926.77 895.6
2254.69 7028.73 6928.73 895.69
2255.35 7030.68 6930.68 895.78
2256 7032.64 6932.64 895.87
2256.66 7034.6 6934.6 895.96
2257.32 7036.56 6936.56 896.05
2257.97 7038.52 6938.52 896.14
2258.63 7040.48 6940.48 896.23
2259.29 7042.44 6942.44 896.32
2259.95 7044.39 6944.39 896.41
2260.61 7046.35 6946.35 896.5
2261.27 7048.31 6948.31 896.59
2261.92 7050.27 6950.27 896.68
2262.58 7052.23 6952.23 896.77
2263.25 7054.19 6954.19 896.86
2263.91 7056.15 6956.15 896.95
2264.57 7058.1 6958.1 897.04
2265.23 7060.06 6960.06 897.13
2265.89 7062.02 6962.02 897.22
2266.55 7063.98 6963.98 897.31
2267.21 7065.94 6965.94 897.4
2267.88 7067.9 6967.9 897.49
2268.54 7069.86 6969.86 897.58
2269.2 7071.81 6971.81 897.67
2269.87 7073.77 6973.77 897.76
2270.53 7075.73 6975.73 897.85
2271.2 7077.69 6977.69 897.94
2271.86 7079.65 6979.65 898.03
2272.53 7081.61 6981.61 898.12
2273.19 7083.57 6983.57 898.21
2273.86 7085.52 6985.52 898.3
2274.52 7087.48 6987.48 898.39
2275.19 7089.44 6989.44 898.48
2275.86 7091.4 6991.4 898.57
2276.52 7093.36 6993.36 898.66
2277.19 7095.32 6995.32 898.75
2277.86 7097.28 6997.28 898.84
2278.52 7099.23 6999.23 898.93
2279.19 7101.19 7001.19 899.02
2279.86 7103.15 7003.15 899.11
2280.53 7105.11 7005.11 899.2
2281.2 7107.07 7007.07 899.29
2281.87 7109.03 7009.03 899.38
2282.54 7110.99 7010.99 899.47
2283.21 7112.94 7012.94 899.56
2283.88 7114.9 7014.9 899.65
2284.55 7116.86 7016.86 899.74
2285.22 7118.82 7018.82 899.83
2285.89 7120.78 7020.78 899.92
2286.56 7122.74 7022.74 900.01
2287.23 7124.7 7024.7 900.1
2287.9 7126.65 7026.65 900.19
2288.58 7128.61 7028.61 900.28
2289.25 7130.57 7030.57 900.37
2289.92 7132.53 7032.53 900.46
2290.59 7134.49 7034.49 900.55
2291.27 7136.45 7036.45 900.64
2291.94 7138.41 7038.41 900.73
2292.61 7140.36 7040.36 900.82
2293.29 7142.32 7042.32 900.91
2293.96 7144.28 7044.28 901
2294.63 7146.24 7046.24 901.09
2295.31 7148.2 7048.2 901.18
2295.98 7150.16 7050.16 901.27
2296.66 7152.12 7052.12 901.36
2297.33 7154.07 7054.07 901.45
2298.01 7156.03 7056.03 901.54
2298.68 7157.99 7057.99 901.63
2299.36 7159.95 7059.95 901.72
2300.04 7161.91 7061.91 901.81
2300.71 7163.87 7063.87 901.9
2301.39 7165.83 7065.83 901.99
2302.06 7167.78 7067.78 902.08
2302.74 7169.74 7069.74 902.17
2303.42 7171.7 7071.7 902.26
2304.09 7173.66 7073.66 902.35
2304.77 7175.62 7075.62 902.44
2305.45 7177.58 7077.58 902.53
2306.13 7179.54 7079.54 902.62
2306.8 7181.49 7081.49 902.71
2307.48 7183.45 7083.45 902.8
2308.16 7185.41 7085.41 902.89
2308.84 7187.37 7087.37 902.98
2309.52 7189.33 7089.33 903.07
2310.2 7191.29 7091.29 903.16
2310.87 7193.25 7093.25 903.25
2311.55 7195.2 7095.2 903.34
2312.23 7197.16 7097.16 903.43
2312.91 7199.12 7099.12 903.52
2313.59 7201.08 7101.08 903.61
2314.27 7203.04 7103.04 903.7
2314.95 7205 7105 903.79
2315.63 7206.96 7106.96 903.88
2316.31 7208.91 7108.91 903.97
2316.99 7210.87 7110.87 904.06
2317.67 7212.83 7112.83 904.15
2318.35 7214.79 7114.79 904.24
2319.03 7216.75 7116.75 904.33
2319.71 7218.71 7118.71 904.42
2320.39 7220.67 7120.67 904.51
2321.07 7222.62 7122.62 904.6
2321.75 7224.58 7124.58 904.69
2322.43 7226.54 7126.54 904.78
2323.11 7228.5 7128.5 904.87
2323.79 7230.46 7130.46 904.96
2324.48 7232.42 7132.42 905.05
2325.16 7234.38 7134.38 905.14
2325.84 7236.33 7136.33 905.23
2326.52 7238.29 7138.29 905.32
2327.2 7240.25 7140.25 905.41
2327.88 7242.21 7142.21 905.5
2328.57 7244.17 7144.17 905.59
2329.25 7246.13 7146.13 905.68
2329.93 7248.09 7148.09 905.77
2330.61 7250.04 7150.04 905.86
2331.29 7252 7152 905.95
2331.98 7253.96 7153.96 906.04
2332.66 7255.92 7155.92 906.13
2333.34 7257.88 7157.88 906.22
2334.02 7259.84 7159.84 906.31
2334.7 7261.8 7161.8 906.4
2335.39 7263.75 7163.75 906.49
2336.07 7265.71 7165.71 906.58
2336.75 7267.67 7167.67 906.67
2337.43 7269.63 7169.63 906.76
2338.12 7271.59 7171.59 906.85
2338.8 7273.55 7173.55 906.94
2339.48 7275.51 7175.51 907.03
2340.16 7277.46 7177.46 907.12
2340.85 7279.42 7179.42 907.21
2341.53 7281.38 7181.38 907.3
2342.21 7283.34 7183.34 907.39
2342.89 7285.3 7185.3 907.48
2343.58 7287.26 7187.26 907.57
2344.26 7289.22 7189.22 907.66
2344.94 7291.17 7191.17 907.75
2345.63 7293.13 7193.13 907.84
2346.31 7295.09 7195.09 907.93
2346.99 7297.05 7197.05 908.02
2347.67 7299.01 7199.01 908.11
2348.36 7300.97 7200.97 908.2
2349.04 7302.93 7202.93 908.29
2349.72 7304.88 7204.88 908.38
2350.41 7306.84 7206.84 908.47
2351.09 7308.8 7208.8 908.56
2351.77 7310.76 7210.76 908.65
2352.45 7312.72 7212.72 908.74
2353.14 7314.68 7214.68 908.83
2353.82 7316.64 7216.64 908.92
2354.5 7318.59 7218.59 909.01
2355.18 7320.55 7220.55 909.1
2355.87 7322.51 7222.51 909.19
2356.55 7324.47 7224.47 909.28
2357.23 7326.43 7226.43 909.37
2357.91 7328.39 7228.39 909.46
2358.6 7330.35 7230.35 909.55
2359.28 7332.3 7232.3 909.64
2359.96 7334.26 7234.26 909.73
2360.64 7336.22 7236.22 909.82
2361.32 7338.18 7238.18 909.91
2362.01 7340.14 7240.14 910
2362.69 7342.1 7242.1 910.09
2363.37 7344.06 7244.06 910.18
2364.05 7346.01 7246.01 910.27
2364.73 7347.97 7247.97 910.36
2365.42 7349.93 7249.93 910.45
2366.1 7351.89 7251.89 910.54
2366.78 7353.85 7253.85 910.63
2367.46 7355.81 7255.81 910.72
2368.14 7357.77 7257.77 910.81
2368.82 7359.72 7259.72 910.9
2369.5 7361.68 7261.68 910.99
2370.19 7363.64 7263.64 911.08
2370.87 7365.6 7265.6 911.17
2371.55 7367.56 7267.56 911.26
2372.23 7369.52 7269.52 911.35
2372.91 7371.48 7271.48 911.44
2373.59 7373.43 7273.43 911.53
2374.27 7375.39 7275.39 911.62
2374.95 7377.35 7277.35 911.71
2375.63 7379.31 7279.31 911.8
2376.31 7381.27 7281.27 911.89
2376.99 7383.23 7283.23 911.98
2377.67 7385.19 7285.19 912.07
2378.35 7387.14 7287.14 912.16
2379.03 7389.1 7289.1 912.25
2379.71 7391.06 7291.06 912.34
2380.39 7393.02 7293.02 912.43
2381.07 7394.98 7294.98 912.52
2381.75 7396.94 7296.94 912.61
2382.42 7398.9 7298.9 912.7
2383.1 7400.85 7300.85 912.79
2383.78 7402.81 7302.81 912.88
2384.46 7404.77 7304.77 912.97
2385.14 7406.73 7306.73 913.06
2385.82 7408.69 7308.69 913.15
2386.49 7410.65 7310.65 913.24
2387.17 7412.61 7312.61 913.33
2387.85 7414.56 7314.56 913.42
2388.53 7416.52 7316.52 913.51
2389.2 7418.48 7318.48 913.6
2389.88 7420.44 7320.44 913.69
2390.56 7422.4 7322.4 913.78
2391.23 7424.36 7324.36 913.87
2391.91 7426.32 7326.32 913.96
2392.59 7428.27 7328.27 914.05
2393.26 7430.23 7330.23 914.14
2393.94 7432.19 7332.19 914.23
2394.61 7434.15 7334.15 914.32
2395.29 7436.11 7336.11 914.41
2395.96 7438.07 7338.07 914.5
2396.64 7440.03 7340.03 914.59
2397.31 7441.98 7341.98 914.68
2397.99 7443.94 7343.94 914.77
2398.66 7445.9 7345.9 914.86
2399.34 7447.86 7347.86 914.95
2400.01 7449.82 7349.82 915.04
2400.68 7451.78 7351.78 915.13
2401.36 7453.74 7353.74 915.22
2402.03 7455.69 7355.69 915.31
2402.7 7457.65 7357.65 915.4
2403.37 7459.61 7359.61 915.49
2404.05 7461.57 7361.57 915.58
2404.72 7463.53 7363.53 915.67
2405.39 7465.49 7365.49 915.76
2406.06 7467.45 7367.45 915.85
2406.73 7469.4 7369.4 915.94
2407.4 7471.36 7371.36 916.03
2408.08 7473.32 7373.32 916.12
2408.75 7475.28 7375.28 916.21
2409.42 7477.24 7377.24 916.3
2410.09 7479.2 7379.2 916.39
2410.76 7481.16 7381.16 916.48
2411.43 7483.11 7383.11 916.57
2412.09 7485.07 7385.07 916.66
2412.76 7487.03 7387.03 916.75
2413.43 7488.99 7388.99 916.84
2414.1 7490.95 7390.95 916.93
2414.77 7492.91 7392.91 917.02
2415.44 7494.87 7394.87 917.11
2416.1 7496.82 7396.82 917.2
2416.77 7498.78 7398.78 917.29
2417.44 7500.74 7400.74 917.38
2418.1 7502.7 7402.7 917.47
2418.77 7504.66 7404.66 917.56
2419.44 7506.62 7406.62 917.65
2420.1 7508.58 7408.58 917.74
2420.77 7510.53 7410.53 917.83
2421.43 7512.49 7412.49 917.92
2422.1 7514.45 7414.45 918.01
2422.76 7516.41 7416.41 918.1
2423.42 7518.37 7418.37 918.19
2424.09 7520.33 7420.33 918.28
2424.75 7522.29 7422.29 918.37
2425.41 7524.24 7424.24 918.46
2426.08 7526.2 7426.2 918.55
2426.74 7528.16 7428.16 918.64
2427.4 7530.12 7430.12 918.73
2428.06 7532.08 7432.08 918.82
2428.72 7534.04 7434.04 918.91
2429.38 7536 7436 919
2430.05 7537.95 7437.95 919.09
2430.71 7539.91 7439.91 919.18
2431.37 7541.87 7441.87 919.27
2432.02 7543.83 7443.83 919.36
2432.68 7545.79 7445.79 919.45
2433.34 7547.75 7447.75 919.54
2434 7549.71 7449.71 919.63
2434.66 7551.66 7451.66 919.72
2435.32 7553.62 7453.62 919.81
2435.97 7555.58 7455.58 919.9
2436.63 7557.54 7457.54 919.99
2437.29 7559.5 7459.5 920.08
2437.94 7561.46 7461.46 920.17
2438.6 7563.42 7463.42 920.26
2439.25 7565.37 7465.37 920.35
2439.91 7567.33 7467.33 920.44
2440.56 7569.29 7469.29 920.53
2441.22 7571.25 7471.25 920.62
2441.87 7573.21 7473.21 920.71
2442.52 7575.17 7475.17 920.8
2443.17 7577.13 7477.13 920.89
2443.83 7579.08 7479.08 920.98
2444.48 7581.04 7481.04 921.07
2445.13 7583 7483 921.16
2445.78 7584.96 7484.96 921.25
2446.43 7586.92 7486.92 921.34
2447.08 7588.88 7488.88 921.43
2447.73 7590.84 7490.84 921.52
2448.38 7592.79 7492.79 921.61
2449.03 7594.75 7494.75 921.7
2449.68 7596.71 7496.71 921.79
2450.33 7598.67 7498.67 921.88
2450.98 7600.63 7500.63 921.97
2451.62 7602.59 7502.59 922.06
2452.27 7604.55 7504.55 922.15
2452.92 7606.5 7506.5 922.24
2453.56 7608.46 7508.46 922.33
2454.21 7610.42 7510.42 922.42
2454.86 7612.38 7512.38 922.51
2455.5 7614.34 7514.34 922.6
2456.15 7616.3 7516.3 922.69
2456.79 7618.26 7518.26 922.78
2457.43 7620.21 7520.21 922.87
2458.08 7622.17 7522.17 922.96
2458.72 7624.13 7524.13 923.05
2459.36 7626.09 7526.09 923.14
2460.01 7628.05 7528.05 923.23
2460.65 7630.01 7530.01 923.32
2461.29 7631.97 7531.97 923.41
2461.93 7633.92 7533.92 923.5
2462.57 7635.88 7535.88 923.59
2463.21 7637.84 7537.84 923.68
2463.85 7639.8 7539.8 923.77
2464.49 7641.76 7541.76 923.86
2465.13 7643.72 7543.72 923.95
2465.77 7645.68 7545.68 924.04
2466.41 7647.63 7547.63 924.13
2467.05 7649.59 7549.59 924.22
2467.68 7651.55 7551.55 924.31
2468.32 7653.51 7553.51 924.4
2468.96 7655.47 7555.47 924.49
2469.59 7657.43 7557.43 924.58
2470.23 7659.39 7559.39 924.67
2470.87 7661.34 7561.34 924.76
2471.5 7663.3 7563.3 924.85
2472.14 7665.26 7565.26 924.94
2472.77 7667.22 7567.22 925.03
2473.4 7669.18 7569.18 925.12
2474.04 7671.14 7571.14 925.21
2474.67 7673.1 7573.1 925.3
2475.3 7675.05 7575.05 925.39
2475.94 7677.01 7577.01 925.48
2476.57 7678.97 7578.97 925.57
2477.2 7680.93 7580.93 925.66
2477.83 7682.89 7582.89 925.75
2478.46 7684.85 7584.85 925.84
2479.09 7686.81 7586.81 925.93
2479.72 7688.76 7588.76 926.02
2480.35 7690.72 7590.72 926.11
2480.98 7692.68 7592.68 926.2
2481.61 7694.64 7594.64 926.29
2482.24 7696.6 7596.6 926.38
2482.86 7698.56 7598.56 926.47
2483.49 7700.52 7600.52 926.56
2484.12 7702.47 7602.47 926.65
2484.75 7704.43 7604.43 926.74
2485.37 7706.39 7606.39 926.83
2486 7708.35 7608.35 926.92
2486.62 7710.31 7610.31 927.01
2487.25 7712.27 7612.27 927.1
2487.87 7714.23 7614.23 927.19
2488.5 7716.18 7616.18 927.28
2489.12 7718.14 7618.14 927.37
2489.74 7720.1 7620.1 927.46
2490.37 7722.06 7622.06 927.55
2490.99 7724.02 7624.02 927.64
2491.61 7725.98 7625.98 927.73
2492.23 7727.94 7627.94 927.82
2492.85 7729.89 7629.89 927.91
2493.47 7731.85 7631.85 928
2494.1 7733.81 7633.81 928.09
2494.72 7735.77 7635.77 928.18
2495.34 7737.73 7637.73 928.27
2495.95 7739.69 7639.69 928.36
2496.57 7741.65 7641.65 928.45
2497.19 7743.6 7643.6 928.54
2497.81 7745.56 7645.56 928.63
2498.43 7747.52 7647.52 928.72
2499.04 7749.48 7649.48 928.81
2499.66 7751.44 7651.44 928.9
2500.28 7753.4 7653.4 928.99
2500.89 7755.36 7655.36 929.08
2501.51 7757.31 7657.31 929.17
2502.12 7759.27 7659.27 929.26
2502.74 7761.23 7661.23 929.35
2503.35 7763.19 7663.19 929.44
2503.97 7765.15 7665.15 929.53
2504.58 7767.11 7667.11 929.62
2505.19 7769.07 7669.07 929.71
2505.81 7771.02 7671.02 929.8
2506.42 7772.98 7672.98 929.89
2507.03 7774.94 7674.94 929.98
2507.64 7776.9 7676.9 930.07
2508.25 7778.86 7678.86 930.16
2508.86 7780.82 7680.82 930.25
2509.47 7782.77 7682.77 930.34
2510.08 7784.73 7684.73 930.43
2510.69 7786.69 7686.69 930.52
2511.3 7788.65 7688.65 930.61
2511.91 7790.61 7690.61 930.7
2512.52 7792.57 7692.57 930.79
2513.13 7794.53 7694.53 930.88
2513.73 7796.48 7696.48 930.97
2514.34 7798.44 7698.44 931.06
2514.95 7800.4 7700.4 931.15
2515.55 7802.36 7702.36 931.24
2516.16 7804.32 7704.32 931.33
2516.76 7806.28 7706.28 931.42
2517.37 7808.24 7708.24 931.51
2517.97 7810.19 7710.19 931.6
2518.58 7812.15 7712.15 931.69
2519.18 7814.11 7714.11 931.78
2519.78 7816.07 7716.07 931.87
2520.38 7818.03 7718.03 931.96
2520.99 7819.99 7719.99 932.05
2521.59 7821.95 7721.95 932.14
2522.19 7823.9 7723.9 932.23
2522.79 7825.86 7725.86 932.32
2523.39 7827.82 7727.82 932.41
2523.99 7829.78 7729.78 932.5
2524.59 7831.74 7731.74 932.59
2525.19 7833.7 7733.7 932.68
2525.79 7835.66 7735.66 932.77
2526.39 7837.61 7737.61 932.86
2526.99 7839.57 7739.57 932.95
2527.58 7841.53 7741.53 933.04
2528.18 7843.49 7743.49 933.13
2528.78 7845.45 7745.45 933.22
2529.37 7847.41 7747.41 933.31
2529.97 7849.37 7749.37 933.4
2530.56 7851.32 7751.32 933.49
2531.16 7853.28 7753.28 933.58
2531.75 7855.24 7755.24 933.67
2532.35 7857.2 7757.2 933.76
2532.94 7859.16 7759.16 933.85
2533.54 7861.12 7761.12 933.94
2534.13 7863.08 7763.08 934.03
2534.72 7865.03 7765.03 934.12
2535.31 7866.99 7766.99 934.21
2535.9 7868.95 7768.95 934.3
2536.5 7870.91 7770.91 934.39
2537.09 7872.87 7772.87 934.48
2537.68 7874.83 7774.83 934.57
2538.27 7876.79 7776.79 934.66
2538.86 7878.74 7778.74 934.75
2539.45 7880.7 7780.7 934.84
2540.03 7882.66 7782.66 934.93
2540.62 7884.62 7784.62 935.02
2541.21 7886.58 7786.58 935.11
2541.8 7888.54 7788.54 935.2
2542.38 7890.5 7790.5 935.29
2542.97 7892.45 7792.45 935.38
2543.56 7894.41 7794.41 935.47
2544.14 7896.37 7796.37 935.56
2544.73 7898.33 7798.33 935.65
2545.31 7900.29 7800.29 935.74
2545.9 7902.25 7802.25 935.83
2546.48 7904.21 7804.21 935.92
2547.06 7906.16 7806.16 936.01
2547.65 7908.12 7808.12 936.1
2548.23 7910.08 7810.08 936.19
2548.81 7912.04 7812.04 936.28
2549.39 7914 7814 936.37
2549.98 7915.96 7815.96 936.46
2550.56 7917.92 7817.92 936.55
2551.14 7919.87 7819.87 936.64
2551.72 7921.83 7821.83 936.73
2552.3 7923.79 7823.79 936.82
2552.88 7925.75 7825.75 936.91
2553.46 7927.71 7827.71 937
2554.03 7929.67 7829.67 937.09
2554.61 7931.63 7831.63 937.18
2555.19 7933.58 7833.58 937.27
2555.77 7935.54 7835.54 937.36
2556.34 7937.5 7837.5 937.45
2556.92 7939.46 7839.46 937.54
2557.49 7941.42 7841.42 937.63
2558.07 7943.38 7843.38 937.72
2558.65 7945.34 7845.34 937.81
2559.22 7947.29 7847.29 937.9
2559.79 7949.25 7849.25 937.99
2560.37 7951.21 7851.21 938.08
2560.94 7953.17 7853.17 938.17
2561.51 7955.13 7855.13 938.26
2562.09 7957.09 7857.09 938.35
2562.66 7959.05 7859.05 938.44
2563.23 7961 7861 938.53
2563.8 7962.96 7862.96 938.62
2564.37 7964.92 7864.92 938.71
2564.94 7966.88 7866.88 938.8
2565.51 7968.84 7868.84 938.89
2566.08 7970.8 7870.8 938.98
2566.65 7972.76 7872.76 939.07
2567.22 7974.71 7874.71 939.16
2567.78 7976.67 7876.67 939.25
2568.35 7978.63 7878.63 939.34
2568.92 7980.59 7880.59 939.43
2569.49 7982.55 7882.55 939.52
2570.05 7984.51 7884.51 939.61
2570.62 7986.47 7886.47 939.7
2571.18 7988.42 7888.42 939.79
2571.75 7990.38 7890.38 939.88
2572.31 7992.34 7892.34 939.97
2572.88 7994.3 7894.3 940.06
2573.44 7996.26 7896.26 940.15
2574 7998.22 7898.22 940.24
2574.57 8000.18 7900.18 940.33
2575.13 8002.13 7902.13 940.42
2575.69 8004.09 7904.09 940.51
2576.25 8006.05 7906.05 940.6
2576.81 8008.01 7908.01 940.69
2577.37 8009.97 7909.97 940.78
2577.93 8011.93 7911.93 940.87
2578.49 8013.89 7913.89 940.96
2579.05 8015.84 7915.84 941.05
2579.61 8017.8 7917.8 941.14
2580.17 8019.76 7919.76 941.23
2580.73 8021.72 7921.72 941.32
2581.29 8023.68 7923.68 941.41
2581.84 8025.64 7925.64 941.5
2582.4 8027.6 7927.6 941.59
2582.96 8029.55 7929.55 941.68
2583.51 8031.51 7931.51 941.77
2584.07 8033.47 7933.47 941.86
2584.62 8035.43 7935.43 941.95
2585.18 8037.39 7937.39 942.04
2585.73 8039.35 7939.35 942.13
2586.28 8041.31 7941.31 942.22
2586.84 8043.26 7943.26 942.31
2587.39 8045.22 7945.22 942.4
2587.94 8047.18 7947.18 942.49
2588.49 8049.14 7949.14 942.58
2589.04 8051.1 7951.1 942.67
2589.59 8053.06 7953.06 942.76
2590.14 8055.02 7955.02 942.85
2590.69 8056.97 7956.97 942.94
2591.24 8058.93 7958.93 943.03
2591.79 8060.89 7960.89 943.12
2592.34 8062.85 7962.85 943.21
2592.89 8064.81 7964.81 943.3
2593.44 8066.77 7966.77 943.39
2593.99 8068.73 7968.73 943.48
2594.53 8070.68 7970.68 943.57
2595.08 8072.64 7972.64 943.66
2595.62 8074.6 7974.6 943.75
2596.17 8076.56 7976.56 943.84
2596.72 8078.52 7978.52 943.93
2597.26 8080.48 7980.48 944.02
2597.8 8082.44 7982.44 944.11
2598.35 8084.39 7984.39 944.2
2598.89 8086.35 7986.35 944.29
2599.43 8088.31 7988.31 944.38
2599.98 8090.27 7990.27 944.47
2600.52 8092.23 7992.23 944.56
2601.06 8094.19 7994.19 944.65
2601.6 8096.15 7996.15 944.74
2602.14 8098.1 7998.1 944.83
2602.68 8100.06 8000.06 944.92
2603.22 8102.02 8002.02 945.01
2603.76 8103.98 8003.98 945.1
2604.3 8105.94 8005.94 945.19
2604.84 8107.9 8007.9 945.28
2605.38 8109.86 8009.86 945.37
2605.91 8111.81 8011.81 945.46
2606.45 8113.77 8013.77 945.55
2606.99 8115.73 8015.73 945.64
2607.52 8117.69 8017.69 945.73
2608.06 8119.65 8019.65 945.82
2608.59 8121.61 8021.61 945.91
2609.13 8123.57 8023.57 946
2609.66 8125.52 8025.52 946.09
2610.2 8127.48 8027.48 946.18
2610.73 8129.44 8029.44 946.27
2611.26 8131.4 8031.4 946.36
2611.8 8133.36 8033.36 946.45
2612.33 8135.32 8035.32 946.54
2612.86 8137.28 8037.28 946.63
2613.39 8139.23 8039.23 946.72
2613.92 8141.19 8041.19 946.81
2614.45 8143.15 8043.15 946.9
2614.98 8145.11 8045.11 946.99
2615.51 8147.07 8047.07 947.08
2616.04 8149.03 8049.03 947.17
2616.57 8150.99 8050.99 947.26
2617.1 8152.94 8052.94 947.35
2617.62 8154.9 8054.9 947.44
2618.15 8156.86 8056.86 947.53
2618.68 8158.82 8058.82 947.62
2619.2 8160.78 8060.78 947.71
2619.73 8162.74 8062.74 947.8
2620.25 8164.7 8064.7 947.89
2620.78 8166.65 8066.65 947.98
2621.3 8168.61 8068.61 948.07
2621.83 8170.57 8070.57 948.16
2622.35 8172.53 8072.53 948.25
2622.87 8174.49 8074.49 948.34
2623.4 8176.45 8076.45 948.43
2623.92 8178.41 8078.41 948.52
2624.44 8180.36 8080.36 948.61
2624.96 8182.32 8082.32 948.7
2625.48 8184.28 8084.28 948.79
2626 8186.24 8086.24 948.88
2626.52 8188.2 8088.2 948.97
2627.04 8190.16 8090.16 949.06
2627.56 8192.12 8092.12 949.15
2628.08 8194.07 8094.07 949.24
2628.6 8196.03 8096.03 949.33
2629.11 8197.99 8097.99 949.42
2629.63 8199.95 8099.95 949.51
2630.15 8201.91 8101.91 949.6
2630.66 8203.87 8103.87 949.69
2631.18 8205.83 8105.83 949.78
2631.69 8207.78 8107.78 949.87
2632.21 8209.74 8109.74 949.96
2632.72 8211.7 8111.7 950.05
2633.24 8213.66 8113.66 950.14
2633.75 8215.62 8115.62 950.23
2634.26 8217.58 8117.58 950.32
2634.78 8219.54 8119.54 950.41
2635.29 8221.49 8121.49 950.5
2635.8 8223.45 8123.45 950.59
2636.31 8225.41 8125.41 950.68
2636.82 8227.37 8127.37 950.77
2637.33 8229.33 8129.33 950.86
2637.84 8231.29 8131.29 950.95
2638.35 8233.25 8133.25 951.04
2638.86 8235.2 8135.2 951.13
2639.37 8237.16 8137.16 951.22
2639.88 8239.12 8139.12 951.31
2640.38 8241.08 8141.08 951.4
2640.89 8243.04 8143.04 951.49
2641.4 8245 8145 951.58
2641.9 8246.96 8146.96 951.67
2642.41 8248.91 8148.91 951.76
2642.91 8250.87 8150.87 951.85
2643.42 8252.83 8152.83 951.94
2643.92 8254.79 8154.79 952.03
2644.43 8256.75 8156.75 952.12
2644.93 8258.71 8158.71 952.21
2645.43 8260.67 8160.67 952.3
2645.93 8262.62 8162.62 952.39
2646.44 8264.58 8164.58 952.48
2646.94 8266.54 8166.54 952.57
2647.44 8268.5 8168.5 952.66
2647.94 8270.46 8170.46 952.75
2648.44 8272.42 8172.42 952.84
2648.94 8274.38 8174.38 952.93
2649.44 8276.33 8176.33 953.02
2649.94 8278.29 8178.29 953.11
2650.43 8280.25 8180.25 953.2
2650.93 8282.21 8182.21 953.29
2651.43 8284.17 8184.17 953.38
2651.93 8286.13 8186.13 953.47
2652.42 8288.09 8188.09 953.56
2652.92 8290.04 8190.04 953.65
2653.41 8292 8192 953.74
2653.91 8293.96 8193.96 953.83
2654.4 8295.92 8195.92 953.92
2654.9 8297.88 8197.88 954.01
2655.39 8299.84 8199.84 954.1
2655.88 8301.8 8201.8 954.19
2656.37 8303.75 8203.75 954.28
2656.87 8305.71 8205.71 954.37
2657.36 8307.67 8207.67 954.46
2657.85 8309.63 8209.63 954.55
2658.34 8311.59 8211.59 954.64
2658.83 8313.55 8213.55 954.73
2659.32 8315.51 8215.51 954.82
2659.81 8317.46 8217.46 954.91
2660.3 8319.42 8219.42 955
2660.79 8321.38 8221.38 955.09
2661.27 8323.34 8223.34 955.18
2661.76 8325.3 8225.3 955.27
2662.25 8327.26 8227.26 955.36
2662.73 8329.22 8229.22 955.45
2663.22 8331.17 8231.17 955.54
2663.71 8333.13 8233.13 955.63
2664.19 8335.09 8235.09 955.72
2664.68 8337.05 8237.05 955.81
2665.16 8339.01 8239.01 955.9
2665.64 8340.97 8240.97 955.99
2666.13 8342.93 8242.93 956.08
2666.61 8344.88 8244.88 956.17
2667.09 8346.84 8246.84 956.26
2667.57 8348.8 8248.8 956.35
2668.05 8350.76 8250.76 956.44
2668.53 8352.72 8252.72 956.53
2669.01 8354.68 8254.68 956.62
2669.49 8356.64 8256.64 956.71
2669.97 8358.59 8258.59 956.8
2670.45 8360.55 8260.55 956.89
2670.93 8362.51 8262.51 956.98
2671.41 8364.47 8264.47 957.07
2671.89 8366.43 8266.43 957.16
2672.36 8368.39 8268.39 957.25
2672.84 8370.35 8270.35 957.34
2673.32 8372.3 8272.3 957.43
2673.79 8374.26 8274.26 957.52
2674.27 8376.22 8276.22 957.61
2674.74 8378.18 8278.18 957.7
2675.22 8380.14 8280.14 957.79
2675.69 8382.1 8282.1 957.88
2676.16 8384.06 8284.06 957.97
2676.63 8386.01 8286.01 958.06
2677.11 8387.97 8287.97 958.15
2677.58 8389.93 8289.93 958.24
2678.05 8391.89 8291.89 958.33
2678.52 8393.85 8293.85 958.42
2678.99 8395.81 8295.81 958.51
2679.46 8397.77 8297.77 958.6
2679.93 8399.72 8299.72 958.69
2680.4 8401.68 8301.68 958.78
2680.87 8403.64 8303.64 958.87
2681.33 8405.6 8305.6 958.96
2681.8 8407.56 8307.56 959.05
2682.27 8409.52 8309.52 959.14
2682.74 8411.48 8311.48 959.23
2683.2 8413.43 8313.43 959.32
2683.67 8415.39 8315.39 959.41
2684.13 8417.35 8317.35 959.5
2684.6 8419.31 8319.31 959.59
2685.06 8421.27 8321.27 959.68
2685.52 8423.23 8323.23 959.77
2685.99 8425.19 8325.19 959.86
2686.45 8427.14 8327.14 959.95
2686.91 8429.1 8329.1 960.04
2687.37 8431.06 8331.06 960.13
2687.84 8433.02 8333.02 960.22
2688.3 8434.98 8334.98 960.31
2688.76 8436.94 8336.94 960.4
2689.22 8438.9 8338.9 960.49
2689.67 8440.85 8340.85 960.58
2690.13 8442.81 8342.81 960.67
2690.59 8444.77 8344.77 960.76
2691.05 8446.73 8346.73 960.85
2691.51 8448.69 8348.69 960.94
2691.96 8450.65 8350.65 961.03
2692.42 8452.61 8352.61 961.12
2692.88 8454.56 8354.56 961.21
2693.33 8456.52 8356.52 961.3
2693.79 8458.48 8358.48 961.39
2694.24 8460.44 8360.44 961.48
2694.69 8462.4 8362.4 961.57
2695.15 8464.36 8364.36 961.66
2695.6 8466.32 8366.32 961.75
2696.05 8468.27 8368.27 961.84
2696.51 8470.23 8370.23 961.93
2696.96 8472.19 8372.19 962.02
2697.41 8474.15 8374.15 962.11
2697.86 8476.11 8376.11 962.2
2698.31 8478.07 8378.07 962.29
2698.76 8480.03 8380.03 962.38
2699.21 8481.98 8381.98 962.47
2699.66 8483.94 8383.94 962.56
2700.1 8485.9 8385.9 962.65
2700.55 8487.86 8387.86 962.74
2701 8489.82 8389.82 962.83
2701.45 8491.78 8391.78 962.92
2701.89 8493.74 8393.74 963.01
2702.34 8495.69 8395.69 963.1
2702.78 8497.65 8397.65 963.19
2703.23 8499.61 8399.61 963.28
2703.67 8501.57 8401.57 963.37
2704.12 8503.53 8403.53 963.46
2704.56 8505.49 8405.49 963.55
2705 8507.45 8407.45 963.64
2705.44 8509.4 8409.4 963.73
2705.88 8511.36 8411.36 963.82
2706.33 8513.32 8413.32 963.91
2706.77 8515.28 8415.28 964
2707.21 8517.24 8417.24 964.09
2707.65 8519.2 8419.2 964.18
2708.09 8521.16 8421.16 964.27
2708.53 8523.11 8423.11 964.36
2708.96 8525.07 8425.07 964.45
2709.4 8527.03 8427.03 964.54
2709.84 8528.99 8428.99 964.63
2710.28 8530.95 8430.95 964.72
2710.71 8532.91 8432.91 964.81
2711.15 8534.87 8434.87 964.9
2711.58 8536.82 8436.82 964.99
2712.02 8538.78 8438.78 965.08
2712.45 8540.74 8440.74 965.17
2712.89 8542.7 8442.7 965.26
2713.32 8544.66 8444.66 965.35
2713.75 8546.62 8446.62 965.44
2714.19 8548.58 8448.58 965.53
2714.62 8550.53 8450.53 965.62
2715.05 8552.49 8452.49 965.71
2715.48 8554.45 8454.45 965.8
2715.91 8556.41 8456.41 965.89
2716.34 8558.37 8458.37 965.98
2716.77 8560.33 8460.33 966.07
2717.2 8562.29 8462.29 966.16
2717.63 8564.24 8464.24 966.25
2718.05 8566.2 8466.2 966.34
2718.48 8568.16 8468.16 966.43
2718.91 8570.12 8470.12 966.52
2719.34 8572.08 8472.08 966.61
2719.76 8574.04 8474.04 966.7
2720.19 8576 8476 966.79
2720.61 8577.95 8477.95 966.88
2721.04 8579.91 8479.91 966.97
2721.46 8581.87 8481.87 967.06
2721.88 8583.83 8483.83 967.15
2722.31 8585.79 8485.79 967.24
2722.73 8587.75 8487.75 967.33
2723.15 8589.71 8489.71 967.42
2723.57 8591.66 8491.66 967.51
2723.99 8593.62 8493.62 967.6
2724.42 8595.58 8495.58 967.69
2724.84 8597.54 8497.54 967.78
2725.25 8599.5 8499.5 967.87
2725.67 8601.46 8501.46 967.96
2726.09 8603.42 8503.42 968.05
2726.51 8605.37 8505.37 968.14
2726.93 8607.33 8507.33 968.23
2727.35 8609.29 8509.29 968.32
2727.76 8611.25 8511.25 968.41
2728.18 8613.21 8513.21 968.5
2728.59 8615.17 8515.17 968.59
2729.01 8617.13 8517.13 968.68
2729.42 8619.08 8519.08 968.77
2729.84 8621.04 8521.04 968.86
2730.25 8623 8523 968.95
2730.66 8624.96 8524.96 969.04
2731.08 8626.92 8526.92 969.13
2731.49 8628.88 8528.88 969.22
2731.9 8630.84 8530.84 969.31
2732.31 8632.79 8532.79 969.4
2732.72 8634.75 8534.75 969.49
2733.13 8636.71 8536.71 969.58
2733.54 8638.67 8538.67 969.67
2733.95 8640.63 8540.63 969.76
2734.36 8642.59 8542.59 969.85
2734.77 8644.55 8544.55 969.94
2735.17 8646.5 8546.5 970.03
2735.58 8648.46 8548.46 970.12
2735.99 8650.42 8550.42 970.21
2736.39 8652.38 8552.38 970.3
2736.8 8654.34 8554.34 970.39
2737.2 8656.3 8556.3 970.48
2737.61 8658.26 8558.26 970.57
2738.01 8660.21 8560.21 970.66
2738.42 8662.17 8562.17 970.75
2738.82 8664.13 8564.13 970.84
2739.22 8666.09 8566.09 970.93
2739.62 8668.05 8568.05 971.02
2740.03 8670.01 8570.01 971.11
2740.43 8671.97 8571.97 971.2
2740.83 8673.92 8573.92 971.29
2741.23 8675.88 8575.88 971.38
2741.63 8677.84 8577.84 971.47
2742.03 8679.8 8579.8 971.56
2742.42 8681.76 8581.76 971.65
2742.82 8683.72 8583.72 971.74
2743.22 8685.68 8585.68 971.83
2743.62 8687.63 8587.63 971.92
2744.01 8689.59 8589.59 972.01
2744.41 8691.55 8591.55 972.1
2744.8 8693.51 8593.51 972.19
2745.2 8695.47 8595.47 972.28
2745.59 8697.43 8597.43 972.37
2745.99 8699.39 8599.39 972.46
2746.38 8701.34 8601.34 972.55
2746.77 8703.3 8603.3 972.64
2747.17 8705.26 8605.26 972.73
2747.56 8707.22 8607.22 972.82
2747.95 8709.18 8609.18 972.91
2748.34 8711.14 8611.14 973
2748.73 8713.1 8613.1 973.09
2749.12 8715.05 8615.05 973.18
2749.51 8717.01 8617.01 973.27
2749.9 8718.97 8618.97 973.36
2750.29 8720.93 8620.93 973.45
2750.67 8722.89 8622.89 973.54
2751.06 8724.85 8624.85 973.63
2751.45 8726.81 8626.81 973.72
2751.83 8728.76 8628.76 973.81
2752.22 8730.72 8630.72 973.9
2752.61 8732.68 8632.68 973.99
2752.99 8734.64 8634.64 974.08
2753.37 8736.6 8636.6 974.17
2753.76 8738.56 8638.56 974.26
2754.14 8740.52 8640.52 974.35
2754.52 8742.47 8642.47 974.44
2754.91 8744.43 8644.43 974.53
2755.29 8746.39 8646.39 974.62
2755.67 8748.35 8648.35 974.71
2756.05 8750.31 8650.31 974.8
2756.43 8752.27 8652.27 974.89
2756.81 8754.23 8654.23 974.98
2757.19 8756.18 8656.18 975.07
2757.57 8758.14 8658.14 975.16
2757.94 8760.1 8660.1 975.25
2758.32 8762.06 8662.06 975.34
2758.7 8764.02 8664.02 975.43
2759.08 8765.98 8665.98 975.52
2759.45 8767.94 8667.94 975.61
2759.83 8769.89 8669.89 975.7
2760.2 8771.85 8671.85 975.79
2760.58 8773.81 8673.81 975.88
2760.95 8775.77 8675.77 975.97
2761.32 8777.73 8677.73 976.06
2761.7 8779.69 8679.69 976.15
2762.07 8781.65 8681.65 976.24
2762.44 8783.6 8683.6 976.33
2762.81 8785.56 8685.56 976.42
2763.18 8787.52 8687.52 976.51
2763.55 8789.48 8689.48 976.6
2763.92 8791.44 8691.44 976.69
2764.29 8793.4 8693.4 976.78
2764.66 8795.36 8695.36 976.87
2765.03 8797.31 8697.31 976.96
2765.4 8799.27 8699.27 977.05
2765.76 8801.23 8701.23 977.14
2766.13 8803.19 8703.19 977.23
2766.5 8805.15 8705.15 977.32
2766.86 8807.11 8707.11 977.41
2767.23 8809.07 8709.07 977.5
2767.59 8811.02 8711.02 977.59
2767.96 8812.98 8712.98 977.68
2768.32 8814.94 8714.94 977.77
2768.68 8816.9 8716.9 977.86
2769.05 8818.86 8718.86 977.95
2769.41 8820.82 8720.82 978.04
2769.77 8822.78 8722.78 978.13
2770.13 8824.73 8724.73 978.22
2770.49 8826.69 8726.69 978.31
2770.85 8828.65 8728.65 978.4
2771.21 8830.61 8730.61 978.49
2771.57 8832.57 8732.57 978.58
2771.93 8834.53 8734.53 978.67
2772.29 8836.49 8736.49 978.76
2772.64 8838.44 8738.44 978.85
2773 8840.4 8740.4 978.94
2773.36 8842.36 8742.36 979.03
2773.71 8844.32 8744.32 979.12
2774.07 8846.28 8746.28 979.21
2774.42 8848.24 8748.24 979.3
2774.78 8850.2 8750.2 979.39
2775.13 8852.15 8752.15 979.48
2775.48 8854.11 8754.11 979.57
2775.84 8856.07 8756.07 979.66
2776.19 8858.03 8758.03 979.75
2776.54 8859.99 8759.99 979.84
2776.89 8861.95 8761.95 979.93
2777.24 8863.91 8763.91 980.02
2777.59 8865.86 8765.86 980.11
2777.94 8867.82 8767.82 980.2
2778.29 8869.78 8769.78 980.29
2778.64 8871.74 8771.74 980.38
2778.99 8873.7 8773.7 980.47
2779.33 8875.66 8775.66 980.56
2779.68 8877.62 8777.62 980.65
2780.03 8879.57 8779.57 980.74
2780.37 8881.53 8781.53 980.83
2780.72 8883.49 8783.49 980.92
2781.06 8885.45 8785.45 981.01
2781.41 8887.41 8787.41 981.1
2781.75 8889.37 8789.37 981.19
2782.09 8891.33 8791.33 981.28
2782.44 8893.28 8793.28 981.37
2782.78 8895.24 8795.24 981.46
2783.12 8897.2 8797.2 981.55
2783.46 8899.16 8799.16 981.64
2783.8 8901.12 8801.12 981.73
2784.14 8903.08 8803.08 981.82
2784.48 8905.04 8805.04 981.91
2784.82 8906.99 8806.99 982
2785.16 8908.95 8808.95 982.09
2785.5 8910.91 8810.91 982.18
2785.83 8912.87 8812.87 982.27
2786.17 8914.83 8814.83 982.36
2786.51 8916.79 8816.79 982.45
2786.84 8918.75 8818.75 982.54
2787.18 8920.7 8820.7 982.63
2787.51 8922.66 8822.66 982.72
2787.85 8924.62 8824.62 982.81
2788.18 8926.58 8826.58 982.9
2788.51 8928.54 8828.54 982.99
2788.84 8930.5 8830.5 983.08
2789.18 8932.46 8832.46 983.17
2789.51 8934.41 8834.41 983.26
2789.84 8936.37 8836.37 983.35
2790.17 8938.33 8838.33 983.44
2790.5 8940.29 8840.29 983.53
2790.83 8942.25 8842.25 983.62
2791.16 8944.21 8844.21 983.71
2791.49 8946.17 8846.17 983.8
2791.81 8948.12 8848.12 983.89
2792.14 8950.08 8850.08 983.98
2792.47 8952.04 8852.04 984.07
2792.79 8954 8854 984.16
2793.12 8955.96 8855.96 984.25
2793.44 8957.92 8857.92 984.34
2793.77 8959.88 8859.88 984.43
2794.09 8961.83 8861.83 984.52
2794.42 8963.79 8863.79 984.61
2794.74 8965.75 8865.75 984.7
2795.06 8967.71 8867.71 984.79
2795.38 8969.67 8869.67 984.88
2795.71 8971.63 8871.63 984.97
2796.03 8973.59 8873.59 985.06
2796.35 8975.54 8875.54 985.15
2796.67 8977.5 8877.5 985.24
2796.99 8979.46 8879.46 985.33
2797.3 8981.42 8881.42 985.42
2797.62 8983.38 8883.38 985.51
2797.94 8985.34 8885.34 985.6
2798.26 8987.3 8887.3 985.69
2798.57 8989.25 8889.25 985.78
2798.89 8991.21 8891.21 985.87
2799.21 8993.17 8893.17 985.96
2799.52 8995.13 8895.13 986.05
2799.83 8997.09 8897.09 986.14
2800.15 8999.05 8899.05 986.23
2800.46 9001.01 8901.01 986.32
2800.77 9002.96 8902.96 986.41
2801.09 9004.92 8904.92 986.5
2801.4 9006.88 8906.88 986.59
2801.71 9008.84 8908.84 986.68
2802.02 9010.8 8910.8 986.77
2802.33 9012.76 8912.76 986.86
2802.64 9014.72 8914.72 986.95
2802.95 9016.67 8916.67 987.04
2803.26 9018.63 8918.63 987.13
2803.57 9020.59 8920.59 987.22
2803.87 9022.55 8922.55 987.31
2804.18 9024.51 8924.51 987.4
2804.49 9026.47 8926.47 987.49
2804.79 9028.43 8928.43 987.58
2805.1 9030.38 8930.38 987.67
2805.4 9032.34 8932.34 987.76
2805.71 9034.3 8934.3 987.85
2806.01 9036.26 8936.26 987.94
2806.31 9038.22 8938.22 988.03
2806.62 9040.18 8940.18 988.12
2806.92 9042.14 8942.14 988.21
2807.22 9044.09 8944.09 988.3
2807.52 9046.05 8946.05 988.39
2807.82 9048.01 8948.01 988.48
2808.12 9049.97 8949.97 988.57
2808.42 9051.93 8951.93 988.66
2808.72 9053.89 8953.89 988.75
2809.02 9055.85 8955.85 988.84
2809.31 9057.8 8957.8 988.93
2809.61 9059.76 8959.76 989.02
2809.91 9061.72 8961.72 989.11
2810.2 9063.68 8963.68 989.2
2810.5 9065.64 8965.64 989.29
2810.79 9067.6 8967.6 989.38
2811.09 9069.56 8969.56 989.47
2811.38 9071.51 8971.51 989.56
2811.67 9073.47 8973.47 989.65
2811.97 9075.43 8975.43 989.74
2812.26 9077.39 8977.39 989.83
2812.55 9079.35 8979.35 989.92
2812.84 9081.31 8981.31 990.01
2813.13 9083.27 8983.27 990.1
2813.42 9085.22 8985.22 990.19
2813.71 9087.18 8987.18 990.28
2814 9089.14 8989.14 990.37
2814.29 9091.1 8991.1 990.46
2814.58 9093.06 8993.06 990.55
2814.86 9095.02 8995.02 990.64
2815.15 9096.98 8996.98 990.73
2815.44 9098.93 8998.93 990.82
2815.72 9100.89 9000.89 990.91
2816.01 9102.85 9002.85 991
2816.29 9104.81 9004.81 991.09
2816.58 9106.77 9006.77 991.18
2816.86 9108.73 9008.73 991.27
2817.14 9110.69 9010.69 991.36
2817.43 9112.64 9012.64 991.45
2817.71 9114.6 9014.6 991.54
2817.99 9116.56 9016.56 991.63
2818.27 9118.52 9018.52 991.72
2818.55 9120.48 9020.48 991.81
2818.83 9122.44 9022.44 991.9
2819.11 9124.4 9024.4 991.99
2819.39 9126.35 9026.35 992.08
2819.66 9128.31 9028.31 992.17
2819.94 9130.27 9030.27 992.26
2820.22 9132.23 9032.23 992.35
2820.49 9134.19 9034.19 992.44
2820.77 9136.15 9036.15 992.53
2821.05 9138.11 9038.11 992.62
2821.32 9140.06 9040.06 992.71
2821.59 9142.02 9042.02 992.8
2821.87 9143.98 9043.98 992.89
2822.14 9145.94 9045.94 992.98
2822.41 9147.9 9047.9 993.07
2822.68 9149.86 9049.86 993.16
2822.96 9151.82 9051.82 993.25
2823.23 9153.77 9053.77 993.34
2823.5 9155.73 9055.73 993.43
2823.77 9157.69 9057.69 993.52
2824.04 9159.65 9059.65 993.61
2824.3 9161.61 9061.61 993.7
2824.57 9163.57 9063.57 993.79
2824.84 9165.53 9065.53 993.88
2825.11 9167.48 9067.48 993.97
2825.37 9169.44 9069.44 994.06
2825.64 9171.4 9071.4 994.15
2825.9 9173.36 9073.36 994.24
2826.17 9175.32 9075.32 994.33
2826.43 9177.28 9077.28 994.42
2826.7 9179.24 9079.24 994.51
2826.96 9181.19 9081.19 994.6
2827.22 9183.15 9083.15 994.69
2827.48 9185.11 9085.11 994.78
2827.74 9187.07 9087.07 994.87
2828.01 9189.03 9089.03 994.96
2828.27 9190.99 9090.99 995.05
2828.52 9192.95 9092.95 995.14
2828.78 9194.9 9094.9 995.23
2829.04 9196.86 9096.86 995.32
2829.3 9198.82 9098.82 995.41
2829.56 9200.78 9100.78 995.5
2829.81 9202.74 9102.74 995.59
2830.07 9204.7 9104.7 995.68
2830.33 9206.66 9106.66 995.77
2830.58 9208.61 9108.61 995.86
2830.84 9210.57 9110.57 995.95
2831.09 9212.53 9112.53 996.04
2831.34 9214.49 9114.49 996.13
2831.6 9216.45 9116.45 996.22
2831.85 9218.41 9118.41 996.31
2832.1 9220.37 9120.37 996.4
2832.35 9222.32 9122.32 996.49
2832.6 9224.28 9124.28 996.58
2832.85 9226.24 9126.24 996.67
2833.1 9228.2 9128.2 996.76
2833.35 9230.16 9130.16 996.85
2833.6 9232.12 9132.12 996.94
2833.85 9234.08 9134.08 997.03
2834.1 9236.03 9136.03 997.12
2834.34 9237.99 9137.99 997.21
2834.59 9239.95 9139.95 997.3
2834.83 9241.91 9141.91 997.39
2835.08 9243.87 9143.87 997.48
2835.32 9245.83 9145.83 997.57
2835.57 9247.79 9147.79 997.66
2835.81 9249.74 9149.74 997.75
2836.05 9251.7 9151.7 997.84
2836.3 9253.66 9153.66 997.93
2836.54 9255.62 9155.62 998.02
2836.78 9257.58 9157.58 998.11
2837.02 9259.54 9159.54 998.2
2837.26 9261.5 9161.5 998.29
2837.5 9263.45 9163.45 998.38
2837.74 9265.41 9165.41 998.47
2837.98 9267.37 9167.37 998.56
2838.21 9269.33 9169.33 998.65
2838.45 9271.29 9171.29 998.74
2838.69 9273.25 9173.25 998.83
2838.92 9275.21 9175.21 998.92
2839.16 9277.16 9177.16 999.01
2839.39 9279.12 9179.12 999.1
2839.63 9281.08 9181.08 999.19
2839.86 9283.04 9183.04 999.28
2840.09 9285 9185 999.37
2840.33 9286.96 9186.96 999.46
2840.56 9288.92 9188.92 999.55
2840.79 9290.87 9190.87 999.64
2841.02 9292.83 9192.83 999.73
2841.25 9294.79 9194.79 999.82
2841.48 9296.75 9196.75 999.91
2841.71 9298.71 9198.71 1000
