480.329 685.041 585.041 640
481.637 685.797 585.797 640.09
482.943 686.554 586.554 640.18
484.249 687.31 587.31 640.27
485.554 688.066 588.066 640.36
486.857 688.823 588.823 640.45
488.16 689.579 589.579 640.54
489.462 690.335 590.335 640.63
490.762 691.091 591.091 640.72
492.062 691.848 591.848 640.81
493.361 692.604 592.604 640.9
494.658 693.36 593.36 640.99
495.955 694.117 594.117 641.08
497.25 694.873 594.873 641.17
498.545 695.629 595.629 641.26
499.838 696.386 596.386 641.35
501.131 697.142 597.142 641.44
502.422 697.898 597.898 641.53
503.713 698.655 598.655 641.62
505.002 699.411 599.411 641.71
506.291 700.167 600.167 641.8
507.578 700.923 600.923 641.89
508.864 701.68 601.68 641.98
510.15 702.436 602.436 642.07
511.434 703.192 603.192 642.16
512.717 703.949 603.949 642.25
514 704.705 604.705 642.34
515.281 705.461 605.461 642.43
516.561 706.218 606.218 642.52
517.84 706.974 606.974 642.61
519.118 707.73 607.73 642.7
520.395 708.487 608.487 642.79
521.672 709.243 609.243 642.88
522.947 709.999 609.999 642.97
524.221 710.755 610.755 643.06
525.494 711.512 611.512 643.15
526.766 712.268 612.268 643.24
528.036 713.024 613.024 643.33
529.306 713.781 613.781 643.42
530.575 714.537 614.537 643.51
531.843 715.293 615.293 643.6
533.11 716.05 616.05 643.69
534.375 716.806 616.806 643.78
535.64 717.562 617.562 643.87
536.904 718.318 618.318 643.96
538.166 719.075 619.075 644.05
539.428 719.831 619.831 644.14
540.689 720.587 620.587 644.23
541.948 721.344 621.344 644.32
543.206 722.1 622.1 644.41
544.464 722.856 622.856 644.5
545.72 723.613 623.613 644.59
546.976 724.369 624.369 644.68
548.23 725.125 625.125 644.77
549.483 725.882 625.882 644.86
550.735 726.638 626.638 644.95
551.986 727.394 627.394 645.04
553.236 728.15 628.15 645.13
554.485 728.907 628.907 645.22
555.733 729.663 629.663 645.31
556.98 730.419 630.419 645.4
558.226 731.176 631.176 645.49
559.471 731.932 631.932 645.58
560.715 732.688 632.688 645.67
561.958 733.445 633.445 645.76
563.199 734.201 634.201 645.85
564.44 734.957 634.957 645.94
565.68 735.714 635.714 646.03
566.918 736.47 636.47 646.12
568.156 737.226 637.226 646.21
569.392 737.982 637.982 646.3
570.627 738.739 638.739 646.39
571.862 739.495 639.495 646.48
573.095 740.251 640.251 646.57
574.327 741.008 641.008 646.66
575.558 741.764 641.764 646.75
576.788 742.52 642.52 646.84
578.017 743.277 643.277 646.93
579.245 744.033 644.033 647.02
580.472 744.789 644.789 647.11
581.698 745.546 645.546 647.2
582.923 746.302 646.302 647.29
584.146 747.058 647.058 647.38
585.369 747.814 647.814 647.47
586.59 748.571 648.571 647.56
587.811 749.327 649.327 647.65
589.03 750.083 650.083 647.74
590.249 750.84 650.84 647.83
591.466 751.596 651.596 647.92
592.682 752.352 652.352 648.01
593.897 753.109 653.109 648.1
595.111 753.865 653.865 648.19
596.324 754.621 654.621 648.28
597.536 755.378 655.378 648.37
598.747 756.134 656.134 648.46
599.957 756.89 656.89 648.55
601.166 757.646 657.646 648.64
602.373 758.403 658.403 648.73
603.58 759.159 659.159 648.82
604.785 759.915 659.915 648.91
605.99 760.672 660.672 649
607.193 761.428 661.428 649.09
608.396 762.184 662.184 649.18
609.597 762.941 662.941 649.27
610.797 763.697 663.697 649.36
611.996 764.453 664.453 649.45
613.194 765.209 665.209 649.54
614.391 765.966 665.966 649.63
615.587 766.722 666.722 649.72
616.781 767.478 667.478 649.81
617.975 768.235 668.235 649.9
619.167 768.991 668.991 649.99
620.359 769.747 669.747 650.08
621.549 770.504 670.504 650.17
622.739 771.26 671.26 650.26
623.927 772.016 672.016 650.35
625.114 772.773 672.773 650.44
626.3 773.529 673.529 650.53
627.485 774.285 674.285 650.62
628.669 775.041 675.041 650.71
629.852 775.798 675.798 650.8
631.033 776.554 676.554 650.89
632.214 777.31 677.31 650.98
633.393 778.067 678.067 651.07
634.572 778.823 678.823 651.16
635.749 779.579 679.579 651.25
636.925 780.336 680.336 651.34
638.101 781.092 681.092 651.43
639.275 781.848 681.848 651.52
640.448 782.605 682.605 651.61
641.619 783.361 683.361 651.7
642.79 784.117 684.117 651.79
643.96 784.873 684.873 651.88
645.128 785.63 685.63 651.97
646.296 786.386 686.386 652.06
647.462 787.142 687.142 652.15
648.627 787.899 687.899 652.24
649.792 788.655 688.655 652.33
650.955 789.411 689.411 652.42
652.117 790.168 690.168 652.51
653.278 790.924 690.924 652.6
654.437 791.68 691.68 652.69
655.596 792.437 692.437 652.78
656.754 793.193 693.193 652.87
657.91 793.949 693.949 652.96
659.065 794.705 694.705 653.05
660.22 795.462 695.462 653.14
661.373 796.218 696.218 653.23
662.525 796.974 696.974 653.32
663.676 797.731 697.731 653.41
664.826 798.487 698.487 653.5
665.974 799.243 699.243 653.59
667.122 800 700 653.68
668.268 800.756 700.756 653.77
669.414 801.512 701.512 653.86
670.558 802.269 702.269 653.95
671.701 803.025 703.025 654.04
672.843 803.781 703.781 654.13
673.984 804.537 704.537 654.22
675.124 805.294 705.294 654.31
676.263 806.05 706.05 654.4
677.4 806.806 706.806 654.49
678.537 807.563 707.563 654.58
679.672 808.319 708.319 654.67
680.806 809.075 709.075 654.76
681.94 809.832 709.832 654.85
683.072 810.588 710.588 654.94
684.202 811.344 711.344 655.03
685.332 812.1 712.1 655.12
686.461 812.857 712.857 655.21
687.588 813.613 713.613 655.3
688.715 814.369 714.369 655.39
689.84 815.126 715.126 655.48
690.964 815.882 715.882 655.57
692.087 816.638 716.638 655.66
693.209 817.395 717.395 655.75
694.33 818.151 718.151 655.84
695.45 818.907 718.907 655.93
696.568 819.664 719.664 656.02
697.686 820.42 720.42 656.11
698.802 821.176 721.176 656.2
699.917 821.932 721.932 656.29
701.031 822.689 722.689 656.38
702.144 823.445 723.445 656.47
703.256 824.201 724.201 656.56
704.366 824.958 724.958 656.65
705.476 825.714 725.714 656.74
706.584 826.47 726.47 656.83
707.691 827.227 727.227 656.92
708.797 827.983 727.983 657.01
709.902 828.739 728.739 657.1
711.006 829.496 729.496 657.19
712.109 830.252 730.252 657.28
713.211 831.008 731.008 657.37
714.311 831.764 731.764 657.46
715.41 832.521 732.521 657.55
716.508 833.277 733.277 657.64
717.605 834.033 734.033 657.73
718.701 834.79 734.79 657.82
719.796 835.546 735.546 657.91
720.89 836.302 736.302 658
721.982 837.059 737.059 658.09
723.073 837.815 737.815 658.18
724.164 838.571 738.571 658.27
725.253 839.328 739.328 658.36
726.34 840.084 740.084 658.45
727.427 840.84 740.84 658.54
728.513 841.596 741.596 658.63
729.597 842.353 742.353 658.72
730.68 843.109 743.109 658.81
731.763 843.865 743.865 658.9
732.844 844.622 744.622 658.99
733.924 845.378 745.378 659.08
735.002 846.134 746.134 659.17
736.08 846.891 746.891 659.26
737.156 847.647 747.647 659.35
738.231 848.403 748.403 659.44
739.306 849.16 749.16 659.53
740.378 849.916 749.916 659.62
741.45 850.672 750.672 659.71
742.521 851.428 751.428 659.8
743.59 852.185 752.185 659.89
744.659 852.941 752.941 659.98
745.726 853.697 753.697 660.07
746.792 854.454 754.454 660.16
747.857 855.21 755.21 660.25
748.921 855.966 755.966 660.34
749.983 856.723 756.723 660.43
751.044 857.479 757.479 660.52
752.105 858.235 758.235 660.61
753.164 858.991 758.991 660.7
754.222 859.748 759.748 660.79
755.278 860.504 760.504 660.88
756.334 861.26 761.26 660.97
757.388 862.017 762.017 661.06
758.442 862.773 762.773 661.15
759.494 863.529 763.529 661.24
760.545 864.286 764.286 661.33
761.595 865.042 765.042 661.42
762.643 865.798 765.798 661.51
763.691 866.555 766.555 661.6
764.737 867.311 767.311 661.69
765.782 868.067 768.067 661.78
766.826 868.823 768.823 661.87
767.869 869.58 769.58 661.96
768.91 870.336 770.336 662.05
769.951 871.092 771.092 662.14
770.99 871.849 771.849 662.23
772.028 872.605 772.605 662.32
773.065 873.361 773.361 662.41
774.101 874.118 774.118 662.5
775.135 874.874 774.874 662.59
776.169 875.63 775.63 662.68
777.201 876.387 776.387 662.77
778.232 877.143 777.143 662.86
779.262 877.899 777.899 662.95
780.29 878.655 778.655 663.04
781.318 879.412 779.412 663.13
782.344 880.168 780.168 663.22
783.369 880.924 780.924 663.31
784.393 881.681 781.681 663.4
785.416 882.437 782.437 663.49
786.438 883.193 783.193 663.58
787.458 883.95 783.95 663.67
788.477 884.706 784.706 663.76
789.495 885.462 785.462 663.85
790.512 886.219 786.219 663.94
791.528 886.975 786.975 664.03
792.543 887.731 787.731 664.12
793.556 888.487 788.487 664.21
794.568 889.244 789.244 664.3
795.579 890 790 664.39
796.589 890.756 790.756 664.48
797.597 891.513 791.513 664.57
798.605 892.269 792.269 664.66
799.611 893.025 793.025 664.75
800.616 893.782 793.782 664.84
801.62 894.538 794.538 664.93
802.622 895.294 795.294 665.02
803.624 896.051 796.051 665.11
804.624 896.807 796.807 665.2
805.623 897.563 797.563 665.29
806.621 898.319 798.319 665.38
807.618 899.076 799.076 665.47
808.613 899.832 799.832 665.56
809.607 900.588 800.588 665.65
810.6 901.345 801.345 665.74
811.592 902.101 802.101 665.83
812.583 902.857 802.857 665.92
813.572 903.614 803.614 666.01
814.561 904.37 804.37 666.1
815.548 905.126 805.126 666.19
816.534 905.883 805.883 666.28
817.518 906.639 806.639 666.37
818.502 907.395 807.395 666.46
819.484 908.151 808.151 666.55
820.465 908.908 808.908 666.64
821.445 909.664 809.664 666.73
822.424 910.42 810.42 666.82
823.401 911.177 811.177 666.91
824.377 911.933 811.933 667
825.353 912.689 812.689 667.09
826.326 913.446 813.446 667.18
827.299 914.202 814.202 667.27
828.27 914.958 814.958 667.36
829.241 915.714 815.714 667.45
830.21 916.471 816.471 667.54
831.177 917.227 817.227 667.63
832.144 917.983 817.983 667.72
833.109 918.74 818.74 667.81
834.074 919.496 819.496 667.9
835.037 920.252 820.252 667.99
835.998 921.009 821.009 668.08
836.959 921.765 821.765 668.17
837.918 922.521 822.521 668.26
838.876 923.278 823.278 668.35
839.833 924.034 824.034 668.44
840.789 924.79 824.79 668.53
841.743 925.546 825.546 668.62
842.696 926.303 826.303 668.71
843.648 927.059 827.059 668.8
844.599 927.815 827.815 668.89
845.549 928.572 828.572 668.98
846.497 929.328 829.328 669.07
847.444 930.084 830.084 669.16
848.39 930.841 830.841 669.25
849.335 931.597 831.597 669.34
850.278 932.353 832.353 669.43
851.22 933.11 833.11 669.52
852.162 933.866 833.866 669.61
853.101 934.622 834.622 669.7
854.04 935.378 835.378 669.79
854.977 936.135 836.135 669.88
855.913 936.891 836.891 669.97
856.848 937.647 837.647 670.06
857.782 938.404 838.404 670.15
858.714 939.16 839.16 670.24
859.645 939.916 839.916 670.33
860.575 940.673 840.673 670.42
861.504 941.429 841.429 670.51
862.432 942.185 842.185 670.6
863.358 942.942 842.942 670.69
864.283 943.698 843.698 670.78
865.207 944.454 844.454 670.87
866.129 945.21 845.21 670.96
867.051 945.967 845.967 671.05
867.971 946.723 846.723 671.14
868.89 947.479 847.479 671.23
869.807 948.236 848.236 671.32
870.724 948.992 848.992 671.41
871.639 949.748 849.748 671.5
872.553 950.505 850.505 671.59
873.465 951.261 851.261 671.68
874.377 952.017 852.017 671.77
875.287 952.774 852.774 671.86
876.196 953.53 853.53 671.95
877.104 954.286 854.286 672.04
878.01 955.042 855.042 672.13
878.915 955.799 855.799 672.22
879.819 956.555 856.555 672.31
880.722 957.311 857.311 672.4
881.623 958.068 858.068 672.49
882.524 958.824 858.824 672.58
883.423 959.58 859.58 672.67
884.32 960.337 860.337 672.76
885.217 961.093 861.093 672.85
886.112 961.849 861.849 672.94
887.006 962.605 862.605 673.03
887.899 963.362 863.362 673.12
888.79 964.118 864.118 673.21
889.681 964.874 864.874 673.3
890.57 965.631 865.631 673.39
891.457 966.387 866.387 673.48
892.344 967.143 867.143 673.57
893.229 967.9 867.9 673.66
894.113 968.656 868.656 673.75
894.996 969.412 869.412 673.84
895.877 970.169 870.169 673.93
896.758 970.925 870.925 674.02
897.637 971.681 871.681 674.11
898.514 972.437 872.437 674.2
899.391 973.194 873.194 674.29
900.266 973.95 873.95 674.38
901.14 974.706 874.706 674.47
902.012 975.463 875.463 674.56
902.884 976.219 876.219 674.65
903.754 976.975 876.975 674.74
904.623 977.732 877.732 674.83
905.49 978.488 878.488 674.92
906.357 979.244 879.244 675.01
907.222 980.001 880.001 675.1
908.086 980.757 880.757 675.19
908.948 981.513 881.513 675.28
909.81 982.269 882.269 675.37
910.67 983.026 883.026 675.46
911.528 983.782 883.782 675.55
912.386 984.538 884.538 675.64
913.242 985.295 885.295 675.73
914.097 986.051 886.051 675.82
914.951 986.807 886.807 675.91
915.803 987.564 887.564 676
916.654 988.32 888.32 676.09
917.504 989.076 889.076 676.18
918.353 989.833 889.833 676.27
919.2 990.589 890.589 676.36
920.046 991.345 891.345 676.45
920.891 992.101 892.101 676.54
921.734 992.858 892.858 676.63
922.577 993.614 893.614 676.72
923.418 994.37 894.37 676.81
924.257 995.127 895.127 676.9
925.096 995.883 895.883 676.99
925.933 996.639 896.639 677.08
926.769 997.396 897.396 677.17
927.603 998.152 898.152 677.26
928.436 998.908 898.908 677.35
929.268 999.665 899.665 677.44
930.099 1000.42 900.421 677.53
930.929 1001.18 901.177 677.62
931.757 1001.93 901.933 677.71
932.584 1002.69 902.69 677.8
933.409 1003.45 903.446 677.89
934.233 1004.2 904.202 677.98
935.057 1004.96 904.959 678.07
935.878 1005.71 905.715 678.16
936.699 1006.47 906.471 678.25
937.518 1007.23 907.228 678.34
938.336 1007.98 907.984 678.43
939.152 1008.74 908.74 678.52
939.968 1009.5 909.496 678.61
940.782 1010.25 910.253 678.7
941.594 1011.01 911.009 678.79
942.406 1011.77 911.765 678.88
943.216 1012.52 912.522 678.97
944.025 1013.28 913.278 679.06
944.832 1014.03 914.034 679.15
945.638 1014.79 914.791 679.24
946.443 1015.55 915.547 679.33
947.247 1016.3 916.303 679.42
948.049 1017.06 917.06 679.51
948.85 1017.82 917.816 679.6
949.65 1018.57 918.572 679.69
950.449 1019.33 919.328 679.78
951.246 1020.08 920.085 679.87
952.042 1020.84 920.841 679.96
952.836 1021.6 921.597 680.05
953.629 1022.35 922.354 680.14
954.421 1023.11 923.11 680.23
955.212 1023.87 923.866 680.32
956.001 1024.62 924.623 680.41
956.79 1025.38 925.379 680.5
957.576 1026.14 926.135 680.59
958.362 1026.89 926.892 680.68
959.146 1027.65 927.648 680.77
959.929 1028.4 928.404 680.86
960.711 1029.16 929.16 680.95
961.492 1029.92 929.917 681.04
962.271 1030.67 930.673 681.13
963.049 1031.43 931.429 681.22
963.826 1032.19 932.186 681.31
964.601 1032.94 932.942 681.4
965.376 1033.7 933.698 681.49
966.149 1034.45 934.455 681.58
966.92 1035.21 935.211 681.67
967.691 1035.97 935.967 681.76
968.46 1036.72 936.724 681.85
969.229 1037.48 937.48 681.94
969.996 1038.24 938.236 682.03
970.761 1038.99 938.992 682.12
971.526 1039.75 939.749 682.21
972.289 1040.51 940.505 682.3
973.052 1041.26 941.261 682.39
973.813 1042.02 942.018 682.48
974.572 1042.77 942.774 682.57
975.331 1043.53 943.53 682.66
976.088 1044.29 944.287 682.75
976.845 1045.04 945.043 682.84
977.6 1045.8 945.799 682.93
978.354 1046.56 946.556 683.02
979.107 1047.31 947.312 683.11
979.858 1048.07 948.068 683.2
980.609 1048.82 948.824 683.29
981.358 1049.58 949.581 683.38
982.106 1050.34 950.337 683.47
982.853 1051.09 951.093 683.56
983.599 1051.85 951.85 683.65
984.344 1052.61 952.606 683.74
985.088 1053.36 953.362 683.83
985.83 1054.12 954.119 683.92
986.572 1054.87 954.875 684.01
987.312 1055.63 955.631 684.1
988.051 1056.39 956.387 684.19
988.789 1057.14 957.144 684.28
989.526 1057.9 957.9 684.37
990.262 1058.66 958.656 684.46
990.997 1059.41 959.413 684.55
991.731 1060.17 960.169 684.64
992.463 1060.93 960.925 684.73
993.195 1061.68 961.682 684.82
993.925 1062.44 962.438 684.91
994.655 1063.19 963.194 685
995.383 1063.95 963.951 685.09
996.11 1064.71 964.707 685.18
996.837 1065.46 965.463 685.27
997.562 1066.22 966.219 685.36
998.286 1066.98 966.976 685.45
999.009 1067.73 967.732 685.54
999.731 1068.49 968.488 685.63
1000.45 1069.24 969.245 685.72
1001.17 1070 970.001 685.81
1001.89 1070.76 970.757 685.9
1002.61 1071.51 971.514 685.99
1003.33 1072.27 972.27 686.08
1004.04 1073.03 973.026 686.17
1004.76 1073.78 973.783 686.26
1005.47 1074.54 974.539 686.35
1006.18 1075.3 975.295 686.44
1006.89 1076.05 976.051 686.53
1007.61 1076.81 976.808 686.62
1008.32 1077.56 977.564 686.71
1009.02 1078.32 978.32 686.8
1009.73 1079.08 979.077 686.89
1010.44 1079.83 979.833 686.98
1011.15 1080.59 980.589 687.07
1011.85 1081.35 981.346 687.16
1012.55 1082.1 982.102 687.25
1013.26 1082.86 982.858 687.34
1013.96 1083.61 983.615 687.43
1014.66 1084.37 984.371 687.52
1015.36 1085.13 985.127 687.61
1016.06 1085.88 985.883 687.7
1016.76 1086.64 986.64 687.79
1017.46 1087.4 987.396 687.88
1018.15 1088.15 988.152 687.97
1018.85 1088.91 988.909 688.06
1019.54 1089.66 989.665 688.15
1020.24 1090.42 990.421 688.24
1020.93 1091.18 991.178 688.33
1021.62 1091.93 991.934 688.42
1022.31 1092.69 992.69 688.51
1023 1093.45 993.447 688.6
1023.69 1094.2 994.203 688.69
1024.38 1094.96 994.959 688.78
1025.07 1095.72 995.715 688.87
1025.75 1096.47 996.472 688.96
1026.44 1097.23 997.228 689.05
1027.12 1097.98 997.984 689.14
1027.81 1098.74 998.741 689.23
1028.49 1099.5 999.497 689.32
1029.17 1100.25 1000.25 689.41
1029.85 1101.01 1001.01 689.5
1030.53 1101.77 1001.77 689.59
1031.21 1102.52 1002.52 689.68
1031.89 1103.28 1003.28 689.77
1032.57 1104.03 1004.03 689.86
1033.25 1104.79 1004.79 689.95
1033.92 1105.55 1005.55 690.04
1034.6 1106.3 1006.3 690.13
1035.27 1107.06 1007.06 690.22
1035.94 1107.82 1007.82 690.31
1036.62 1108.57 1008.57 690.4
1037.29 1109.33 1009.33 690.49
1037.96 1110.09 1010.09 690.58
1038.63 1110.84 1010.84 690.67
1039.3 1111.6 1011.6 690.76
1039.97 1112.35 1012.35 690.85
1040.64 1113.11 1013.11 690.94
1041.3 1113.87 1013.87 691.03
1041.97 1114.62 1014.62 691.12
1042.64 1115.38 1015.38 691.21
1043.3 1116.14 1016.14 691.3
1043.97 1116.89 1016.89 691.39
1044.63 1117.65 1017.65 691.48
1045.29 1118.4 1018.4 691.57
1045.95 1119.16 1019.16 691.66
1046.61 1119.92 1019.92 691.75
1047.27 1120.67 1020.67 691.84
1047.93 1121.43 1021.43 691.93
1048.59 1122.19 1022.19 692.02
1049.25 1122.94 1022.94 692.11
1049.91 1123.7 1023.7 692.2
1050.56 1124.46 1024.46 692.29
1051.22 1125.21 1025.21 692.38
1051.87 1125.97 1025.97 692.47
1052.53 1126.72 1026.72 692.56
1053.18 1127.48 1027.48 692.65
1053.84 1128.24 1028.24 692.74
1054.49 1128.99 1028.99 692.83
1055.14 1129.75 1029.75 692.92
1055.79 1130.51 1030.51 693.01
1056.44 1131.26 1031.26 693.1
1057.09 1132.02 1032.02 693.19
1057.74 1132.77 1032.77 693.28
1058.39 1133.53 1033.53 693.37
1059.03 1134.29 1034.29 693.46
1059.68 1135.04 1035.04 693.55
1060.33 1135.8 1035.8 693.64
1060.97 1136.56 1036.56 693.73
1061.62 1137.31 1037.31 693.82
1062.26 1138.07 1038.07 693.91
1062.91 1138.82 1038.82 694
1063.55 1139.58 1039.58 694.09
1064.19 1140.34 1040.34 694.18
1064.83 1141.09 1041.09 694.27
1065.47 1141.85 1041.85 694.36
1066.11 1142.61 1042.61 694.45
1066.75 1143.36 1043.36 694.54
1067.39 1144.12 1044.12 694.63
1068.03 1144.88 1044.88 694.72
1068.67 1145.63 1045.63 694.81
1069.3 1146.39 1046.39 694.9
1069.94 1147.14 1047.14 694.99
1070.58 1147.9 1047.9 695.08
1071.21 1148.66 1048.66 695.17
1071.85 1149.41 1049.41 695.26
1072.48 1150.17 1050.17 695.35
1073.11 1150.93 1050.93 695.44
1073.75 1151.68 1051.68 695.53
1074.38 1152.44 1052.44 695.62
1075.01 1153.19 1053.19 695.71
1075.64 1153.95 1053.95 695.8
1076.27 1154.71 1054.71 695.89
1076.9 1155.46 1055.46 695.98
1077.53 1156.22 1056.22 696.07
1078.16 1156.98 1056.98 696.16
1078.79 1157.73 1057.73 696.25
1079.42 1158.49 1058.49 696.34
1080.05 1159.25 1059.25 696.43
1080.67 1160 1060 696.52
1081.3 1160.76 1060.76 696.61
1081.93 1161.51 1061.51 696.7
1082.55 1162.27 1062.27 696.79
1083.18 1163.03 1063.03 696.88
1083.8 1163.78 1063.78 696.97
1084.42 1164.54 1064.54 697.06
1085.05 1165.3 1065.3 697.15
1085.67 1166.05 1066.05 697.24
1086.29 1166.81 1066.81 697.33
1086.91 1167.56 1067.56 697.42
1087.54 1168.32 1068.32 697.51
1088.16 1169.08 1069.08 697.6
1088.78 1169.83 1069.83 697.69
1089.4 1170.59 1070.59 697.78
1090.02 1171.35 1071.35 697.87
1090.63 1172.1 1072.1 697.96
1091.25 1172.86 1072.86 698.05
1091.87 1173.62 1073.62 698.14
1092.49 1174.37 1074.37 698.23
1093.11 1175.13 1075.13 698.32
1093.72 1175.88 1075.88 698.41
1094.34 1176.64 1076.64 698.5
1094.95 1177.4 1077.4 698.59
1095.57 1178.15 1078.15 698.68
1096.18 1178.91 1078.91 698.77
1096.8 1179.67 1079.67 698.86
1097.41 1180.42 1080.42 698.95
1098.03 1181.18 1081.18 699.04
1098.64 1181.93 1081.93 699.13
1099.25 1182.69 1082.69 699.22
1099.86 1183.45 1083.45 699.31
1100.48 1184.2 1084.2 699.4
1101.09 1184.96 1084.96 699.49
1101.7 1185.72 1085.72 699.58
1102.31 1186.47 1086.47 699.67
1102.92 1187.23 1087.23 699.76
1103.53 1187.98 1087.98 699.85
1104.14 1188.74 1088.74 699.94
1104.75 1189.5 1089.5 700.03
1105.36 1190.25 1090.25 700.12
1105.97 1191.01 1091.01 700.21
1106.58 1191.77 1091.77 700.3
1107.18 1192.52 1092.52 700.39
1107.79 1193.28 1093.28 700.48
1108.4 1194.04 1094.04 700.57
1109 1194.79 1094.79 700.66
1109.61 1195.55 1095.55 700.75
1110.22 1196.3 1096.3 700.84
1110.82 1197.06 1097.06 700.93
1111.43 1197.82 1097.82 701.02
1112.03 1198.57 1098.57 701.11
1112.64 1199.33 1099.33 701.2
1113.24 1200.09 1100.09 701.29
1113.84 1200.84 1100.84 701.38
1114.45 1201.6 1101.6 701.47
1115.05 1202.35 1102.35 701.56
1115.65 1203.11 1103.11 701.65
1116.25 1203.87 1103.87 701.74
1116.85 1204.62 1104.62 701.83
1117.45 1205.38 1105.38 701.92
1118.06 1206.14 1106.14 702.01
1118.66 1206.89 1106.89 702.1
1119.25 1207.65 1107.65 702.19
1119.85 1208.41 1108.41 702.28
1120.45 1209.16 1109.16 702.37
1121.05 1209.92 1109.92 702.46
1121.65 1210.67 1110.67 702.55
1122.25 1211.43 1111.43 702.64
1122.84 1212.19 1112.19 702.73
1123.44 1212.94 1112.94 702.82
1124.04 1213.7 1113.7 702.91
1124.63 1214.46 1114.46 703
1125.23 1215.21 1115.21 703.09
1125.82 1215.97 1115.97 703.18
1126.41 1216.72 1116.72 703.27
1127.01 1217.48 1117.48 703.36
1127.6 1218.24 1118.24 703.45
1128.19 1218.99 1118.99 703.54
1128.79 1219.75 1119.75 703.63
1129.38 1220.51 1120.51 703.72
1129.97 1221.26 1121.26 703.81
1130.56 1222.02 1122.02 703.9
1131.15 1222.77 1122.77 703.99
1131.74 1223.53 1123.53 704.08
1132.33 1224.29 1124.29 704.17
1132.92 1225.04 1125.04 704.26
1133.5 1225.8 1125.8 704.35
1134.09 1226.56 1126.56 704.44
1134.68 1227.31 1127.31 704.53
1135.26 1228.07 1128.07 704.62
1135.85 1228.83 1128.83 704.71
1136.44 1229.58 1129.58 704.8
1137.02 1230.34 1130.34 704.89
1137.61 1231.09 1131.09 704.98
1138.19 1231.85 1131.85 705.07
1138.77 1232.61 1132.61 705.16
1139.36 1233.36 1133.36 705.25
1139.94 1234.12 1134.12 705.34
1140.52 1234.88 1134.88 705.43
1141.1 1235.63 1135.63 705.52
1141.68 1236.39 1136.39 705.61
1142.26 1237.14 1137.14 705.7
1142.84 1237.9 1137.9 705.79
1143.42 1238.66 1138.66 705.88
1144 1239.41 1139.41 705.97
1144.57 1240.17 1140.17 706.06
1145.15 1240.93 1140.93 706.15
1145.73 1241.68 1141.68 706.24
1146.3 1242.44 1142.44 706.33
1146.88 1243.2 1143.2 706.42
1147.45 1243.95 1143.95 706.51
1148.03 1244.71 1144.71 706.6
1148.6 1245.46 1145.46 706.69
1149.17 1246.22 1146.22 706.78
1149.75 1246.98 1146.98 706.87
1150.32 1247.73 1147.73 706.96
1150.89 1248.49 1148.49 707.05
1151.46 1249.25 1149.25 707.14
1152.03 1250 1150 707.23
1152.6 1250.76 1150.76 707.32
1153.17 1251.51 1151.51 707.41
1153.73 1252.27 1152.27 707.5
1154.3 1253.03 1153.03 707.59
1154.87 1253.78 1153.78 707.68
1155.43 1254.54 1154.54 707.77
1156 1255.3 1155.3 707.86
1156.56 1256.05 1156.05 707.95
1157.13 1256.81 1156.81 708.04
1157.69 1257.57 1157.57 708.13
1158.26 1258.32 1158.32 708.22
1158.82 1259.08 1159.08 708.31
1159.38 1259.83 1159.83 708.4
1159.94 1260.59 1160.59 708.49
1160.5 1261.35 1161.35 708.58
1161.06 1262.1 1162.1 708.67
1161.62 1262.86 1162.86 708.76
1162.18 1263.62 1163.62 708.85
1162.73 1264.37 1164.37 708.94
1163.29 1265.13 1165.13 709.03
1163.85 1265.88 1165.88 709.12
1164.4 1266.64 1166.64 709.21
1164.96 1267.4 1167.4 709.3
1165.51 1268.15 1168.15 709.39
1166.06 1268.91 1168.91 709.48
1166.62 1269.67 1169.67 709.57
1167.17 1270.42 1170.42 709.66
1167.72 1271.18 1171.18 709.75
1168.27 1271.93 1171.93 709.84
1168.82 1272.69 1172.69 709.93
1169.37 1273.45 1173.45 710.02
1169.92 1274.2 1174.2 710.11
1170.47 1274.96 1174.96 710.2
1171.01 1275.72 1175.72 710.29
1171.56 1276.47 1176.47 710.38
1172.1 1277.23 1177.23 710.47
1172.65 1277.99 1177.99 710.56
1173.19 1278.74 1178.74 710.65
1173.74 1279.5 1179.5 710.74
1174.28 1280.25 1180.25 710.83
1174.82 1281.01 1181.01 710.92
1175.36 1281.77 1181.77 711.01
1175.9 1282.52 1182.52 711.1
1176.44 1283.28 1183.28 711.19
1176.98 1284.04 1184.04 711.28
1177.52 1284.79 1184.79 711.37
1178.06 1285.55 1185.55 711.46
1178.59 1286.3 1186.3 711.55
1179.13 1287.06 1187.06 711.64
1179.66 1287.82 1187.82 711.73
1180.2 1288.57 1188.57 711.82
1180.73 1289.33 1189.33 711.91
1181.26 1290.09 1190.09 712
1181.8 1290.84 1190.84 712.09
1182.33 1291.6 1191.6 712.18
1182.86 1292.36 1192.36 712.27
1183.39 1293.11 1193.11 712.36
1183.91 1293.87 1193.87 712.45
1184.44 1294.62 1194.62 712.54
1184.97 1295.38 1195.38 712.63
1185.5 1296.14 1196.14 712.72
1186.02 1296.89 1196.89 712.81
1186.55 1297.65 1197.65 712.9
1187.07 1298.41 1198.41 712.99
1187.59 1299.16 1199.16 713.08
1188.11 1299.92 1199.92 713.17
1188.64 1300.67 1200.67 713.26
1189.16 1301.43 1201.43 713.35
1189.68 1302.19 1202.19 713.44
1190.2 1302.94 1202.94 713.53
1190.71 1303.7 1203.7 713.62
1191.23 1304.46 1204.46 713.71
1191.75 1305.21 1205.21 713.8
1192.26 1305.97 1205.97 713.89
1192.78 1306.72 1206.72 713.98
1193.29 1307.48 1207.48 714.07
1193.8 1308.24 1208.24 714.16
1194.32 1308.99 1208.99 714.25
1194.83 1309.75 1209.75 714.34
1195.34 1310.51 1210.51 714.43
1195.85 1311.26 1211.26 714.52
1196.35 1312.02 1212.02 714.61
1196.86 1312.78 1212.78 714.7
1197.37 1313.53 1213.53 714.79
1197.87 1314.29 1214.29 714.88
1198.38 1315.04 1215.04 714.97
1198.88 1315.8 1215.8 715.06
1199.39 1316.56 1216.56 715.15
1199.89 1317.31 1217.31 715.24
1200.39 1318.07 1218.07 715.33
1200.89 1318.83 1218.83 715.42
1201.39 1319.58 1219.58 715.51
1201.89 1320.34 1220.34 715.6
1202.39 1321.09 1221.09 715.69
1202.88 1321.85 1221.85 715.78
1203.38 1322.61 1222.61 715.87
1203.87 1323.36 1223.36 715.96
1204.37 1324.12 1224.12 716.05
1204.86 1324.88 1224.88 716.14
1205.35 1325.63 1225.63 716.23
1205.85 1326.39 1226.39 716.32
1206.34 1327.15 1227.15 716.41
1206.83 1327.9 1227.9 716.5
1207.31 1328.66 1228.66 716.59
1207.8 1329.41 1229.41 716.68
1208.29 1330.17 1230.17 716.77
1208.77 1330.93 1230.93 716.86
1209.26 1331.68 1231.68 716.95
1209.74 1332.44 1232.44 717.04
1210.22 1333.2 1233.2 717.13
1210.71 1333.95 1233.95 717.22
1211.19 1334.71 1234.71 717.31
1211.67 1335.46 1235.46 717.4
1212.15 1336.22 1236.22 717.49
1212.62 1336.98 1236.98 717.58
1213.1 1337.73 1237.73 717.67
1213.58 1338.49 1238.49 717.76
1214.05 1339.25 1239.25 717.85
1214.53 1340 1240 717.94
1215 1340.76 1240.76 718.03
1215.47 1341.52 1241.52 718.12
1215.94 1342.27 1242.27 718.21
1216.41 1343.03 1243.03 718.3
1216.88 1343.78 1243.78 718.39
1217.35 1344.54 1244.54 718.48
1217.82 1345.3 1245.3 718.57
1218.28 1346.05 1246.05 718.66
1218.75 1346.81 1246.81 718.75
1219.21 1347.57 1247.57 718.84
1219.67 1348.32 1248.32 718.93
1220.13 1349.08 1249.08 719.02
1220.6 1349.83 1249.83 719.11
1221.05 1350.59 1250.59 719.2
1221.51 1351.35 1251.35 719.29
1221.97 1352.1 1252.1 719.38
1222.43 1352.86 1252.86 719.47
1222.88 1353.62 1253.62 719.56
1223.34 1354.37 1254.37 719.65
1223.79 1355.13 1255.13 719.74
1224.24 1355.88 1255.88 719.83
1224.7 1356.64 1256.64 719.92
1225.15 1357.4 1257.4 720.01
1225.59 1358.15 1258.15 720.1
1226.04 1358.91 1258.91 720.19
1226.49 1359.67 1259.67 720.28
1226.94 1360.42 1260.42 720.37
1227.38 1361.18 1261.18 720.46
1227.83 1361.94 1261.94 720.55
1228.27 1362.69 1262.69 720.64
1228.71 1363.45 1263.45 720.73
1229.15 1364.2 1264.2 720.82
1229.59 1364.96 1264.96 720.91
1230.03 1365.72 1265.72 721
1230.47 1366.47 1266.47 721.09
1230.9 1367.23 1267.23 721.18
1231.34 1367.99 1267.99 721.27
1231.78 1368.74 1268.74 721.36
1232.21 1369.5 1269.5 721.45
1232.64 1370.25 1270.25 721.54
1233.08 1371.01 1271.01 721.63
1233.51 1371.77 1271.77 721.72
1233.94 1372.52 1272.52 721.81
1234.37 1373.28 1273.28 721.9
1234.8 1374.04 1274.04 721.99
1235.22 1374.79 1274.79 722.08
1235.65 1375.55 1275.55 722.17
1236.08 1376.31 1276.31 722.26
1236.5 1377.06 1277.06 722.35
1236.92 1377.82 1277.82 722.44
1237.35 1378.57 1278.57 722.53
1237.77 1379.33 1279.33 722.62
1238.19 1380.09 1280.09 722.71
1238.61 1380.84 1280.84 722.8
1239.03 1381.6 1281.6 722.89
1239.45 1382.36 1282.36 722.98
1239.87 1383.11 1283.11 723.07
1240.29 1383.87 1283.87 723.16
1240.7 1384.62 1284.62 723.25
1241.12 1385.38 1285.38 723.34
1241.54 1386.14 1286.14 723.43
1241.95 1386.89 1286.89 723.52
1242.36 1387.65 1287.65 723.61
1242.78 1388.41 1288.41 723.7
1243.19 1389.16 1289.16 723.79
1243.6 1389.92 1289.92 723.88
1244.01 1390.67 1290.67 723.97
1244.42 1391.43 1291.43 724.06
1244.83 1392.19 1292.19 724.15
1245.24 1392.94 1292.94 724.24
1245.64 1393.7 1293.7 724.33
1246.05 1394.46 1294.46 724.42
1246.46 1395.21 1295.21 724.51
1246.86 1395.97 1295.97 724.6
1247.27 1396.73 1296.73 724.69
1247.67 1397.48 1297.48 724.78
1248.08 1398.24 1298.24 724.87
1248.48 1398.99 1298.99 724.96
1248.88 1399.75 1299.75 725.05
1249.28 1400.51 1300.51 725.14
1249.68 1401.26 1301.26 725.23
1250.08 1402.02 1302.02 725.32
1250.48 1402.78 1302.78 725.41
1250.88 1403.53 1303.53 725.5
1251.28 1404.29 1304.29 725.59
1251.68 1405.04 1305.04 725.68
1252.07 1405.8 1305.8 725.77
1252.47 1406.56 1306.56 725.86
1252.87 1407.31 1307.31 725.95
1253.26 1408.07 1308.07 726.04
1253.66 1408.83 1308.83 726.13
1254.05 1409.58 1309.58 726.22
1254.45 1410.34 1310.34 726.31
1254.84 1411.1 1311.1 726.4
1255.23 1411.85 1311.85 726.49
1255.62 1412.61 1312.61 726.58
1256.02 1413.36 1313.36 726.67
1256.41 1414.12 1314.12 726.76
1256.8 1414.88 1314.88 726.85
1257.19 1415.63 1315.63 726.94
1257.58 1416.39 1316.39 727.03
1257.97 1417.15 1317.15 727.12
1258.36 1417.9 1317.9 727.21
1258.74 1418.66 1318.66 727.3
1259.13 1419.41 1319.41 727.39
1259.52 1420.17 1320.17 727.48
1259.91 1420.93 1320.93 727.57
1260.29 1421.68 1321.68 727.66
1260.68 1422.44 1322.44 727.75
1261.06 1423.2 1323.2 727.84
1261.45 1423.95 1323.95 727.93
1261.83 1424.71 1324.71 728.02
1262.22 1425.47 1325.47 728.11
1262.6 1426.22 1326.22 728.2
1262.99 1426.98 1326.98 728.29
1263.37 1427.73 1327.73 728.38
1263.75 1428.49 1328.49 728.47
1264.13 1429.25 1329.25 728.56
1264.52 1430 1330 728.65
1264.9 1430.76 1330.76 728.74
1265.28 1431.52 1331.52 728.83
1265.66 1432.27 1332.27 728.92
1266.04 1433.03 1333.03 729.01
1266.42 1433.78 1333.78 729.1
1266.8 1434.54 1334.54 729.19
1267.18 1435.3 1335.3 729.28
1267.56 1436.05 1336.05 729.37
1267.94 1436.81 1336.81 729.46
1268.32 1437.57 1337.57 729.55
1268.7 1438.32 1338.32 729.64
1269.08 1439.08 1339.08 729.73
1269.46 1439.83 1339.83 729.82
1269.83 1440.59 1340.59 729.91
1270.21 1441.35 1341.35 730
1270.59 1442.1 1342.1 730.09
1270.97 1442.86 1342.86 730.18
1271.34 1443.62 1343.62 730.27
1271.72 1444.37 1344.37 730.36
1272.1 1445.13 1345.13 730.45
1272.47 1445.89 1345.89 730.54
1272.85 1446.64 1346.64 730.63
1273.22 1447.4 1347.4 730.72
1273.6 1448.15 1348.15 730.81
1273.98 1448.91 1348.91 730.9
1274.35 1449.67 1349.67 730.99
1274.73 1450.42 1350.42 731.08
1275.1 1451.18 1351.18 731.17
1275.48 1451.94 1351.94 731.26
1275.85 1452.69 1352.69 731.35
1276.23 1453.45 1353.45 731.44
1276.6 1454.2 1354.2 731.53
1276.98 1454.96 1354.96 731.62
1277.35 1455.72 1355.72 731.71
1277.73 1456.47 1356.47 731.8
1278.1 1457.23 1357.23 731.89
1278.47 1457.99 1357.99 731.98
1278.85 1458.74 1358.74 732.07
1279.22 1459.5 1359.5 732.16
1279.6 1460.26 1360.26 732.25
1279.97 1461.01 1361.01 732.34
1280.35 1461.77 1361.77 732.43
1280.72 1462.52 1362.52 732.52
1281.09 1463.28 1363.28 732.61
1281.47 1464.04 1364.04 732.7
1281.84 1464.79 1364.79 732.79
1282.21 1465.55 1365.55 732.88
1282.59 1466.31 1366.31 732.97
1282.96 1467.06 1367.06 733.06
1283.34 1467.82 1367.82 733.15
1283.71 1468.57 1368.57 733.24
1284.08 1469.33 1369.33 733.33
1284.46 1470.09 1370.09 733.42
1284.83 1470.84 1370.84 733.51
1285.21 1471.6 1371.6 733.6
1285.58 1472.36 1372.36 733.69
1285.96 1473.11 1373.11 733.78
1286.33 1473.87 1373.87 733.87
1286.7 1474.63 1374.63 733.96
1287.08 1475.38 1375.38 734.05
1287.45 1476.14 1376.14 734.14
1287.83 1476.89 1376.89 734.23
1288.2 1477.65 1377.65 734.32
1288.58 1478.41 1378.41 734.41
1288.95 1479.16 1379.16 734.5
1289.33 1479.92 1379.92 734.59
1289.7 1480.68 1380.68 734.68
1290.08 1481.43 1381.43 734.77
1290.46 1482.19 1382.19 734.86
1290.83 1482.94 1382.94 734.95
1291.21 1483.7 1383.7 735.04
1291.58 1484.46 1384.46 735.13
1291.96 1485.21 1385.21 735.22
1292.34 1485.97 1385.97 735.31
1292.71 1486.73 1386.73 735.4
1293.09 1487.48 1387.48 735.49
1293.47 1488.24 1388.24 735.58
1293.85 1488.99 1388.99 735.67
1294.22 1489.75 1389.75 735.76
1294.6 1490.51 1390.51 735.85
1294.98 1491.26 1391.26 735.94
1295.36 1492.02 1392.02 736.03
1295.74 1492.78 1392.78 736.12
1296.12 1493.53 1393.53 736.21
1296.5 1494.29 1394.29 736.3
1296.88 1495.05 1395.05 736.39
1297.26 1495.8 1395.8 736.48
1297.64 1496.56 1396.56 736.57
1298.02 1497.31 1397.31 736.66
1298.4 1498.07 1398.07 736.75
1298.78 1498.83 1398.83 736.84
1299.16 1499.58 1399.58 736.93
1299.54 1500.34 1400.34 737.02
1299.92 1501.1 1401.1 737.11
1300.31 1501.85 1401.85 737.2
1300.69 1502.61 1402.61 737.29
1301.07 1503.36 1403.36 737.38
1301.46 1504.12 1404.12 737.47
1301.84 1504.88 1404.88 737.56
1302.23 1505.63 1405.63 737.65
1302.61 1506.39 1406.39 737.74
1303 1507.15 1407.15 737.83
1303.38 1507.9 1407.9 737.92
1303.77 1508.66 1408.66 738.01
1304.15 1509.42 1409.42 738.1
1304.54 1510.17 1410.17 738.19
1304.93 1510.93 1410.93 738.28
1305.32 1511.68 1411.68 738.37
1305.7 1512.44 1412.44 738.46
1306.09 1513.2 1413.2 738.55
1306.48 1513.95 1413.95 738.64
1306.87 1514.71 1414.71 738.73
1307.26 1515.47 1415.47 738.82
1307.65 1516.22 1416.22 738.91
1308.04 1516.98 1416.98 739
1308.44 1517.73 1417.73 739.09
1308.83 1518.49 1418.49 739.18
1309.22 1519.25 1419.25 739.27
1309.61 1520 1420 739.36
1310.01 1520.76 1420.76 739.45
1310.4 1521.52 1421.52 739.54
1310.8 1522.27 1422.27 739.63
1311.19 1523.03 1423.03 739.72
1311.59 1523.78 1423.78 739.81
1311.99 1524.54 1424.54 739.9
1312.38 1525.3 1425.3 739.99
1312.78 1526.05 1426.05 740.08
1313.18 1526.81 1426.81 740.17
1313.58 1527.57 1427.57 740.26
1313.98 1528.32 1428.32 740.35
1314.38 1529.08 1429.08 740.44
1314.78 1529.84 1429.84 740.53
1315.18 1530.59 1430.59 740.62
1315.58 1531.35 1431.35 740.71
1315.98 1532.1 1432.1 740.8
1316.39 1532.86 1432.86 740.89
1316.79 1533.62 1433.62 740.98
1317.19 1534.37 1434.37 741.07
1317.6 1535.13 1435.13 741.16
1318 1535.89 1435.89 741.25
1318.41 1536.64 1436.64 741.34
1318.81 1537.4 1437.4 741.43
1319.22 1538.15 1438.15 741.52
1319.62 1538.91 1438.91 741.61
1320.03 1539.67 1439.67 741.7
1320.43 1540.42 1440.42 741.79
1320.84 1541.18 1441.18 741.88
1321.25 1541.94 1441.94 741.97
1321.65 1542.69 1442.69 742.06
1322.06 1543.45 1443.45 742.15
1322.47 1544.21 1444.21 742.24
1322.87 1544.96 1444.96 742.33
1323.28 1545.72 1445.72 742.42
1323.69 1546.47 1446.47 742.51
1324.09 1547.23 1447.23 742.6
1324.5 1547.99 1447.99 742.69
1324.91 1548.74 1448.74 742.78
1325.32 1549.5 1449.5 742.87
1325.72 1550.26 1450.26 742.96
1326.13 1551.01 1451.01 743.05
1326.54 1551.77 1451.77 743.14
1326.95 1552.52 1452.52 743.23
1327.35 1553.28 1453.28 743.32
1327.76 1554.04 1454.04 743.41
1328.17 1554.79 1454.79 743.5
1328.58 1555.55 1455.55 743.59
1328.98 1556.31 1456.31 743.68
1329.39 1557.06 1457.06 743.77
1329.8 1557.82 1457.82 743.86
1330.2 1558.58 1458.58 743.95
1330.61 1559.33 1459.33 744.04
1331.02 1560.09 1460.09 744.13
1331.42 1560.84 1460.84 744.22
1331.83 1561.6 1461.6 744.31
1332.24 1562.36 1462.36 744.4
1332.64 1563.11 1463.11 744.49
1333.05 1563.87 1463.87 744.58
1333.45 1564.63 1464.63 744.67
1333.85 1565.38 1465.38 744.76
1334.26 1566.14 1466.14 744.85
1334.66 1566.89 1466.89 744.94
1335.07 1567.65 1467.65 745.03
1335.47 1568.41 1468.41 745.12
1335.87 1569.16 1469.16 745.21
1336.27 1569.92 1469.92 745.3
1336.67 1570.68 1470.68 745.39
1337.08 1571.43 1471.43 745.48
1337.48 1572.19 1472.19 745.57
1337.88 1572.94 1472.94 745.66
1338.28 1573.7 1473.7 745.75
1338.67 1574.46 1474.46 745.84
1339.07 1575.21 1475.21 745.93
1339.47 1575.97 1475.97 746.02
1339.87 1576.73 1476.73 746.11
1340.26 1577.48 1477.48 746.2
1340.66 1578.24 1478.24 746.29
1341.06 1579 1479 746.38
1341.45 1579.75 1479.75 746.47
1341.84 1580.51 1480.51 746.56
1342.24 1581.26 1481.26 746.65
1342.63 1582.02 1482.02 746.74
1343.02 1582.78 1482.78 746.83
1343.41 1583.53 1483.53 746.92
1343.8 1584.29 1484.29 747.01
1344.19 1585.05 1485.05 747.1
1344.58 1585.8 1485.8 747.19
1344.97 1586.56 1486.56 747.28
1345.36 1587.31 1487.31 747.37
1345.74 1588.07 1488.07 747.46
1346.13 1588.83 1488.83 747.55
1346.51 1589.58 1489.58 747.64
1346.89 1590.34 1490.34 747.73
1347.28 1591.1 1491.1 747.82
1347.66 1591.85 1491.85 747.91
1348.04 1592.61 1492.61 748
1348.42 1593.37 1493.37 748.09
1348.8 1594.12 1494.12 748.18
1349.17 1594.88 1494.88 748.27
1349.55 1595.63 1495.63 748.36
1349.93 1596.39 1496.39 748.45
1350.3 1597.15 1497.15 748.54
1350.67 1597.9 1497.9 748.63
1351.04 1598.66 1498.66 748.72
1351.42 1599.42 1499.42 748.81
1351.78 1600.17 1500.17 748.9
1352.15 1600.93 1500.93 748.99
1352.52 1601.68 1501.68 749.08
1352.89 1602.44 1502.44 749.17
1353.25 1603.2 1503.2 749.26
1353.62 1603.95 1503.95 749.35
1353.98 1604.71 1504.71 749.44
1354.34 1605.47 1505.47 749.53
1354.7 1606.22 1506.22 749.62
1355.06 1606.98 1506.98 749.71
1355.41 1607.73 1507.73 749.8
1355.77 1608.49 1508.49 749.89
1356.12 1609.25 1509.25 749.98
1356.48 1610 1510 750.07
1356.83 1610.76 1510.76 750.16
1357.18 1611.52 1511.52 750.25
1357.53 1612.27 1512.27 750.34
1357.87 1613.03 1513.03 750.43
1358.22 1613.79 1513.79 750.52
1358.56 1614.54 1514.54 750.61
1358.91 1615.3 1515.3 750.7
1359.25 1616.05 1516.05 750.79
1359.59 1616.81 1516.81 750.88
1359.93 1617.57 1517.57 750.97
1360.26 1618.32 1518.32 751.06
1360.6 1619.08 1519.08 751.15
1360.93 1619.84 1519.84 751.24
1361.26 1620.59 1520.59 751.33
1361.59 1621.35 1521.35 751.42
1361.92 1622.1 1522.1 751.51
1362.25 1622.86 1522.86 751.6
1362.57 1623.62 1523.62 751.69
1362.9 1624.37 1524.37 751.78
1363.22 1625.13 1525.13 751.87
1363.54 1625.89 1525.89 751.96
1363.85 1626.64 1526.64 752.05
1364.17 1627.4 1527.4 752.14
1364.48 1628.16 1528.16 752.23
1364.8 1628.91 1528.91 752.32
1365.11 1629.67 1529.67 752.41
1365.42 1630.42 1530.42 752.5
1365.72 1631.18 1531.18 752.59
1366.03 1631.94 1531.94 752.68
1366.33 1632.69 1532.69 752.77
1366.63 1633.45 1533.45 752.86
1366.93 1634.21 1534.21 752.95
1367.23 1634.96 1534.96 753.04
1367.52 1635.72 1535.72 753.13
1367.82 1636.47 1536.47 753.22
1368.11 1637.23 1537.23 753.31
1368.4 1637.99 1537.99 753.4
1368.68 1638.74 1538.74 753.49
1368.97 1639.5 1539.5 753.58
1369.25 1640.26 1540.26 753.67
1369.53 1641.01 1541.01 753.76
1369.81 1641.77 1541.77 753.85
1370.08 1642.53 1542.53 753.94
1370.36 1643.28 1543.28 754.03
1370.63 1644.04 1544.04 754.12
1370.9 1644.79 1544.79 754.21
1371.17 1645.55 1545.55 754.3
1371.43 1646.31 1546.31 754.39
1371.7 1647.06 1547.06 754.48
1371.96 1647.82 1547.82 754.57
1372.21 1648.58 1548.58 754.66
1372.47 1649.33 1549.33 754.75
1372.72 1650.09 1550.09 754.84
1372.98 1650.84 1550.84 754.93
1373.22 1651.6 1551.6 755.02
1373.47 1652.36 1552.36 755.11
1373.72 1653.11 1553.11 755.2
1373.96 1653.87 1553.87 755.29
1374.2 1654.63 1554.63 755.38
1374.43 1655.38 1555.38 755.47
1374.67 1656.14 1556.14 755.56
1374.9 1656.89 1556.89 755.65
1375.13 1657.65 1557.65 755.74
1375.35 1658.41 1558.41 755.83
1375.58 1659.16 1559.16 755.92
1375.8 1659.92 1559.92 756.01
1376.02 1660.68 1560.68 756.1
1376.24 1661.43 1561.43 756.19
1376.45 1662.19 1562.19 756.28
1376.66 1662.95 1562.95 756.37
1376.87 1663.7 1563.7 756.46
1377.07 1664.46 1564.46 756.55
1377.28 1665.21 1565.21 756.64
1377.48 1665.97 1565.97 756.73
1377.68 1666.73 1566.73 756.82
1377.87 1667.48 1567.48 756.91
1378.06 1668.24 1568.24 757
1378.25 1669 1569 757.09
1378.44 1669.75 1569.75 757.18
1378.62 1670.51 1570.51 757.27
1378.8 1671.26 1571.26 757.36
1378.98 1672.02 1572.02 757.45
1379.16 1672.78 1572.78 757.54
1379.33 1673.53 1573.53 757.63
1379.5 1674.29 1574.29 757.72
1379.66 1675.05 1575.05 757.81
1379.83 1675.8 1575.8 757.9
1379.99 1676.56 1576.56 757.99
1380.15 1677.32 1577.32 758.08
1380.3 1678.07 1578.07 758.17
1380.45 1678.83 1578.83 758.26
1380.6 1679.58 1579.58 758.35
1380.74 1680.34 1580.34 758.44
1380.89 1681.1 1581.1 758.53
1381.03 1681.85 1581.85 758.62
1381.16 1682.61 1582.61 758.71
1381.3 1683.37 1583.37 758.8
1381.42 1684.12 1584.12 758.89
1381.55 1684.88 1584.88 758.98
1381.67 1685.63 1585.63 759.07
1381.8 1686.39 1586.39 759.16
1381.91 1687.15 1587.15 759.25
1382.03 1687.9 1587.9 759.34
1382.14 1688.66 1588.66 759.43
1382.24 1689.42 1589.42 759.52
1382.35 1690.17 1590.17 759.61
1382.45 1690.93 1590.93 759.7
1382.55 1691.68 1591.68 759.79
1382.64 1692.44 1592.44 759.88
1382.73 1693.2 1593.2 759.97
1382.82 1693.95 1593.95 760.06
1382.9 1694.71 1594.71 760.15
1382.98 1695.47 1595.47 760.24
1383.06 1696.22 1596.22 760.33
1383.13 1696.98 1596.98 760.42
1383.2 1697.74 1597.74 760.51
1383.27 1698.49 1598.49 760.6
1383.34 1699.25 1599.25 760.69
1383.4 1700 1600 760.78
1383.46 1700.76 1600.76 760.87
1383.52 1701.52 1601.52 760.96
1383.57 1702.27 1602.27 761.05
1383.62 1703.03 1603.03 761.14
1383.67 1703.79 1603.79 761.23
1383.72 1704.54 1604.54 761.32
1383.76 1705.3 1605.3 761.41
1383.81 1706.05 1606.05 761.5
1383.85 1706.81 1606.81 761.59
1383.88 1707.57 1607.57 761.68
1383.92 1708.32 1608.32 761.77
1383.95 1709.08 1609.08 761.86
1383.99 1709.84 1609.84 761.95
1384.02 1710.59 1610.59 762.04
1384.04 1711.35 1611.35 762.13
1384.07 1712.11 1612.11 762.22
1384.09 1712.86 1612.86 762.31
1384.12 1713.62 1613.62 762.4
1384.14 1714.37 1614.37 762.49
1384.16 1715.13 1615.13 762.58
1384.18 1715.89 1615.89 762.67
1384.2 1716.64 1616.64 762.76
1384.21 1717.4 1617.4 762.85
1384.23 1718.16 1618.16 762.94
1384.24 1718.91 1618.91 763.03
1384.25 1719.67 1619.67 763.12
1384.27 1720.42 1620.42 763.21
1384.28 1721.18 1621.18 763.3
1384.29 1721.94 1621.94 763.39
1384.3 1722.69 1622.69 763.48
1384.31 1723.45 1623.45 763.57
1384.31 1724.21 1624.21 763.66
1384.32 1724.96 1624.96 763.75
1384.33 1725.72 1625.72 763.84
1384.34 1726.48 1626.48 763.93
1384.34 1727.23 1627.23 764.02
1384.35 1727.99 1627.99 764.11
1384.36 1728.74 1628.74 764.2
1384.36 1729.5 1629.5 764.29
1384.37 1730.26 1630.26 764.38
1384.37 1731.01 1631.01 764.47
1384.38 1731.77 1631.77 764.56
1384.38 1732.53 1632.53 764.65
1384.39 1733.28 1633.28 764.74
1384.4 1734.04 1634.04 764.83
1384.41 1734.79 1634.79 764.92
1384.41 1735.55 1635.55 765.01
1384.42 1736.31 1636.31 765.1
1384.43 1737.06 1637.06 765.19
1384.44 1737.82 1637.82 765.28
1384.45 1738.58 1638.58 765.37
1384.46 1739.33 1639.33 765.46
1384.47 1740.09 1640.09 765.55
1384.48 1740.84 1640.84 765.64
1384.5 1741.6 1641.6 765.73
1384.51 1742.36 1642.36 765.82
1384.53 1743.11 1643.11 765.91
1384.54 1743.87 1643.87 766
1384.56 1744.63 1644.63 766.09
1384.58 1745.38 1645.38 766.18
1384.6 1746.14 1646.14 766.27
1384.62 1746.9 1646.9 766.36
1384.65 1747.65 1647.65 766.45
1384.67 1748.41 1648.41 766.54
1384.7 1749.16 1649.16 766.63
1384.73 1749.92 1649.92 766.72
1384.76 1750.68 1650.68 766.81
1384.79 1751.43 1651.43 766.9
1384.83 1752.19 1652.19 766.99
1384.87 1752.95 1652.95 767.08
1384.91 1753.7 1653.7 767.17
1384.95 1754.46 1654.46 767.26
1384.99 1755.21 1655.21 767.35
1385.04 1755.97 1655.97 767.44
1385.08 1756.73 1656.73 767.53
1385.13 1757.48 1657.48 767.62
1385.19 1758.24 1658.24 767.71
1385.24 1759 1659 767.8
1385.3 1759.75 1659.75 767.89
1385.36 1760.51 1660.51 767.98
1385.43 1761.27 1661.27 768.07
1385.49 1762.02 1662.02 768.16
1385.56 1762.78 1662.78 768.25
1385.64 1763.53 1663.53 768.34
1385.71 1764.29 1664.29 768.43
1385.79 1765.05 1665.05 768.52
1385.87 1765.8 1665.8 768.61
1385.96 1766.56 1666.56 768.7
1386.05 1767.32 1667.32 768.79
1386.14 1768.07 1668.07 768.88
1386.24 1768.83 1668.83 768.97
1386.34 1769.58 1669.58 769.06
1386.44 1770.34 1670.34 769.15
1386.55 1771.1 1671.1 769.24
1386.66 1771.85 1671.85 769.33
1386.77 1772.61 1672.61 769.42
1386.89 1773.37 1673.37 769.51
1387.01 1774.12 1674.12 769.6
1387.14 1774.88 1674.88 769.69
1387.27 1775.63 1675.63 769.78
1387.41 1776.39 1676.39 769.87
1387.55 1777.15 1677.15 769.96
1387.69 1777.9 1677.9 770.05
1387.84 1778.66 1678.66 770.14
1387.99 1779.42 1679.42 770.23
1388.15 1780.17 1680.17 770.32
1388.31 1780.93 1680.93 770.41
1388.48 1781.69 1681.69 770.5
1388.65 1782.44 1682.44 770.59
1388.82 1783.2 1683.2 770.68
1389.01 1783.95 1683.95 770.77
1389.19 1784.71 1684.71 770.86
1389.38 1785.47 1685.47 770.95
1389.58 1786.22 1686.22 771.04
1389.78 1786.98 1686.98 771.13
1389.99 1787.74 1687.74 771.22
1390.2 1788.49 1688.49 771.31
1390.42 1789.25 1689.25 771.4
1390.64 1790 1690 771.49
1390.87 1790.76 1690.76 771.58
1391.1 1791.52 1691.52 771.67
1391.34 1792.27 1692.27 771.76
1391.59 1793.03 1693.03 771.85
1391.84 1793.79 1693.79 771.94
1392.1 1794.54 1694.54 772.03
1392.36 1795.3 1695.3 772.12
1392.63 1796.06 1696.06 772.21
1392.9 1796.81 1696.81 772.3
1393.19 1797.57 1697.57 772.39
1393.47 1798.32 1698.32 772.48
1393.77 1799.08 1699.08 772.57
1394.07 1799.84 1699.84 772.66
1394.37 1800.59 1700.59 772.75
1394.69 1801.35 1701.35 772.84
1395.01 1802.11 1702.11 772.93
1395.34 1802.86 1702.86 773.02
1395.67 1803.62 1703.62 773.11
1396.01 1804.37 1704.37 773.2
1396.36 1805.13 1705.13 773.29
1396.71 1805.89 1705.89 773.38
1397.07 1806.64 1706.64 773.47
1397.44 1807.4 1707.4 773.56
1397.81 1808.16 1708.16 773.65
1398.2 1808.91 1708.91 773.74
1398.59 1809.67 1709.67 773.83
1398.98 1810.43 1710.43 773.92
1399.39 1811.18 1711.18 774.01
1399.8 1811.94 1711.94 774.1
1400.22 1812.69 1712.69 774.19
1400.65 1813.45 1713.45 774.28
1401.08 1814.21 1714.21 774.37
1401.53 1814.96 1714.96 774.46
1401.98 1815.72 1715.72 774.55
1402.44 1816.48 1716.48 774.64
1402.9 1817.23 1717.23 774.73
1403.38 1817.99 1717.99 774.82
1403.86 1818.74 1718.74 774.91
1404.35 1819.5 1719.5 775
1404.85 1820.26 1720.26 775.09
1405.36 1821.01 1721.01 775.18
1405.87 1821.77 1721.77 775.27
1406.4 1822.53 1722.53 775.36
1406.93 1823.28 1723.28 775.45
1407.47 1824.04 1724.04 775.54
1408.02 1824.79 1724.79 775.63
1408.58 1825.55 1725.55 775.72
1409.15 1826.31 1726.31 775.81
1409.73 1827.06 1727.06 775.9
1410.31 1827.82 1727.82 775.99
1410.91 1828.58 1728.58 776.08
1411.51 1829.33 1729.33 776.17
1412.13 1830.09 1730.09 776.26
1412.75 1830.85 1730.85 776.35
1413.38 1831.6 1731.6 776.44
1414.02 1832.36 1732.36 776.53
1414.67 1833.11 1733.11 776.62
1415.33 1833.87 1733.87 776.71
1416 1834.63 1734.63 776.8
1416.68 1835.38 1735.38 776.89
1417.37 1836.14 1736.14 776.98
1418.07 1836.9 1736.9 777.07
1418.78 1837.65 1737.65 777.16
1419.5 1838.41 1738.41 777.25
1420.23 1839.16 1739.16 777.34
1420.97 1839.92 1739.92 777.43
1421.72 1840.68 1740.68 777.52
1422.48 1841.43 1741.43 777.61
1423.25 1842.19 1742.19 777.7
1424.03 1842.95 1742.95 777.79
1424.82 1843.7 1743.7 777.88
1425.62 1844.46 1744.46 777.97
1426.43 1845.22 1745.22 778.06
1427.25 1845.97 1745.97 778.15
1428.08 1846.73 1746.73 778.24
1428.93 1847.48 1747.48 778.33
1429.78 1848.24 1748.24 778.42
1430.65 1849 1749 778.51
1431.52 1849.75 1749.75 778.6
1432.41 1850.51 1750.51 778.69
1433.31 1851.27 1751.27 778.78
1434.22 1852.02 1752.02 778.87
1435.14 1852.78 1752.78 778.96
1436.07 1853.53 1753.53 779.05
1437.02 1854.29 1754.29 779.14
1437.97 1855.05 1755.05 779.23
1438.94 1855.8 1755.8 779.32
1439.92 1856.56 1756.56 779.41
1440.91 1857.32 1757.32 779.5
1441.91 1858.07 1758.07 779.59
1442.93 1858.83 1758.83 779.68
1443.95 1859.59 1759.59 779.77
1444.99 1860.34 1760.34 779.86
1446.04 1861.1 1761.1 779.95
1447.1 1861.85 1761.85 780.04
1448.18 1862.61 1762.61 780.13
1449.26 1863.37 1763.37 780.22
1450.36 1864.12 1764.12 780.31
1451.47 1864.88 1764.88 780.4
1452.59 1865.64 1765.64 780.49
1453.72 1866.39 1766.39 780.58
1454.86 1867.15 1767.15 780.67
1456.01 1867.9 1767.9 780.76
1457.17 1868.66 1768.66 780.85
1458.34 1869.42 1769.42 780.94
1459.52 1870.17 1770.17 781.03
1460.71 1870.93 1770.93 781.12
1461.91 1871.69 1771.69 781.21
1463.12 1872.44 1772.44 781.3
1464.33 1873.2 1773.2 781.39
1465.56 1873.95 1773.95 781.48
1466.79 1874.71 1774.71 781.57
1468.03 1875.47 1775.47 781.66
1469.27 1876.22 1776.22 781.75
1470.53 1876.98 1776.98 781.84
1471.79 1877.74 1777.74 781.93
1473.06 1878.49 1778.49 782.02
1474.33 1879.25 1779.25 782.11
1475.61 1880.01 1780.01 782.2
1476.89 1880.76 1780.76 782.29
1478.18 1881.52 1781.52 782.38
1479.48 1882.27 1782.27 782.47
1480.78 1883.03 1783.03 782.56
1482.08 1883.79 1783.79 782.65
1483.39 1884.54 1784.54 782.74
1484.71 1885.3 1785.3 782.83
1486.03 1886.06 1786.06 782.92
1487.35 1886.81 1786.81 783.01
1488.67 1887.57 1787.57 783.1
1490 1888.32 1788.32 783.19
1491.33 1889.08 1789.08 783.28
1492.66 1889.84 1789.84 783.37
1494 1890.59 1790.59 783.46
1495.34 1891.35 1791.35 783.55
1496.68 1892.11 1792.11 783.64
1498.02 1892.86 1792.86 783.73
1499.36 1893.62 1793.62 783.82
1500.71 1894.38 1794.38 783.91
1502.05 1895.13 1795.13 784
1503.4 1895.89 1795.89 784.09
1504.74 1896.64 1796.64 784.18
1506.09 1897.4 1797.4 784.27
1507.43 1898.16 1798.16 784.36
1508.78 1898.91 1798.91 784.45
1510.12 1899.67 1799.67 784.54
1511.47 1900.43 1800.43 784.63
1512.81 1901.18 1801.18 784.72
1514.15 1901.94 1801.94 784.81
1515.49 1902.69 1802.69 784.9
1516.82 1903.45 1803.45 784.99
1518.16 1904.21 1804.21 785.08
1519.49 1904.96 1804.96 785.17
1520.82 1905.72 1805.72 785.26
1522.14 1906.48 1806.48 785.35
1523.46 1907.23 1807.23 785.44
1524.78 1907.99 1807.99 785.53
1526.1 1908.74 1808.74 785.62
1527.41 1909.5 1809.5 785.71
1528.71 1910.26 1810.26 785.8
1530.01 1911.01 1811.01 785.89
1531.31 1911.77 1811.77 785.98
1532.6 1912.53 1812.53 786.07
1533.89 1913.28 1813.28 786.16
1535.17 1914.04 1814.04 786.25
1536.44 1914.8 1814.8 786.34
1537.71 1915.55 1815.55 786.43
1538.97 1916.31 1816.31 786.52
1540.22 1917.06 1817.06 786.61
1541.47 1917.82 1817.82 786.7
1542.71 1918.58 1818.58 786.79
1543.94 1919.33 1819.33 786.88
1545.17 1920.09 1820.09 786.97
1546.38 1920.85 1820.85 787.06
1547.59 1921.6 1821.6 787.15
1548.79 1922.36 1822.36 787.24
1549.98 1923.11 1823.11 787.33
1551.16 1923.87 1823.87 787.42
1552.33 1924.63 1824.63 787.51
1553.5 1925.38 1825.38 787.6
1554.65 1926.14 1826.14 787.69
1555.79 1926.9 1826.9 787.78
1556.92 1927.65 1827.65 787.87
1558.04 1928.41 1828.41 787.96
1559.15 1929.17 1829.17 788.05
1560.25 1929.92 1829.92 788.14
1561.34 1930.68 1830.68 788.23
1562.41 1931.43 1831.43 788.32
1563.48 1932.19 1832.19 788.41
1564.53 1932.95 1832.95 788.5
1565.57 1933.7 1833.7 788.59
1566.59 1934.46 1834.46 788.68
1567.61 1935.22 1835.22 788.77
1568.61 1935.97 1835.97 788.86
1569.59 1936.73 1836.73 788.95
1570.56 1937.48 1837.48 789.04
1571.52 1938.24 1838.24 789.13
1572.47 1939 1839 789.22
1573.4 1939.75 1839.75 789.31
1574.31 1940.51 1840.51 789.4
1575.21 1941.27 1841.27 789.49
1576.09 1942.02 1842.02 789.58
1576.96 1942.78 1842.78 789.67
1577.81 1943.54 1843.54 789.76
1578.65 1944.29 1844.29 789.85
1579.47 1945.05 1845.05 789.94
1580.27 1945.8 1845.8 790.03
1581.06 1946.56 1846.56 790.12
1581.82 1947.32 1847.32 790.21
1582.58 1948.07 1848.07 790.3
1583.31 1948.83 1848.83 790.39
1584.02 1949.59 1849.59 790.48
1584.72 1950.34 1850.34 790.57
1585.4 1951.1 1851.1 790.66
1586.06 1951.85 1851.85 790.75
1586.7 1952.61 1852.61 790.84
1587.32 1953.37 1853.37 790.93
1587.92 1954.12 1854.12 791.02
1588.5 1954.88 1854.88 791.11
1589.06 1955.64 1855.64 791.2
1589.6 1956.39 1856.39 791.29
1590.13 1957.15 1857.15 791.38
1590.62 1957.9 1857.9 791.47
1591.1 1958.66 1858.66 791.56
1591.56 1959.42 1859.42 791.65
1592 1960.17 1860.17 791.74
1592.41 1960.93 1860.93 791.83
1592.8 1961.69 1861.69 791.92
1593.17 1962.44 1862.44 792.01
1593.51 1963.2 1863.2 792.1
1593.84 1963.96 1863.96 792.19
1594.14 1964.71 1864.71 792.28
1594.41 1965.47 1865.47 792.37
1594.66 1966.22 1866.22 792.46
1594.89 1966.98 1866.98 792.55
1595.1 1967.74 1867.74 792.64
1595.28 1968.49 1868.49 792.73
1595.43 1969.25 1869.25 792.82
1595.56 1970.01 1870.01 792.91
1595.66 1970.76 1870.76 793
1595.74 1971.52 1871.52 793.09
1595.8 1972.27 1872.27 793.18
1595.82 1973.03 1873.03 793.27
1595.82 1973.79 1873.79 793.36
1595.8 1974.54 1874.54 793.45
1595.74 1975.3 1875.3 793.54
1595.66 1976.06 1876.06 793.63
1595.55 1976.81 1876.81 793.72
1595.42 1977.57 1877.57 793.81
1595.25 1978.33 1878.33 793.9
1595.06 1979.08 1879.08 793.99
1594.84 1979.84 1879.84 794.08
1594.59 1980.59 1880.59 794.17
1594.31 1981.35 1881.35 794.26
1594.01 1982.11 1882.11 794.35
1593.67 1982.86 1882.86 794.44
1593.3 1983.62 1883.62 794.53
1592.91 1984.38 1884.38 794.62
1592.48 1985.13 1885.13 794.71
1592.02 1985.89 1885.89 794.8
1591.53 1986.64 1886.64 794.89
1591.01 1987.4 1887.4 794.98
1590.46 1988.16 1888.16 795.07
1589.88 1988.91 1888.91 795.16
1589.26 1989.67 1889.67 795.25
1588.62 1990.43 1890.43 795.34
1587.94 1991.18 1891.18 795.43
1587.23 1991.94 1891.94 795.52
1586.48 1992.69 1892.69 795.61
1585.7 1993.45 1893.45 795.7
1584.89 1994.21 1894.21 795.79
1584.05 1994.96 1894.96 795.88
1583.17 1995.72 1895.72 795.97
1582.25 1996.48 1896.48 796.06
1581.31 1997.23 1897.23 796.15
1580.32 1997.99 1897.99 796.24
1579.31 1998.75 1898.75 796.33
1578.25 1999.5 1899.5 796.42
1577.16 2000.26 1900.26 796.51
1576.04 2001.01 1901.01 796.6
1574.88 2001.77 1901.77 796.69
1573.68 2002.53 1902.53 796.78
1572.45 2003.28 1903.28 796.87
1571.18 2004.04 1904.04 796.96
1569.87 2004.8 1904.8 797.05
1568.53 2005.55 1905.55 797.14
1567.14 2006.31 1906.31 797.23
1565.72 2007.06 1907.06 797.32
1564.27 2007.82 1907.82 797.41
1562.77 2008.58 1908.58 797.5
1561.23 2009.33 1909.33 797.59
1559.66 2010.09 1910.09 797.68
1558.04 2010.85 1910.85 797.77
1556.39 2011.6 1911.6 797.86
1554.7 2012.36 1912.36 797.95
1552.97 2013.12 1913.12 798.04
1551.19 2013.87 1913.87 798.13
1549.38 2014.63 1914.63 798.22
1547.52 2015.38 1915.38 798.31
1545.63 2016.14 1916.14 798.4
1543.69 2016.9 1916.9 798.49
1541.71 2017.65 1917.65 798.58
1539.69 2018.41 1918.41 798.67
1537.63 2019.17 1919.17 798.76
1535.53 2019.92 1919.92 798.85
1533.38 2020.68 1920.68 798.94
1531.19 2021.43 1921.43 799.03
1528.96 2022.19 1922.19 799.12
1526.68 2022.95 1922.95 799.21
1524.36 2023.7 1923.7 799.3
1522 2024.46 1924.46 799.39
1519.59 2025.22 1925.22 799.48
1517.13 2025.97 1925.97 799.57
1514.64 2026.73 1926.73 799.66
1512.09 2027.49 1927.49 799.75
1509.51 2028.24 1928.24 799.84
1506.87 2029 1929 799.93
1504.19 1023 923 800.02 PIT
1501.47 1023 923 800.11 PIT
1498.7 1023 923 800.2 PIT
1495.89 1023 923 800.29 PIT
1493.03 1023 923 800.38 PIT
1490.13 1023 923 800.47 PIT
1487.19 1023 923 800.56 PIT
1484.2 1023 923 800.65 PIT
1481.18 1023 923 800.74 PIT
1478.11 1023 923 800.83 PIT
1475.01 1023 923 800.92 PIT
1471.87 1023 923 801.01 PIT
1468.69 1023 923 801.1 PIT
1465.47 1023 923 801.19 PIT
1462.22 1023 923 801.28 PIT
1458.93 1023 923 801.37 PIT
1455.61 1023 923 801.46 PIT
1452.26 1023 923 801.55 PIT
1448.87 1023 923 801.64 PIT
1445.45 1023 923 801.73 PIT
1441.99 1023 923 801.82 PIT
1438.51 1023 923 801.91 PIT
1435 1023 923 802 PIT
1431.45 1023 923 802.09 PIT
1427.88 1023 923 802.18 PIT
1424.28 1023 923 802.27 PIT
1420.65 1023 923 802.36 PIT
1417 1023 923 802.45 PIT
1413.32 1023 923 802.54 PIT
1409.62 1023 923 802.63 PIT
1405.89 1023 923 802.72 PIT
1402.14 1023 923 802.81 PIT
1398.36 1023 923 802.9 PIT
1394.57 1023 923 802.99 PIT
1390.75 1023 923 803.08 PIT
1386.91 1023 923 803.17 PIT
1383.06 1023 923 803.26 PIT
1379.18 1023 923 803.35 PIT
1375.29 1023 923 803.44 PIT
1371.37 1023 923 803.53 PIT
1367.45 1023 923 803.62 PIT
1363.5 1023 923 803.71 PIT
1359.54 1023 923 803.8 PIT
1355.57 1023 923 803.89 PIT
1351.58 1023 923 803.98 PIT
1347.58 1023 923 804.07 PIT
1343.57 1023 923 804.16 PIT
1339.54 1023 923 804.25 PIT
1335.51 1023 923 804.34 PIT
1331.46 1023 923 804.43 PIT
1327.41 1023 923 804.52 PIT
1323.34 1023 923 804.61 PIT
1319.27 1023 923 804.7 PIT
1315.19 1023 923 804.79 PIT
1311.11 1023 923 804.88 PIT
1307.02 1023 923 804.97 PIT
1302.93 1023 923 805.06 PIT
1298.83 1023 923 805.15 PIT
1294.73 1023 923 805.24 PIT
1290.62 1023 923 805.33 PIT
1286.52 1023 923 805.42 PIT
1282.41 1023 923 805.51 PIT
1278.3 1023 923 805.6 PIT
1274.2 1023 923 805.69 PIT
1270.09 1023 923 805.78 PIT
1265.99 1023 923 805.87 PIT
1261.89 1023 923 805.96 PIT
1257.79 1023 923 806.05 PIT
1253.7 1023 923 806.14 PIT
1249.61 1023 923 806.23 PIT
1245.53 1023 923 806.32 PIT
1241.45 1023 923 806.41 PIT
1237.38 1023 923 806.5 PIT
1233.32 1023 923 806.59 PIT
1229.27 1023 923 806.68 PIT
1225.22 1023 923 806.77 PIT
1221.19 1023 923 806.86 PIT
1217.17 1023 923 806.95 PIT
1213.16 1023 923 807.04 PIT
1209.16 1023 923 807.13 PIT
1205.18 1023 923 807.22 PIT
1201.21 1023 923 807.31 PIT
1197.25 1023 923 807.4 PIT
1193.31 1023 923 807.49 PIT
1189.38 1023 923 807.58 PIT
1185.48 1023 923 807.67 PIT
1181.59 1023 923 807.76 PIT
1177.71 1023 923 807.85 PIT
1173.86 1023 923 807.94 PIT
1170.03 1023 923 808.03 PIT
1166.22 1023 923 808.12 PIT
1162.43 1023 923 808.21 PIT
1158.66 1023 923 808.3 PIT
1154.91 1023 923 808.39 PIT
1151.19 1023 923 808.48 PIT
1147.49 1023 923 808.57 PIT
1143.82 1023 923 808.66 PIT
1140.17 1023 923 808.75 PIT
1136.55 1023 923 808.84 PIT
1132.96 1023 923 808.93 PIT
1129.39 1023 923 809.02 PIT
1125.85 1023 923 809.11 PIT
1122.35 1023 923 809.2 PIT
1118.87 1023 923 809.29 PIT
1115.43 1023 923 809.38 PIT
1112.01 1023 923 809.47 PIT
1108.63 1023 923 809.56 PIT
1105.28 1023 923 809.65 PIT
1101.97 1023 923 809.74 PIT
1098.69 1023 923 809.83 PIT
1095.45 1023 923 809.92 PIT
1092.24 1023 923 810.01 PIT
1089.07 1023 923 810.1 PIT
1085.94 1023 923 810.19 PIT
1082.84 1023 923 810.28 PIT
1079.79 1023 923 810.37 PIT
1076.77 1023 923 810.46 PIT
1073.8 1023 923 810.55 PIT
1070.86 1023 923 810.64 PIT
1067.97 1023 923 810.73 PIT
1065.13 1023 923 810.82 PIT
1062.32 1023 923 810.91 PIT
1059.56 1023 923 811 PIT
1056.85 1023 923 811.09 PIT
1054.18 1023 923 811.18 PIT
1051.56 1023 923 811.27 PIT
1048.99 1023 923 811.36 PIT
1046.46 1023 923 811.45 PIT
1043.98 1023 923 811.54 PIT
1041.56 1023 923 811.63 PIT
1039.18 1023 923 811.72 PIT
1036.86 1023 923 811.81 PIT
1034.58 1023 923 811.9 PIT
1032.36 1023 923 811.99 PIT
1030.19 1023 923 812.08 PIT
1028.08 1023 923 812.17 PIT
1026.02 1023 923 812.26 PIT
1024.02 1023 923 812.35 PIT
1022.07 1023 923 812.44 PIT
1020.18 1023 923 812.53 PIT
1018.35 1023 923 812.62 PIT
1016.58 1023 923 812.71 PIT
1014.87 1023 923 812.8 PIT
1013.21 1023 923 812.89 PIT
1011.62 1023 923 812.98 PIT
1010.09 1023 923 813.07 PIT
1008.62 1023 923 813.16 PIT
1007.22 1023 923 813.25 PIT
1005.88 1023 923 813.34 PIT
1004.6 1023 923 813.43 PIT
1003.39 1023 923 813.52 PIT
1002.24 1023 923 813.61 PIT
1001.16 1023 923 813.7 PIT
1000.15 1023 923 813.79 PIT
999.212 1023 923 813.88 PIT
998.339 1023 923 813.97 PIT
997.535 1023 923 814.06 PIT
996.802 1023 923 814.15 PIT
996.141 1023 923 814.24 PIT
995.551 1023 923 814.33 PIT
995.034 1023 923 814.42 PIT
994.591 1023 923 814.51 PIT
994.222 1023 923 814.6 PIT
993.929 1023 923 814.69 PIT
993.711 1023 923 814.78 PIT
993.569 1023 923 814.87 PIT
993.505 1023 923 814.96 PIT
993.519 1023 923 815.05 PIT
993.612 1023 923 815.14 PIT
993.784 1023 923 815.23 PIT
994.036 1023 923 815.32 PIT
994.37 1023 923 815.41 PIT
994.785 1023 923 815.5 PIT
995.283 1023 923 815.59 PIT
995.864 1023 923 815.68 PIT
996.529 1023 923 815.77 PIT
997.279 1023 923 815.86 PIT
998.114 1023 923 815.95 PIT
999.035 1023 923 816.04 PIT
1000.04 1023 923 816.13 PIT
1001.14 1023 923 816.22 PIT
1002.32 1023 923 816.31 PIT
1003.6 1023 923 816.4 PIT
1004.96 1023 923 816.49 PIT
1006.42 1023 923 816.58 PIT
1007.96 1023 923 816.67 PIT
1009.6 1023 923 816.76 PIT
1011.33 1023 923 816.85 PIT
1013.16 1023 923 816.94 PIT
1015.08 1023 923 817.03 PIT
1017.09 1023 923 817.12 PIT
1019.2 1023 923 817.21 PIT
1021.41 1023 923 817.3 PIT
1023.71 1023 923 817.39 PIT
1026.12 1023 923 817.48 PIT
1028.62 1023 923 817.57 PIT
1031.22 1023 923 817.66 PIT
1033.92 1023 923 817.75 PIT
1036.72 1023 923 817.84 PIT
1039.63 1023 923 817.93 PIT
1042.64 1023 923 818.02 PIT
1045.75 1023 923 818.11 PIT
1048.96 1023 923 818.2 PIT
1052.28 1023 923 818.29 PIT
1055.71 1023 923 818.38 PIT
1059.24 1023 923 818.47 PIT
1062.88 1023 923 818.56 PIT
1066.63 1023 923 818.65 PIT
1070.48 1023 923 818.74 PIT
1074.45 1023 923 818.83 PIT
1078.52 1023 923 818.92 PIT
1082.71 1023 923 819.01 PIT
1087.01 1023 923 819.1 PIT
1091.41 1023 923 819.19 PIT
1095.94 1023 923 819.28 PIT
1100.57 1023 923 819.37 PIT
1105.33 1023 923 819.46 PIT
1110.19 1023 923 819.55 PIT
1115.18 1023 923 819.64 PIT
1120.27 1023 923 819.73 PIT
1125.49 1023 923 819.82 PIT
1130.83 1023 923 819.91 PIT
1136.28 1023 923 820 PIT
1141.86 1023 923 820.09 PIT
1147.55 1023 923 820.18 PIT
1153.36 1023 923 820.27 PIT
1159.29 1023 923 820.36 PIT
1165.33 1023 923 820.45 PIT
1171.49 1023 923 820.54 PIT
1177.76 1023 923 820.63 PIT
1184.14 1023 923 820.72 PIT
1190.64 1023 923 820.81 PIT
1197.24 1023 923 820.9 PIT
1203.95 1023 923 820.99 PIT
1210.78 1023 923 821.08 PIT
1217.71 1023 923 821.17 PIT
1224.74 1023 923 821.26 PIT
1231.88 1023 923 821.35 PIT
1239.13 1023 923 821.44 PIT
1246.48 1023 923 821.53 PIT
1253.93 1023 923 821.62 PIT
1261.48 1023 923 821.71 PIT
1269.13 1023 923 821.8 PIT
1276.88 1023 923 821.89 PIT
1284.73 1023 923 821.98 PIT
1292.67 1023 923 822.07 PIT
1300.71 1023 923 822.16 PIT
1308.84 1023 923 822.25 PIT
1317.07 1023 923 822.34 PIT
1325.39 1023 923 822.43 PIT
1333.8 1023 923 822.52 PIT
1342.31 1023 923 822.61 PIT
1350.9 1023 923 822.7 PIT
1359.58 1023 923 822.79 PIT
1368.34 1023 923 822.88 PIT
1377.2 1023 923 822.97 PIT
1386.14 1023 923 823.06 PIT
1395.16 1023 923 823.15 PIT
1404.26 1023 923 823.24 PIT
1413.45 1023 923 823.33 PIT
1422.72 1023 923 823.42 PIT
1432.07 1023 923 823.51 PIT
1441.5 1023 923 823.6 PIT
1451 1023 923 823.69 PIT
1460.58 1023 923 823.78 PIT
1470.24 1023 923 823.87 PIT
1479.97 1023 923 823.96 PIT
1489.78 1023 923 824.05 PIT
1499.66 1023 923 824.14 PIT
1509.61 1023 923 824.23 PIT
1519.63 1023 923 824.32 PIT
1529.72 1023 923 824.41 PIT
1539.88 1023 923 824.5 PIT
1550.1 1023 923 824.59 PIT
1560.39 1023 923 824.68 PIT
1570.75 1023 923 824.77 PIT
1581.17 1023 923 824.86 PIT
1591.65 1023 923 824.95 PIT
1602.2 1023 923 825.04 PIT
1612.81 1023 923 825.13 PIT
1623.48 1023 923 825.22 PIT
1634.2 1023 923 825.31 PIT
1644.99 1023 923 825.4 PIT
1655.83 1023 923 825.49 PIT
1666.72 1023 923 825.58 PIT
1677.67 1023 923 825.67 PIT
1688.68 1023 923 825.76 PIT
1699.74 1023 923 825.85 PIT
1710.84 1023 923 825.94 PIT
1722 1023 923 826.03 PIT
1733.21 1023 923 826.12 PIT
1744.47 1023 923 826.21 PIT
1755.77 1023 923 826.3 PIT
1767.12 1023 923 826.39 PIT
1778.52 1023 923 826.48 PIT
1789.96 1023 923 826.57 PIT
1801.44 1023 923 826.66 PIT
1812.97 1023 923 826.75 PIT
1824.54 1023 923 826.84 PIT
1836.14 1023 923 826.93 PIT
1847.79 1023 923 827.02 PIT
1859.47 1023 923 827.11 PIT
1871.19 1023 923 827.2 PIT
1882.95 1023 923 827.29 PIT
1894.74 1023 923 827.38 PIT
1906.56 1023 923 827.47 PIT
1918.42 1023 923 827.56 PIT
1930.31 1023 923 827.65 PIT
1942.23 1023 923 827.74 PIT
1954.18 1023 923 827.83 PIT
1966.15 1023 923 827.92 PIT
1978.16 1023 923 828.01 PIT
1990.19 1023 923 828.1 PIT
2002.25 1023 923 828.19 PIT
2014.33 1023 923 828.28 PIT
2026.43 1023 923 828.37 PIT
2038.56 1023 923 828.46 PIT
2050.7 1023 923 828.55 PIT
2062.87 1023 923 828.64 PIT
2075.06 1023 923 828.73 PIT
2087.26 1023 923 828.82 PIT
2099.48 1023 923 828.91 PIT
2111.72 1023 923 829 PIT
2123.97 1023 923 829.09 PIT
2136.23 1023 923 829.18 PIT
2148.51 1023 923 829.27 PIT
2160.8 1023 923 829.36 PIT
2173.1 1023 923 829.45 PIT
2185.41 1023 923 829.54 PIT
2197.73 1023 923 829.63 PIT
2210.05 1023 923 829.72 PIT
2222.39 1023 923 829.81 PIT
2234.72 1023 923 829.9 PIT
2247.06 1023 923 829.99 PIT
2259.41 1023 923 830.08 PIT
2271.76 1023 923 830.17 PIT
2284.1 1023 923 830.26 PIT
2296.45 1023 923 830.35 PIT
2308.8 1023 923 830.44 PIT
2321.14 1023 923 830.53 PIT
2333.49 1023 923 830.62 PIT
2345.83 1023 923 830.71 PIT
2358.16 1023 923 830.8 PIT
2370.48 1023 923 830.89 PIT
2382.8 1023 923 830.98 PIT
2395.12 1023 923 831.07 PIT
2407.42 1023 923 831.16 PIT
2419.71 1023 923 831.25 PIT
2431.99 1023 923 831.34 PIT
2444.26 1023 923 831.43 PIT
2456.51 1023 923 831.52 PIT
2468.75 1023 923 831.61 PIT
2480.97 1023 923 831.7 PIT
2493.18 1023 923 831.79 PIT
2505.37 1023 923 831.88 PIT
2517.54 1023 923 831.97 PIT
2529.69 1023 923 832.06 PIT
2541.82 1023 923 832.15 PIT
2553.93 1023 923 832.24 PIT
2566.01 1023 923 832.33 PIT
2578.07 1023 923 832.42 PIT
2590.11 1023 923 832.51 PIT
2602.11 1023 923 832.6 PIT
2614.1 1023 923 832.69 PIT
2626.05 1023 923 832.78 PIT
2637.97 1023 923 832.87 PIT
2649.87 1023 923 832.96 PIT
2661.73 1023 923 833.05 PIT
2673.56 1023 923 833.14 PIT
2685.36 1023 923 833.23 PIT
2697.12 1023 923 833.32 PIT
2708.85 1023 923 833.41 PIT
2720.54 1023 923 833.5 PIT
2732.19 1023 923 833.59 PIT
2743.8 1023 923 833.68 PIT
2755.37 1023 923 833.77 PIT
2766.91 1023 923 833.86 PIT
2778.4 1023 923 833.95 PIT
2789.85 1023 923 834.04 PIT
2801.25 1023 923 834.13 PIT
2812.61 1023 923 834.22 PIT
2823.92 1023 923 834.31 PIT
2835.19 1023 923 834.4 PIT
2846.4 1023 923 834.49 PIT
2857.57 1023 923 834.58 PIT
2868.69 1023 923 834.67 PIT
2879.75 1023 923 834.76 PIT
2890.77 1023 923 834.85 PIT
2901.73 1023 923 834.94 PIT
2912.63 1023 923 835.03 PIT
2923.48 1023 923 835.12 PIT
2934.28 1023 923 835.21 PIT
2945.01 1023 923 835.3 PIT
2955.69 1023 923 835.39 PIT
2966.31 1023 923 835.48 PIT
2976.86 1023 923 835.57 PIT
2987.36 1023 923 835.66 PIT
2997.79 1023 923 835.75 PIT
3008.16 1023 923 835.84 PIT
3018.46 1023 923 835.93 PIT
3028.7 1023 923 836.02 PIT
3038.87 1023 923 836.11 PIT
3048.97 1023 923 836.2 PIT
3059 1023 923 836.29 PIT
3068.96 1023 923 836.38 PIT
3078.85 1023 923 836.47 PIT
3088.67 1023 923 836.56 PIT
3098.42 1023 923 836.65 PIT
3108.09 1023 923 836.74 PIT
3117.68 1023 923 836.83 PIT
3127.2 1023 923 836.92 PIT
3136.64 1023 923 837.01 PIT
3146 1023 923 837.1 PIT
3155.28 1023 923 837.19 PIT
3164.49 1023 923 837.28 PIT
3173.61 1023 923 837.37 PIT
3182.64 1023 923 837.46 PIT
3191.6 1023 923 837.55 PIT
3200.46 1023 923 837.64 PIT
3209.25 1023 923 837.73 PIT
3217.94 1023 923 837.82 PIT
3226.55 1023 923 837.91 PIT
3235.06 1023 923 838 PIT
3243.49 1023 923 838.09 PIT
3251.83 1023 923 838.18 PIT
3260.07 1023 923 838.27 PIT
3268.22 1023 923 838.36 PIT
3276.28 1023 923 838.45 PIT
3284.24 1023 923 838.54 PIT
3292.1 1023 923 838.63 PIT
3299.87 1023 923 838.72 PIT
3307.54 1023 923 838.81 PIT
3315.1 1023 923 838.9 PIT
3322.57 1023 923 838.99 PIT
3329.94 1023 923 839.08 PIT
3337.2 1023 923 839.17 PIT
3344.36 1023 923 839.26 PIT
3351.41 1023 923 839.35 PIT
3358.36 1023 923 839.44 PIT
3365.2 1023 923 839.53 PIT
3371.93 1023 923 839.62 PIT
3378.56 1023 923 839.71 PIT
3385.07 1023 923 839.8 PIT
3391.47 1023 923 839.89 PIT
3397.76 1023 923 839.98 PIT
3403.94 2366.31 2266.31 840.07
3410 2367.07 2267.07 840.16
3415.95 2367.82 2267.82 840.25
3421.79 2368.58 2268.58 840.34
3427.52 2369.34 2269.34 840.43
3433.14 2370.09 2270.09 840.52
3438.65 2370.85 2270.85 840.61
3444.05 2371.6 2271.6 840.7
3449.34 2372.36 2272.36 840.79
3454.52 2373.12 2273.12 840.88
3459.59 2373.87 2273.87 840.97
3464.56 2374.63 2274.63 841.06
3469.42 2375.39 2275.39 841.15
3474.18 2376.14 2276.14 841.24
3478.83 2376.9 2276.9 841.33
3483.38 2377.65 2277.65 841.42
3487.82 2378.41 2278.41 841.51
3492.16 2379.17 2279.17 841.6
3496.4 2379.92 2279.92 841.69
3500.53 2380.68 2280.68 841.78
3504.57 2381.44 2281.44 841.87
3508.5 2382.19 2282.19 841.96
3512.34 2382.95 2282.95 842.05
3516.07 2383.71 2283.71 842.14
3519.71 2384.46 2284.46 842.23
3523.25 2385.22 2285.22 842.32
3526.69 2385.97 2285.97 842.41
3530.04 2386.73 2286.73 842.5
3533.28 2387.49 2287.49 842.59
3536.44 2388.24 2288.24 842.68
3539.5 2389 2289 842.77
3542.46 2389.76 2289.76 842.86
3545.33 2390.51 2290.51 842.95
3548.11 2391.27 2291.27 843.04
3550.8 2392.02 2292.02 843.13
3553.39 2392.78 2292.78 843.22
3555.89 2393.54 2293.54 843.31
3558.3 2394.29 2294.29 843.4
3560.63 2395.05 2295.05 843.49
3562.86 2395.81 2295.81 843.58
3565.01 2396.56 2296.56 843.67
3567.06 2397.32 2297.32 843.76
3569.03 2398.08 2298.08 843.85
3570.92 2398.83 2298.83 843.94
3572.72 2399.59 2299.59 844.03
3574.43 2400.34 2300.34 844.12
3576.05 2401.1 2301.1 844.21
3577.6 2401.86 2301.86 844.3
3579.06 2402.61 2302.61 844.39
3580.44 2403.37 2303.37 844.48
3581.73 2404.13 2304.13 844.57
3582.94 2404.88 2304.88 844.66
3584.08 2405.64 2305.64 844.75
3585.13 2406.39 2306.39 844.84
3586.1 2407.15 2307.15 844.93
3586.99 2407.91 2307.91 845.02
3587.81 2408.66 2308.66 845.11
3588.54 2409.42 2309.42 845.2
3589.2 2410.18 2310.18 845.29
3589.79 2410.93 2310.93 845.38
3590.3 2411.69 2311.69 845.47
3590.73 2412.45 2312.45 845.56
3591.08 2413.2 2313.2 845.65
3591.37 2413.96 2313.96 845.74
3591.58 2414.71 2314.71 845.83
3591.72 2415.47 2315.47 845.92
3591.78 2416.23 2316.23 846.01
3591.77 2416.98 2316.98 846.1
3591.7 2417.74 2317.74 846.19
3591.55 2418.5 2318.5 846.28
3591.33 2419.25 2319.25 846.37
3591.05 2420.01 2320.01 846.46
3590.69 2420.76 2320.76 846.55
3590.27 2421.52 2321.52 846.64
3589.78 2422.28 2322.28 846.73
3589.22 2423.03 2323.03 846.82
3588.6 2423.79 2323.79 846.91
3587.92 2424.55 2324.55 847
3587.16 2425.3 2325.3 847.09
3586.35 2426.06 2326.06 847.18
3585.47 2426.81 2326.81 847.27
3584.53 2427.57 2327.57 847.36
3583.53 2428.33 2328.33 847.45
3582.46 2429.08 2329.08 847.54
3581.34 2429.84 2329.84 847.63
3580.15 2430.6 2330.6 847.72
3578.91 2431.35 2331.35 847.81
3577.6 2432.11 2332.11 847.9
3576.24 2432.87 2332.87 847.99
3574.82 2433.62 2333.62 848.08
3573.34 2434.38 2334.38 848.17
3571.81 2435.13 2335.13 848.26
3570.22 2435.89 2335.89 848.35
3568.57 2436.65 2336.65 848.44
3566.88 2437.4 2337.4 848.53
3565.12 2438.16 2338.16 848.62
3563.32 2438.92 2338.92 848.71
3561.46 2439.67 2339.67 848.8
3559.55 2440.43 2340.43 848.89
3557.59 2441.18 2341.18 848.98
3555.57 2441.94 2341.94 849.07
3553.51 2442.7 2342.7 849.16
3551.4 2443.45 2343.45 849.25
3549.24 2444.21 2344.21 849.34
3547.03 2444.97 2344.97 849.43
3544.77 2445.72 2345.72 849.52
3542.47 2446.48 2346.48 849.61
3540.12 2447.24 2347.24 849.7
3537.72 2447.99 2347.99 849.79
3535.28 2448.75 2348.75 849.88
3532.8 2449.5 2349.5 849.97
3530.27 2450.26 2350.26 850.06
3527.7 2451.02 2351.02 850.15
3525.08 2451.77 2351.77 850.24
3522.42 2452.53 2352.53 850.33
3519.73 2453.29 2353.29 850.42
3516.99 2454.04 2354.04 850.51
3514.21 2454.8 2354.8 850.6
3511.39 2455.55 2355.55 850.69
3508.53 2456.31 2356.31 850.78
3505.64 2457.07 2357.07 850.87
3502.71 2457.82 2357.82 850.96
3499.74 2458.58 2358.58 851.05
3496.73 2459.34 2359.34 851.14
3493.69 2460.09 2360.09 851.23
3490.62 2460.85 2360.85 851.32
3487.51 2461.61 2361.61 851.41
3484.36 2462.36 2362.36 851.5
3481.19 2463.12 2363.12 851.59
3477.98 2463.87 2363.87 851.68
3474.74 2464.63 2364.63 851.77
3471.46 2465.39 2365.39 851.86
3468.16 2466.14 2366.14 851.95
3464.83 2466.9 2366.9 852.04
3461.46 2467.66 2367.66 852.13
3458.07 2468.41 2368.41 852.22
3454.65 2469.17 2369.17 852.31
3451.21 2469.92 2369.92 852.4
3447.73 2470.68 2370.68 852.49
3444.24 2471.44 2371.44 852.58
3440.71 2472.19 2372.19 852.67
3437.16 2472.95 2372.95 852.76
3433.59 2473.71 2373.71 852.85
3429.99 2474.46 2374.46 852.94
3426.37 2475.22 2375.22 853.03
3422.73 2475.97 2375.97 853.12
3419.06 2476.73 2376.73 853.21
3415.38 2477.49 2377.49 853.3
3411.67 2478.24 2378.24 853.39
3407.94 2479 2379 853.48
3404.2 2479.76 2379.76 853.57
3400.43 2480.51 2380.51 853.66
3396.65 2481.27 2381.27 853.75
3392.85 2482.03 2382.03 853.84
3389.04 2482.78 2382.78 853.93
3385.2 2483.54 2383.54 854.02
3381.36 2484.29 2384.29 854.11
3377.49 2485.05 2385.05 854.2
3373.62 2485.81 2385.81 854.29
3369.73 2486.56 2386.56 854.38
3365.82 2487.32 2387.32 854.47
3361.91 2488.08 2388.08 854.56
3357.98 2488.83 2388.83 854.65
3354.04 2489.59 2389.59 854.74
3350.09 2490.34 2390.34 854.83
3346.14 2491.1 2391.1 854.92
3342.17 2491.86 2391.86 855.01
3338.19 2492.61 2392.61 855.1
3334.21 2493.37 2393.37 855.19
3330.22 2494.13 2394.13 855.28
3326.22 2494.88 2394.88 855.37
3322.22 2495.64 2395.64 855.46
3318.21 2496.4 2396.4 855.55
3314.19 2497.15 2397.15 855.64
3310.18 2497.91 2397.91 855.73
3306.15 2498.66 2398.66 855.82
3302.13 2499.42 2399.42 855.91
3298.1 2500.18 2400.18 856
3294.08 2500.93 2400.93 856.09
3290.05 2501.69 2401.69 856.18
3286.02 2502.45 2402.45 856.27
3281.99 2503.2 2403.2 856.36
3277.96 2503.96 2403.96 856.45
3273.93 2504.71 2404.71 856.54
3269.91 2505.47 2405.47 856.63
3265.89 2506.23 2406.23 856.72
3261.87 2506.98 2406.98 856.81
3257.85 2507.74 2407.74 856.9
3253.85 2508.5 2408.5 856.99
3249.84 2509.25 2409.25 857.08
3245.84 2510.01 2410.01 857.17
3241.85 2510.76 2410.76 857.26
3237.87 2511.52 2411.52 857.35
3233.89 2512.28 2412.28 857.44
3229.92 2513.03 2413.03 857.53
3225.96 2513.79 2413.79 857.62
3222.02 2514.55 2414.55 857.71
3218.08 2515.3 2415.3 857.8
3214.15 2516.06 2416.06 857.89
3210.23 2516.82 2416.82 857.98
3206.33 2517.57 2417.57 858.07
3202.44 2518.33 2418.33 858.16
3198.56 2519.08 2419.08 858.25
3194.7 2519.84 2419.84 858.34
3190.85 2520.6 2420.6 858.43
3187.02 2521.35 2421.35 858.52
3183.2 2522.11 2422.11 858.61
3179.4 2522.87 2422.87 858.7
3175.62 2523.62 2423.62 858.79
3171.85 2524.38 2424.38 858.88
3168.11 2525.13 2425.13 858.97
3164.38 2525.89 2425.89 859.06
3160.67 2526.65 2426.65 859.15
3156.98 2527.4 2427.4 859.24
3153.32 2528.16 2428.16 859.33
3149.67 2528.92 2428.92 859.42
3146.05 2529.67 2429.67 859.51
3142.45 2530.43 2430.43 859.6
3138.88 2531.19 2431.19 859.69
3135.33 2531.94 2431.94 859.78
3131.8 2532.7 2432.7 859.87
3128.3 2533.45 2433.45 859.96
3124.82 2534.21 2434.21 860.05
3121.38 2534.97 2434.97 860.14
3117.95 2535.72 2435.72 860.23
3114.56 2536.48 2436.48 860.32
3111.19 2537.24 2437.24 860.41
3107.84 2537.99 2437.99 860.5
3104.52 2538.75 2438.75 860.59
3101.23 2539.5 2439.5 860.68
3097.96 2540.26 2440.26 860.77
3094.72 2541.02 2441.02 860.86
3091.5 2541.77 2441.77 860.95
3088.31 2542.53 2442.53 861.04
3085.14 2543.29 2443.29 861.13
3082 2544.04 2444.04 861.22
3078.88 2544.8 2444.8 861.31
3075.78 2545.56 2445.56 861.4
3072.71 2546.31 2446.31 861.49
3069.67 2547.07 2447.07 861.58
3066.65 2547.82 2447.82 861.67
3063.65 2548.58 2448.58 861.76
3060.67 2549.34 2449.34 861.85
3057.72 2550.09 2450.09 861.94
3054.79 2550.85 2450.85 862.03
3051.89 2551.61 2451.61 862.12
3049 2552.36 2452.36 862.21
3046.15 2553.12 2453.12 862.3
3043.31 2553.87 2453.87 862.39
3040.5 2554.63 2454.63 862.48
3037.7 2555.39 2455.39 862.57
3034.94 2556.14 2456.14 862.66
3032.19 2556.9 2456.9 862.75
3029.46 2557.66 2457.66 862.84
3026.76 2558.41 2458.41 862.93
3024.08 2559.17 2459.17 863.02
3021.42 2559.92 2459.92 863.11
3018.78 2560.68 2460.68 863.2
3016.17 2561.44 2461.44 863.29
3013.57 2562.19 2462.19 863.38
3011 2562.95 2462.95 863.47
3008.45 2563.71 2463.71 863.56
3005.91 2564.46 2464.46 863.65
3003.4 2565.22 2465.22 863.74
3000.91 2565.98 2465.98 863.83
2998.44 2566.73 2466.73 863.92
2995.99 2567.49 2467.49 864.01
2993.56 2568.24 2468.24 864.1
2991.15 2569 2469 864.19
2988.76 2569.76 2469.76 864.28
2986.39 2570.51 2470.51 864.37
2984.04 2571.27 2471.27 864.46
2981.7 2572.03 2472.03 864.55
2979.39 2572.78 2472.78 864.64
2977.1 2573.54 2473.54 864.73
2974.82 2574.29 2474.29 864.82
2972.57 2575.05 2475.05 864.91
2970.33 2575.81 2475.81 865
2968.11 2576.56 2476.56 865.09
2965.91 2577.32 2477.32 865.18
2963.73 2578.08 2478.08 865.27
2961.56 2578.83 2478.83 865.36
2959.42 2579.59 2479.59 865.45
2957.29 2580.35 2480.35 865.54
2955.18 2581.1 2481.1 865.63
2953.09 2581.86 2481.86 865.72
2951.01 2582.61 2482.61 865.81
2948.95 2583.37 2483.37 865.9
2946.91 2584.13 2484.13 865.99
2944.89 2584.88 2484.88 866.08
2942.88 2585.64 2485.64 866.17
2940.89 2586.4 2486.4 866.26
2938.92 2587.15 2487.15 866.35
2936.96 2587.91 2487.91 866.44
2935.02 2588.66 2488.66 866.53
2933.09 2589.42 2489.42 866.62
2931.18 2590.18 2490.18 866.71
2929.29 2590.93 2490.93 866.8
2927.41 2591.69 2491.69 866.89
2925.55 2592.45 2492.45 866.98
2923.7 2593.2 2493.2 867.07
2921.87 2593.96 2493.96 867.16
2920.05 2594.71 2494.71 867.25
2918.25 2595.47 2495.47 867.34
2916.46 2596.23 2496.23 867.43
2914.69 2596.98 2496.98 867.52
2912.93 2597.74 2497.74 867.61
2911.19 2598.5 2498.5 867.7
2909.46 2599.25 2499.25 867.79
2907.75 2600.01 2500.01 867.88
2906.05 2600.77 2500.77 867.97
2904.36 2601.52 2501.52 868.06
2902.69 2602.28 2502.28 868.15
2901.03 2603.03 2503.03 868.24
2899.38 2603.79 2503.79 868.33
2897.75 2604.55 2504.55 868.42
2896.13 2605.3 2505.3 868.51
2894.52 2606.06 2506.06 868.6
2892.93 2606.82 2506.82 868.69
2891.35 2607.57 2507.57 868.78
2889.78 2608.33 2508.33 868.87
2888.22 2609.08 2509.08 868.96
2886.68 2609.84 2509.84 869.05
2885.15 2610.6 2510.6 869.14
2883.63 2611.35 2511.35 869.23
2882.12 2612.11 2512.11 869.32
2880.63 2612.87 2512.87 869.41
2879.14 2613.62 2513.62 869.5
2877.67 2614.38 2514.38 869.59
2876.21 2615.14 2515.14 869.68
2874.76 2615.89 2515.89 869.77
2873.32 2616.65 2516.65 869.86
2871.89 2617.4 2517.4 869.95
2870.47 2618.16 2518.16 870.04
2869.06 2618.92 2518.92 870.13
2867.67 2619.67 2519.67 870.22
2866.28 2620.43 2520.43 870.31
2864.9 2621.19 2521.19 870.4
2863.54 2621.94 2521.94 870.49
2862.18 2622.7 2522.7 870.58
2860.84 2623.45 2523.45 870.67
2859.5 2624.21 2524.21 870.76
2858.17 2624.97 2524.97 870.85
2856.85 2625.72 2525.72 870.94
2855.54 2626.48 2526.48 871.03
2854.24 2627.24 2527.24 871.12
2852.95 2627.99 2527.99 871.21
2851.67 2628.75 2528.75 871.3
2850.4 2629.51 2529.51 871.39
2849.13 2630.26 2530.26 871.48
2847.88 2631.02 2531.02 871.57
2846.63 2631.77 2531.77 871.66
2845.39 2632.53 2532.53 871.75
2844.15 2633.29 2533.29 871.84
2842.93 2634.04 2534.04 871.93
2841.71 2634.8 2534.8 872.02
2840.5 2635.56 2535.56 872.11
2839.3 2636.31 2536.31 872.2
2838.1 2637.07 2537.07 872.29
2836.91 2637.82 2537.82 872.38
2835.73 2638.58 2538.58 872.47
2834.56 2639.34 2539.34 872.56
2833.39 2640.09 2540.09 872.65
2832.23 2640.85 2540.85 872.74
2831.07 2641.61 2541.61 872.83
2829.92 2642.36 2542.36 872.92
2828.78 2643.12 2543.12 873.01
2827.64 2643.87 2543.87 873.1
2826.51 2644.63 2544.63 873.19
2825.39 2645.39 2545.39 873.28
2824.27 2646.14 2546.14 873.37
2823.15 2646.9 2546.9 873.46
2822.04 2647.66 2547.66 873.55
2820.94 2648.41 2548.41 873.64
2819.84 2649.17 2549.17 873.73
2818.75 2649.93 2549.93 873.82
2817.66 2650.68 2550.68 873.91
2816.57 2651.44 2551.44 874
2815.49 2652.19 2552.19 874.09
2814.41 2652.95 2552.95 874.18
2813.34 2653.71 2553.71 874.27
2812.27 2654.46 2554.46 874.36
2811.2 2655.22 2555.22 874.45
2810.14 2655.98 2555.98 874.54
2809.08 2656.73 2556.73 874.63
2808.03 2657.49 2557.49 874.72
2806.98 2658.24 2558.24 874.81
2805.93 2659 2559 874.9
2804.89 2659.76 2559.76 874.99
2803.84 2660.51 2560.51 875.08
2802.8 2661.27 2561.27 875.17
2801.77 2662.03 2562.03 875.26
2800.73 2662.78 2562.78 875.35
2799.7 2663.54 2563.54 875.44
2798.67 2664.3 2564.3 875.53
2797.64 2665.05 2565.05 875.62
2796.61 2665.81 2565.81 875.71
2795.59 2666.56 2566.56 875.8
2794.56 2667.32 2567.32 875.89
2793.54 2668.08 2568.08 875.98
2792.52 2668.83 2568.83 876.07
2791.5 2669.59 2569.59 876.16
2790.48 2670.35 2570.35 876.25
2789.46 2671.1 2571.1 876.34
2788.44 2671.86 2571.86 876.43
2787.43 2672.61 2572.61 876.52
2786.41 2673.37 2573.37 876.61
2785.39 2674.13 2574.13 876.7
2784.38 2674.88 2574.88 876.79
2783.36 2675.64 2575.64 876.88
2782.35 2676.4 2576.4 876.97
2781.33 2677.15 2577.15 877.06
2780.31 2677.91 2577.91 877.15
2779.29 2678.66 2578.66 877.24
2778.28 2679.42 2579.42 877.33
2777.26 2680.18 2580.18 877.42
2776.24 2680.93 2580.93 877.51
2775.21 2681.69 2581.69 877.6
2774.19 2682.45 2582.45 877.69
2773.17 2683.2 2583.2 877.78
2772.14 2683.96 2583.96 877.87
2771.11 2684.72 2584.72 877.96
2770.08 2685.47 2585.47 878.05
2769.05 2686.23 2586.23 878.14
2768.02 2686.98 2586.98 878.23
2766.98 2687.74 2587.74 878.32
2765.94 2688.5 2588.5 878.41
2764.9 2689.25 2589.25 878.5
2763.86 2690.01 2590.01 878.59
2762.81 2690.77 2590.77 878.68
2761.76 2691.52 2591.52 878.77
2760.71 2692.28 2592.28 878.86
2759.66 2693.03 2593.03 878.95
2758.6 2693.79 2593.79 879.04
2757.53 2694.55 2594.55 879.13
2756.47 2695.3 2595.3 879.22
2755.4 2696.06 2596.06 879.31
2754.32 2696.82 2596.82 879.4
2753.24 2697.57 2597.57 879.49
2752.16 2698.33 2598.33 879.58
2751.07 2699.09 2599.09 879.67
2749.98 2699.84 2599.84 879.76
2748.88 2700.6 2600.6 879.85
2747.78 2701.35 2601.35 879.94
2746.67 2702.11 2602.11 880.03
2745.56 2702.87 2602.87 880.12
2744.45 2703.62 2603.62 880.21
2743.33 2704.38 2604.38 880.3
2742.2 2705.14 2605.14 880.39
2741.07 2705.89 2605.89 880.48
2739.93 2706.65 2606.65 880.57
2738.79 2707.4 2607.4 880.66
2737.64 2708.16 2608.16 880.75
2736.49 2708.92 2608.92 880.84
2735.34 2709.67 2609.67 880.93
2734.18 2710.43 2610.43 881.02
2733.01 2711.19 2611.19 881.11
2731.84 2711.94 2611.94 881.2
2730.66 2712.7 2612.7 881.29
2729.49 2713.46 2613.46 881.38
2728.3 2714.21 2614.21 881.47
2727.11 2714.97 2614.97 881.56
2725.92 2715.72 2615.72 881.65
2724.72 2716.48 2616.48 881.74
2723.52 2717.24 2617.24 881.83
2722.31 2717.99 2617.99 881.92
2721.1 2718.75 2618.75 882.01
2719.88 2719.51 2619.51 882.1
2718.66 2720.26 2620.26 882.19
2717.44 2721.02 2621.02 882.28
2716.21 2721.77 2621.77 882.37
2714.98 2722.53 2622.53 882.46
2713.74 2723.29 2623.29 882.55
2712.5 2724.04 2624.04 882.64
2711.25 2724.8 2624.8 882.73
2710 2725.56 2625.56 882.82
2708.75 2726.31 2626.31 882.91
2707.49 2727.07 2627.07 883
2706.23 2727.82 2627.82 883.09
2704.96 2728.58 2628.58 883.18
2703.69 2729.34 2629.34 883.27
2702.41 2730.09 2630.09 883.36
2701.13 2730.85 2630.85 883.45
2699.85 2731.61 2631.61 883.54
2698.56 2732.36 2632.36 883.63
2697.27 2733.12 2633.12 883.72
2695.98 2733.88 2633.88 883.81
2694.68 2734.63 2634.63 883.9
2693.38 2735.39 2635.39 883.99
2692.07 2736.14 2636.14 884.08
2690.76 2736.9 2636.9 884.17
2689.45 2737.66 2637.66 884.26
2688.13 2738.41 2638.41 884.35
2686.81 2739.17 2639.17 884.44
2685.49 2739.93 2639.93 884.53
2684.16 2740.68 2640.68 884.62
2682.83 2741.44 2641.44 884.71
2681.49 2742.19 2642.19 884.8
2680.15 2742.95 2642.95 884.89
2678.81 2743.71 2643.71 884.98
2677.46 2744.46 2644.46 885.07
2676.11 2745.22 2645.22 885.16
2674.76 2745.98 2645.98 885.25
2673.41 2746.73 2646.73 885.34
2672.05 2747.49 2647.49 885.43
2670.68 2748.25 2648.25 885.52
2669.32 2749 2649 885.61
2667.95 2749.76 2649.76 885.7
2666.58 2750.51 2650.51 885.79
2665.2 2751.27 2651.27 885.88
2663.82 2752.03 2652.03 885.97
2662.44 2752.78 2652.78 886.06
2661.05 2753.54 2653.54 886.15
2659.66 2754.3 2654.3 886.24
2658.27 2755.05 2655.05 886.33
2656.88 2755.81 2655.81 886.42
2655.48 2756.56 2656.56 886.51
2654.08 2757.32 2657.32 886.6
2652.68 2758.08 2658.08 886.69
2651.27 2758.83 2658.83 886.78
2649.86 2759.59 2659.59 886.87
2648.45 2760.35 2660.35 886.96
2647.03 2761.1 2661.1 887.05
2645.62 2761.86 2661.86 887.14
2644.2 2762.61 2662.61 887.23
2642.77 2763.37 2663.37 887.32
2641.35 2764.13 2664.13 887.41
2639.92 2764.88 2664.88 887.5
2638.49 2765.64 2665.64 887.59
2637.05 2766.4 2666.4 887.68
2635.62 2767.15 2667.15 887.77
2634.18 2767.91 2667.91 887.86
2632.73 2768.67 2668.67 887.95
2631.29 2769.42 2669.42 888.04
2629.84 2770.18 2670.18 888.13
2628.39 2770.93 2670.93 888.22
2626.94 2771.69 2671.69 888.31
2625.49 2772.45 2672.45 888.4
2624.03 2773.2 2673.2 888.49
2622.57 2773.96 2673.96 888.58
2621.11 2774.72 2674.72 888.67
2619.65 2775.47 2675.47 888.76
2618.18 2776.23 2676.23 888.85
2616.71 2776.98 2676.98 888.94
2615.24 2777.74 2677.74 889.03
2613.77 2778.5 2678.5 889.12
2612.3 2779.25 2679.25 889.21
2610.82 2780.01 2680.01 889.3
2609.34 2780.77 2680.77 889.39
2607.86 2781.52 2681.52 889.48
2606.38 2782.28 2682.28 889.57
2604.9 2783.04 2683.04 889.66
2603.41 2783.79 2683.79 889.75
2601.92 2784.55 2684.55 889.84
2600.43 2785.3 2685.3 889.93
2598.94 2786.06 2686.06 890.02
2597.44 2786.82 2686.82 890.11
2595.95 2787.57 2687.57 890.2
2594.45 2788.33 2688.33 890.29
2592.95 2789.09 2689.09 890.38
2591.45 2789.84 2689.84 890.47
2589.94 2790.6 2690.6 890.56
2588.44 2791.35 2691.35 890.65
2586.93 2792.11 2692.11 890.74
2585.43 2792.87 2692.87 890.83
2583.92 2793.62 2693.62 890.92
2582.41 2794.38 2694.38 891.01
2580.89 2795.14 2695.14 891.1
2579.38 2795.89 2695.89 891.19
2577.86 2796.65 2696.65 891.28
2576.35 2797.41 2697.41 891.37
2574.83 2798.16 2698.16 891.46
2573.31 2798.92 2698.92 891.55
2571.79 2799.67 2699.67 891.64
2570.26 2800.43 2700.43 891.73
2568.74 2801.19 2701.19 891.82
2567.21 2801.94 2701.94 891.91
2565.69 2802.7 2702.7 892
2564.16 2803.46 2703.46 892.09
2562.63 2804.21 2704.21 892.18
2561.1 2804.97 2704.97 892.27
2559.57 2805.72 2705.72 892.36
2558.04 2806.48 2706.48 892.45
2556.51 2807.24 2707.24 892.54
2554.97 2807.99 2707.99 892.63
2553.44 2808.75 2708.75 892.72
2551.9 2809.51 2709.51 892.81
2550.36 2810.26 2710.26 892.9
2548.82 2811.02 2711.02 892.99
2547.29 2811.77 2711.77 893.08
2545.75 2812.53 2712.53 893.17
2544.2 2813.29 2713.29 893.26
2542.66 2814.04 2714.04 893.35
2541.12 2814.8 2714.8 893.44
2539.58 2815.56 2715.56 893.53
2538.03 2816.31 2716.31 893.62
2536.49 2817.07 2717.07 893.71
2534.94 2817.83 2717.83 893.8
2533.4 2818.58 2718.58 893.89
2531.85 2819.34 2719.34 893.98
2530.31 2820.09 2720.09 894.07
2528.76 2820.85 2720.85 894.16
2527.21 2821.61 2721.61 894.25
2525.66 2822.36 2722.36 894.34
2524.11 2823.12 2723.12 894.43
2522.56 2823.88 2723.88 894.52
2521.01 2824.63 2724.63 894.61
2519.46 2825.39 2725.39 894.7
2517.91 2826.14 2726.14 894.79
2516.36 2826.9 2726.9 894.88
2514.81 2827.66 2727.66 894.97
2513.26 2828.41 2728.41 895.06
2511.71 2829.17 2729.17 895.15
2510.16 2829.93 2729.93 895.24
2508.6 2830.68 2730.68 895.33
2507.05 2831.44 2731.44 895.42
2505.5 2832.2 2732.2 895.51
2503.95 2832.95 2732.95 895.6
2502.4 2833.71 2733.71 895.69
2500.84 2834.46 2734.46 895.78
2499.29 2835.22 2735.22 895.87
2497.74 2835.98 2735.98 895.96
2496.19 2836.73 2736.73 896.05
2494.64 2837.49 2737.49 896.14
2493.08 2838.25 2738.25 896.23
2491.53 2839 2739 896.32
2489.98 2839.76 2739.76 896.41
2488.43 2840.51 2740.51 896.5
2486.88 2841.27 2741.27 896.59
2485.33 2842.03 2742.03 896.68
2483.78 2842.78 2742.78 896.77
2482.23 2843.54 2743.54 896.86
2480.68 2844.3 2744.3 896.95
2479.13 2845.05 2745.05 897.04
2477.58 2845.81 2745.81 897.13
2476.03 2846.57 2746.57 897.22
2474.48 2847.32 2747.32 897.31
2472.93 2848.08 2748.08 897.4
2471.38 2848.83 2748.83 897.49
2469.84 2849.59 2749.59 897.58
2468.29 2850.35 2750.35 897.67
2466.75 2851.1 2751.1 897.76
2465.2 2851.86 2751.86 897.85
2463.66 2852.62 2752.62 897.94
2462.11 2853.37 2753.37 898.03
2460.57 2854.13 2754.13 898.12
2459.03 2854.88 2754.88 898.21
2457.49 2855.64 2755.64 898.3
2455.95 2856.4 2756.4 898.39
2454.41 2857.15 2757.15 898.48
2452.87 2857.91 2757.91 898.57
2451.33 2858.67 2758.67 898.66
2449.8 2859.42 2759.42 898.75
2448.26 2860.18 2760.18 898.84
2446.73 2860.93 2760.93 898.93
2445.19 2861.69 2761.69 899.02
2443.66 2862.45 2762.45 899.11
2442.13 2863.2 2763.2 899.2
2440.6 2863.96 2763.96 899.29
2439.07 2864.72 2764.72 899.38
2437.54 2865.47 2765.47 899.47
2436.01 2866.23 2766.23 899.56
2434.49 2866.99 2766.99 899.65
2432.96 2867.74 2767.74 899.74
2431.44 2868.5 2768.5 899.83
2429.92 2869.25 2769.25 899.92
2428.4 2870.01 2770.01 900.01
2426.88 2870.77 2770.77 900.1
2425.36 2871.52 2771.52 900.19
2423.84 2872.28 2772.28 900.28
2422.33 2873.04 2773.04 900.37
2420.81 2873.79 2773.79 900.46
2419.3 2874.55 2774.55 900.55
2417.79 2875.3 2775.3 900.64
2416.28 2876.06 2776.06 900.73
2414.77 2876.82 2776.82 900.82
2413.27 2877.57 2777.57 900.91
2411.76 2878.33 2778.33 901
2410.26 2879.09 2779.09 901.09
2408.76 2879.84 2779.84 901.18
2407.26 2880.6 2780.6 901.27
2405.76 2881.36 2781.36 901.36
2404.26 2882.11 2782.11 901.45
2402.76 2882.87 2782.87 901.54
2401.27 2883.62 2783.62 901.63
2399.78 2884.38 2784.38 901.72
2398.29 2885.14 2785.14 901.81
2396.8 2885.89 2785.89 901.9
2395.31 2886.65 2786.65 901.99
2393.82 2887.41 2787.41 902.08
2392.34 2888.16 2788.16 902.17
2390.85 2888.92 2788.92 902.26
2389.37 2889.67 2789.67 902.35
2387.89 2890.43 2790.43 902.44
2386.41 2891.19 2791.19 902.53
2384.94 2891.94 2791.94 902.62
2383.46 2892.7 2792.7 902.71
2381.99 2893.46 2793.46 902.8
2380.52 2894.21 2794.21 902.89
2379.05 2894.97 2794.97 902.98
2377.58 2895.72 2795.72 903.07
2376.11 2896.48 2796.48 903.16
2374.65 2897.24 2797.24 903.25
2373.19 2897.99 2797.99 903.34
2371.72 2898.75 2798.75 903.43
2370.27 2899.51 2799.51 903.52
2368.81 2900.26 2800.26 903.61
2367.35 2901.02 2801.02 903.7
2365.9 2901.78 2801.78 903.79
2364.45 2902.53 2802.53 903.88
2363 2903.29 2803.29 903.97
2361.55 2904.04 2804.04 904.06
2360.1 2904.8 2804.8 904.15
2358.66 2905.56 2805.56 904.24
2357.21 2906.31 2806.31 904.33
2355.77 2907.07 2807.07 904.42
2354.33 2907.83 2807.83 904.51
2352.89 2908.58 2808.58 904.6
2351.46 2909.34 2809.34 904.69
2350.03 2910.09 2810.09 904.78
2348.59 2910.85 2810.85 904.87
2347.16 2911.61 2811.61 904.96
2345.74 2912.36 2812.36 905.05
2344.31 2913.12 2813.12 905.14
2342.89 2913.88 2813.88 905.23
2341.47 2914.63 2814.63 905.32
2340.05 2915.39 2815.39 905.41
2338.63 2916.15 2816.15 905.5
2337.21 2916.9 2816.9 905.59
2335.8 2917.66 2817.66 905.68
2334.39 2918.41 2818.41 905.77
2332.98 2919.17 2819.17 905.86
2331.57 2919.93 2819.93 905.95
2330.16 2920.68 2820.68 906.04
2328.76 2921.44 2821.44 906.13
2327.36 2922.2 2822.2 906.22
2325.96 2922.95 2822.95 906.31
2324.56 2923.71 2823.71 906.4
2323.17 2924.46 2824.46 906.49
2321.78 2925.22 2825.22 906.58
2320.38 2925.98 2825.98 906.67
2319 2926.73 2826.73 906.76
2317.61 2927.49 2827.49 906.85
2316.23 2928.25 2828.25 906.94
2314.84 2929 2829 907.03
2313.46 2929.76 2829.76 907.12
2312.09 2930.52 2830.52 907.21
2310.71 2931.27 2831.27 907.3
2309.34 2932.03 2832.03 907.39
2307.97 2932.78 2832.78 907.48
2306.6 2933.54 2833.54 907.57
2305.23 2934.3 2834.3 907.66
2303.87 2935.05 2835.05 907.75
2302.5 2935.81 2835.81 907.84
2301.15 2936.57 2836.57 907.93
2299.79 2937.32 2837.32 908.02
2298.43 2938.08 2838.08 908.11
2297.08 2938.83 2838.83 908.2
2295.73 2939.59 2839.59 908.29
2294.38 2940.35 2840.35 908.38
2293.04 2941.1 2841.1 908.47
2291.69 2941.86 2841.86 908.56
2290.35 2942.62 2842.62 908.65
2289.01 2943.37 2843.37 908.74
2287.68 2944.13 2844.13 908.83
2286.34 2944.88 2844.88 908.92
2285.01 2945.64 2845.64 909.01
2283.68 2946.4 2846.4 909.1
2282.36 2947.15 2847.15 909.19
2281.03 2947.91 2847.91 909.28
2279.71 2948.67 2848.67 909.37
2278.39 2949.42 2849.42 909.46
2277.07 2950.18 2850.18 909.55
2275.76 2950.94 2850.94 909.64
2274.45 2951.69 2851.69 909.73
2273.14 2952.45 2852.45 909.82
2271.83 2953.2 2853.2 909.91
2270.53 2953.96 2853.96 910
2269.23 2954.72 2854.72 910.09
2267.93 2955.47 2855.47 910.18
2266.63 2956.23 2856.23 910.27
2265.34 2956.99 2856.99 910.36
2264.05 2957.74 2857.74 910.45
2262.76 2958.5 2858.5 910.54
2261.47 2959.25 2859.25 910.63
2260.19 2960.01 2860.01 910.72
2258.91 2960.77 2860.77 910.81
2257.63 2961.52 2861.52 910.9
2256.35 2962.28 2862.28 910.99
2255.08 2963.04 2863.04 911.08
2253.81 2963.79 2863.79 911.17
2252.54 2964.55 2864.55 911.26
2251.28 2965.31 2865.31 911.35
2250.01 2966.06 2866.06 911.44
2248.75 2966.82 2866.82 911.53
2247.5 2967.57 2867.57 911.62
2246.24 2968.33 2868.33 911.71
2244.99 2969.09 2869.09 911.8
2243.74 2969.84 2869.84 911.89
2242.5 2970.6 2870.6 911.98
2241.26 2971.36 2871.36 912.07
2240.01 2972.11 2872.11 912.16
2238.78 2972.87 2872.87 912.25
2237.54 2973.62 2873.62 912.34
2236.31 2974.38 2874.38 912.43
2235.08 2975.14 2875.14 912.52
2233.86 2975.89 2875.89 912.61
2232.63 2976.65 2876.65 912.7
2231.41 2977.41 2877.41 912.79
2230.19 2978.16 2878.16 912.88
2228.98 2978.92 2878.92 912.97
2227.77 2979.67 2879.67 913.06
2226.56 2980.43 2880.43 913.15
2225.35 2981.19 2881.19 913.24
2224.15 2981.94 2881.94 913.33
2222.95 2982.7 2882.7 913.42
2221.75 2983.46 2883.46 913.51
2220.56 2984.21 2884.21 913.6
2219.37 2984.97 2884.97 913.69
2218.18 2985.73 2885.73 913.78
2216.99 2986.48 2886.48 913.87
2215.81 2987.24 2887.24 913.96
2214.63 2987.99 2887.99 914.05
2213.45 2988.75 2888.75 914.14
2212.28 2989.51 2889.51 914.23
2211.11 2990.26 2890.26 914.32
2209.94 2991.02 2891.02 914.41
2208.78 2991.78 2891.78 914.5
2207.62 2992.53 2892.53 914.59
2206.46 2993.29 2893.29 914.68
2205.31 2994.04 2894.04 914.77
2204.15 2994.8 2894.8 914.86
2203.01 2995.56 2895.56 914.95
2201.86 2996.31 2896.31 915.04
2200.72 2997.07 2897.07 915.13
2199.58 2997.83 2897.83 915.22
2198.44 2998.58 2898.58 915.31
2197.31 2999.34 2899.34 915.4
2196.18 3000.1 2900.1 915.49
2195.05 3000.85 2900.85 915.58
2193.93 3001.61 2901.61 915.67
2192.81 3002.36 2902.36 915.76
2191.69 3003.12 2903.12 915.85
2190.58 3003.88 2903.88 915.94
2189.47 3004.63 2904.63 916.03
2188.36 3005.39 2905.39 916.12
2187.26 3006.15 2906.15 916.21
2186.15 3006.9 2906.9 916.3
2185.06 3007.66 2907.66 916.39
2183.96 3008.41 2908.41 916.48
2182.87 3009.17 2909.17 916.57
2181.78 3009.93 2909.93 916.66
2180.7 3010.68 2910.68 916.75
2179.62 3011.44 2911.44 916.84
2178.54 3012.2 2912.2 916.93
2177.47 3012.95 2912.95 917.02
2176.4 3013.71 2913.71 917.11
2175.33 3014.47 2914.47 917.2
2174.27 3015.22 2915.22 917.29
2173.2 3015.98 2915.98 917.38
2172.15 3016.73 2916.73 917.47
2171.09 3017.49 2917.49 917.56
2170.04 3018.25 2918.25 917.65
2169 3019 2919 917.74
2167.95 3019.76 2919.76 917.83
2166.91 3020.52 2920.52 917.92
2165.88 3021.27 2921.27 918.01
2164.84 3022.03 2922.03 918.1
2163.81 3022.78 2922.78 918.19
2162.79 3023.54 2923.54 918.28
2161.76 3024.3 2924.3 918.37
2160.74 3025.05 2925.05 918.46
2159.73 3025.81 2925.81 918.55
2158.72 3026.57 2926.57 918.64
2157.71 3027.32 2927.32 918.73
2156.7 3028.08 2928.08 918.82
2155.7 3028.83 2928.83 918.91
2154.7 3029.59 2929.59 919
2153.71 3030.35 2930.35 919.09
2152.72 3031.1 2931.1 919.18
2151.73 3031.86 2931.86 919.27
2150.75 3032.62 2932.62 919.36
2149.77 3033.37 2933.37 919.45
2148.79 3034.13 2934.13 919.54
2147.82 3034.89 2934.89 919.63
2146.85 3035.64 2935.64 919.72
2145.89 3036.4 2936.4 919.81
2144.93 3037.15 2937.15 919.9
2143.97 3037.91 2937.91 919.99
2143.01 3038.67 2938.67 920.08
2142.06 3039.42 2939.42 920.17
2141.12 3040.18 2940.18 920.26
2140.17 3040.94 2940.94 920.35
2139.24 3041.69 2941.69 920.44
2138.3 3042.45 2942.45 920.53
2137.37 3043.2 2943.2 920.62
2136.44 3043.96 2943.96 920.71
2135.52 3044.72 2944.72 920.8
2134.59 3045.47 2945.47 920.89
2133.68 3046.23 2946.23 920.98
2132.76 3046.99 2946.99 921.07
2131.85 3047.74 2947.74 921.16
2130.95 3048.5 2948.5 921.25
2130.04 3049.26 2949.26 921.34
2129.15 3050.01 2950.01 921.43
2128.25 3050.77 2950.77 921.52
2127.36 3051.52 2951.52 921.61
2126.47 3052.28 2952.28 921.7
2125.59 3053.04 2953.04 921.79
2124.7 3053.79 2953.79 921.88
2123.83 3054.55 2954.55 921.97
2122.95 3055.31 2955.31 922.06
2122.08 3056.06 2956.06 922.15
2121.22 3056.82 2956.82 922.24
2120.35 3057.57 2957.57 922.33
2119.49 3058.33 2958.33 922.42
2118.64 3059.09 2959.09 922.51
2117.78 3059.84 2959.84 922.6
2116.93 3060.6 2960.6 922.69
2116.09 3061.36 2961.36 922.78
2115.25 3062.11 2962.11 922.87
2114.41 3062.87 2962.87 922.96
2113.57 3063.62 2963.62 923.05
2112.74 3064.38 2964.38 923.14
2111.91 3065.14 2965.14 923.23
2111.09 3065.89 2965.89 923.32
2110.26 3066.65 2966.65 923.41
2109.45 3067.41 2967.41 923.5
2108.63 3068.16 2968.16 923.59
2107.82 3068.92 2968.92 923.68
2107.01 3069.68 2969.68 923.77
2106.21 3070.43 2970.43 923.86
2105.41 3071.19 2971.19 923.95
2104.61 3071.94 2971.94 924.04
2103.82 3072.7 2972.7 924.13
2103.03 3073.46 2973.46 924.22
2102.24 3074.21 2974.21 924.31
2101.45 3074.97 2974.97 924.4
2100.67 3075.73 2975.73 924.49
2099.9 3076.48 2976.48 924.58
2099.12 3077.24 2977.24 924.67
2098.35 3077.99 2977.99 924.76
2097.59 3078.75 2978.75 924.85
2096.82 3079.51 2979.51 924.94
2096.06 3080.26 2980.26 925.03
2095.3 3081.02 2981.02 925.12
2094.55 3081.78 2981.78 925.21
2093.8 3082.53 2982.53 925.3
2093.05 3083.29 2983.29 925.39
2092.31 3084.05 2984.05 925.48
2091.57 3084.8 2984.8 925.57
2090.83 3085.56 2985.56 925.66
2090.1 3086.31 2986.31 925.75
2089.37 3087.07 2987.07 925.84
2088.64 3087.83 2987.83 925.93
2087.91 3088.58 2988.58 926.02
2087.19 3089.34 2989.34 926.11
2086.47 3090.1 2990.1 926.2
2085.76 3090.85 2990.85 926.29
2085.05 3091.61 2991.61 926.38
2084.34 3092.36 2992.36 926.47
2083.64 3093.12 2993.12 926.56
2082.93 3093.88 2993.88 926.65
2082.24 3094.63 2994.63 926.74
2081.54 3095.39 2995.39 926.83
2080.85 3096.15 2996.15 926.92
2080.16 3096.9 2996.9 927.01
2079.47 3097.66 2997.66 927.1
2078.79 3098.42 2998.42 927.19
2078.11 3099.17 2999.17 927.28
2077.43 3099.93 2999.93 927.37
2076.76 3100.68 3000.68 927.46
2076.09 3101.44 3001.44 927.55
2075.42 3102.2 3002.2 927.64
2074.76 3102.95 3002.95 927.73
2074.1 3103.71 3003.71 927.82
2073.44 3104.47 3004.47 927.91
2072.79 3105.22 3005.22 928
2072.13 3105.98 3005.98 928.09
2071.49 3106.73 3006.73 928.18
2070.84 3107.49 3007.49 928.27
2070.2 3108.25 3008.25 928.36
2069.56 3109 3009 928.45
2068.92 3109.76 3009.76 928.54
2068.29 3110.52 3010.52 928.63
2067.66 3111.27 3011.27 928.72
2067.03 3112.03 3012.03 928.81
2066.41 3112.78 3012.78 928.9
2065.79 3113.54 3013.54 928.99
2065.17 3114.3 3014.3 929.08
2064.55 3115.05 3015.05 929.17
2063.94 3115.81 3015.81 929.26
2063.33 3116.57 3016.57 929.35
2062.73 3117.32 3017.32 929.44
2062.12 3118.08 3018.08 929.53
2061.52 3118.84 3018.84 929.62
2060.93 3119.59 3019.59 929.71
2060.33 3120.35 3020.35 929.8
2059.74 3121.1 3021.1 929.89
2059.15 3121.86 3021.86 929.98
2058.57 3122.62 3022.62 930.07
2057.99 3123.37 3023.37 930.16
2057.41 3124.13 3024.13 930.25
2056.83 3124.89 3024.89 930.34
2056.26 3125.64 3025.64 930.43
2055.69 3126.4 3026.4 930.52
2055.12 3127.15 3027.15 930.61
2054.55 3127.91 3027.91 930.7
2053.99 3128.67 3028.67 930.79
2053.43 3129.42 3029.42 930.88
2052.87 3130.18 3030.18 930.97
2052.32 3130.94 3030.94 931.06
2051.77 3131.69 3031.69 931.15
2051.22 3132.45 3032.45 931.24
2050.68 3133.21 3033.21 931.33
2050.13 3133.96 3033.96 931.42
2049.6 3134.72 3034.72 931.51
2049.06 3135.47 3035.47 931.6
2048.53 3136.23 3036.23 931.69
2047.99 3136.99 3036.99 931.78
2047.47 3137.74 3037.74 931.87
2046.94 3138.5 3038.5 931.96
2046.42 3139.26 3039.26 932.05
2045.9 3140.01 3040.01 932.14
2045.38 3140.77 3040.77 932.23
2044.87 3141.52 3041.52 932.32
2044.36 3142.28 3042.28 932.41
2043.85 3143.04 3043.04 932.5
2043.34 3143.79 3043.79 932.59
2042.84 3144.55 3044.55 932.68
2042.34 3145.31 3045.31 932.77
2041.84 3146.06 3046.06 932.86
2041.34 3146.82 3046.82 932.95
2040.85 3147.58 3047.58 933.04
2040.36 3148.33 3048.33 933.13
2039.87 3149.09 3049.09 933.22
2039.39 3149.84 3049.84 933.31
2038.91 3150.6 3050.6 933.4
2038.43 3151.36 3051.36 933.49
2037.95 3152.11 3052.11 933.58
2037.48 3152.87 3052.87 933.67
2037.01 3153.63 3053.63 933.76
2036.54 3154.38 3054.38 933.85
2036.07 3155.14 3055.14 933.94
2035.61 3155.89 3055.89 934.03
2035.15 3156.65 3056.65 934.12
2034.69 3157.41 3057.41 934.21
2034.23 3158.16 3058.16 934.3
2033.78 3158.92 3058.92 934.39
2033.33 3159.68 3059.68 934.48
2032.88 3160.43 3060.43 934.57
2032.44 3161.19 3061.19 934.66
2032 3161.94 3061.94 934.75
2031.56 3162.7 3062.7 934.84
2031.12 3163.46 3063.46 934.93
2030.68 3164.21 3064.21 935.02
2030.25 3164.97 3064.97 935.11
2029.82 3165.73 3065.73 935.2
2029.39 3166.48 3066.48 935.29
2028.97 3167.24 3067.24 935.38
2028.55 3168 3068 935.47
2028.13 3168.75 3068.75 935.56
2027.71 3169.51 3069.51 935.65
2027.3 3170.26 3070.26 935.74
2026.88 3171.02 3071.02 935.83
2026.47 3171.78 3071.78 935.92
2026.07 3172.53 3072.53 936.01
2025.66 3173.29 3073.29 936.1
2025.26 3174.05 3074.05 936.19
2024.86 3174.8 3074.8 936.28
2024.46 3175.56 3075.56 936.37
2024.07 3176.31 3076.31 936.46
2023.67 3177.07 3077.07 936.55
2023.28 3177.83 3077.83 936.64
2022.9 3178.58 3078.58 936.73
2022.51 3179.34 3079.34 936.82
2022.13 3180.1 3080.1 936.91
2021.75 3180.85 3080.85 937
2021.37 3181.61 3081.61 937.09
2020.99 3182.37 3082.37 937.18
2020.62 3183.12 3083.12 937.27
2020.25 3183.88 3083.88 937.36
2019.88 3184.63 3084.63 937.45
2019.51 3185.39 3085.39 937.54
2019.15 3186.15 3086.15 937.63
2018.79 3186.9 3086.9 937.72
2018.43 3187.66 3087.66 937.81
2018.07 3188.42 3088.42 937.9
2017.72 3189.17 3089.17 937.99
2017.36 3189.93 3089.93 938.08
2017.01 3190.68 3090.68 938.17
2016.66 3191.44 3091.44 938.26
2016.32 3192.2 3092.2 938.35
2015.98 3192.95 3092.95 938.44
2015.63 3193.71 3093.71 938.53
2015.3 3194.47 3094.47 938.62
2014.96 3195.22 3095.22 938.71
2014.62 3195.98 3095.98 938.8
2014.29 3196.73 3096.73 938.89
2013.96 3197.49 3097.49 938.98
2013.64 3198.25 3098.25 939.07
2013.31 3199 3099 939.16
2012.99 3199.76 3099.76 939.25
2012.67 3200.52 3100.52 939.34
2012.35 3201.27 3101.27 939.43
2012.03 3202.03 3102.03 939.52
2011.72 3202.79 3102.79 939.61
2011.4 3203.54 3103.54 939.7
2011.09 3204.3 3104.3 939.79
2010.79 3205.05 3105.05 939.88
2010.48 3205.81 3105.81 939.97
2010.18 3206.57 3106.57 940.06
2009.88 3207.32 3107.32 940.15
2009.58 3208.08 3108.08 940.24
2009.28 3208.84 3108.84 940.33
2008.98 3209.59 3109.59 940.42
2008.69 3210.35 3110.35 940.51
2008.4 3211.1 3111.1 940.6
2008.11 3211.86 3111.86 940.69
2007.83 3212.62 3112.62 940.78
2007.54 3213.37 3113.37 940.87
2007.26 3214.13 3114.13 940.96
2006.98 3214.89 3114.89 941.05
2006.7 3215.64 3115.64 941.14
2006.42 3216.4 3116.4 941.23
2006.15 3217.16 3117.16 941.32
2005.88 3217.91 3117.91 941.41
2005.6 3218.67 3118.67 941.5
2005.34 3219.42 3119.42 941.59
2005.07 3220.18 3120.18 941.68
2004.8 3220.94 3120.94 941.77
2004.54 3221.69 3121.69 941.86
2004.28 3222.45 3122.45 941.95
2004.02 3223.21 3123.21 942.04
2003.77 3223.96 3123.96 942.13
2003.51 3224.72 3124.72 942.22
2003.26 3225.47 3125.47 942.31
2003.01 3226.23 3126.23 942.4
2002.76 3226.99 3126.99 942.49
2002.51 3227.74 3127.74 942.58
2002.26 3228.5 3128.5 942.67
2002.02 3229.26 3129.26 942.76
2001.78 3230.01 3130.01 942.85
2001.54 3230.77 3130.77 942.94
2001.3 3231.53 3131.53 943.03
2001.06 3232.28 3132.28 943.12
2000.83 3233.04 3133.04 943.21
2000.59 3233.79 3133.79 943.3
2000.36 3234.55 3134.55 943.39
2000.13 3235.31 3135.31 943.48
1999.91 3236.06 3136.06 943.57
1999.68 3236.82 3136.82 943.66
1999.46 3237.58 3137.58 943.75
1999.23 3238.33 3138.33 943.84
1999.01 3239.09 3139.09 943.93
1998.79 3239.84 3139.84 944.02
1998.58 3240.6 3140.6 944.11
1998.36 3241.36 3141.36 944.2
1998.15 3242.11 3142.11 944.29
1997.93 3242.87 3142.87 944.38
1997.72 3243.63 3143.63 944.47
1997.51 3244.38 3144.38 944.56
1997.3 3245.14 3145.14 944.65
1997.1 3245.89 3145.89 944.74
1996.89 3246.65 3146.65 944.83
1996.69 3247.41 3147.41 944.92
1996.49 3248.16 3148.16 945.01
1996.29 3248.92 3148.92 945.1
1996.09 3249.68 3149.68 945.19
1995.89 3250.43 3150.43 945.28
1995.7 3251.19 3151.19 945.37
1995.51 3251.95 3151.95 945.46
1995.31 3252.7 3152.7 945.55
1995.12 3253.46 3153.46 945.64
1994.93 3254.21 3154.21 945.73
1994.75 3254.97 3154.97 945.82
1994.56 3255.73 3155.73 945.91
1994.38 3256.48 3156.48 946
1994.19 3257.24 3157.24 946.09
1994.01 3258 3158 946.18
1993.83 3258.75 3158.75 946.27
1993.65 3259.51 3159.51 946.36
1993.47 3260.26 3160.26 946.45
1993.3 3261.02 3161.02 946.54
1993.12 3261.78 3161.78 946.63
1992.95 3262.53 3162.53 946.72
1992.78 3263.29 3163.29 946.81
1992.61 3264.05 3164.05 946.9
1992.44 3264.8 3164.8 946.99
1992.27 3265.56 3165.56 947.08
1992.1 3266.32 3166.32 947.17
1991.94 3267.07 3167.07 947.26
1991.77 3267.83 3167.83 947.35
1991.61 3268.58 3168.58 947.44
1991.45 3269.34 3169.34 947.53
1991.29 3270.1 3170.1 947.62
1991.13 3270.85 3170.85 947.71
1990.97 3271.61 3171.61 947.8
1990.81 3272.37 3172.37 947.89
1990.66 3273.12 3173.12 947.98
1990.5 3273.88 3173.88 948.07
1990.35 3274.63 3174.63 948.16
1990.2 3275.39 3175.39 948.25
1990.05 3276.15 3176.15 948.34
1989.9 3276.9 3176.9 948.43
1989.75 3277.66 3177.66 948.52
1989.6 3278.42 3178.42 948.61
1989.46 3279.17 3179.17 948.7
1989.31 3279.93 3179.93 948.79
1989.17 3280.68 3180.68 948.88
1989.03 3281.44 3181.44 948.97
1988.89 3282.2 3182.2 949.06
1988.74 3282.95 3182.95 949.15
1988.61 3283.71 3183.71 949.24
1988.47 3284.47 3184.47 949.33
1988.33 3285.22 3185.22 949.42
1988.19 3285.98 3185.98 949.51
1988.06 3286.74 3186.74 949.6
1987.92 3287.49 3187.49 949.69
1987.79 3288.25 3188.25 949.78
1987.66 3289 3189 949.87
1987.53 3289.76 3189.76 949.96
1987.4 3290.52 3190.52 950.05
1987.27 3291.27 3191.27 950.14
1987.14 3292.03 3192.03 950.23
1987.01 3292.79 3192.79 950.32
1986.89 3293.54 3193.54 950.41
1986.76 3294.3 3194.3 950.5
1986.64 3295.05 3195.05 950.59
1986.51 3295.81 3195.81 950.68
1986.39 3296.57 3196.57 950.77
1986.27 3297.32 3197.32 950.86
1986.15 3298.08 3198.08 950.95
1986.03 3298.84 3198.84 951.04
1985.91 3299.59 3199.59 951.13
1985.79 3300.35 3200.35 951.22
1985.67 3301.11 3201.11 951.31
1985.56 3301.86 3201.86 951.4
1985.44 3302.62 3202.62 951.49
1985.33 3303.37 3203.37 951.58
1985.21 3304.13 3204.13 951.67
1985.1 3304.89 3204.89 951.76
1984.99 3305.64 3205.64 951.85
1984.87 3306.4 3206.4 951.94
1984.76 3307.16 3207.16 952.03
1984.65 3307.91 3207.91 952.12
1984.54 3308.67 3208.67 952.21
1984.43 3309.42 3209.42 952.3
1984.33 3310.18 3210.18 952.39
1984.22 3310.94 3210.94 952.48
1984.11 3311.69 3211.69 952.57
1984 3312.45 3212.45 952.66
1983.9 3313.21 3213.21 952.75
1983.79 3313.96 3213.96 952.84
1983.69 3314.72 3214.72 952.93
1983.59 3315.48 3215.48 953.02
1983.48 3316.23 3216.23 953.11
1983.38 3316.99 3216.99 953.2
1983.28 3317.74 3217.74 953.29
1983.18 3318.5 3218.5 953.38
1983.08 3319.26 3219.26 953.47
1982.98 3320.01 3220.01 953.56
1982.88 3320.77 3220.77 953.65
1982.78 3321.53 3221.53 953.74
1982.68 3322.28 3222.28 953.83
1982.58 3323.04 3223.04 953.92
1982.49 3323.79 3223.79 954.01
1982.39 3324.55 3224.55 954.1
1982.29 3325.31 3225.31 954.19
1982.2 3326.06 3226.06 954.28
1982.1 3326.82 3226.82 954.37
1982.01 3327.58 3227.58 954.46
1981.91 3328.33 3228.33 954.55
1981.82 3329.09 3229.09 954.64
1981.72 3329.84 3229.84 954.73
1981.63 3330.6 3230.6 954.82
1981.54 3331.36 3231.36 954.91
1981.45 3332.11 3232.11 955
1981.35 3332.87 3232.87 955.09
1981.26 3333.63 3233.63 955.18
1981.17 3334.38 3234.38 955.27
1981.08 3335.14 3235.14 955.36
1980.99 3335.9 3235.9 955.45
1980.9 3336.65 3236.65 955.54
1980.81 3337.41 3237.41 955.63
1980.72 3338.16 3238.16 955.72
1980.63 3338.92 3238.92 955.81
1980.54 3339.68 3239.68 955.9
1980.45 3340.43 3240.43 955.99
1980.37 3341.19 3241.19 956.08
1980.28 3341.95 3241.95 956.17
1980.19 3342.7 3242.7 956.26
1980.1 3343.46 3243.46 956.35
1980.01 3344.21 3244.21 956.44
1979.93 3344.97 3244.97 956.53
1979.84 3345.73 3245.73 956.62
1979.75 3346.48 3246.48 956.71
1979.67 3347.24 3247.24 956.8
1979.58 3348 3248 956.89
1979.49 3348.75 3248.75 956.98
1979.41 3349.51 3249.51 957.07
1979.32 3350.27 3250.27 957.16
1979.24 3351.02 3251.02 957.25
1979.15 3351.78 3251.78 957.34
1979.07 3352.53 3252.53 957.43
1978.98 3353.29 3253.29 957.52
1978.9 3354.05 3254.05 957.61
1978.81 3354.8 3254.8 957.7
1978.72 3355.56 3255.56 957.79
1978.64 3356.32 3256.32 957.88
1978.55 3357.07 3257.07 957.97
1978.47 3357.83 3257.83 958.06
1978.38 3358.58 3258.58 958.15
1978.3 3359.34 3259.34 958.24
1978.22 3360.1 3260.1 958.33
1978.13 3360.85 3260.85 958.42
1978.05 3361.61 3261.61 958.51
1977.96 3362.37 3262.37 958.6
1977.88 3363.12 3263.12 958.69
1977.79 3363.88 3263.88 958.78
1977.71 3364.63 3264.63 958.87
1977.62 3365.39 3265.39 958.96
1977.54 3366.15 3266.15 959.05
1977.45 3366.9 3266.9 959.14
1977.36 3367.66 3267.66 959.23
1977.28 3368.42 3268.42 959.32
1977.19 3369.17 3269.17 959.41
1977.11 3369.93 3269.93 959.5
1977.02 3370.69 3270.69 959.59
1976.94 3371.44 3271.44 959.68
1976.85 3372.2 3272.2 959.77
1976.76 3372.95 3272.95 959.86
1976.68 3373.71 3273.71 959.95
1976.59 3374.47 3274.47 960.04
1976.5 3375.22 3275.22 960.13
1976.42 3375.98 3275.98 960.22
1976.33 3376.74 3276.74 960.31
1976.24 3377.49 3277.49 960.4
1976.15 3378.25 3278.25 960.49
1976.07 3379 3279 960.58
1975.98 3379.76 3279.76 960.67
1975.89 3380.52 3280.52 960.76
1975.8 3381.27 3281.27 960.85
1975.71 3382.03 3282.03 960.94
1975.63 3382.79 3282.79 961.03
1975.54 3383.54 3283.54 961.12
1975.45 3384.3 3284.3 961.21
1975.36 3385.06 3285.06 961.3
1975.27 3385.81 3285.81 961.39
1975.18 3386.57 3286.57 961.48
1975.09 3387.32 3287.32 961.57
1975 3388.08 3288.08 961.66
1974.91 3388.84 3288.84 961.75
1974.82 3389.59 3289.59 961.84
1974.73 3390.35 3290.35 961.93
1974.64 3391.11 3291.11 962.02
1974.55 3391.86 3291.86 962.11
1974.46 3392.62 3292.62 962.2
1974.37 3393.37 3293.37 962.29
1974.28 3394.13 3294.13 962.38
1974.19 3394.89 3294.89 962.47
1974.1 3395.64 3295.64 962.56
1974.01 3396.4 3296.4 962.65
1973.91 3397.16 3297.16 962.74
1973.82 3397.91 3297.91 962.83
1973.73 3398.67 3298.67 962.92
1973.64 3399.43 3299.43 963.01
1973.55 3400.18 3300.18 963.1
1973.46 3400.94 3300.94 963.19
1973.37 3401.69 3301.69 963.28
1973.27 3402.45 3302.45 963.37
1973.18 3403.21 3303.21 963.46
1973.09 3403.96 3303.96 963.55
1973 3404.72 3304.72 963.64
1972.91 3405.48 3305.48 963.73
1972.81 3406.23 3306.23 963.82
1972.72 3406.99 3306.99 963.91
1972.63 3407.74 3307.74 964
1972.54 3408.5 3308.5 964.09
1972.44 3409.26 3309.26 964.18
1972.35 3410.01 3310.01 964.27
1972.26 3410.77 3310.77 964.36
1972.17 3411.53 3311.53 964.45
1972.07 3412.28 3312.28 964.54
1971.98 3413.04 3313.04 964.63
1971.89 3413.79 3313.79 964.72
1971.8 3414.55 3314.55 964.81
1971.7 3415.31 3315.31 964.9
1971.61 3416.06 3316.06 964.99
1971.52 3416.82 3316.82 965.08
1971.42 3417.58 3317.58 965.17
1971.33 3418.33 3318.33 965.26
1971.24 3419.09 3319.09 965.35
1971.15 3419.85 3319.85 965.44
1971.05 3420.6 3320.6 965.53
1970.96 3421.36 3321.36 965.62
1970.87 3422.11 3322.11 965.71
1970.77 3422.87 3322.87 965.8
1970.68 3423.63 3323.63 965.89
1970.59 3424.38 3324.38 965.98
1970.49 3425.14 3325.14 966.07
1970.4 3425.9 3325.9 966.16
1970.31 3426.65 3326.65 966.25
1970.22 3427.41 3327.41 966.34
1970.12 3428.16 3328.16 966.43
1970.03 3428.92 3328.92 966.52
1969.94 3429.68 3329.68 966.61
1969.84 3430.43 3330.43 966.7
1969.75 3431.19 3331.19 966.79
1969.66 3431.95 3331.95 966.88
1969.57 3432.7 3332.7 966.97
1969.47 3433.46 3333.46 967.06
1969.38 3434.22 3334.22 967.15
1969.29 3434.97 3334.97 967.24
1969.19 3435.73 3335.73 967.33
1969.1 3436.48 3336.48 967.42
1969.01 3437.24 3337.24 967.51
1968.92 3438 3338 967.6
1968.83 3438.75 3338.75 967.69
1968.73 3439.51 3339.51 967.78
1968.64 3440.27 3340.27 967.87
1968.55 3441.02 3341.02 967.96
1968.46 3441.78 3341.78 968.05
1968.36 3442.53 3342.53 968.14
1968.27 3443.29 3343.29 968.23
1968.18 3444.05 3344.05 968.32
1968.09 3444.8 3344.8 968.41
1968 3445.56 3345.56 968.5
1967.91 3446.32 3346.32 968.59
1967.81 3447.07 3347.07 968.68
1967.72 3447.83 3347.83 968.77
1967.63 3448.59 3348.59 968.86
1967.54 3449.34 3349.34 968.95
1967.45 3450.1 3350.1 969.04
1967.36 3450.85 3350.85 969.13
1967.27 3451.61 3351.61 969.22
1967.18 3452.37 3352.37 969.31
1967.09 3453.12 3353.12 969.4
1966.99 3453.88 3353.88 969.49
1966.9 3454.64 3354.64 969.58
1966.81 3455.39 3355.39 969.67
1966.72 3456.15 3356.15 969.76
1966.63 3456.9 3356.9 969.85
1966.54 3457.66 3357.66 969.94
1966.45 3458.42 3358.42 970.03
1966.36 3459.17 3359.17 970.12
1966.27 3459.93 3359.93 970.21
1966.19 3460.69 3360.69 970.3
1966.1 3461.44 3361.44 970.39
1966.01 3462.2 3362.2 970.48
1965.92 3462.95 3362.95 970.57
1965.83 3463.71 3363.71 970.66
1965.74 3464.47 3364.47 970.75
1965.65 3465.22 3365.22 970.84
1965.56 3465.98 3365.98 970.93
1965.48 3466.74 3366.74 971.02
1965.39 3467.49 3367.49 971.11
1965.3 3468.25 3368.25 971.2
1965.21 3469.01 3369.01 971.29
1965.13 3469.76 3369.76 971.38
1965.04 3470.52 3370.52 971.47
1964.95 3471.27 3371.27 971.56
1964.86 3472.03 3372.03 971.65
1964.78 3472.79 3372.79 971.74
1964.69 3473.54 3373.54 971.83
1964.61 3474.3 3374.3 971.92
1964.52 3475.06 3375.06 972.01
1964.43 3475.81 3375.81 972.1
1964.35 3476.57 3376.57 972.19
1964.26 3477.32 3377.32 972.28
1964.18 3478.08 3378.08 972.37
1964.09 3478.84 3378.84 972.46
1964.01 3479.59 3379.59 972.55
1963.92 3480.35 3380.35 972.64
1963.84 3481.11 3381.11 972.73
1963.76 3481.86 3381.86 972.82
1963.67 3482.62 3382.62 972.91
1963.59 3483.38 3383.38 973
1963.5 3484.13 3384.13 973.09
1963.42 3484.89 3384.89 973.18
1963.34 3485.64 3385.64 973.27
1963.26 3486.4 3386.4 973.36
1963.17 3487.16 3387.16 973.45
1963.09 3487.91 3387.91 973.54
1963.01 3488.67 3388.67 973.63
1962.93 3489.43 3389.43 973.72
1962.85 3490.18 3390.18 973.81
1962.77 3490.94 3390.94 973.9
1962.69 3491.69 3391.69 973.99
1962.6 3492.45 3392.45 974.08
1962.52 3493.21 3393.21 974.17
1962.44 3493.96 3393.96 974.26
1962.36 3494.72 3394.72 974.35
1962.29 3495.48 3395.48 974.44
1962.21 3496.23 3396.23 974.53
1962.13 3496.99 3396.99 974.62
1962.05 3497.74 3397.74 974.71
1961.97 3498.5 3398.5 974.8
1961.89 3499.26 3399.26 974.89
1961.82 3500.01 3400.01 974.98
1961.74 3500.77 3400.77 975.07
1961.66 3501.53 3401.53 975.16
1961.58 3502.28 3402.28 975.25
1961.51 3503.04 3403.04 975.34
1961.43 3503.8 3403.8 975.43
1961.36 3504.55 3404.55 975.52
1961.28 3505.31 3405.31 975.61
1961.21 3506.06 3406.06 975.7
1961.13 3506.82 3406.82 975.79
1961.06 3507.58 3407.58 975.88
1960.98 3508.33 3408.33 975.97
1960.91 3509.09 3409.09 976.06
1960.84 3509.85 3409.85 976.15
1960.76 3510.6 3410.6 976.24
1960.69 3511.36 3411.36 976.33
1960.62 3512.11 3412.11 976.42
1960.54 3512.87 3412.87 976.51
1960.47 3513.63 3413.63 976.6
1960.4 3514.38 3414.38 976.69
1960.33 3515.14 3415.14 976.78
1960.26 3515.9 3415.9 976.87
1960.19 3516.65 3416.65 976.96
1960.12 3517.41 3417.41 977.05
1960.05 3518.17 3418.17 977.14
1959.98 3518.92 3418.92 977.23
1959.91 3519.68 3419.68 977.32
1959.84 3520.43 3420.43 977.41
1959.78 3521.19 3421.19 977.5
1959.71 3521.95 3421.95 977.59
1959.64 3522.7 3422.7 977.68
1959.58 3523.46 3423.46 977.77
1959.51 3524.22 3424.22 977.86
1959.44 3524.97 3424.97 977.95
1959.38 3525.73 3425.73 978.04
1959.31 3526.48 3426.48 978.13
1959.25 3527.24 3427.24 978.22
1959.18 3528 3428 978.31
1959.12 3528.75 3428.75 978.4
1959.06 3529.51 3429.51 978.49
1958.99 3530.27 3430.27 978.58
1958.93 3531.02 3431.02 978.67
1958.87 3531.78 3431.78 978.76
1958.81 3532.54 3432.54 978.85
1958.75 3533.29 3433.29 978.94
1958.68 3534.05 3434.05 979.03
1958.62 3534.8 3434.8 979.12
1958.56 3535.56 3435.56 979.21
1958.5 3536.32 3436.32 979.3
1958.45 3537.07 3437.07 979.39
1958.39 3537.83 3437.83 979.48
1958.33 3538.59 3438.59 979.57
1958.27 3539.34 3439.34 979.66
1958.21 3540.1 3440.1 979.75
1958.16 3540.85 3440.85 979.84
1958.1 3541.61 3441.61 979.93
1958.04 3542.37 3442.37 980.02
1957.99 3543.12 3443.12 980.11
1957.93 3543.88 3443.88 980.2
1957.88 3544.64 3444.64 980.29
1957.83 3545.39 3445.39 980.38
1957.77 3546.15 3446.15 980.47
1957.72 3546.9 3446.9 980.56
1957.67 3547.66 3447.66 980.65
1957.61 3548.42 3448.42 980.74
1957.56 3549.17 3449.17 980.83
1957.51 3549.93 3449.93 980.92
1957.46 3550.69 3450.69 981.01
1957.41 3551.44 3451.44 981.1
1957.36 3552.2 3452.2 981.19
1957.31 3552.96 3452.96 981.28
1957.26 3553.71 3453.71 981.37
1957.22 3554.47 3454.47 981.46
1957.17 3555.22 3455.22 981.55
1957.12 3555.98 3455.98 981.64
1957.08 3556.74 3456.74 981.73
1957.03 3557.49 3457.49 981.82
1956.98 3558.25 3458.25 981.91
1956.94 3559.01 3459.01 982
1956.9 3559.76 3459.76 982.09
1956.85 3560.52 3460.52 982.18
1956.81 3561.27 3461.27 982.27
1956.77 3562.03 3462.03 982.36
1956.72 3562.79 3462.79 982.45
1956.68 3563.54 3463.54 982.54
1956.64 3564.3 3464.3 982.63
1956.6 3565.06 3465.06 982.72
1956.56 3565.81 3465.81 982.81
1956.52 3566.57 3466.57 982.9
1956.48 3567.33 3467.33 982.99
1956.45 3568.08 3468.08 983.08
1956.41 3568.84 3468.84 983.17
1956.37 3569.59 3469.59 983.26
1956.33 3570.35 3470.35 983.35
1956.3 3571.11 3471.11 983.44
1956.26 3571.86 3471.86 983.53
1956.23 3572.62 3472.62 983.62
1956.19 3573.38 3473.38 983.71
1956.16 3574.13 3474.13 983.8
1956.13 3574.89 3474.89 983.89
1956.1 3575.64 3475.64 983.98
1956.06 3576.4 3476.4 984.07
1956.03 3577.16 3477.16 984.16
1956 3577.91 3477.91 984.25
1955.97 3578.67 3478.67 984.34
1955.94 3579.43 3479.43 984.43
1955.92 3580.18 3480.18 984.52
1955.89 3580.94 3480.94 984.61
1955.86 3581.69 3481.69 984.7
1955.83 3582.45 3482.45 984.79
1955.81 3583.21 3483.21 984.88
1955.78 3583.96 3483.96 984.97
1955.76 3584.72 3484.72 985.06
1955.73 3585.48 3485.48 985.15
1955.71 3586.23 3486.23 985.24
1955.69 3586.99 3486.99 985.33
1955.67 3587.75 3487.75 985.42
1955.64 3588.5 3488.5 985.51
1955.62 3589.26 3489.26 985.6
1955.6 3590.01 3490.01 985.69
1955.58 3590.77 3490.77 985.78
1955.56 3591.53 3491.53 985.87
1955.55 3592.28 3492.28 985.96
1955.53 3593.04 3493.04 986.05
1955.51 3593.8 3493.8 986.14
1955.5 3594.55 3494.55 986.23
1955.48 3595.31 3495.31 986.32
1955.47 3596.06 3496.06 986.41
1955.45 3596.82 3496.82 986.5
1955.44 3597.58 3497.58 986.59
1955.42 3598.33 3498.33 986.68
1955.41 3599.09 3499.09 986.77
1955.4 3599.85 3499.85 986.86
1955.39 3600.6 3500.6 986.95
1955.38 3601.36 3501.36 987.04
1955.37 3602.12 3502.12 987.13
1955.36 3602.87 3502.87 987.22
1955.36 3603.63 3503.63 987.31
1955.35 3604.38 3504.38 987.4
1955.34 3605.14 3505.14 987.49
1955.34 3605.9 3505.9 987.58
1955.33 3606.65 3506.65 987.67
1955.33 3607.41 3507.41 987.76
1955.32 3608.17 3508.17 987.85
1955.32 3608.92 3508.92 987.94
1955.32 3609.68 3509.68 988.03
1955.32 3610.43 3510.43 988.12
1955.32 3611.19 3511.19 988.21
1955.32 3611.95 3511.95 988.3
1955.32 3612.7 3512.7 988.39
1955.32 3613.46 3513.46 988.48
1955.32 3614.22 3514.22 988.57
1955.33 3614.97 3514.97 988.66
1955.33 3615.73 3515.73 988.75
1955.33 3616.49 3516.49 988.84
1955.34 3617.24 3517.24 988.93
1955.35 3618 3518 989.02
1955.35 3618.75 3518.75 989.11
1955.36 3619.51 3519.51 989.2
1955.37 3620.27 3520.27 989.29
1955.38 3621.02 3521.02 989.38
1955.39 3621.78 3521.78 989.47
1955.4 3622.54 3522.54 989.56
1955.41 3623.29 3523.29 989.65
1955.43 3624.05 3524.05 989.74
1955.44 3624.8 3524.8 989.83
1955.45 3625.56 3525.56 989.92
1955.47 3626.32 3526.32 990.01
1955.48 3627.07 3527.07 990.1
1955.5 3627.83 3527.83 990.19
1955.52 3628.59 3528.59 990.28
1955.54 3629.34 3529.34 990.37
1955.56 3630.1 3530.1 990.46
1955.58 3630.85 3530.85 990.55
1955.6 3631.61 3531.61 990.64
1955.62 3632.37 3532.37 990.73
1955.64 3633.12 3533.12 990.82
1955.66 3633.88 3533.88 990.91
1955.69 3634.64 3534.64 991
1955.71 3635.39 3535.39 991.09
1955.74 3636.15 3536.15 991.18
1955.76 3636.91 3536.91 991.27
1955.79 3637.66 3537.66 991.36
1955.82 3638.42 3538.42 991.45
1955.85 3639.17 3539.17 991.54
1955.88 3639.93 3539.93 991.63
1955.91 3640.69 3540.69 991.72
1955.94 3641.44 3541.44 991.81
1955.97 3642.2 3542.2 991.9
1956.01 3642.96 3542.96 991.99
1956.04 3643.71 3543.71 992.08
1956.08 3644.47 3544.47 992.17
1956.11 3645.22 3545.22 992.26
1956.15 3645.98 3545.98 992.35
1956.19 3646.74 3546.74 992.44
1956.23 3647.49 3547.49 992.53
1956.27 3648.25 3548.25 992.62
1956.31 3649.01 3549.01 992.71
1956.35 3649.76 3549.76 992.8
1956.39 3650.52 3550.52 992.89
1956.43 3651.28 3551.28 992.98
1956.48 3652.03 3552.03 993.07
1956.52 3652.79 3552.79 993.16
1956.57 3653.54 3553.54 993.25
1956.62 3654.3 3554.3 993.34
1956.66 3655.06 3555.06 993.43
1956.71 3655.81 3555.81 993.52
1956.76 3656.57 3556.57 993.61
1956.81 3657.33 3557.33 993.7
1956.86 3658.08 3558.08 993.79
1956.92 3658.84 3558.84 993.88
1956.97 3659.59 3559.59 993.97
1957.02 3660.35 3560.35 994.06
1957.08 3661.11 3561.11 994.15
1957.14 3661.86 3561.86 994.24
1957.19 3662.62 3562.62 994.33
1957.25 3663.38 3563.38 994.42
1957.31 3664.13 3564.13 994.51
1957.37 3664.89 3564.89 994.6
1957.43 3665.64 3565.64 994.69
1957.49 3666.4 3566.4 994.78
1957.56 3667.16 3567.16 994.87
1957.62 3667.91 3567.91 994.96
1957.68 3668.67 3568.67 995.05
1957.75 3669.43 3569.43 995.14
1957.82 3670.18 3570.18 995.23
1957.88 3670.94 3570.94 995.32
1957.95 3671.7 3571.7 995.41
1958.02 3672.45 3572.45 995.5
1958.09 3673.21 3573.21 995.59
1958.16 3673.96 3573.96 995.68
1958.24 3674.72 3574.72 995.77
1958.31 3675.48 3575.48 995.86
1958.39 3676.23 3576.23 995.95
1958.46 3676.99 3576.99 996.04
1958.54 3677.75 3577.75 996.13
1958.62 3678.5 3578.5 996.22
1958.69 3679.26 3579.26 996.31
1958.77 3680.01 3580.01 996.4
1958.86 3680.77 3580.77 996.49
1958.94 3681.53 3581.53 996.58
1959.02 3682.28 3582.28 996.67
1959.1 3683.04 3583.04 996.76
1959.19 3683.8 3583.8 996.85
1959.27 3684.55 3584.55 996.94
1959.36 3685.31 3585.31 997.03
1959.45 3686.07 3586.07 997.12
1959.54 3686.82 3586.82 997.21
1959.63 3687.58 3587.58 997.3
1959.72 3688.33 3588.33 997.39
1959.81 3689.09 3589.09 997.48
1959.91 3689.85 3589.85 997.57
1960 3690.6 3590.6 997.66
1960.09 3691.36 3591.36 997.75
1960.19 3692.12 3592.12 997.84
1960.29 3692.87 3592.87 997.93
1960.39 3693.63 3593.63 998.02
1960.49 3694.38 3594.38 998.11
1960.59 3695.14 3595.14 998.2
1960.69 3695.9 3595.9 998.29
1960.79 3696.65 3596.65 998.38
1960.9 3697.41 3597.41 998.47
1961 3698.17 3598.17 998.56
1961.11 3698.92 3598.92 998.65
1961.21 3699.68 3599.68 998.74
1961.32 3700.44 3600.44 998.83
1961.43 3701.19 3601.19 998.92
1961.54 3701.95 3601.95 999.01
1961.65 3702.7 3602.7 999.1
1961.77 3703.46 3603.46 999.19
1961.88 3704.22 3604.22 999.28
1962 3704.97 3604.97 999.37
1962.11 3705.73 3605.73 999.46
1962.23 3706.49 3606.49 999.55
1962.35 3707.24 3607.24 999.64
1962.47 3708 3608 999.73
1962.59 3708.75 3608.75 999.82
1962.71 3709.51 3609.51 999.91
1962.83 3710.27 3610.27 1000
