355.029 714.22 614.22 600
356.19 716.962 616.962 600.1
357.348 719.703 619.703 600.2
358.503 722.445 622.445 600.3
359.654 725.186 625.186 600.4
360.803 727.928 627.928 600.5
361.949 730.67 630.67 600.6
363.092 733.411 633.411 600.7
364.231 736.153 636.153 600.8
365.368 738.894 638.894 600.9
366.502 741.636 641.636 601
367.633 744.377 644.377 601.1
368.761 747.119 647.119 601.2
369.886 749.861 649.861 601.3
371.008 752.602 652.602 601.4
372.127 755.344 655.344 601.5
373.243 758.085 658.085 601.6
374.356 760.827 660.827 601.7
375.466 763.568 663.568 601.8
376.573 766.31 666.31 601.9
377.678 769.051 669.051 602
378.779 771.793 671.793 602.1
379.878 774.535 674.535 602.2
380.973 777.276 677.276 602.3
382.066 780.018 680.018 602.4
383.156 782.759 682.759 602.5
384.243 785.501 685.501 602.6
385.327 788.242 688.242 602.7
386.408 790.984 690.984 602.8
387.486 793.726 693.726 602.9
388.562 796.467 696.467 603
389.634 799.209 699.209 603.1
390.704 801.95 701.95 603.2
391.771 804.692 704.692 603.3
392.835 807.433 707.433 603.4
393.896 810.175 710.175 603.5
394.954 812.916 712.916 603.6
396.01 815.658 715.658 603.7
397.062 818.4 718.4 603.8
398.112 821.141 721.141 603.9
399.159 823.883 723.883 604
400.203 826.624 726.624 604.1
401.245 829.366 729.366 604.2
402.283 832.107 732.107 604.3
403.319 834.849 734.849 604.4
404.352 837.591 737.591 604.5
405.382 840.332 740.332 604.6
406.41 843.074 743.074 604.7
407.434 845.815 745.815 604.8
408.456 848.557 748.557 604.9
409.475 851.298 751.298 605
410.492 854.04 754.04 605.1
411.505 856.781 756.781 605.2
412.516 859.523 759.523 605.3
413.524 862.265 762.265 605.4
414.53 865.006 765.006 605.5
415.532 867.748 767.748 605.6
416.532 870.489 770.489 605.7
417.529 873.231 773.231 605.8
418.524 875.972 775.972 605.9
419.516 878.714 778.714 606
420.505 881.455 781.455 606.1
421.491 884.197 784.197 606.2
422.475 886.939 786.939 606.3
423.456 889.68 789.68 606.4
424.434 892.422 792.422 606.5
425.409 895.163 795.163 606.6
426.382 897.905 797.905 606.7
427.353 900.646 800.646 606.8
428.32 903.388 803.388 606.9
429.285 906.13 806.13 607
430.247 908.871 808.871 607.1
431.207 911.613 811.613 607.2
432.164 914.354 814.354 607.3
433.118 917.096 817.096 607.4
434.07 919.837 819.837 607.5
435.019 922.579 822.579 607.6
435.966 925.32 825.32 607.7
436.909 928.062 828.062 607.8
437.851 930.804 830.804 607.9
438.789 933.545 833.545 608
439.725 936.287 836.287 608.1
440.659 939.028 839.028 608.2
441.59 941.77 841.77 608.3
442.518 944.511 844.511 608.4
443.443 947.253 847.253 608.5
444.366 949.995 849.995 608.6
445.287 952.736 852.736 608.7
446.205 955.478 855.478 608.8
447.12 958.219 858.219 608.9
448.033 960.961 860.961 609
448.943 963.702 863.702 609.1
449.851 966.444 866.444 609.2
450.756 969.185 869.185 609.3
451.659 971.927 871.927 609.4
452.559 974.669 874.669 609.5
453.457 977.41 877.41 609.6
454.352 980.152 880.152 609.7
455.244 982.893 882.893 609.8
456.135 985.635 885.635 609.9
457.022 988.376 888.376 610
457.907 991.118 891.118 610.1
458.79 993.86 893.86 610.2
459.67 996.601 896.601 610.3
460.547 999.343 899.343 610.4
461.423 1002.08 902.084 610.5
462.295 1004.83 904.826 610.6
463.165 1007.57 907.567 610.7
464.033 1010.31 910.309 610.8
464.898 1013.05 913.05 610.9
465.761 1015.79 915.792 611
466.622 1018.53 918.534 611.1
467.48 1021.28 921.275 611.2
468.335 1024.02 924.017 611.3
469.188 1026.76 926.758 611.4
470.039 1029.5 929.5 611.5
470.887 1032.24 932.241 611.6
471.733 1034.98 934.983 611.7
472.576 1037.72 937.725 611.8
473.417 1040.47 940.466 611.9
474.256 1043.21 943.208 612
475.092 1045.95 945.949 612.1
475.926 1048.69 948.691 612.2
476.758 1051.43 951.432 612.3
477.587 1054.17 954.174 612.4
478.413 1056.92 956.915 612.5
479.238 1059.66 959.657 612.6
480.06 1062.4 962.399 612.7
480.879 1065.14 965.14 612.8
481.697 1067.88 967.882 612.9
482.512 1070.62 970.623 613
483.324 1073.36 973.365 613.1
484.134 1076.11 976.106 613.2
484.942 1078.85 978.848 613.3
485.748 1081.59 981.59 613.4
486.551 1084.33 984.331 613.5
487.352 1087.07 987.073 613.6
488.151 1089.81 989.814 613.7
488.947 1092.56 992.556 613.8
489.741 1095.3 995.297 613.9
490.533 1098.04 998.039 614
491.323 1100.78 1000.78 614.1
492.11 1103.52 1003.52 614.2
492.895 1106.26 1006.26 614.3
493.677 1109.01 1009.01 614.4
494.458 1111.75 1011.75 614.5
495.236 1114.49 1014.49 614.6
496.012 1117.23 1017.23 614.7
496.785 1119.97 1019.97 614.8
497.557 1122.71 1022.71 614.9
498.326 1125.45 1025.45 615
499.093 1128.2 1028.2 615.1
499.857 1130.94 1030.94 615.2
500.62 1133.68 1033.68 615.3
501.38 1136.42 1036.42 615.4
502.138 1139.16 1039.16 615.5
502.894 1141.9 1041.9 615.6
503.648 1144.65 1044.65 615.7
504.399 1147.39 1047.39 615.8
505.148 1150.13 1050.13 615.9
505.895 1152.87 1052.87 616
506.64 1155.61 1055.61 616.1
507.383 1158.35 1058.35 616.2
508.123 1161.09 1061.09 616.3
508.862 1163.84 1063.84 616.4
509.598 1166.58 1066.58 616.5
510.332 1169.32 1069.32 616.6
511.064 1172.06 1072.06 616.7
511.793 1174.8 1074.8 616.8
512.521 1177.54 1077.54 616.9
513.246 1180.29 1080.29 617
513.97 1183.03 1083.03 617.1
514.691 1185.77 1085.77 617.2
515.41 1188.51 1088.51 617.3
516.127 1191.25 1091.25 617.4
516.842 1193.99 1093.99 617.5
517.554 1196.74 1096.74 617.6
518.265 1199.48 1099.48 617.7
518.974 1202.22 1102.22 617.8
519.68 1204.96 1104.96 617.9
520.384 1207.7 1107.7 618
521.087 1210.44 1110.44 618.1
521.787 1213.18 1113.18 618.2
522.485 1215.93 1115.93 618.3
523.181 1218.67 1118.67 618.4
523.875 1221.41 1121.41 618.5
524.567 1224.15 1124.15 618.6
525.257 1226.89 1126.89 618.7
525.945 1229.63 1129.63 618.8
526.631 1232.38 1132.38 618.9
527.315 1235.12 1135.12 619
527.997 1237.86 1137.86 619.1
528.677 1240.6 1140.6 619.2
529.354 1243.34 1143.34 619.3
530.03 1246.08 1146.08 619.4
530.704 1248.82 1148.82 619.5
531.376 1251.57 1151.57 619.6
532.045 1254.31 1154.31 619.7
532.713 1257.05 1157.05 619.8
533.379 1259.79 1159.79 619.9
534.043 1262.53 1162.53 620
534.705 1265.27 1165.27 620.1
535.365 1268.02 1168.02 620.2
536.023 1270.76 1170.76 620.3
536.678 1273.5 1173.5 620.4
537.332 1276.24 1176.24 620.5
537.985 1278.98 1178.98 620.6
538.635 1281.72 1181.72 620.7
539.283 1284.47 1184.47 620.8
539.929 1287.21 1187.21 620.9
540.574 1289.95 1189.95 621
541.216 1292.69 1192.69 621.1
541.856 1295.43 1195.43 621.2
542.495 1298.17 1198.17 621.3
543.132 1300.91 1200.91 621.4
543.767 1303.66 1203.66 621.5
544.399 1306.4 1206.4 621.6
545.03 1309.14 1209.14 621.7
545.66 1311.88 1211.88 621.8
546.287 1314.62 1214.62 621.9
546.912 1317.36 1217.36 622
547.536 1320.11 1220.11 622.1
548.157 1322.85 1222.85 622.2
548.777 1325.59 1225.59 622.3
549.395 1328.33 1228.33 622.4
550.011 1331.07 1231.07 622.5
550.625 1333.81 1233.81 622.6
551.238 1336.55 1236.55 622.7
551.848 1339.3 1239.3 622.8
552.457 1342.04 1242.04 622.9
553.064 1344.78 1244.78 623
553.669 1347.52 1247.52 623.1
554.273 1350.26 1250.26 623.2
554.874 1353 1253 623.3
555.474 1355.75 1255.75 623.4
556.072 1358.49 1258.49 623.5
556.668 1361.23 1261.23 623.6
557.262 1363.97 1263.97 623.7
557.855 1366.71 1266.71 623.8
558.446 1369.45 1269.45 623.9
559.035 1372.2 1272.2 624
559.622 1374.94 1274.94 624.1
560.207 1377.68 1277.68 624.2
560.791 1380.42 1280.42 624.3
561.373 1383.16 1283.16 624.4
561.954 1385.9 1285.9 624.5
562.532 1388.64 1288.64 624.6
563.109 1391.39 1291.39 624.7
563.684 1394.13 1294.13 624.8
564.257 1396.87 1296.87 624.9
564.829 1399.61 1299.61 625
565.399 1402.35 1302.35 625.1
565.967 1405.09 1305.09 625.2
566.534 1407.84 1307.84 625.3
567.098 1410.58 1310.58 625.4
567.662 1413.32 1313.32 625.5
568.223 1416.06 1316.06 625.6
568.783 1418.8 1318.8 625.7
569.341 1421.54 1321.54 625.8
569.897 1424.28 1324.28 625.9
570.452 1427.03 1327.03 626
571.005 1429.77 1329.77 626.1
571.557 1432.51 1332.51 626.2
572.107 1435.25 1335.25 626.3
572.655 1437.99 1337.99 626.4
573.201 1440.73 1340.73 626.5
573.746 1443.48 1343.48 626.6
574.29 1446.22 1346.22 626.7
574.831 1448.96 1348.96 626.8
575.371 1451.7 1351.7 626.9
575.91 1454.44 1354.44 627
576.447 1457.18 1357.18 627.1
576.982 1459.93 1359.93 627.2
577.515 1462.67 1362.67 627.3
578.048 1465.41 1365.41 627.4
578.578 1468.15 1368.15 627.5
579.107 1470.89 1370.89 627.6
579.634 1473.63 1373.63 627.7
580.16 1476.37 1376.37 627.8
580.684 1479.12 1379.12 627.9
581.207 1481.86 1381.86 628
581.728 1484.6 1384.6 628.1
582.247 1487.34 1387.34 628.2
582.765 1490.08 1390.08 628.3
583.282 1492.82 1392.82 628.4
583.797 1495.57 1395.57 628.5
584.31 1498.31 1398.31 628.6
584.822 1501.05 1401.05 628.7
585.332 1503.79 1403.79 628.8
585.841 1506.53 1406.53 628.9
586.349 1509.27 1409.27 629
586.854 1512.01 1412.01 629.1
587.359 1514.76 1414.76 629.2
587.862 1517.5 1417.5 629.3
588.363 1520.24 1420.24 629.4
588.863 1522.98 1422.98 629.5
589.361 1525.72 1425.72 629.6
589.858 1528.46 1428.46 629.7
590.354 1531.21 1431.21 629.8
590.848 1533.95 1433.95 629.9
591.34 1536.69 1436.69 630
591.832 1539.43 1439.43 630.1
592.321 1542.17 1442.17 630.2
592.809 1544.91 1444.91 630.3
593.296 1547.66 1447.66 630.4
593.782 1550.4 1450.4 630.5
594.266 1553.14 1453.14 630.6
594.748 1555.88 1455.88 630.7
595.229 1558.62 1458.62 630.8
595.709 1561.36 1461.36 630.9
596.187 1564.1 1464.1 631
596.664 1566.85 1466.85 631.1
597.14 1569.59 1469.59 631.2
597.614 1572.33 1472.33 631.3
598.087 1575.07 1475.07 631.4
598.558 1577.81 1477.81 631.5
599.028 1580.55 1480.55 631.6
599.497 1583.3 1483.3 631.7
599.964 1586.04 1486.04 631.8
600.43 1588.78 1488.78 631.9
600.895 1591.52 1491.52 632
601.358 1594.26 1494.26 632.1
601.82 1597 1497 632.2
602.281 1599.74 1499.74 632.3
602.74 1602.49 1502.49 632.4
603.198 1605.23 1505.23 632.5
603.655 1607.97 1507.97 632.6
604.11 1610.71 1510.71 632.7
604.564 1613.45 1513.45 632.8
605.017 1616.19 1516.19 632.9
605.468 1618.94 1518.94 633
605.918 1621.68 1521.68 633.1
606.367 1624.42 1524.42 633.2
606.815 1627.16 1527.16 633.3
607.261 1629.9 1529.9 633.4
607.706 1632.64 1532.64 633.5
608.15 1635.38 1535.38 633.6
608.593 1638.13 1538.13 633.7
609.034 1640.87 1540.87 633.8
609.474 1643.61 1543.61 633.9
609.913 1646.35 1546.35 634
610.35 1649.09 1549.09 634.1
610.786 1651.83 1551.83 634.2
611.222 1654.58 1554.58 634.3
611.655 1657.32 1557.32 634.4
612.088 1660.06 1560.06 634.5
612.519 1662.8 1562.8 634.6
612.95 1665.54 1565.54 634.7
613.379 1668.28 1568.28 634.8
613.807 1671.03 1571.03 634.9
614.233 1673.77 1573.77 635
614.659 1676.51 1576.51 635.1
615.083 1679.25 1579.25 635.2
615.506 1681.99 1581.99 635.3
615.928 1684.73 1584.73 635.4
616.349 1687.47 1587.47 635.5
616.768 1690.22 1590.22 635.6
617.187 1692.96 1592.96 635.7
617.604 1695.7 1595.7 635.8
618.02 1698.44 1598.44 635.9
618.435 1701.18 1601.18 636
618.849 1703.92 1603.92 636.1
619.262 1706.67 1606.67 636.2
619.674 1709.41 1609.41 636.3
620.084 1712.15 1612.15 636.4
620.493 1714.89 1614.89 636.5
620.902 1717.63 1617.63 636.6
621.309 1720.37 1620.37 636.7
621.715 1723.11 1623.11 636.8
622.12 1725.86 1625.86 636.9
622.524 1728.6 1628.6 637
622.927 1731.34 1631.34 637.1
623.329 1734.08 1634.08 637.2
623.729 1736.82 1636.82 637.3
624.129 1739.56 1639.56 637.4
624.528 1742.31 1642.31 637.5
624.925 1745.05 1645.05 637.6
625.322 1747.79 1647.79 637.7
625.717 1750.53 1650.53 637.8
626.112 1753.27 1653.27 637.9
626.505 1756.01 1656.01 638
626.897 1758.76 1658.76 638.1
627.289 1761.5 1661.5 638.2
627.679 1764.24 1664.24 638.3
628.068 1766.98 1666.98 638.4
628.456 1769.72 1669.72 638.5
628.844 1772.46 1672.46 638.6
629.23 1775.2 1675.2 638.7
629.615 1777.95 1677.95 638.8
630 1780.69 1680.69 638.9
630.383 1783.43 1683.43 639
630.765 1786.17 1686.17 639.1
631.147 1788.91 1688.91 639.2
631.527 1791.65 1691.65 639.3
631.907 1794.4 1694.4 639.4
632.285 1797.14 1697.14 639.5
632.663 1799.88 1699.88 639.6
633.039 1802.62 1702.62 639.7
633.415 1805.36 1705.36 639.8
633.79 1808.1 1708.1 639.9
634.164 1810.84 1710.84 640
634.536 1813.59 1713.59 640.1
634.908 1816.33 1716.33 640.2
635.279 1819.07 1719.07 640.3
635.65 1821.81 1721.81 640.4
636.019 1824.55 1724.55 640.5
636.387 1827.29 1727.29 640.6
636.755 1830.04 1730.04 640.7
637.121 1832.78 1732.78 640.8
637.487 1835.52 1735.52 640.9
637.852 1838.26 1738.26 641
638.216 1841 1741 641.1
638.579 1843.74 1743.74 641.2
638.941 1846.49 1746.49 641.3
639.302 1849.23 1749.23 641.4
639.663 1851.97 1751.97 641.5
640.023 1854.71 1754.71 641.6
640.382 1857.45 1757.45 641.7
640.74 1860.19 1760.19 641.8
641.097 1862.93 1762.93 641.9
641.453 1865.68 1765.68 642
641.809 1868.42 1768.42 642.1
642.163 1871.16 1771.16 642.2
642.517 1873.9 1773.9 642.3
642.87 1876.64 1776.64 642.4
643.223 1879.38 1779.38 642.5
643.574 1882.13 1782.13 642.6
643.925 1884.87 1784.87 642.7
644.275 1887.61 1787.61 642.8
644.624 1890.35 1790.35 642.9
644.973 1893.09 1793.09 643
645.32 1895.83 1795.83 643.1
645.667 1898.57 1798.57 643.2
646.013 1901.32 1801.32 643.3
646.359 1904.06 1804.06 643.4
646.703 1906.8 1806.8 643.5
647.047 1909.54 1809.54 643.6
647.39 1912.28 1812.28 643.7
647.733 1915.02 1815.02 643.8
648.075 1917.77 1817.77 643.9
648.416 1920.51 1820.51 644
648.756 1923.25 1823.25 644.1
649.096 1925.99 1825.99 644.2
649.434 1928.73 1828.73 644.3
649.773 1931.47 1831.47 644.4
650.11 1934.22 1834.22 644.5
650.447 1936.96 1836.96 644.6
650.783 1939.7 1839.7 644.7
651.119 1942.44 1842.44 644.8
651.453 1945.18 1845.18 644.9
651.787 1947.92 1847.92 645
652.121 1950.66 1850.66 645.1
652.454 1953.41 1853.41 645.2
652.786 1956.15 1856.15 645.3
653.117 1958.89 1858.89 645.4
653.448 1961.63 1861.63 645.5
653.778 1964.37 1864.37 645.6
654.108 1967.11 1867.11 645.7
654.437 1969.86 1869.86 645.8
654.765 1972.6 1872.6 645.9
655.093 1975.34 1875.34 646
655.42 1978.08 1878.08 646.1
655.747 1980.82 1880.82 646.2
656.073 1983.56 1883.56 646.3
656.398 1986.3 1886.3 646.4
656.723 1989.05 1889.05 646.5
657.047 1991.79 1891.79 646.6
657.371 1994.53 1894.53 646.7
657.694 1997.27 1897.27 646.8
658.016 2000.01 1900.01 646.9
658.338 2002.75 1902.75 647
658.66 2005.5 1905.5 647.1
658.98 2008.24 1908.24 647.2
659.301 2010.98 1910.98 647.3
659.62 2013.72 1913.72 647.4
659.94 2016.46 1916.46 647.5
660.258 2019.2 1919.2 647.6
660.576 2021.95 1921.95 647.7
660.894 2024.69 1924.69 647.8
661.211 2027.43 1927.43 647.9
661.528 2030.17 1930.17 648
661.844 2032.91 1932.91 648.1
662.159 2035.65 1935.65 648.2
662.474 2038.39 1938.39 648.3
662.789 2041.14 1941.14 648.4
663.103 2043.88 1943.88 648.5
663.417 2046.62 1946.62 648.6
663.73 2049.36 1949.36 648.7
664.043 2052.1 1952.1 648.8
664.355 2054.84 1954.84 648.9
664.667 2057.59 1957.59 649
664.978 2060.33 1960.33 649.1
665.289 2063.07 1963.07 649.2
665.6 2065.81 1965.81 649.3
665.91 2068.55 1968.55 649.4
666.219 2071.29 1971.29 649.5
666.528 2074.03 1974.03 649.6
666.837 2076.78 1976.78 649.7
667.146 2079.52 1979.52 649.8
667.453 2082.26 1982.26 649.9
667.761 2085 1985 650
668.068 2087.74 1987.74 650.1
668.375 2090.48 1990.48 650.2
668.681 2093.23 1993.23 650.3
668.987 2095.97 1995.97 650.4
669.293 2098.71 1998.71 650.5
669.598 2101.45 2001.45 650.6
669.903 2104.19 2004.19 650.7
670.208 2106.93 2006.93 650.8
670.512 2109.68 2009.68 650.9
670.815 2112.42 2012.42 651
671.119 2115.16 2015.16 651.1
671.422 2117.9 2017.9 651.2
671.725 2120.64 2020.64 651.3
672.027 2123.38 2023.38 651.4
672.329 2126.12 2026.12 651.5
672.631 2128.87 2028.87 651.6
672.933 2131.61 2031.61 651.7
673.234 2134.35 2034.35 651.8
673.535 2137.09 2037.09 651.9
673.835 2139.83 2039.83 652
674.136 2142.57 2042.57 652.1
674.436 2145.32 2045.32 652.2
674.735 2148.06 2048.06 652.3
675.035 2150.8 2050.8 652.4
675.334 2153.54 2053.54 652.5
675.633 2156.28 2056.28 652.6
675.932 2159.02 2059.02 652.7
676.23 2161.76 2061.76 652.8
676.528 2164.51 2064.51 652.9
676.826 2167.25 2067.25 653
677.124 2169.99 2069.99 653.1
677.421 2172.73 2072.73 653.2
677.718 2175.47 2075.47 653.3
678.015 2178.21 2078.21 653.4
678.312 2180.96 2080.96 653.5
678.609 2183.7 2083.7 653.6
678.905 2186.44 2086.44 653.7
679.201 2189.18 2089.18 653.8
679.497 2191.92 2091.92 653.9
679.793 2194.66 2094.66 654
680.088 2197.41 2097.41 654.1
680.384 2200.15 2100.15 654.2
680.679 2202.89 2102.89 654.3
680.974 2205.63 2105.63 654.4
681.269 2208.37 2108.37 654.5
681.563 2211.11 2111.11 654.6
681.858 2213.85 2113.85 654.7
682.152 2216.6 2116.6 654.8
682.446 2219.34 2119.34 654.9
682.74 2222.08 2122.08 655
683.034 2224.82 2124.82 655.1
683.328 2227.56 2127.56 655.2
683.622 2230.3 2130.3 655.3
683.915 2233.05 2133.05 655.4
684.209 2235.79 2135.79 655.5
684.502 2238.53 2138.53 655.6
684.796 2241.27 2141.27 655.7
685.089 2244.01 2144.01 655.8
685.382 2246.75 2146.75 655.9
685.675 2249.49 2149.49 656
685.968 2252.24 2152.24 656.1
686.26 2254.98 2154.98 656.2
686.553 2257.72 2157.72 656.3
686.846 2260.46 2160.46 656.4
687.138 2263.2 2163.2 656.5
687.431 2265.94 2165.94 656.6
687.724 2268.69 2168.69 656.7
688.016 2271.43 2171.43 656.8
688.308 2274.17 2174.17 656.9
688.601 2276.91 2176.91 657
688.893 2279.65 2179.65 657.1
689.185 2282.39 2182.39 657.2
689.478 2285.14 2185.14 657.3
689.77 2287.88 2187.88 657.4
690.062 2290.62 2190.62 657.5
690.355 2293.36 2193.36 657.6
690.647 2296.1 2196.1 657.7
690.939 2298.84 2198.84 657.8
691.231 2301.58 2201.58 657.9
691.524 2304.33 2204.33 658
691.816 2307.07 2207.07 658.1
692.109 2309.81 2209.81 658.2
692.401 2312.55 2212.55 658.3
692.693 2315.29 2215.29 658.4
692.986 2318.03 2218.03 658.5
693.278 2320.78 2220.78 658.6
693.571 2323.52 2223.52 658.7
693.864 2326.26 2226.26 658.8
694.156 2329 2229 658.9
694.449 2331.74 2231.74 659
694.742 2334.48 2234.48 659.1
695.035 2337.22 2237.22 659.2
695.328 2339.97 2239.97 659.3
695.621 2342.71 2242.71 659.4
695.914 2345.45 2245.45 659.5
696.207 2348.19 2248.19 659.6
696.501 2350.93 2250.93 659.7
696.794 2353.67 2253.67 659.8
697.088 2356.42 2256.42 659.9
697.382 2359.16 2259.16 660
697.676 2361.9 2261.9 660.1
697.97 2364.64 2264.64 660.2
698.264 2367.38 2267.38 660.3
698.558 2370.12 2270.12 660.4
698.853 2372.87 2272.87 660.5
699.147 2375.61 2275.61 660.6
699.442 2378.35 2278.35 660.7
699.737 2381.09 2281.09 660.8
700.032 2383.83 2283.83 660.9
700.327 2386.57 2286.57 661
700.623 2389.31 2289.31 661.1
700.918 2392.06 2292.06 661.2
701.214 2394.8 2294.8 661.3
701.51 2397.54 2297.54 661.4
701.806 2400.28 2300.28 661.5
702.103 2403.02 2303.02 661.6
702.399 2405.76 2305.76 661.7
702.696 2408.51 2308.51 661.8
702.993 2411.25 2311.25 661.9
703.291 2413.99 2313.99 662
703.588 2416.73 2316.73 662.1
703.886 2419.47 2319.47 662.2
704.184 2422.21 2322.21 662.3
704.482 2424.95 2324.95 662.4
704.781 2427.7 2327.7 662.5
705.079 2430.44 2330.44 662.6
705.378 2433.18 2333.18 662.7
705.678 2435.92 2335.92 662.8
705.977 2438.66 2338.66 662.9
706.277 2441.4 2341.4 663
706.577 2444.15 2344.15 663.1
706.878 2446.89 2346.89 663.2
707.178 2449.63 2349.63 663.3
707.479 2452.37 2352.37 663.4
707.781 2455.11 2355.11 663.5
708.082 2457.85 2357.85 663.6
708.384 2460.6 2360.6 663.7
708.687 2463.34 2363.34 663.8
708.989 2466.08 2366.08 663.9
709.292 2468.82 2368.82 664
709.596 2471.56 2371.56 664.1
709.899 2474.3 2374.3 664.2
710.203 2477.04 2377.04 664.3
710.507 2479.79 2379.79 664.4
710.812 2482.53 2382.53 664.5
711.117 2485.27 2385.27 664.6
711.423 2488.01 2388.01 664.7
711.728 2490.75 2390.75 664.8
712.034 2493.49 2393.49 664.9
712.341 2496.24 2396.24 665
712.648 2498.98 2398.98 665.1
712.955 2501.72 2401.72 665.2
713.263 2504.46 2404.46 665.3
713.571 2507.2 2407.2 665.4
713.88 2509.94 2409.94 665.5
714.189 2512.68 2412.68 665.6
714.498 2515.43 2415.43 665.7
714.808 2518.17 2418.17 665.8
715.118 2520.91 2420.91 665.9
715.429 2523.65 2423.65 666
715.74 2526.39 2426.39 666.1
716.051 2529.13 2429.13 666.2
716.364 2531.88 2431.88 666.3
716.676 2534.62 2434.62 666.4
716.989 2537.36 2437.36 666.5
717.302 2540.1 2440.1 666.6
717.616 2542.84 2442.84 666.7
717.931 2545.58 2445.58 666.8
718.245 2548.33 2448.33 666.9
718.561 2551.07 2451.07 667
718.877 2553.81 2453.81 667.1
719.193 2556.55 2456.55 667.2
719.51 2559.29 2459.29 667.3
719.827 2562.03 2462.03 667.4
720.145 2564.77 2464.77 667.5
720.463 2567.52 2467.52 667.6
720.782 2570.26 2470.26 667.7
721.102 2573 2473 667.8
721.422 2575.74 2475.74 667.9
721.742 2578.48 2478.48 668
722.063 2581.22 2481.22 668.1
722.385 2583.97 2483.97 668.2
722.707 2586.71 2486.71 668.3
723.03 2589.45 2489.45 668.4
723.353 2592.19 2492.19 668.5
723.677 2594.93 2494.93 668.6
724.001 2597.67 2497.67 668.7
724.326 2600.41 2500.41 668.8
724.652 2603.16 2503.16 668.9
724.978 2605.9 2505.9 669
725.305 2608.64 2508.64 669.1
725.633 2611.38 2511.38 669.2
725.961 2614.12 2514.12 669.3
726.289 2616.86 2516.86 669.4
726.619 2619.61 2519.61 669.5
726.948 2622.35 2522.35 669.6
727.279 2625.09 2525.09 669.7
727.61 2627.83 2527.83 669.8
727.942 2630.57 2530.57 669.9
728.274 2633.31 2533.31 670
728.608 2636.06 2536.06 670.1
728.941 2638.8 2538.8 670.2
729.276 2641.54 2541.54 670.3
729.611 2644.28 2544.28 670.4
729.947 2647.02 2547.02 670.5
730.283 2649.76 2549.76 670.6
730.62 2652.5 2552.5 670.7
730.958 2655.25 2555.25 670.8
731.297 2657.99 2557.99 670.9
731.636 2660.73 2560.73 671
731.976 2663.47 2563.47 671.1
732.316 2666.21 2566.21 671.2
732.658 2668.95 2568.95 671.3
733 2671.7 2571.7 671.4
733.342 2674.44 2574.44 671.5
733.686 2677.18 2577.18 671.6
734.03 2679.92 2579.92 671.7
734.375 2682.66 2582.66 671.8
734.721 2685.4 2585.4 671.9
735.068 2688.14 2588.14 672
735.415 2690.89 2590.89 672.1
735.763 2693.63 2593.63 672.2
736.112 2696.37 2596.37 672.3
736.461 2699.11 2599.11 672.4
736.811 2701.85 2601.85 672.5
737.163 2704.59 2604.59 672.6
737.514 2707.34 2607.34 672.7
737.867 2710.08 2610.08 672.8
738.221 2712.82 2612.82 672.9
738.575 2715.56 2615.56 673
738.93 2718.3 2618.3 673.1
739.286 2721.04 2621.04 673.2
739.643 2723.79 2623.79 673.3
740 2726.53 2626.53 673.4
740.359 2729.27 2629.27 673.5
740.718 2732.01 2632.01 673.6
741.078 2734.75 2634.75 673.7
741.439 2737.49 2637.49 673.8
741.801 2740.23 2640.23 673.9
742.163 2742.98 2642.98 674
742.527 2745.72 2645.72 674.1
742.891 2748.46 2648.46 674.2
743.256 2751.2 2651.2 674.3
743.623 2753.94 2653.94 674.4
743.99 2756.68 2656.68 674.5
744.357 2759.43 2659.43 674.6
744.726 2762.17 2662.17 674.7
745.096 2764.91 2664.91 674.8
745.467 2767.65 2667.65 674.9
745.838 2770.39 2670.39 675
746.21 2773.13 2673.13 675.1
746.584 2775.87 2675.87 675.2
746.958 2778.62 2678.62 675.3
747.333 2781.36 2681.36 675.4
747.709 2784.1 2684.1 675.5
748.086 2786.84 2686.84 675.6
748.464 2789.58 2689.58 675.7
748.843 2792.32 2692.32 675.8
749.223 2795.07 2695.07 675.9
749.604 2797.81 2697.81 676
749.986 2800.55 2700.55 676.1
750.369 2803.29 2703.29 676.2
750.753 2806.03 2706.03 676.3
751.137 2808.77 2708.77 676.4
751.523 2811.52 2711.52 676.5
751.91 2814.26 2714.26 676.6
752.298 2817 2717 676.7
752.686 2819.74 2719.74 676.8
753.076 2822.48 2722.48 676.9
753.467 2825.22 2725.22 677
753.859 2827.96 2727.96 677.1
754.251 2830.71 2730.71 677.2
754.645 2833.45 2733.45 677.3
755.04 2836.19 2736.19 677.4
755.436 2838.93 2738.93 677.5
755.833 2841.67 2741.67 677.6
756.231 2844.41 2744.41 677.7
756.63 2847.16 2747.16 677.8
757.03 2849.9 2749.9 677.9
757.432 2852.64 2752.64 678
757.834 2855.38 2755.38 678.1
758.237 2858.12 2758.12 678.2
758.642 2860.86 2760.86 678.3
759.047 2863.6 2763.6 678.4
759.454 2866.35 2766.35 678.5
759.862 2869.09 2769.09 678.6
760.27 2871.83 2771.83 678.7
760.68 2874.57 2774.57 678.8
761.091 2877.31 2777.31 678.9
761.504 2880.05 2780.05 679
761.917 2882.8 2782.8 679.1
762.331 2885.54 2785.54 679.2
762.747 2888.28 2788.28 679.3
763.163 2891.02 2791.02 679.4
763.581 2893.76 2793.76 679.5
764 2896.5 2796.5 679.6
764.42 2899.24 2799.24 679.7
764.842 2901.99 2801.99 679.8
765.264 2904.73 2804.73 679.9
765.688 2907.47 2807.47 680
766.113 2910.21 2810.21 680.1
766.539 2912.95 2812.95 680.2
766.966 2915.69 2815.69 680.3
767.394 2918.44 2818.44 680.4
767.824 2921.18 2821.18 680.5
768.254 2923.92 2823.92 680.6
768.686 2926.66 2826.66 680.7
769.119 2929.4 2829.4 680.8
769.553 2932.14 2832.14 680.9
769.988 2934.89 2834.89 681
770.424 2937.63 2837.63 681.1
770.862 2940.37 2840.37 681.2
771.3 2943.11 2843.11 681.3
771.74 2945.85 2845.85 681.4
772.181 2948.59 2848.59 681.5
772.622 2951.33 2851.33 681.6
773.065 2954.08 2854.08 681.7
773.509 2956.82 2856.82 681.8
773.954 2959.56 2859.56 681.9
774.4 2962.3 2862.3 682
774.847 2965.04 2865.04 682.1
775.295 2967.78 2867.78 682.2
775.745 2970.53 2870.53 682.3
776.195 2973.27 2873.27 682.4
776.646 2976.01 2876.01 682.5
777.099 2978.75 2878.75 682.6
777.552 2981.49 2881.49 682.7
778.006 2984.23 2884.23 682.8
778.462 2986.97 2886.97 682.9
778.918 2989.72 2889.72 683
779.375 2992.46 2892.46 683.1
779.834 2995.2 2895.2 683.2
780.293 2997.94 2897.94 683.3
780.754 3000.68 2900.68 683.4
781.215 3003.42 2903.42 683.5
781.677 3006.17 2906.17 683.6
782.141 3008.91 2908.91 683.7
782.605 3011.65 2911.65 683.8
783.07 3014.39 2914.39 683.9
783.536 3017.13 2917.13 684
784.003 3019.87 2919.87 684.1
784.471 3022.62 2922.62 684.2
784.94 3025.36 2925.36 684.3
785.41 3028.1 2928.1 684.4
785.881 3030.84 2930.84 684.5
786.352 3033.58 2933.58 684.6
786.825 3036.32 2936.32 684.7
787.299 3039.06 2939.06 684.8
787.773 3041.81 2941.81 684.9
788.248 3044.55 2944.55 685
788.724 3047.29 2947.29 685.1
789.202 3050.03 2950.03 685.2
789.679 3052.77 2952.77 685.3
790.158 3055.51 2955.51 685.4
790.638 3058.26 2958.26 685.5
791.118 3061 2961 685.6
791.6 3063.74 2963.74 685.7
792.082 3066.48 2966.48 685.8
792.565 3069.22 2969.22 685.9
793.049 3071.96 2971.96 686
793.533 3074.7 2974.7 686.1
794.019 3077.45 2977.45 686.2
794.505 3080.19 2980.19 686.3
794.992 3082.93 2982.93 686.4
795.48 3085.67 2985.67 686.5
795.969 3088.41 2988.41 686.6
796.458 3091.15 2991.15 686.7
796.949 3093.9 2993.9 686.8
797.44 3096.64 2996.64 686.9
797.932 3099.38 2999.38 687
798.424 3102.12 3002.12 687.1
798.918 3104.86 3004.86 687.2
799.412 3107.6 3007.6 687.3
799.907 3110.35 3010.35 687.4
800.402 3113.09 3013.09 687.5
800.899 3115.83 3015.83 687.6
801.396 3118.57 3018.57 687.7
801.893 3121.31 3021.31 687.8
802.392 3124.05 3024.05 687.9
802.891 3126.79 3026.79 688
803.391 3129.54 3029.54 688.1
803.892 3132.28 3032.28 688.2
804.393 3135.02 3035.02 688.3
804.895 3137.76 3037.76 688.4
805.398 3140.5 3040.5 688.5
805.901 3143.24 3043.24 688.6
806.405 3145.99 3045.99 688.7
806.91 3148.73 3048.73 688.8
807.415 3151.47 3051.47 688.9
807.921 3154.21 3054.21 689
808.428 3156.95 3056.95 689.1
808.935 3159.69 3059.69 689.2
809.443 3162.43 3062.43 689.3
809.952 3165.18 3065.18 689.4
810.461 3167.92 3067.92 689.5
810.971 3170.66 3070.66 689.6
811.481 3173.4 3073.4 689.7
811.992 3176.14 3076.14 689.8
812.504 3178.88 3078.88 689.9
813.016 3181.63 3081.63 690
813.529 3184.37 3084.37 690.1
814.042 3187.11 3087.11 690.2
814.556 3189.85 3089.85 690.3
815.071 3192.59 3092.59 690.4
815.586 3195.33 3095.33 690.5
816.102 3198.08 3098.08 690.6
816.618 3200.82 3100.82 690.7
817.135 3203.56 3103.56 690.8
817.652 3206.3 3106.3 690.9
818.17 3209.04 3109.04 691
818.688 3211.78 3111.78 691.1
819.207 3214.52 3114.52 691.2
819.726 3217.27 3117.27 691.3
820.246 3220.01 3120.01 691.4
820.767 3222.75 3122.75 691.5
821.288 3225.49 3125.49 691.6
821.809 3228.23 3128.23 691.7
822.331 3230.97 3130.97 691.8
822.854 3233.72 3133.72 691.9
823.376 3236.46 3136.46 692
823.9 3239.2 3139.2 692.1
824.424 3241.94 3141.94 692.2
824.948 3244.68 3144.68 692.3
825.473 3247.42 3147.42 692.4
825.998 3250.16 3150.16 692.5
826.523 3252.91 3152.91 692.6
827.05 3255.65 3155.65 692.7
827.576 3258.39 3158.39 692.8
828.103 3261.13 3161.13 692.9
828.63 3263.87 3163.87 693
829.158 3266.61 3166.61 693.1
829.686 3269.36 3169.36 693.2
830.215 3272.1 3172.1 693.3
830.744 3274.84 3174.84 693.4
831.273 3277.58 3177.58 693.5
831.803 3280.32 3180.32 693.6
832.333 3283.06 3183.06 693.7
832.863 3285.81 3185.81 693.8
833.394 3288.55 3188.55 693.9
833.925 3291.29 3191.29 694
834.457 3294.03 3194.03 694.1
834.989 3296.77 3196.77 694.2
835.521 3299.51 3199.51 694.3
836.054 3302.25 3202.25 694.4
836.587 3305 3205 694.5
837.12 3307.74 3207.74 694.6
837.653 3310.48 3210.48 694.7
838.187 3313.22 3213.22 694.8
838.721 3315.96 3215.96 694.9
839.256 3318.7 3218.7 695
839.791 3321.45 3221.45 695.1
840.326 3324.19 3224.19 695.2
840.861 3326.93 3226.93 695.3
841.397 3329.67 3229.67 695.4
841.932 3332.41 3232.41 695.5
842.469 3335.15 3235.15 695.6
843.005 3337.89 3237.89 695.7
843.542 3340.64 3240.64 695.8
844.079 3343.38 3243.38 695.9
844.616 3346.12 3246.12 696
845.153 3348.86 3248.86 696.1
845.691 3351.6 3251.6 696.2
846.229 3354.34 3254.34 696.3
846.767 3357.09 3257.09 696.4
847.305 3359.83 3259.83 696.5
847.843 3362.57 3262.57 696.6
848.382 3365.31 3265.31 696.7
848.921 3368.05 3268.05 696.8
849.46 3370.79 3270.79 696.9
849.999 3373.54 3273.54 697
850.539 3376.28 3276.28 697.1
851.078 3379.02 3279.02 697.2
851.618 3381.76 3281.76 697.3
852.158 3384.5 3284.5 697.4
852.698 3387.24 3287.24 697.5
853.238 3389.98 3289.98 697.6
853.779 3392.73 3292.73 697.7
854.319 3395.47 3295.47 697.8
854.86 3398.21 3298.21 697.9
855.401 3400.95 3300.95 698
855.941 3403.69 3303.69 698.1
856.482 3406.43 3306.43 698.2
857.024 3409.18 3309.18 698.3
857.565 3411.92 3311.92 698.4
858.106 3414.66 3314.66 698.5
858.647 3417.4 3317.4 698.6
859.189 3420.14 3320.14 698.7
859.73 3422.88 3322.88 698.8
860.272 3425.62 3325.62 698.9
860.814 3428.37 3328.37 699
861.355 3431.11 3331.11 699.1
861.897 3433.85 3333.85 699.2
862.439 3436.59 3336.59 699.3
862.981 3439.33 3339.33 699.4
863.523 3442.07 3342.07 699.5
864.065 3444.82 3344.82 699.6
864.607 3447.56 3347.56 699.7
865.149 3450.3 3350.3 699.8
865.691 3453.04 3353.04 699.9
866.233 3455.78 3355.78 700
866.775 3458.52 3358.52 700.1
867.317 3461.27 3361.27 700.2
867.859 3464.01 3364.01 700.3
868.401 3466.75 3366.75 700.4
868.943 3469.49 3369.49 700.5
869.485 3472.23 3372.23 700.6
870.027 3474.97 3374.97 700.7
870.568 3477.71 3377.71 700.8
871.11 3480.46 3380.46 700.9
871.652 3483.2 3383.2 701
872.194 3485.94 3385.94 701.1
872.735 3488.68 3388.68 701.2
873.277 3491.42 3391.42 701.3
873.818 3494.16 3394.16 701.4
874.36 3496.91 3396.91 701.5
874.901 3499.65 3399.65 701.6
875.442 3502.39 3402.39 701.7
875.983 3505.13 3405.13 701.8
876.524 3507.87 3407.87 701.9
877.065 3510.61 3410.61 702
877.606 3513.35 3413.35 702.1
878.147 3516.1 3416.1 702.2
878.687 3518.84 3418.84 702.3
879.228 3521.58 3421.58 702.4
879.768 3524.32 3424.32 702.5
880.308 3527.06 3427.06 702.6
880.848 3529.8 3429.8 702.7
881.388 3532.55 3432.55 702.8
881.927 3535.29 3435.29 702.9
882.467 3538.03 3438.03 703
883.006 3540.77 3440.77 703.1
883.545 3543.51 3443.51 703.2
884.084 3546.25 3446.25 703.3
884.623 3549 3449 703.4
885.162 3551.74 3451.74 703.5
885.7 3554.48 3454.48 703.6
886.238 3557.22 3457.22 703.7
886.776 3559.96 3459.96 703.8
887.314 3562.7 3462.7 703.9
887.851 3565.44 3465.44 704
888.388 3568.19 3468.19 704.1
888.925 3570.93 3470.93 704.2
889.462 3573.67 3473.67 704.3
889.998 3576.41 3476.41 704.4
890.535 3579.15 3479.15 704.5
891.071 3581.89 3481.89 704.6
891.606 3584.64 3484.64 704.7
892.142 3587.38 3487.38 704.8
892.677 3590.12 3490.12 704.9
893.212 3592.86 3492.86 705
893.746 3595.6 3495.6 705.1
894.28 3598.34 3498.34 705.2
894.814 3601.08 3501.08 705.3
895.348 3603.83 3503.83 705.4
895.881 3606.57 3506.57 705.5
896.414 3609.31 3509.31 705.6
896.947 3612.05 3512.05 705.7
897.479 3614.79 3514.79 705.8
898.011 3617.53 3517.53 705.9
898.543 3620.28 3520.28 706
899.074 3623.02 3523.02 706.1
899.605 3625.76 3525.76 706.2
900.136 3628.5 3528.5 706.3
900.666 3631.24 3531.24 706.4
901.196 3633.98 3533.98 706.5
901.725 3636.73 3536.73 706.6
902.254 3639.47 3539.47 706.7
902.783 3642.21 3542.21 706.8
903.311 3644.95 3544.95 706.9
903.839 3647.69 3547.69 707
904.367 3650.43 3550.43 707.1
904.894 3653.17 3553.17 707.2
905.42 3655.92 3555.92 707.3
905.946 3658.66 3558.66 707.4
906.472 3661.4 3561.4 707.5
906.997 3664.14 3564.14 707.6
907.522 3666.88 3566.88 707.7
908.047 3669.62 3569.62 707.8
908.571 3672.37 3572.37 707.9
909.094 3675.11 3575.11 708
909.617 3677.85 3577.85 708.1
910.14 3680.59 3580.59 708.2
910.662 3683.33 3583.33 708.3
911.183 3686.07 3586.07 708.4
911.704 3688.81 3588.81 708.5
912.225 3691.56 3591.56 708.6
912.745 3694.3 3594.3 708.7
913.265 3697.04 3597.04 708.8
913.784 3699.78 3599.78 708.9
914.302 3702.52 3602.52 709
914.82 3705.26 3605.26 709.1
915.338 3708.01 3608.01 709.2
915.855 3710.75 3610.75 709.3
916.371 3713.49 3613.49 709.4
916.887 3716.23 3616.23 709.5
917.402 3718.97 3618.97 709.6
917.917 3721.71 3621.71 709.7
918.431 3724.46 3624.46 709.8
918.944 3727.2 3627.2 709.9
919.457 3729.94 3629.94 710
919.97 3732.68 3632.68 710.1
920.482 3735.42 3635.42 710.2
920.993 3738.16 3638.16 710.3
921.503 3740.9 3640.9 710.4
922.013 3743.65 3643.65 710.5
922.523 3746.39 3646.39 710.6
923.031 3749.13 3649.13 710.7
923.54 3751.87 3651.87 710.8
924.047 3754.61 3654.61 710.9
924.554 3757.35 3657.35 711
925.06 3760.1 3660.1 711.1
925.566 3762.84 3662.84 711.2
926.071 3765.58 3665.58 711.3
926.575 3768.32 3668.32 711.4
927.078 3771.06 3671.06 711.5
927.581 3773.8 3673.8 711.6
928.083 3776.54 3676.54 711.7
928.585 3779.29 3679.29 711.8
929.086 3782.03 3682.03 711.9
929.586 3784.77 3684.77 712
930.085 3787.51 3687.51 712.1
930.584 3790.25 3690.25 712.2
931.082 3792.99 3692.99 712.3
931.579 3795.74 3695.74 712.4
932.076 3798.48 3698.48 712.5
932.571 3801.22 3701.22 712.6
933.066 3803.96 3703.96 712.7
933.561 3806.7 3706.7 712.8
934.054 3809.44 3709.44 712.9
934.547 3812.19 3712.19 713
935.039 3814.93 3714.93 713.1
935.53 3817.67 3717.67 713.2
936.021 3820.41 3720.41 713.3
936.511 3823.15 3723.15 713.4
937 3825.89 3725.89 713.5
937.488 3828.63 3728.63 713.6
937.975 3831.38 3731.38 713.7
938.462 3834.12 3734.12 713.8
938.947 3836.86 3736.86 713.9
939.432 3839.6 3739.6 714
939.916 3842.34 3742.34 714.1
940.399 3845.08 3745.08 714.2
940.882 3847.83 3747.83 714.3
941.363 3850.57 3750.57 714.4
941.844 3853.31 3753.31 714.5
942.324 3856.05 3756.05 714.6
942.803 3858.79 3758.79 714.7
943.281 3861.53 3761.53 714.8
943.759 3864.27 3764.27 714.9
944.235 3867.02 3767.02 715
944.71 3869.76 3769.76 715.1
945.185 3872.5 3772.5 715.2
945.659 3875.24 3775.24 715.3
946.132 3877.98 3777.98 715.4
946.604 3880.72 3780.72 715.5
947.075 3883.47 3783.47 715.6
947.545 3886.21 3786.21 715.7
948.014 3888.95 3788.95 715.8
948.482 3891.69 3791.69 715.9
948.95 3894.43 3794.43 716
949.416 3897.17 3797.17 716.1
949.881 3899.92 3799.92 716.2
950.346 3902.66 3802.66 716.3
950.809 3905.4 3805.4 716.4
951.272 3908.14 3808.14 716.5
951.734 3910.88 3810.88 716.6
952.194 3913.62 3813.62 716.7
952.654 3916.36 3816.36 716.8
953.112 3919.11 3819.11 716.9
953.57 3921.85 3821.85 717
954.027 3924.59 3824.59 717.1
954.482 3927.33 3827.33 717.2
954.937 3930.07 3830.07 717.3
955.391 3932.81 3832.81 717.4
955.843 3935.56 3835.56 717.5
956.295 3938.3 3838.3 717.6
956.745 3941.04 3841.04 717.7
957.195 3943.78 3843.78 717.8
957.643 3946.52 3846.52 717.9
958.091 3949.26 3849.26 718
958.537 3952 3852 718.1
958.982 3954.75 3854.75 718.2
959.427 3957.49 3857.49 718.3
959.87 3960.23 3860.23 718.4
960.312 3962.97 3862.97 718.5
960.753 3965.71 3865.71 718.6
961.193 3968.45 3868.45 718.7
961.632 3971.2 3871.2 718.8
962.069 3973.94 3873.94 718.9
962.506 3976.68 3876.68 719
962.941 3979.42 3879.42 719.1
963.376 3982.16 3882.16 719.2
963.809 3984.9 3884.9 719.3
964.241 3987.65 3887.65 719.4
964.672 3990.39 3890.39 719.5
965.102 3993.13 3893.13 719.6
965.53 3995.87 3895.87 719.7
965.958 3998.61 3898.61 719.8
966.384 4001.35 3901.35 719.9
966.809 4004.09 3904.09 720
967.233 4006.84 3906.84 720.1
967.656 4009.58 3909.58 720.2
968.077 4012.32 3912.32 720.3
968.498 4015.06 3915.06 720.4
968.917 4017.8 3917.8 720.5
969.335 4020.54 3920.54 720.6
969.752 4023.29 3923.29 720.7
970.168 4026.03 3926.03 720.8
970.583 4028.77 3928.77 720.9
970.997 4031.51 3931.51 721
971.409 4034.25 3934.25 721.1
971.821 4036.99 3936.99 721.2
972.231 4039.73 3939.73 721.3
972.64 4042.48 3942.48 721.4
973.048 4045.22 3945.22 721.5
973.455 4047.96 3947.96 721.6
973.861 4050.7 3950.7 721.7
974.266 4053.44 3953.44 721.8
974.669 4056.18 3956.18 721.9
975.072 4058.93 3958.93 722
975.473 4061.67 3961.67 722.1
975.874 4064.41 3964.41 722.2
976.273 4067.15 3967.15 722.3
976.672 4069.89 3969.89 722.4
977.069 4072.63 3972.63 722.5
977.465 4075.38 3975.38 722.6
977.861 4078.12 3978.12 722.7
978.255 4080.86 3980.86 722.8
978.648 4083.6 3983.6 722.9
979.04 4086.34 3986.34 723
979.431 4089.08 3989.08 723.1
979.821 4091.82 3991.82 723.2
980.21 4094.57 3994.57 723.3
980.598 4097.31 3997.31 723.4
980.986 4100.05 4000.05 723.5
981.372 4102.79 4002.79 723.6
981.757 4105.53 4005.53 723.7
982.141 4108.27 4008.27 723.8
982.524 4111.02 4011.02 723.9
982.906 4113.76 4013.76 724
983.287 4116.5 4016.5 724.1
983.668 4119.24 4019.24 724.2
984.047 4121.98 4021.98 724.3
984.425 4124.72 4024.72 724.4
984.803 4127.46 4027.46 724.5
985.179 4130.21 4030.21 724.6
985.555 4132.95 4032.95 724.7
985.929 4135.69 4035.69 724.8
986.303 4138.43 4038.43 724.9
986.676 4141.17 4041.17 725
987.048 4143.91 4043.91 725.1
987.419 4146.66 4046.66 725.2
987.789 4149.4 4049.4 725.3
988.158 4152.14 4052.14 725.4
988.526 4154.88 4054.88 725.5
988.893 4157.62 4057.62 725.6
989.26 4160.36 4060.36 725.7
989.625 4163.1 4063.1 725.8
989.99 4165.85 4065.85 725.9
990.354 4168.59 4068.59 726
990.717 4171.33 4071.33 726.1
991.079 4174.07 4074.07 726.2
991.44 4176.81 4076.81 726.3
991.801 4179.55 4079.55 726.4
992.16 4182.3 4082.3 726.5
992.519 4185.04 4085.04 726.6
992.877 4187.78 4087.78 726.7
993.234 4190.52 4090.52 726.8
993.59 4193.26 4093.26 726.9
993.946 4196 4096 727
994.3 4198.75 4098.75 727.1
994.654 4201.49 4101.49 727.2
995.007 4204.23 4104.23 727.3
995.359 4206.97 4106.97 727.4
995.711 4209.71 4109.71 727.5
996.061 4212.45 4112.45 727.6
996.411 4215.19 4115.19 727.7
996.76 4217.94 4117.94 727.8
997.109 4220.68 4120.68 727.9
997.456 4223.42 4123.42 728
997.803 4226.16 4126.16 728.1
998.149 4228.9 4128.9 728.2
998.495 4231.64 4131.64 728.3
998.839 4234.39 4134.39 728.4
999.183 4237.13 4137.13 728.5
999.526 4239.87 4139.87 728.6
999.868 4242.61 4142.61 728.7
1000.21 4245.35 4145.35 728.8
1000.55 4248.09 4148.09 728.9
1000.89 4250.83 4150.83 729
1001.23 4253.58 4153.58 729.1
1001.57 4256.32 4156.32 729.2
1001.91 4259.06 4159.06 729.3
1002.25 4261.8 4161.8 729.4
1002.58 4264.54 4164.54 729.5
1002.92 4267.28 4167.28 729.6
1003.25 4270.03 4170.03 729.7
1003.59 4272.77 4172.77 729.8
1003.92 4275.51 4175.51 729.9
1004.26 4278.25 4178.25 730
1004.59 4280.99 4180.99 730.1
1004.92 4283.73 4183.73 730.2
1005.25 4286.48 4186.48 730.3
1005.58 4289.22 4189.22 730.4
1005.91 4291.96 4191.96 730.5
1006.24 4294.7 4194.7 730.6
1006.57 4297.44 4197.44 730.7
1006.9 4300.18 4200.18 730.8
1007.23 4302.92 4202.92 730.9
1007.55 4305.67 4205.67 731
1007.88 4308.41 4208.41 731.1
1008.21 4311.15 4211.15 731.2
1008.53 4313.89 4213.89 731.3
1008.86 4316.63 4216.63 731.4
1009.18 4319.37 4219.37 731.5
1009.5 4322.12 4222.12 731.6
1009.83 4324.86 4224.86 731.7
1010.15 4327.6 4227.6 731.8
1010.47 4330.34 4230.34 731.9
1010.79 4333.08 4233.08 732
1011.11 4335.82 4235.82 732.1
1011.43 4338.56 4238.56 732.2
1011.75 4341.31 4241.31 732.3
1012.07 4344.05 4244.05 732.4
1012.39 4346.79 4246.79 732.5
1012.71 4349.53 4249.53 732.6
1013.03 4352.27 4252.27 732.7
1013.34 4355.01 4255.01 732.8
1013.66 4357.76 4257.76 732.9
1013.98 4360.5 4260.5 733
1014.29 4363.24 4263.24 733.1
1014.61 4365.98 4265.98 733.2
1014.92 4368.72 4268.72 733.3
1015.24 4371.46 4271.46 733.4
1015.55 4374.21 4274.21 733.5
1015.86 4376.95 4276.95 733.6
1016.18 4379.69 4279.69 733.7
1016.49 4382.43 4282.43 733.8
1016.8 4385.17 4285.17 733.9
1017.11 4387.91 4287.91 734
1017.42 4390.65 4290.65 734.1
1017.73 4393.4 4293.4 734.2
1018.04 4396.14 4296.14 734.3
1018.35 4398.88 4298.88 734.4
1018.66 4401.62 4301.62 734.5
1018.97 4404.36 4304.36 734.6
1019.28 4407.1 4307.1 734.7
1019.58 4409.85 4309.85 734.8
1019.89 4412.59 4312.59 734.9
1020.2 4415.33 4315.33 735
1020.51 4418.07 4318.07 735.1
1020.81 4420.81 4320.81 735.2
1021.12 4423.55 4323.55 735.3
1021.42 4426.29 4326.29 735.4
1021.73 4429.04 4329.04 735.5
1022.03 4431.78 4331.78 735.6
1022.34 4434.52 4334.52 735.7
1022.64 4437.26 4337.26 735.8
1022.95 4440 4340 735.9
1023.25 4442.74 4342.74 736
1023.55 4445.49 4345.49 736.1
1023.86 4448.23 4348.23 736.2
1024.16 4450.97 4350.97 736.3
1024.46 4453.71 4353.71 736.4
1024.76 4456.45 4356.45 736.5
1025.06 4459.19 4359.19 736.6
1025.36 4461.94 4361.94 736.7
1025.66 4464.68 4364.68 736.8
1025.96 4467.42 4367.42 736.9
1026.27 4470.16 4370.16 737
1026.56 4472.9 4372.9 737.1
1026.86 4475.64 4375.64 737.2
1027.16 4478.38 4378.38 737.3
1027.46 4481.13 4381.13 737.4
1027.76 4483.87 4383.87 737.5
1028.06 4486.61 4386.61 737.6
1028.36 4489.35 4389.35 737.7
1028.66 4492.09 4392.09 737.8
1028.95 4494.83 4394.83 737.9
1029.25 4497.58 4397.58 738
1029.55 4500.32 4400.32 738.1
1029.85 4503.06 4403.06 738.2
1030.14 4505.8 4405.8 738.3
1030.44 4508.54 4408.54 738.4
1030.74 4511.28 4411.28 738.5
1031.03 4514.02 4414.02 738.6
1031.33 4516.77 4416.77 738.7
1031.62 4519.51 4419.51 738.8
1031.92 4522.25 4422.25 738.9
1032.21 4524.99 4424.99 739
1032.51 4527.73 4427.73 739.1
1032.8 4530.47 4430.47 739.2
1033.1 4533.22 4433.22 739.3
1033.39 4535.96 4435.96 739.4
1033.69 4538.7 4438.7 739.5
1033.98 4541.44 4441.44 739.6
1034.28 4544.18 4444.18 739.7
1034.57 4546.92 4446.92 739.8
1034.87 4549.67 4449.67 739.9
1035.16 4552.41 4452.41 740
1035.45 4555.15 4455.15 740.1
1035.75 4557.89 4457.89 740.2
1036.04 4560.63 4460.63 740.3
1036.33 4563.37 4463.37 740.4
1036.63 4566.11 4466.11 740.5
1036.92 4568.86 4468.86 740.6
1037.21 4571.6 4471.6 740.7
1037.5 4574.34 4474.34 740.8
1037.8 4577.08 4477.08 740.9
1038.09 4579.82 4479.82 741
1038.38 4582.56 4482.56 741.1
1038.68 4585.31 4485.31 741.2
1038.97 4588.05 4488.05 741.3
1039.26 4590.79 4490.79 741.4
1039.55 4593.53 4493.53 741.5
1039.84 4596.27 4496.27 741.6
1040.14 4599.01 4499.01 741.7
1040.43 4601.75 4501.75 741.8
1040.72 4604.5 4504.5 741.9
1041.01 4607.24 4507.24 742
1041.31 4609.98 4509.98 742.1
1041.6 4612.72 4512.72 742.2
1041.89 4615.46 4515.46 742.3
1042.18 4618.2 4518.2 742.4
1042.47 4620.95 4520.95 742.5
1042.77 4623.69 4523.69 742.6
1043.06 4626.43 4526.43 742.7
1043.35 4629.17 4529.17 742.8
1043.64 4631.91 4531.91 742.9
1043.93 4634.65 4534.65 743
1044.23 4637.4 4537.4 743.1
1044.52 4640.14 4540.14 743.2
1044.81 4642.88 4542.88 743.3
1045.1 4645.62 4545.62 743.4
1045.39 4648.36 4548.36 743.5
1045.69 4651.1 4551.1 743.6
1045.98 4653.84 4553.84 743.7
1046.27 4656.59 4556.59 743.8
1046.56 4659.33 4559.33 743.9
1046.86 4662.07 4562.07 744
1047.15 4664.81 4564.81 744.1
1047.44 4667.55 4567.55 744.2
1047.73 4670.29 4570.29 744.3
1048.03 4673.04 4573.04 744.4
1048.32 4675.78 4575.78 744.5
1048.61 4678.52 4578.52 744.6
1048.91 4681.26 4581.26 744.7
1049.2 4684 4584 744.8
1049.49 4686.74 4586.74 744.9
1049.79 4689.48 4589.48 745
1050.08 4692.23 4592.23 745.1
1050.37 4694.97 4594.97 745.2
1050.67 4697.71 4597.71 745.3
1050.96 4700.45 4600.45 745.4
1051.26 4703.19 4603.19 745.5
1051.55 4705.93 4605.93 745.6
1051.84 4708.68 4608.68 745.7
1052.14 4711.42 4611.42 745.8
1052.43 4714.16 4614.16 745.9
1052.73 4716.9 4616.9 746
1053.02 4719.64 4619.64 746.1
1053.32 4722.38 4622.38 746.2
1053.61 4725.13 4625.13 746.3
1053.91 4727.87 4627.87 746.4
1054.21 4730.61 4630.61 746.5
1054.5 4733.35 4633.35 746.6
1054.8 4736.09 4636.09 746.7
1055.1 4738.83 4638.83 746.8
1055.39 4741.57 4641.57 746.9
1055.69 4744.32 4644.32 747
1055.99 4747.06 4647.06 747.1
1056.28 4749.8 4649.8 747.2
1056.58 4752.54 4652.54 747.3
1056.88 4755.28 4655.28 747.4
1057.18 4758.02 4658.02 747.5
1057.48 4760.77 4660.77 747.6
1057.78 4763.51 4663.51 747.7
1058.07 4766.25 4666.25 747.8
1058.37 4768.99 4668.99 747.9
1058.67 4771.73 4671.73 748
1058.97 4774.47 4674.47 748.1
1059.27 4777.21 4677.21 748.2
1059.57 4779.96 4679.96 748.3
1059.87 4782.7 4682.7 748.4
1060.18 4785.44 4685.44 748.5
1060.48 4788.18 4688.18 748.6
1060.78 4790.92 4690.92 748.7
1061.08 4793.66 4693.66 748.8
1061.38 4796.41 4696.41 748.9
1061.69 4799.15 4699.15 749
1061.99 4801.89 4701.89 749.1
1062.29 4804.63 4704.63 749.2
1062.6 4807.37 4707.37 749.3
1062.9 4810.11 4710.11 749.4
1063.2 4812.86 4712.86 749.5
1063.51 4815.6 4715.6 749.6
1063.81 4818.34 4718.34 749.7
1064.12 4821.08 4721.08 749.8
1064.43 4823.82 4723.82 749.9
1064.73 4826.56 4726.56 750
1065.04 4829.3 4729.3 750.1
1065.35 4832.05 4732.05 750.2
1065.65 4834.79 4734.79 750.3
1065.96 4837.53 4737.53 750.4
1066.27 4840.27 4740.27 750.5
1066.58 4843.01 4743.01 750.6
1066.89 4845.75 4745.75 750.7
1067.2 4848.5 4748.5 750.8
1067.51 4851.24 4751.24 750.9
1067.82 4853.98 4753.98 751
1068.13 4856.72 4756.72 751.1
1068.44 4859.46 4759.46 751.2
1068.75 4862.2 4762.2 751.3
1069.06 4864.94 4764.94 751.4
1069.37 4867.69 4767.69 751.5
1069.69 4870.43 4770.43 751.6
1070 4873.17 4773.17 751.7
1070.32 4875.91 4775.91 751.8
1070.63 4878.65 4778.65 751.9
1070.94 4881.39 4781.39 752
1071.26 4884.14 4784.14 752.1
1071.58 4886.88 4786.88 752.2
1071.89 4889.62 4789.62 752.3
1072.21 4892.36 4792.36 752.4
1072.53 4895.1 4795.1 752.5
1072.85 4897.84 4797.84 752.6
1073.16 4900.59 4800.59 752.7
1073.48 4903.33 4803.33 752.8
1073.8 4906.07 4806.07 752.9
1074.12 4908.81 4808.81 753
1074.44 4911.55 4811.55 753.1
1074.76 4914.29 4814.29 753.2
1075.09 4917.03 4817.03 753.3
1075.41 4919.78 4819.78 753.4
1075.73 4922.52 4822.52 753.5
1076.05 4925.26 4825.26 753.6
1076.38 4928 4828 753.7
1076.7 4930.74 4830.74 753.8
1077.03 4933.48 4833.48 753.9
1077.35 4936.23 4836.23 754
1077.68 4938.97 4838.97 754.1
1078.01 4941.71 4841.71 754.2
1078.34 4944.45 4844.45 754.3
1078.66 4947.19 4847.19 754.4
1078.99 4949.93 4849.93 754.5
1079.32 4952.67 4852.67 754.6
1079.65 4955.42 4855.42 754.7
1079.98 4958.16 4858.16 754.8
1080.31 4960.9 4860.9 754.9
1080.65 4963.64 4863.64 755
1080.98 4966.38 4866.38 755.1
1081.31 4969.12 4869.12 755.2
1081.65 4971.87 4871.87 755.3
1081.98 4974.61 4874.61 755.4
1082.32 4977.35 4877.35 755.5
1082.65 4980.09 4880.09 755.6
1082.99 4982.83 4882.83 755.7
1083.33 4985.57 4885.57 755.8
1083.66 4988.32 4888.32 755.9
1084 4991.06 4891.06 756
1084.34 4993.8 4893.8 756.1
1084.68 4996.54 4896.54 756.2
1085.02 4999.28 4899.28 756.3
1085.37 5002.02 4902.02 756.4
1085.71 5004.76 4904.76 756.5
1086.05 5007.51 4907.51 756.6
1086.39 5010.25 4910.25 756.7
1086.74 5012.99 4912.99 756.8
1087.08 5015.73 4915.73 756.9
1087.43 5018.47 4918.47 757
1087.78 5021.21 4921.21 757.1
1088.12 5023.96 4923.96 757.2
1088.47 5026.7 4926.7 757.3
1088.82 5029.44 4929.44 757.4
1089.17 5032.18 4932.18 757.5
1089.52 5034.92 4934.92 757.6
1089.87 5037.66 4937.66 757.7
1090.23 5040.4 4940.4 757.8
1090.58 5043.15 4943.15 757.9
1090.93 5045.89 4945.89 758
1091.29 5048.63 4948.63 758.1
1091.64 5051.37 4951.37 758.2
1092 5054.11 4954.11 758.3
1092.36 5056.85 4956.85 758.4
1092.71 5059.6 4959.6 758.5
1093.07 5062.34 4962.34 758.6
1093.43 5065.08 4965.08 758.7
1093.79 5067.82 4967.82 758.8
1094.15 5070.56 4970.56 758.9
1094.51 5073.3 4973.3 759
1094.88 5076.05 4976.05 759.1
1095.24 5078.79 4978.79 759.2
1095.61 5081.53 4981.53 759.3
1095.97 5084.27 4984.27 759.4
1096.34 5087.01 4987.01 759.5
1096.71 5089.75 4989.75 759.6
1097.07 5092.49 4992.49 759.7
1097.44 5095.24 4995.24 759.8
1097.81 5097.98 4997.98 759.9
1098.18 5100.72 5000.72 760
1098.55 5103.46 5003.46 760.1
1098.93 5106.2 5006.2 760.2
1099.3 5108.94 5008.94 760.3
1099.68 5111.69 5011.69 760.4
1100.05 5114.43 5014.43 760.5
1100.43 5117.17 5017.17 760.6
1100.8 5119.91 5019.91 760.7
1101.18 5122.65 5022.65 760.8
1101.56 5125.39 5025.39 760.9
1101.94 5128.13 5028.13 761
1102.32 5130.88 5030.88 761.1
1102.7 5133.62 5033.62 761.2
1103.09 5136.36 5036.36 761.3
1103.47 5139.1 5039.1 761.4
1103.85 5141.84 5041.84 761.5
1104.24 5144.58 5044.58 761.6
1104.62 5147.33 5047.33 761.7
1105.01 5150.07 5050.07 761.8
1105.4 5152.81 5052.81 761.9
1105.79 5155.55 5055.55 762
1106.17 5158.29 5058.29 762.1
1106.56 5161.03 5061.03 762.2
1106.95 5163.78 5063.78 762.3
1107.35 5166.52 5066.52 762.4
1107.74 5169.26 5069.26 762.5
1108.13 5172 5072 762.6
1108.53 5174.74 5074.74 762.7
1108.92 5177.48 5077.48 762.8
1109.32 5180.22 5080.22 762.9
1109.71 5182.97 5082.97 763
1110.11 5185.71 5085.71 763.1
1110.51 5188.45 5088.45 763.2
1110.91 5191.19 5091.19 763.3
1111.31 5193.93 5093.93 763.4
1111.71 5196.67 5096.67 763.5
1112.11 5199.42 5099.42 763.6
1112.51 5202.16 5102.16 763.7
1112.91 5204.9 5104.9 763.8
1113.31 5207.64 5107.64 763.9
1113.72 5210.38 5110.38 764
1114.12 5213.12 5113.12 764.1
1114.53 5215.86 5115.86 764.2
1114.93 5218.61 5118.61 764.3
1115.34 5221.35 5121.35 764.4
1115.75 5224.09 5124.09 764.5
1116.16 5226.83 5126.83 764.6
1116.57 5229.57 5129.57 764.7
1116.98 5232.31 5132.31 764.8
1117.39 5235.06 5135.06 764.9
1117.8 5237.8 5137.8 765
1118.21 5240.54 5140.54 765.1
1118.62 5243.28 5143.28 765.2
1119.04 5246.02 5146.02 765.3
1119.45 5248.76 5148.76 765.4
1119.86 5251.51 5151.51 765.5
1120.28 5254.25 5154.25 765.6
1120.7 5256.99 5156.99 765.7
1121.11 5259.73 5159.73 765.8
1121.53 5262.47 5162.47 765.9
1121.95 5265.21 5165.21 766
1122.37 5267.95 5167.95 766.1
1122.79 5270.7 5170.7 766.2
1123.21 5273.44 5173.44 766.3
1123.63 5276.18 5176.18 766.4
1124.05 5278.92 5178.92 766.5
1124.47 5281.66 5181.66 766.6
1124.89 5284.4 5184.4 766.7
1125.32 5287.15 5187.15 766.8
1125.74 5289.89 5189.89 766.9
1126.16 5292.63 5192.63 767
1126.59 5295.37 5195.37 767.1
1127.01 5298.11 5198.11 767.2
1127.44 5300.85 5200.85 767.3
1127.87 5303.59 5203.59 767.4
1128.29 5306.34 5206.34 767.5
1128.72 5309.08 5209.08 767.6
1129.15 5311.82 5211.82 767.7
1129.58 5314.56 5214.56 767.8
1130.01 5317.3 5217.3 767.9
1130.44 5320.04 5220.04 768
1130.87 5322.79 5222.79 768.1
1131.3 5325.53 5225.53 768.2
1131.74 5328.27 5228.27 768.3
1132.17 5331.01 5231.01 768.4
1132.6 5333.75 5233.75 768.5
1133.04 5336.49 5236.49 768.6
1133.47 5339.24 5239.24 768.7
1133.91 5341.98 5241.98 768.8
1134.34 5344.72 5244.72 768.9
1134.78 5347.46 5247.46 769
1135.21 5350.2 5250.2 769.1
1135.65 5352.94 5252.94 769.2
1136.09 5355.68 5255.68 769.3
1136.53 5358.43 5258.43 769.4
1136.97 5361.17 5261.17 769.5
1137.4 5363.91 5263.91 769.6
1137.84 5366.65 5266.65 769.7
1138.28 5369.39 5269.39 769.8
1138.72 5372.13 5272.13 769.9
1139.17 5374.88 5274.88 770
1139.61 5377.62 5277.62 770.1
1140.05 5380.36 5280.36 770.2
1140.49 5383.1 5283.1 770.3
1140.94 5385.84 5285.84 770.4
1141.38 5388.58 5288.58 770.5
1141.82 5391.32 5291.32 770.6
1142.27 5394.07 5294.07 770.7
1142.71 5396.81 5296.81 770.8
1143.16 5399.55 5299.55 770.9
1143.6 5402.29 5302.29 771
1144.05 5405.03 5305.03 771.1
1144.5 5407.77 5307.77 771.2
1144.95 5410.52 5310.52 771.3
1145.39 5413.26 5313.26 771.4
1145.84 5416 5316 771.5
1146.29 5418.74 5318.74 771.6
1146.74 5421.48 5321.48 771.7
1147.19 5424.22 5324.22 771.8
1147.64 5426.96 5326.96 771.9
1148.09 5429.71 5329.71 772
1148.54 5432.45 5332.45 772.1
1148.99 5435.19 5335.19 772.2
1149.44 5437.93 5337.93 772.3
1149.89 5440.67 5340.67 772.4
1150.35 5443.41 5343.41 772.5
1150.8 5446.16 5346.16 772.6
1151.25 5448.9 5348.9 772.7
1151.71 5451.64 5351.64 772.8
1152.16 5454.38 5354.38 772.9
1152.61 5457.12 5357.12 773
1153.07 5459.86 5359.86 773.1
1153.52 5462.61 5362.61 773.2
1153.98 5465.35 5365.35 773.3
1154.43 5468.09 5368.09 773.4
1154.89 5470.83 5370.83 773.5
1155.35 5473.57 5373.57 773.6
1155.8 5476.31 5376.31 773.7
1156.26 5479.05 5379.05 773.8
1156.72 5481.8 5381.8 773.9
1157.18 5484.54 5384.54 774
1157.63 5487.28 5387.28 774.1
1158.09 5490.02 5390.02 774.2
1158.55 5492.76 5392.76 774.3
1159.01 5495.5 5395.5 774.4
1159.47 5498.25 5398.25 774.5
1159.93 5500.99 5400.99 774.6
1160.39 5503.73 5403.73 774.7
1160.85 5506.47 5406.47 774.8
1161.31 5509.21 5409.21 774.9
1161.77 5511.95 5411.95 775
1162.23 5514.69 5414.69 775.1
1162.69 5517.44 5417.44 775.2
1163.16 5520.18 5420.18 775.3
1163.62 5522.92 5422.92 775.4
1164.08 5525.66 5425.66 775.5
1164.54 5528.4 5428.4 775.6
1165 5531.14 5431.14 775.7
1165.47 5533.89 5433.89 775.8
1165.93 5536.63 5436.63 775.9
1166.39 5539.37 5439.37 776
1166.86 5542.11 5442.11 776.1
1167.32 5544.85 5444.85 776.2
1167.79 5547.59 5447.59 776.3
1168.25 5550.34 5450.34 776.4
1168.72 5553.08 5453.08 776.5
1169.18 5555.82 5455.82 776.6
1169.65 5558.56 5458.56 776.7
1170.11 5561.3 5461.3 776.8
1170.58 5564.04 5464.04 776.9
1171.04 5566.78 5466.78 777
1171.51 5569.53 5469.53 777.1
1171.98 5572.27 5472.27 777.2
1172.44 5575.01 5475.01 777.3
1172.91 5577.75 5477.75 777.4
1173.38 5580.49 5480.49 777.5
1173.84 5583.23 5483.23 777.6
1174.31 5585.98 5485.98 777.7
1174.78 5588.72 5488.72 777.8
1175.24 5591.46 5491.46 777.9
1175.71 5594.2 5494.2 778
1176.18 5596.94 5496.94 778.1
1176.65 5599.68 5499.68 778.2
1177.12 5602.42 5502.42 778.3
1177.58 5605.17 5505.17 778.4
1178.05 5607.91 5507.91 778.5
1178.52 5610.65 5510.65 778.6
1178.99 5613.39 5513.39 778.7
1179.46 5616.13 5516.13 778.8
1179.93 5618.87 5518.87 778.9
1180.4 5621.62 5521.62 779
1180.87 5624.36 5524.36 779.1
1181.34 5627.1 5527.1 779.2
1181.8 5629.84 5529.84 779.3
1182.27 5632.58 5532.58 779.4
1182.74 5635.32 5535.32 779.5
1183.21 5638.07 5538.07 779.6
1183.68 5640.81 5540.81 779.7
1184.15 5643.55 5543.55 779.8
1184.62 5646.29 5546.29 779.9
1185.09 5649.03 5549.03 780
1185.56 5651.77 5551.77 780.1
1186.03 5654.51 5554.51 780.2
1186.5 5657.26 5557.26 780.3
1186.98 5660 5560 780.4
1187.45 5662.74 5562.74 780.5
1187.92 5665.48 5565.48 780.6
1188.39 5668.22 5568.22 780.7
1188.86 5670.96 5570.96 780.8
1189.33 5673.71 5573.71 780.9
1189.8 5676.45 5576.45 781
1190.27 5679.19 5579.19 781.1
1190.74 5681.93 5581.93 781.2
1191.21 5684.67 5584.67 781.3
1191.68 5687.41 5587.41 781.4
1192.15 5690.15 5590.15 781.5
1192.62 5692.9 5592.9 781.6
1193.1 5695.64 5595.64 781.7
1193.57 5698.38 5598.38 781.8
1194.04 5701.12 5601.12 781.9
1194.51 5703.86 5603.86 782
1194.98 5706.6 5606.6 782.1
1195.45 5709.35 5609.35 782.2
1195.92 5712.09 5612.09 782.3
1196.39 5714.83 5614.83 782.4
1196.86 5717.57 5617.57 782.5
1197.33 5720.31 5620.31 782.6
1197.8 5723.05 5623.05 782.7
1198.28 5725.8 5625.8 782.8
1198.75 5728.54 5628.54 782.9
1199.22 5731.28 5631.28 783
1199.69 5734.02 5634.02 783.1
1200.16 5736.76 5636.76 783.2
1200.63 5739.5 5639.5 783.3
1201.1 5742.24 5642.24 783.4
1201.57 5744.99 5644.99 783.5
1202.04 5747.73 5647.73 783.6
1202.51 5750.47 5650.47 783.7
1202.98 5753.21 5653.21 783.8
1203.45 5755.95 5655.95 783.9
1203.92 5758.69 5658.69 784
1204.39 5761.44 5661.44 784.1
1204.86 5764.18 5664.18 784.2
1205.33 5766.92 5666.92 784.3
1205.8 5769.66 5669.66 784.4
1206.27 5772.4 5672.4 784.5
1206.74 5775.14 5675.14 784.6
1207.21 5777.88 5677.88 784.7
1207.68 5780.63 5680.63 784.8
1208.15 5783.37 5683.37 784.9
1208.62 5786.11 5686.11 785
1209.09 5788.85 5688.85 785.1
1209.55 5791.59 5691.59 785.2
1210.02 5794.33 5694.33 785.3
1210.49 5797.08 5697.08 785.4
1210.96 5799.82 5699.82 785.5
1211.43 5802.56 5702.56 785.6
1211.9 5805.3 5705.3 785.7
1212.36 5808.04 5708.04 785.8
1212.83 5810.78 5710.78 785.9
1213.3 5813.53 5713.53 786
1213.77 5816.27 5716.27 786.1
1214.23 5819.01 5719.01 786.2
1214.7 5821.75 5721.75 786.3
1215.17 5824.49 5724.49 786.4
1215.63 5827.23 5727.23 786.5
1216.1 5829.97 5729.97 786.6
1216.57 5832.72 5732.72 786.7
1217.03 5835.46 5735.46 786.8
1217.5 5838.2 5738.2 786.9
1217.97 5840.94 5740.94 787
1218.43 5843.68 5743.68 787.1
1218.9 5846.42 5746.42 787.2
1219.36 5849.17 5749.17 787.3
1219.83 5851.91 5751.91 787.4
1220.29 5854.65 5754.65 787.5
1220.76 5857.39 5757.39 787.6
1221.22 5860.13 5760.13 787.7
1221.68 5862.87 5762.87 787.8
1222.15 5865.61 5765.61 787.9
1222.61 5868.36 5768.36 788
1223.07 5871.1 5771.1 788.1
1223.54 5873.84 5773.84 788.2
1224 5876.58 5776.58 788.3
1224.46 5879.32 5779.32 788.4
1224.92 5882.06 5782.06 788.5
1225.39 5884.81 5784.81 788.6
1225.85 5887.55 5787.55 788.7
1226.31 5890.29 5790.29 788.8
1226.77 5893.03 5793.03 788.9
1227.23 5895.77 5795.77 789
1227.69 5898.51 5798.51 789.1
1228.15 5901.26 5801.26 789.2
1228.61 5904 5804 789.3
1229.07 5906.74 5806.74 789.4
1229.53 5909.48 5809.48 789.5
1229.99 5912.22 5812.22 789.6
1230.45 5914.96 5814.96 789.7
1230.91 5917.7 5817.7 789.8
1231.36 5920.45 5820.45 789.9
1231.82 5923.19 5823.19 790
1232.28 5925.93 5825.93 790.1
1232.74 5928.67 5828.67 790.2
1233.19 5931.41 5831.41 790.3
1233.65 5934.15 5834.15 790.4
1234.1 5936.9 5836.9 790.5
1234.56 5939.64 5839.64 790.6
1235.01 5942.38 5842.38 790.7
1235.47 5945.12 5845.12 790.8
1235.92 5947.86 5847.86 790.9
1236.38 5950.6 5850.6 791
1236.83 5953.34 5853.34 791.1
1237.29 5956.09 5856.09 791.2
1237.74 5958.83 5858.83 791.3
1238.19 5961.57 5861.57 791.4
1238.64 5964.31 5864.31 791.5
1239.09 5967.05 5867.05 791.6
1239.55 5969.79 5869.79 791.7
1240 5972.54 5872.54 791.8
1240.45 5975.28 5875.28 791.9
1240.9 5978.02 5878.02 792
1241.35 5980.76 5880.76 792.1
1241.8 5983.5 5883.5 792.2
1242.25 5986.24 5886.24 792.3
1242.69 5988.99 5888.99 792.4
1243.14 5991.73 5891.73 792.5
1243.59 5994.47 5894.47 792.6
1244.04 5997.21 5897.21 792.7
1244.48 5999.95 5899.95 792.8
1244.93 6002.69 5902.69 792.9
1245.38 6005.43 5905.43 793
1245.82 6008.18 5908.18 793.1
1246.27 6010.92 5910.92 793.2
1246.71 6013.66 5913.66 793.3
1247.15 6016.4 5916.4 793.4
1247.6 6019.14 5919.14 793.5
1248.04 6021.88 5921.88 793.6
1248.48 6024.63 5924.63 793.7
1248.92 6027.37 5927.37 793.8
1249.37 6030.11 5930.11 793.9
1249.81 6032.85 5932.85 794
1250.25 6035.59 5935.59 794.1
1250.69 6038.33 5938.33 794.2
1251.13 6041.07 5941.07 794.3
1251.57 6043.82 5943.82 794.4
1252 6046.56 5946.56 794.5
1252.44 6049.3 5949.3 794.6
1252.88 6052.04 5952.04 794.7
1253.32 6054.78 5954.78 794.8
1253.75 6057.52 5957.52 794.9
1254.19 6060.27 5960.27 795
1254.62 6063.01 5963.01 795.1
1255.06 6065.75 5965.75 795.2
1255.49 6068.49 5968.49 795.3
1255.93 6071.23 5971.23 795.4
1256.36 6073.97 5973.97 795.5
1256.79 6076.72 5976.72 795.6
1257.22 6079.46 5979.46 795.7
1257.66 6082.2 5982.2 795.8
1258.09 6084.94 5984.94 795.9
1258.52 6087.68 5987.68 796
1258.95 6090.42 5990.42 796.1
1259.37 6093.16 5993.16 796.2
1259.8 6095.91 5995.91 796.3
1260.23 6098.65 5998.65 796.4
1260.66 6101.39 6001.39 796.5
1261.08 6104.13 6004.13 796.6
1261.51 6106.87 6006.87 796.7
1261.94 6109.61 6009.61 796.8
1262.36 6112.36 6012.36 796.9
1262.79 6115.1 6015.1 797
1263.21 6117.84 6017.84 797.1
1263.63 6120.58 6020.58 797.2
1264.05 6123.32 6023.32 797.3
1264.48 6126.06 6026.06 797.4
1264.9 6128.8 6028.8 797.5
1265.32 6131.55 6031.55 797.6
1265.74 6134.29 6034.29 797.7
1266.16 6137.03 6037.03 797.8
1266.57 6139.77 6039.77 797.9
1266.99 6142.51 6042.51 798
1267.41 6145.25 6045.25 798.1
1267.83 6148 6048 798.2
1268.24 6150.74 6050.74 798.3
1268.66 6153.48 6053.48 798.4
1269.07 6156.22 6056.22 798.5
1269.48 6158.96 6058.96 798.6
1269.9 6161.7 6061.7 798.7
1270.31 6164.45 6064.45 798.8
1270.72 6167.19 6067.19 798.9
1271.13 6169.93 6069.93 799
1271.54 6172.67 6072.67 799.1
1271.95 6175.41 6075.41 799.2
1272.36 6178.15 6078.15 799.3
1272.77 6180.89 6080.89 799.4
1273.18 6183.64 6083.64 799.5
1273.58 6186.38 6086.38 799.6
1273.99 6189.12 6089.12 799.7
1274.39 6191.86 6091.86 799.8
1274.8 6194.6 6094.6 799.9
1275.2 6197.34 6097.34 800
1275.6 6200.09 6100.09 800.1
1276.01 6202.83 6102.83 800.2
1276.41 6205.57 6105.57 800.3
1276.81 6208.31 6108.31 800.4
1277.21 6211.05 6111.05 800.5
1277.61 6213.79 6113.79 800.6
1278.01 6216.53 6116.53 800.7
1278.4 6219.28 6119.28 800.8
1278.8 6222.02 6122.02 800.9
1279.2 6224.76 6124.76 801
1279.59 6227.5 6127.5 801.1
1279.99 6230.24 6130.24 801.2
1280.38 6232.98 6132.98 801.3
1280.77 6235.73 6135.73 801.4
1281.17 6238.47 6138.47 801.5
1281.56 6241.21 6141.21 801.6
1281.95 6243.95 6143.95 801.7
1282.34 6246.69 6146.69 801.8
1282.73 6249.43 6149.43 801.9
1283.12 6252.18 6152.18 802
1283.51 6254.92 6154.92 802.1
1283.89 6257.66 6157.66 802.2
1284.28 6260.4 6160.4 802.3
1284.67 6263.14 6163.14 802.4
1285.05 6265.88 6165.88 802.5
1285.44 6268.62 6168.62 802.6
1285.82 6271.37 6171.37 802.7
1286.21 6274.11 6174.11 802.8
1286.59 6276.85 6176.85 802.9
1286.97 6279.59 6179.59 803
1287.35 6282.33 6182.33 803.1
1287.73 6285.07 6185.07 803.2
1288.11 6287.82 6187.82 803.3
1288.49 6290.56 6190.56 803.4
1288.87 6293.3 6193.3 803.5
1289.25 6296.04 6196.04 803.6
1289.62 6298.78 6198.78 803.7
1290 6301.52 6201.52 803.8
1290.38 6304.26 6204.26 803.9
1290.75 6307.01 6207.01 804
1291.13 6309.75 6209.75 804.1
1291.5 6312.49 6212.49 804.2
1291.87 6315.23 6215.23 804.3
1292.24 6317.97 6217.97 804.4
1292.62 6320.71 6220.71 804.5
1292.99 6323.46 6223.46 804.6
1293.36 6326.2 6226.2 804.7
1293.73 6328.94 6228.94 804.8
1294.1 6331.68 6231.68 804.9
1294.47 6334.42 6234.42 805
1294.83 6337.16 6237.16 805.1
1295.2 6339.91 6239.91 805.2
1295.57 6342.65 6242.65 805.3
1295.93 6345.39 6245.39 805.4
1296.3 6348.13 6248.13 805.5
1296.66 6350.87 6250.87 805.6
1297.03 6353.61 6253.61 805.7
1297.39 6356.35 6256.35 805.8
1297.75 6359.1 6259.1 805.9
1298.11 6361.84 6261.84 806
1298.47 6364.58 6264.58 806.1
1298.83 6367.32 6267.32 806.2
1299.19 6370.06 6270.06 806.3
1299.55 6372.8 6272.8 806.4
1299.91 6375.55 6275.55 806.5
1300.27 6378.29 6278.29 806.6
1300.63 6381.03 6281.03 806.7
1300.99 6383.77 6283.77 806.8
1301.34 6386.51 6286.51 806.9
1301.7 6389.25 6289.25 807
1302.05 6391.99 6291.99 807.1
1302.41 6394.74 6294.74 807.2
1302.76 6397.48 6297.48 807.3
1303.11 6400.22 6300.22 807.4
1303.47 6402.96 6302.96 807.5
1303.82 6405.7 6305.7 807.6
1304.17 6408.44 6308.44 807.7
1304.52 6411.19 6311.19 807.8
1304.87 6413.93 6313.93 807.9
1305.22 6416.67 6316.67 808
1305.57 6419.41 6319.41 808.1
1305.92 6422.15 6322.15 808.2
1306.26 6424.89 6324.89 808.3
1306.61 6427.64 6327.64 808.4
1306.96 6430.38 6330.38 808.5
1307.3 6433.12 6333.12 808.6
1307.65 6435.86 6335.86 808.7
1307.99 6438.6 6338.6 808.8
1308.34 6441.34 6341.34 808.9
1308.68 6444.08 6344.08 809
1309.02 6446.83 6346.83 809.1
1309.37 6449.57 6349.57 809.2
1309.71 6452.31 6352.31 809.3
1310.05 6455.05 6355.05 809.4
1310.39 6457.79 6357.79 809.5
1310.73 6460.53 6360.53 809.6
1311.07 6463.28 6363.28 809.7
1311.41 6466.02 6366.02 809.8
1311.75 6468.76 6368.76 809.9
1312.08 6471.5 6371.5 810
1312.42 6474.24 6374.24 810.1
1312.76 6476.98 6376.98 810.2
1313.09 6479.72 6379.72 810.3
1313.43 6482.47 6382.47 810.4
1313.76 6485.21 6385.21 810.5
1314.1 6487.95 6387.95 810.6
1314.43 6490.69 6390.69 810.7
1314.76 6493.43 6393.43 810.8
1315.1 6496.17 6396.17 810.9
1315.43 6498.92 6398.92 811
1315.76 6501.66 6401.66 811.1
1316.09 6504.4 6404.4 811.2
1316.42 6507.14 6407.14 811.3
1316.75 6509.88 6409.88 811.4
1317.08 6512.62 6412.62 811.5
1317.41 6515.37 6415.37 811.6
1317.74 6518.11 6418.11 811.7
1318.07 6520.85 6420.85 811.8
1318.39 6523.59 6423.59 811.9
1318.72 6526.33 6426.33 812
1319.05 6529.07 6429.07 812.1
1319.37 6531.81 6431.81 812.2
1319.7 6534.56 6434.56 812.3
1320.02 6537.3 6437.3 812.4
1320.35 6540.04 6440.04 812.5
1320.67 6542.78 6442.78 812.6
1320.99 6545.52 6445.52 812.7
1321.31 6548.26 6448.26 812.8
1321.64 6551.01 6451.01 812.9
1321.96 6553.75 6453.75 813
1322.28 6556.49 6456.49 813.1
1322.6 6559.23 6459.23 813.2
1322.92 6561.97 6461.97 813.3
1323.24 6564.71 6464.71 813.4
1323.56 6567.45 6467.45 813.5
1323.88 6570.2 6470.2 813.6
1324.19 6572.94 6472.94 813.7
1324.51 6575.68 6475.68 813.8
1324.83 6578.42 6478.42 813.9
1325.14 6581.16 6481.16 814
1325.46 6583.9 6483.9 814.1
1325.78 6586.65 6486.65 814.2
1326.09 6589.39 6489.39 814.3
1326.41 6592.13 6492.13 814.4
1326.72 6594.87 6494.87 814.5
1327.03 6597.61 6497.61 814.6
1327.35 6600.35 6500.35 814.7
1327.66 6603.1 6503.1 814.8
1327.97 6605.84 6505.84 814.9
1328.28 6608.58 6508.58 815
1328.59 6611.32 6511.32 815.1
1328.9 6614.06 6514.06 815.2
1329.21 6616.8 6516.8 815.3
1329.52 6619.54 6519.54 815.4
1329.83 6622.29 6522.29 815.5
1330.14 6625.03 6525.03 815.6
1330.45 6627.77 6527.77 815.7
1330.76 6630.51 6530.51 815.8
1331.06 6633.25 6533.25 815.9
1331.37 6635.99 6535.99 816
1331.68 6638.74 6538.74 816.1
1331.98 6641.48 6541.48 816.2
1332.29 6644.22 6544.22 816.3
1332.59 6646.96 6546.96 816.4
1332.9 6649.7 6549.7 816.5
1333.2 6652.44 6552.44 816.6
1333.51 6655.18 6555.18 816.7
1333.81 6657.93 6557.93 816.8
1334.11 6660.67 6560.67 816.9
1334.42 6663.41 6563.41 817
1334.72 6666.15 6566.15 817.1
1335.02 6668.89 6568.89 817.2
1335.32 6671.63 6571.63 817.3
1335.62 6674.38 6574.38 817.4
1335.92 6677.12 6577.12 817.5
1336.22 6679.86 6579.86 817.6
1336.52 6682.6 6582.6 817.7
1336.82 6685.34 6585.34 817.8
1337.12 6688.08 6588.08 817.9
1337.41 6690.83 6590.83 818
1337.71 6693.57 6593.57 818.1
1338.01 6696.31 6596.31 818.2
1338.31 6699.05 6599.05 818.3
1338.6 6701.79 6601.79 818.4
1338.9 6704.53 6604.53 818.5
1339.19 6707.27 6607.27 818.6
1339.49 6710.02 6610.02 818.7
1339.78 6712.76 6612.76 818.8
1340.08 6715.5 6615.5 818.9
1340.37 6718.24 6618.24 819
1340.67 6720.98 6620.98 819.1
1340.96 6723.72 6623.72 819.2
1341.25 6726.47 6626.47 819.3
1341.54 6729.21 6629.21 819.4
1341.84 6731.95 6631.95 819.5
1342.13 6734.69 6634.69 819.6
1342.42 6737.43 6637.43 819.7
1342.71 6740.17 6640.17 819.8
1343 6742.91 6642.91 819.9
1343.29 6745.66 6645.66 820
1343.58 6748.4 6648.4 820.1
1343.87 6751.14 6651.14 820.2
1344.16 6753.88 6653.88 820.3
1344.45 6756.62 6656.62 820.4
1344.73 6759.36 6659.36 820.5
1345.02 6762.11 6662.11 820.6
1345.31 6764.85 6664.85 820.7
1345.6 6767.59 6667.59 820.8
1345.88 6770.33 6670.33 820.9
1346.17 6773.07 6673.07 821
1346.45 6775.81 6675.81 821.1
1346.74 6778.55 6678.55 821.2
1347.02 6781.3 6681.3 821.3
1347.31 6784.04 6684.04 821.4
1347.59 6786.78 6686.78 821.5
1347.88 6789.52 6689.52 821.6
1348.16 6792.26 6692.26 821.7
1348.44 6795 6695 821.8
1348.73 6797.75 6697.75 821.9
1349.01 6800.49 6700.49 822
1349.29 6803.23 6703.23 822.1
1349.57 6805.97 6705.97 822.2
1349.86 6808.71 6708.71 822.3
1350.14 6811.45 6711.45 822.4
1350.42 6814.2 6714.2 822.5
1350.7 6816.94 6716.94 822.6
1350.98 6819.68 6719.68 822.7
1351.26 6822.42 6722.42 822.8
1351.54 6825.16 6725.16 822.9
1351.82 6827.9 6727.9 823
1352.1 6830.64 6730.64 823.1
1352.37 6833.39 6733.39 823.2
1352.65 6836.13 6736.13 823.3
1352.93 6838.87 6738.87 823.4
1353.21 6841.61 6741.61 823.5
1353.48 6844.35 6744.35 823.6
1353.76 6847.09 6747.09 823.7
1354.04 6849.84 6749.84 823.8
1354.31 6852.58 6752.58 823.9
1354.59 6855.32 6755.32 824
1354.87 6858.06 6758.06 824.1
1355.14 6860.8 6760.8 824.2
1355.42 6863.54 6763.54 824.3
1355.69 6866.28 6766.28 824.4
1355.97 6869.03 6769.03 824.5
1356.24 6871.77 6771.77 824.6
1356.51 6874.51 6774.51 824.7
1356.79 6877.25 6777.25 824.8
1357.06 6879.99 6779.99 824.9
1357.33 6882.73 6782.73 825
1357.61 6885.48 6785.48 825.1
1357.88 6888.22 6788.22 825.2
1358.15 6890.96 6790.96 825.3
1358.42 6893.7 6793.7 825.4
1358.69 6896.44 6796.44 825.5
1358.96 6899.18 6799.18 825.6
1359.23 6901.93 6801.93 825.7
1359.51 6904.67 6804.67 825.8
1359.78 6907.41 6807.41 825.9
1360.05 6910.15 6810.15 826
1360.32 6912.89 6812.89 826.1
1360.58 6915.63 6815.63 826.2
1360.85 6918.37 6818.37 826.3
1361.12 6921.12 6821.12 826.4
1361.39 6923.86 6823.86 826.5
1361.66 6926.6 6826.6 826.6
1361.93 6929.34 6829.34 826.7
1362.2 6932.08 6832.08 826.8
1362.46 6934.82 6834.82 826.9
1362.73 6937.57 6837.57 827
1363 6940.31 6840.31 827.1
1363.26 6943.05 6843.05 827.2
1363.53 6945.79 6845.79 827.3
1363.8 6948.53 6848.53 827.4
1364.06 6951.27 6851.27 827.5
1364.33 6954.01 6854.01 827.6
1364.59 6956.76 6856.76 827.7
1364.86 6959.5 6859.5 827.8
1365.13 6962.24 6862.24 827.9
1365.39 6964.98 6864.98 828
1365.65 6967.72 6867.72 828.1
1365.92 6970.46 6870.46 828.2
1366.18 6973.21 6873.21 828.3
1366.45 6975.95 6875.95 828.4
1366.71 6978.69 6878.69 828.5
1366.97 6981.43 6881.43 828.6
1367.24 6984.17 6884.17 828.7
1367.5 6986.91 6886.91 828.8
1367.76 6989.66 6889.66 828.9
1368.03 6992.4 6892.4 829
1368.29 6995.14 6895.14 829.1
1368.55 6997.88 6897.88 829.2
1368.81 7000.62 6900.62 829.3
1369.07 7003.36 6903.36 829.4
1369.33 7006.1 6906.1 829.5
1369.6 7008.85 6908.85 829.6
1369.86 7011.59 6911.59 829.7
1370.12 7014.33 6914.33 829.8
1370.38 7017.07 6917.07 829.9
1370.64 7019.81 6919.81 830
1370.9 7022.55 6922.55 830.1
1371.16 7025.3 6925.3 830.2
1371.42 7028.04 6928.04 830.3
1371.68 7030.78 6930.78 830.4
1371.94 7033.52 6933.52 830.5
1372.2 7036.26 6936.26 830.6
1372.46 7039 6939 830.7
1372.71 7041.74 6941.74 830.8
1372.97 7044.49 6944.49 830.9
1373.23 7047.23 6947.23 831
1373.49 7049.97 6949.97 831.1
1373.75 7052.71 6952.71 831.2
1374.01 7055.45 6955.45 831.3
1374.26 7058.19 6958.19 831.4
1374.52 7060.94 6960.94 831.5
1374.78 7063.68 6963.68 831.6
1375.03 7066.42 6966.42 831.7
1375.29 7069.16 6969.16 831.8
1375.55 7071.9 6971.9 831.9
1375.81 7074.64 6974.64 832
1376.06 7077.39 6977.39 832.1
1376.32 7080.13 6980.13 832.2
1376.57 7082.87 6982.87 832.3
1376.83 7085.61 6985.61 832.4
1377.09 7088.35 6988.35 832.5
1377.34 7091.09 6991.09 832.6
1377.6 7093.83 6993.83 832.7
1377.85 7096.58 6996.58 832.8
1378.11 7099.32 6999.32 832.9
1378.36 7102.06 7002.06 833
1378.62 7104.8 7004.8 833.1
1378.87 7107.54 7007.54 833.2
1379.13 7110.28 7010.28 833.3
1379.38 7113.03 7013.03 833.4
1379.64 7115.77 7015.77 833.5
1379.89 7118.51 7018.51 833.6
1380.14 7121.25 7021.25 833.7
1380.4 7123.99 7023.99 833.8
1380.65 7126.73 7026.73 833.9
1380.9 7129.47 7029.47 834
1381.16 7132.22 7032.22 834.1
1381.41 7134.96 7034.96 834.2
1381.66 7137.7 7037.7 834.3
1381.92 7140.44 7040.44 834.4
1382.17 7143.18 7043.18 834.5
1382.42 7145.92 7045.92 834.6
1382.68 7148.67 7048.67 834.7
1382.93 7151.41 7051.41 834.8
1383.18 7154.15 7054.15 834.9
1383.43 7156.89 7056.89 835
1383.69 7159.63 7059.63 835.1
1383.94 7162.37 7062.37 835.2
1384.19 7165.12 7065.12 835.3
1384.44 7167.86 7067.86 835.4
1384.69 7170.6 7070.6 835.5
1384.95 7173.34 7073.34 835.6
1385.2 7176.08 7076.08 835.7
1385.45 7178.82 7078.82 835.8
1385.7 7181.56 7081.56 835.9
1385.95 7184.31 7084.31 836
1386.2 7187.05 7087.05 836.1
1386.45 7189.79 7089.79 836.2
1386.71 7192.53 7092.53 836.3
1386.96 7195.27 7095.27 836.4
1387.21 7198.01 7098.01 836.5
1387.46 7200.76 7100.76 836.6
1387.71 7203.5 7103.5 836.7
1387.96 7206.24 7106.24 836.8
1388.21 7208.98 7108.98 836.9
1388.46 7211.72 7111.72 837
1388.71 7214.46 7114.46 837.1
1388.96 7217.2 7117.2 837.2
1389.21 7219.95 7119.95 837.3
1389.46 7222.69 7122.69 837.4
1389.71 7225.43 7125.43 837.5
1389.96 7228.17 7128.17 837.6
1390.21 7230.91 7130.91 837.7
1390.46 7233.65 7133.65 837.8
1390.71 7236.4 7136.4 837.9
1390.96 7239.14 7139.14 838
1391.21 7241.88 7141.88 838.1
1391.46 7244.62 7144.62 838.2
1391.71 7247.36 7147.36 838.3
1391.96 7250.1 7150.1 838.4
1392.21 7252.85 7152.85 838.5
1392.46 7255.59 7155.59 838.6
1392.71 7258.33 7158.33 838.7
1392.96 7261.07 7161.07 838.8
1393.21 7263.81 7163.81 838.9
1393.46 7266.55 7166.55 839
1393.71 7269.29 7169.29 839.1
1393.95 7272.04 7172.04 839.2
1394.2 7274.78 7174.78 839.3
1394.45 7277.52 7177.52 839.4
1394.7 7280.26 7180.26 839.5
1394.95 7283 7183 839.6
1395.2 7285.74 7185.74 839.7
1395.45 7288.49 7188.49 839.8
1395.7 7291.23 7191.23 839.9
1395.95 7293.97 7193.97 840
1396.2 7296.71 7196.71 840.1
1396.44 7299.45 7199.45 840.2
1396.69 7302.19 7202.19 840.3
1396.94 7304.93 7204.93 840.4
1397.19 7307.68 7207.68 840.5
1397.44 7310.42 7210.42 840.6
1397.69 7313.16 7213.16 840.7
1397.94 7315.9 7215.9 840.8
1398.19 7318.64 7218.64 840.9
1398.44 7321.38 7221.38 841
1398.68 7324.13 7224.13 841.1
1398.93 7326.87 7226.87 841.2
1399.18 7329.61 7229.61 841.3
1399.43 7332.35 7232.35 841.4
1399.68 7335.09 7235.09 841.5
1399.93 7337.83 7237.83 841.6
1400.18 7340.58 7240.58 841.7
1400.42 7343.32 7243.32 841.8
1400.67 7346.06 7246.06 841.9
1400.92 7348.8 7248.8 842
1401.17 7351.54 7251.54 842.1
1401.42 7354.28 7254.28 842.2
1401.67 7357.02 7257.02 842.3
1401.91 7359.77 7259.77 842.4
1402.16 7362.51 7262.51 842.5
1402.41 7365.25 7265.25 842.6
1402.66 7367.99 7267.99 842.7
1402.91 7370.73 7270.73 842.8
1403.16 7373.47 7273.47 842.9
1403.4 7376.22 7276.22 843
1403.65 7378.96 7278.96 843.1
1403.9 7381.7 7281.7 843.2
1404.15 7384.44 7284.44 843.3
1404.4 7387.18 7287.18 843.4
1404.64 7389.92 7289.92 843.5
1404.89 7392.66 7292.66 843.6
1405.14 7395.41 7295.41 843.7
1405.39 7398.15 7298.15 843.8
1405.63 7400.89 7300.89 843.9
1405.88 7403.63 7303.63 844
1406.13 7406.37 7306.37 844.1
1406.38 7409.11 7309.11 844.2
1406.62 7411.86 7311.86 844.3
1406.87 7414.6 7314.6 844.4
1407.12 7417.34 7317.34 844.5
1407.37 7420.08 7320.08 844.6
1407.61 7422.82 7322.82 844.7
1407.86 7425.56 7325.56 844.8
1408.11 7428.31 7328.31 844.9
1408.36 7431.05 7331.05 845
1408.6 7433.79 7333.79 845.1
1408.85 7436.53 7336.53 845.2
1409.1 7439.27 7339.27 845.3
1409.34 7442.01 7342.01 845.4
1409.59 7444.75 7344.75 845.5
1409.84 7447.5 7347.5 845.6
1410.09 7450.24 7350.24 845.7
1410.33 7452.98 7352.98 845.8
1410.58 7455.72 7355.72 845.9
1410.83 7458.46 7358.46 846
1411.07 7461.2 7361.2 846.1
1411.32 7463.95 7363.95 846.2
1411.57 7466.69 7366.69 846.3
1411.81 7469.43 7369.43 846.4
1412.06 7472.17 7372.17 846.5
1412.31 7474.91 7374.91 846.6
1412.55 7477.65 7377.65 846.7
1412.8 7480.39 7380.39 846.8
1413.04 7483.14 7383.14 846.9
1413.29 7485.88 7385.88 847
1413.54 7488.62 7388.62 847.1
1413.78 7491.36 7391.36 847.2
1414.03 7494.1 7394.1 847.3
1414.28 7496.84 7396.84 847.4
1414.52 7499.59 7399.59 847.5
1414.77 7502.33 7402.33 847.6
1415.01 7505.07 7405.07 847.7
1415.26 7507.81 7407.81 847.8
1415.5 7510.55 7410.55 847.9
1415.75 7513.29 7413.29 848
1416 7516.04 7416.04 848.1
1416.24 7518.78 7418.78 848.2
1416.49 7521.52 7421.52 848.3
1416.73 7524.26 7424.26 848.4
1416.98 7527 7427 848.5
1417.22 7529.74 7429.74 848.6
1417.47 7532.48 7432.48 848.7
1417.71 7535.23 7435.23 848.8
1417.96 7537.97 7437.97 848.9
1418.2 7540.71 7440.71 849
1418.45 7543.45 7443.45 849.1
1418.69 7546.19 7446.19 849.2
1418.94 7548.93 7448.93 849.3
1419.18 7551.68 7451.68 849.4
1419.43 7554.42 7454.42 849.5
1419.67 7557.16 7457.16 849.6
1419.92 7559.9 7459.9 849.7
1420.16 7562.64 7462.64 849.8
1420.41 7565.38 7465.38 849.9
1420.65 7568.12 7468.12 850
1420.89 7570.87 7470.87 850.1
1421.14 7573.61 7473.61 850.2
1421.38 7576.35 7476.35 850.3
1421.63 7579.09 7479.09 850.4
1421.87 7581.83 7481.83 850.5
1422.11 7584.57 7484.57 850.6
1422.36 7587.32 7487.32 850.7
1422.6 7590.06 7490.06 850.8
1422.85 7592.8 7492.8 850.9
1423.09 7595.54 7495.54 851
1423.33 7598.28 7498.28 851.1
1423.58 7601.02 7501.02 851.2
1423.82 7603.77 7503.77 851.3
1424.06 7606.51 7506.51 851.4
1424.31 7609.25 7509.25 851.5
1424.55 7611.99 7511.99 851.6
1424.79 7614.73 7514.73 851.7
1425.04 7617.47 7517.47 851.8
1425.28 7620.21 7520.21 851.9
1425.52 7622.96 7522.96 852
1425.76 7625.7 7525.7 852.1
1426.01 7628.44 7528.44 852.2
1426.25 7631.18 7531.18 852.3
1426.49 7633.92 7533.92 852.4
1426.73 7636.66 7536.66 852.5
1426.98 7639.41 7539.41 852.6
1427.22 7642.15 7542.15 852.7
1427.46 7644.89 7544.89 852.8
1427.7 7647.63 7547.63 852.9
1427.95 7650.37 7550.37 853
1428.19 7653.11 7553.11 853.1
1428.43 7655.85 7555.85 853.2
1428.67 7658.6 7558.6 853.3
1428.91 7661.34 7561.34 853.4
1429.15 7664.08 7564.08 853.5
1429.4 7666.82 7566.82 853.6
1429.64 7669.56 7569.56 853.7
1429.88 7672.3 7572.3 853.8
1430.12 7675.05 7575.05 853.9
1430.36 7677.79 7577.79 854
1430.6 7680.53 7580.53 854.1
1430.84 7683.27 7583.27 854.2
1431.08 7686.01 7586.01 854.3
1431.32 7688.75 7588.75 854.4
1431.57 7691.5 7591.5 854.5
1431.81 7694.24 7594.24 854.6
1432.05 7696.98 7596.98 854.7
1432.29 7699.72 7599.72 854.8
1432.53 7702.46 7602.46 854.9
1432.77 7705.2 7605.2 855
1433.01 7707.94 7607.94 855.1
1433.25 7710.69 7610.69 855.2
1433.49 7713.43 7613.43 855.3
1433.73 7716.17 7616.17 855.4
1433.97 7718.91 7618.91 855.5
1434.21 7721.65 7621.65 855.6
1434.45 7724.39 7624.39 855.7
1434.69 7727.14 7627.14 855.8
1434.93 7729.88 7629.88 855.9
1435.16 7732.62 7632.62 856
1435.4 7735.36 7635.36 856.1
1435.64 7738.1 7638.1 856.2
1435.88 7740.84 7640.84 856.3
1436.12 7743.58 7643.58 856.4
1436.36 7746.33 7646.33 856.5
1436.6 7749.07 7649.07 856.6
1436.84 7751.81 7651.81 856.7
1437.08 7754.55 7654.55 856.8
1437.31 7757.29 7657.29 856.9
1437.55 7760.03 7660.03 857
1437.79 7762.78 7662.78 857.1
1438.03 7765.52 7665.52 857.2
1438.27 7768.26 7668.26 857.3
1438.5 7771 7671 857.4
1438.74 7773.74 7673.74 857.5
1438.98 7776.48 7676.48 857.6
1439.22 7779.23 7679.23 857.7
1439.45 7781.97 7681.97 857.8
1439.69 7784.71 7684.71 857.9
1439.93 7787.45 7687.45 858
1440.17 7790.19 7690.19 858.1
1440.4 7792.93 7692.93 858.2
1440.64 7795.67 7695.67 858.3
1440.88 7798.42 7698.42 858.4
1441.11 7801.16 7701.16 858.5
1441.35 7803.9 7703.9 858.6
1441.59 7806.64 7706.64 858.7
1441.82 7809.38 7709.38 858.8
1442.06 7812.12 7712.12 858.9
1442.3 7814.87 7714.87 859
1442.53 7817.61 7717.61 859.1
1442.77 7820.35 7720.35 859.2
1443 7823.09 7723.09 859.3
1443.24 7825.83 7725.83 859.4
1443.47 7828.57 7728.57 859.5
1443.71 7831.31 7731.31 859.6
1443.94 7834.06 7734.06 859.7
1444.18 7836.8 7736.8 859.8
1444.42 7839.54 7739.54 859.9
1444.65 7842.28 7742.28 860
1444.88 7845.02 7745.02 860.1
1445.12 7847.76 7747.76 860.2
1445.35 7850.51 7750.51 860.3
1445.59 7853.25 7753.25 860.4
1445.82 7855.99 7755.99 860.5
1446.06 7858.73 7758.73 860.6
1446.29 7861.47 7761.47 860.7
1446.53 7864.21 7764.21 860.8
1446.76 7866.96 7766.96 860.9
1446.99 7869.7 7769.7 861
1447.23 7872.44 7772.44 861.1
1447.46 7875.18 7775.18 861.2
1447.69 7877.92 7777.92 861.3
1447.93 7880.66 7780.66 861.4
1448.16 7883.4 7783.4 861.5
1448.39 7886.15 7786.15 861.6
1448.63 7888.89 7788.89 861.7
1448.86 7891.63 7791.63 861.8
1449.09 7894.37 7794.37 861.9
1449.32 7897.11 7797.11 862
1449.56 7899.85 7799.85 862.1
1449.79 7902.6 7802.6 862.2
1450.02 7905.34 7805.34 862.3
1450.25 7908.08 7808.08 862.4
1450.48 7910.82 7810.82 862.5
1450.72 7913.56 7813.56 862.6
1450.95 7916.3 7816.3 862.7
1451.18 7919.04 7819.04 862.8
1451.41 7921.79 7821.79 862.9
1451.64 7924.53 7824.53 863
1451.87 7927.27 7827.27 863.1
1452.1 7930.01 7830.01 863.2
1452.33 7932.75 7832.75 863.3
1452.56 7935.49 7835.49 863.4
1452.8 7938.24 7838.24 863.5
1453.03 7940.98 7840.98 863.6
1453.26 7943.72 7843.72 863.7
1453.49 7946.46 7846.46 863.8
1453.72 7949.2 7849.2 863.9
1453.95 7951.94 7851.94 864
1454.18 7954.69 7854.69 864.1
1454.41 7957.43 7857.43 864.2
1454.63 7960.17 7860.17 864.3
1454.86 7962.91 7862.91 864.4
1455.09 7965.65 7865.65 864.5
1455.32 7968.39 7868.39 864.6
1455.55 7971.13 7871.13 864.7
1455.78 7973.88 7873.88 864.8
1456.01 7976.62 7876.62 864.9
1456.24 7979.36 7879.36 865
1456.46 7982.1 7882.1 865.1
1456.69 7984.84 7884.84 865.2
1456.92 7987.58 7887.58 865.3
1457.15 7990.33 7890.33 865.4
1457.38 7993.07 7893.07 865.5
1457.6 7995.81 7895.81 865.6
1457.83 7998.55 7898.55 865.7
1458.06 8001.29 7901.29 865.8
1458.29 8004.03 7904.03 865.9
1458.51 8006.77 7906.77 866
1458.74 8009.52 7909.52 866.1
1458.97 8012.26 7912.26 866.2
1459.19 8015 7915 866.3
1459.42 8017.74 7917.74 866.4
1459.65 8020.48 7920.48 866.5
1459.87 8023.22 7923.22 866.6
1460.1 8025.97 7925.97 866.7
1460.32 8028.71 7928.71 866.8
1460.55 8031.45 7931.45 866.9
1460.78 8034.19 7934.19 867
1461 8036.93 7936.93 867.1
1461.23 8039.67 7939.67 867.2
1461.45 8042.41 7942.41 867.3
1461.68 8045.16 7945.16 867.4
1461.9 8047.9 7947.9 867.5
1462.12 8050.64 7950.64 867.6
1462.35 8053.38 7953.38 867.7
1462.57 8056.12 7956.12 867.8
1462.8 8058.86 7958.86 867.9
1463.02 8061.61 7961.61 868
1463.25 8064.35 7964.35 868.1
1463.47 8067.09 7967.09 868.2
1463.69 8069.83 7969.83 868.3
1463.92 8072.57 7972.57 868.4
1464.14 8075.31 7975.31 868.5
1464.36 8078.06 7978.06 868.6
1464.59 8080.8 7980.8 868.7
1464.81 8083.54 7983.54 868.8
1465.03 8086.28 7986.28 868.9
1465.25 8089.02 7989.02 869
1465.48 8091.76 7991.76 869.1
1465.7 8094.5 7994.5 869.2
1465.92 8097.25 7997.25 869.3
1466.14 8099.99 7999.99 869.4
1466.36 8102.73 8002.73 869.5
1466.58 8105.47 8005.47 869.6
1466.8 8108.21 8008.21 869.7
1467.03 8110.95 8010.95 869.8
1467.25 8113.7 8013.7 869.9
1467.47 8116.44 8016.44 870
1467.69 8119.18 8019.18 870.1
1467.91 8121.92 8021.92 870.2
1468.13 8124.66 8024.66 870.3
1468.35 8127.4 8027.4 870.4
1468.57 8130.14 8030.14 870.5
1468.79 8132.89 8032.89 870.6
1469.01 8135.63 8035.63 870.7
1469.23 8138.37 8038.37 870.8
1469.45 8141.11 8041.11 870.9
1469.67 8143.85 8043.85 871
1469.88 8146.59 8046.59 871.1
1470.1 8149.34 8049.34 871.2
1470.32 8152.08 8052.08 871.3
1470.54 8154.82 8054.82 871.4
1470.76 8157.56 8057.56 871.5
1470.98 8160.3 8060.3 871.6
1471.19 8163.04 8063.04 871.7
1471.41 8165.79 8065.79 871.8
1471.63 8168.53 8068.53 871.9
1471.85 8171.27 8071.27 872
1472.06 8174.01 8074.01 872.1
1472.28 8176.75 8076.75 872.2
1472.5 8179.49 8079.49 872.3
1472.71 8182.23 8082.23 872.4
1472.93 8184.98 8084.98 872.5
1473.15 8187.72 8087.72 872.6
1473.36 8190.46 8090.46 872.7
1473.58 8193.2 8093.2 872.8
1473.8 8195.94 8095.94 872.9
1474.01 8198.68 8098.68 873
1474.23 8201.43 8101.43 873.1
1474.44 8204.17 8104.17 873.2
1474.66 8206.91 8106.91 873.3
1474.87 8209.65 8109.65 873.4
1475.09 8212.39 8112.39 873.5
1475.3 8215.13 8115.13 873.6
1475.51 8217.87 8117.87 873.7
1475.73 8220.62 8120.62 873.8
1475.94 8223.36 8123.36 873.9
1476.16 8226.1 8126.1 874
1476.37 8228.84 8128.84 874.1
1476.58 8231.58 8131.58 874.2
1476.8 8234.32 8134.32 874.3
1477.01 8237.07 8137.07 874.4
1477.22 8239.81 8139.81 874.5
1477.43 8242.55 8142.55 874.6
1477.65 8245.29 8145.29 874.7
1477.86 8248.03 8148.03 874.8
1478.07 8250.77 8150.77 874.9
1478.28 8253.52 8153.52 875
1478.49 8256.26 8156.26 875.1
1478.71 8259 8159 875.2
1478.92 8261.74 8161.74 875.3
1479.13 8264.48 8164.48 875.4
1479.34 8267.22 8167.22 875.5
1479.55 8269.96 8169.96 875.6
1479.76 8272.71 8172.71 875.7
1479.97 8275.45 8175.45 875.8
1480.18 8278.19 8178.19 875.9
1480.39 8280.93 8180.93 876
1480.6 8283.67 8183.67 876.1
1480.81 8286.41 8186.41 876.2
1481.02 8289.16 8189.16 876.3
1481.23 8291.9 8191.9 876.4
1481.44 8294.64 8194.64 876.5
1481.65 8297.38 8197.38 876.6
1481.86 8300.12 8200.12 876.7
1482.06 8302.86 8202.86 876.8
1482.27 8305.6 8205.6 876.9
1482.48 8308.35 8208.35 877
1482.69 8311.09 8211.09 877.1
1482.9 8313.83 8213.83 877.2
1483.1 8316.57 8216.57 877.3
1483.31 8319.31 8219.31 877.4
1483.52 8322.05 8222.05 877.5
1483.72 8324.8 8224.8 877.6
1483.93 8327.54 8227.54 877.7
1484.14 8330.28 8230.28 877.8
1484.34 8333.02 8233.02 877.9
1484.55 8335.76 8235.76 878
1484.75 8338.5 8238.5 878.1
1484.96 8341.25 8241.25 878.2
1485.16 8343.99 8243.99 878.3
1485.37 8346.73 8246.73 878.4
1485.57 8349.47 8249.47 878.5
1485.78 8352.21 8252.21 878.6
1485.98 8354.95 8254.95 878.7
1486.19 8357.69 8257.69 878.8
1486.39 8360.44 8260.44 878.9
1486.6 8363.18 8263.18 879
1486.8 8365.92 8265.92 879.1
1487 8368.66 8268.66 879.2
1487.21 8371.4 8271.4 879.3
1487.41 8374.14 8274.14 879.4
1487.61 8376.89 8276.89 879.5
1487.82 8379.63 8279.63 879.6
1488.02 8382.37 8282.37 879.7
1488.22 8385.11 8285.11 879.8
1488.42 8387.85 8287.85 879.9
1488.62 8390.59 8290.59 880
1488.82 8393.33 8293.33 880.1
1489.03 8396.08 8296.08 880.2
1489.23 8398.82 8298.82 880.3
1489.43 8401.56 8301.56 880.4
1489.63 8404.3 8304.3 880.5
1489.83 8407.04 8307.04 880.6
1490.03 8409.78 8309.78 880.7
1490.23 8412.53 8312.53 880.8
1490.43 8415.27 8315.27 880.9
1490.63 8418.01 8318.01 881
1490.83 8420.75 8320.75 881.1
1491.03 8423.49 8323.49 881.2
1491.23 8426.23 8326.23 881.3
1491.43 8428.98 8328.98 881.4
1491.62 8431.72 8331.72 881.5
1491.82 8434.46 8334.46 881.6
1492.02 8437.2 8337.2 881.7
1492.22 8439.94 8339.94 881.8
1492.42 8442.68 8342.68 881.9
1492.61 8445.42 8345.42 882
1492.81 8448.17 8348.17 882.1
1493.01 8450.91 8350.91 882.2
1493.2 8453.65 8353.65 882.3
1493.4 8456.39 8356.39 882.4
1493.6 8459.13 8359.13 882.5
1493.79 8461.87 8361.87 882.6
1493.99 8464.62 8364.62 882.7
1494.19 8467.36 8367.36 882.8
1494.38 8470.1 8370.1 882.9
1494.58 8472.84 8372.84 883
1494.77 8475.58 8375.58 883.1
1494.97 8478.32 8378.32 883.2
1495.16 8481.06 8381.06 883.3
1495.36 8483.81 8383.81 883.4
1495.55 8486.55 8386.55 883.5
1495.75 8489.29 8389.29 883.6
1495.94 8492.03 8392.03 883.7
1496.13 8494.77 8394.77 883.8
1496.33 8497.51 8397.51 883.9
1496.52 8500.26 8400.26 884
1496.71 8503 8403 884.1
1496.91 8505.74 8405.74 884.2
1497.1 8508.48 8408.48 884.3
1497.29 8511.22 8411.22 884.4
1497.48 8513.96 8413.96 884.5
1497.68 8516.71 8416.71 884.6
1497.87 8519.45 8419.45 884.7
1498.06 8522.19 8422.19 884.8
1498.25 8524.93 8424.93 884.9
1498.44 8527.67 8427.67 885
1498.63 8530.41 8430.41 885.1
1498.82 8533.15 8433.15 885.2
1499.01 8535.9 8435.9 885.3
1499.2 8538.64 8438.64 885.4
1499.39 8541.38 8441.38 885.5
1499.58 8544.12 8444.12 885.6
1499.77 8546.86 8446.86 885.7
1499.96 8549.6 8449.6 885.8
1500.15 8552.35 8452.35 885.9
1500.34 8555.09 8455.09 886
1500.53 8557.83 8457.83 886.1
1500.72 8560.57 8460.57 886.2
1500.91 8563.31 8463.31 886.3
1501.1 8566.05 8466.05 886.4
1501.29 8568.79 8468.79 886.5
1501.47 8571.54 8471.54 886.6
1501.66 8574.28 8474.28 886.7
1501.85 8577.02 8477.02 886.8
1502.04 8579.76 8479.76 886.9
1502.22 8582.5 8482.5 887
1502.41 8585.24 8485.24 887.1
1502.6 8587.99 8487.99 887.2
1502.78 8590.73 8490.73 887.3
1502.97 8593.47 8493.47 887.4
1503.16 8596.21 8496.21 887.5
1503.34 8598.95 8498.95 887.6
1503.53 8601.69 8501.69 887.7
1503.71 8604.44 8504.44 887.8
1503.9 8607.18 8507.18 887.9
1504.08 8609.92 8509.92 888
1504.27 8612.66 8512.66 888.1
1504.45 8615.4 8515.4 888.2
1504.64 8618.14 8518.14 888.3
1504.82 8620.88 8520.88 888.4
1505.01 8623.63 8523.63 888.5
1505.19 8626.37 8526.37 888.6
1505.37 8629.11 8529.11 888.7
1505.56 8631.85 8531.85 888.8
1505.74 8634.59 8534.59 888.9
1505.92 8637.33 8537.33 889
1506.11 8640.08 8540.08 889.1
1506.29 8642.82 8542.82 889.2
1506.47 8645.56 8545.56 889.3
1506.65 8648.3 8548.3 889.4
1506.84 8651.04 8551.04 889.5
1507.02 8653.78 8553.78 889.6
1507.2 8656.52 8556.52 889.7
1507.38 8659.27 8559.27 889.8
1507.56 8662.01 8562.01 889.9
1507.74 8664.75 8564.75 890
1507.93 8667.49 8567.49 890.1
1508.11 8670.23 8570.23 890.2
1508.29 8672.97 8572.97 890.3
1508.47 8675.72 8575.72 890.4
1508.65 8678.46 8578.46 890.5
1508.83 8681.2 8581.2 890.6
1509.01 8683.94 8583.94 890.7
1509.19 8686.68 8586.68 890.8
1509.37 8689.42 8589.42 890.9
1509.55 8692.17 8592.17 891
1509.72 8694.91 8594.91 891.1
1509.9 8697.65 8597.65 891.2
1510.08 8700.39 8600.39 891.3
1510.26 8703.13 8603.13 891.4
1510.44 8705.87 8605.87 891.5
1510.62 8708.61 8608.61 891.6
1510.79 8711.36 8611.36 891.7
1510.97 8714.1 8614.1 891.8
1511.15 8716.84 8616.84 891.9
1511.33 8719.58 8619.58 892
1511.5 8722.32 8622.32 892.1
1511.68 8725.06 8625.06 892.2
1511.86 8727.81 8627.81 892.3
1512.03 8730.55 8630.55 892.4
1512.21 8733.29 8633.29 892.5
1512.39 8736.03 8636.03 892.6
1512.56 8738.77 8638.77 892.7
1512.74 8741.51 8641.51 892.8
1512.91 8744.25 8644.25 892.9
1513.09 8747 8647 893
1513.26 8749.74 8649.74 893.1
1513.44 8752.48 8652.48 893.2
1513.61 8755.22 8655.22 893.3
1513.79 8757.96 8657.96 893.4
1513.96 8760.7 8660.7 893.5
1514.14 8763.45 8663.45 893.6
1514.31 8766.19 8666.19 893.7
1514.48 8768.93 8668.93 893.8
1514.66 8771.67 8671.67 893.9
1514.83 8774.41 8674.41 894
1515 8777.15 8677.15 894.1
1515.18 8779.9 8679.9 894.2
1515.35 8782.64 8682.64 894.3
1515.52 8785.38 8685.38 894.4
1515.7 8788.12 8688.12 894.5
1515.87 8790.86 8690.86 894.6
1516.04 8793.6 8693.6 894.7
1516.21 8796.34 8696.34 894.8
1516.38 8799.09 8699.09 894.9
1516.55 8801.83 8701.83 895
1516.73 8804.57 8704.57 895.1
1516.9 8807.31 8707.31 895.2
1517.07 8810.05 8710.05 895.3
1517.24 8812.79 8712.79 895.4
1517.41 8815.54 8715.54 895.5
1517.58 8818.28 8718.28 895.6
1517.75 8821.02 8721.02 895.7
1517.92 8823.76 8723.76 895.8
1518.09 8826.5 8726.5 895.9
1518.26 8829.24 8729.24 896
1518.43 8831.98 8731.98 896.1
1518.6 8834.73 8734.73 896.2
1518.77 8837.47 8737.47 896.3
1518.94 8840.21 8740.21 896.4
1519.1 8842.95 8742.95 896.5
1519.27 8845.69 8745.69 896.6
1519.44 8848.43 8748.43 896.7
1519.61 8851.18 8751.18 896.8
1519.78 8853.92 8753.92 896.9
1519.94 8856.66 8756.66 897
1520.11 8859.4 8759.4 897.1
1520.28 8862.14 8762.14 897.2
1520.45 8864.88 8764.88 897.3
1520.61 8867.63 8767.63 897.4
1520.78 8870.37 8770.37 897.5
1520.95 8873.11 8773.11 897.6
1521.11 8875.85 8775.85 897.7
1521.28 8878.59 8778.59 897.8
1521.45 8881.33 8781.33 897.9
1521.61 8884.07 8784.07 898
1521.78 8886.82 8786.82 898.1
1521.94 8889.56 8789.56 898.2
1522.11 8892.3 8792.3 898.3
1522.27 8895.04 8795.04 898.4
1522.44 8897.78 8797.78 898.5
1522.6 8900.52 8800.52 898.6
1522.77 8903.27 8803.27 898.7
1522.93 8906.01 8806.01 898.8
1523.1 8908.75 8808.75 898.9
1523.26 8911.49 8811.49 899
1523.42 8914.23 8814.23 899.1
1523.59 8916.97 8816.97 899.2
1523.75 8919.71 8819.71 899.3
1523.91 8922.46 8822.46 899.4
1524.08 8925.2 8825.2 899.5
1524.24 8927.94 8827.94 899.6
1524.4 8930.68 8830.68 899.7
1524.57 8933.42 8833.42 899.8
1524.73 8936.16 8836.16 899.9
1524.89 8938.91 8838.91 900
1525.05 8941.65 8841.65 900.1
1525.22 8944.39 8844.39 900.2
1525.38 8947.13 8847.13 900.3
1525.54 8949.87 8849.87 900.4
1525.7 8952.61 8852.61 900.5
1525.86 8955.36 8855.36 900.6
1526.02 8958.1 8858.1 900.7
1526.18 8960.84 8860.84 900.8
1526.34 8963.58 8863.58 900.9
1526.5 8966.32 8866.32 901
1526.66 8969.06 8869.06 901.1
1526.82 8971.8 8871.8 901.2
1526.98 8974.55 8874.55 901.3
1527.14 8977.29 8877.29 901.4
1527.3 8980.03 8880.03 901.5
1527.46 8982.77 8882.77 901.6
1527.62 8985.51 8885.51 901.7
1527.78 8988.25 8888.25 901.8
1527.94 8991 8891 901.9
1528.1 8993.74 8893.74 902
1528.26 8996.48 8896.48 902.1
1528.41 8999.22 8899.22 902.2
1528.57 9001.96 8901.96 902.3
1528.73 9004.7 8904.7 902.4
1528.89 9007.44 8907.44 902.5
1529.05 9010.19 8910.19 902.6
1529.2 9012.93 8912.93 902.7
1529.36 9015.67 8915.67 902.8
1529.52 9018.41 8918.41 902.9
1529.67 9021.15 8921.15 903
1529.83 9023.89 8923.89 903.1
1529.99 9026.64 8926.64 903.2
1530.14 9029.38 8929.38 903.3
1530.3 9032.12 8932.12 903.4
1530.46 9034.86 8934.86 903.5
1530.61 9037.6 8937.6 903.6
1530.77 9040.34 8940.34 903.7
1530.92 9043.09 8943.09 903.8
1531.08 9045.83 8945.83 903.9
1531.23 9048.57 8948.57 904
1531.39 9051.31 8951.31 904.1
1531.54 9054.05 8954.05 904.2
1531.7 9056.79 8956.79 904.3
1531.85 9059.53 8959.53 904.4
1532.01 9062.28 8962.28 904.5
1532.16 9065.02 8965.02 904.6
1532.32 9067.76 8967.76 904.7
1532.47 9070.5 8970.5 904.8
1532.62 9073.24 8973.24 904.9
1532.78 9075.98 8975.98 905
1532.93 9078.73 8978.73 905.1
1533.08 9081.47 8981.47 905.2
1533.23 9084.21 8984.21 905.3
1533.39 9086.95 8986.95 905.4
1533.54 9089.69 8989.69 905.5
1533.69 9092.43 8992.43 905.6
1533.84 9095.17 8995.17 905.7
1534 9097.92 8997.92 905.8
1534.15 9100.66 9000.66 905.9
1534.3 9103.4 9003.4 906
1534.45 9106.14 9006.14 906.1
1534.6 9108.88 9008.88 906.2
1534.75 9111.62 9011.62 906.3
1534.91 9114.37 9014.37 906.4
1535.06 9117.11 9017.11 906.5
1535.21 9119.85 9019.85 906.6
1535.36 9122.59 9022.59 906.7
1535.51 9125.33 9025.33 906.8
1535.66 9128.07 9028.07 906.9
1535.81 9130.82 9030.82 907
1535.96 9133.56 9033.56 907.1
1536.11 9136.3 9036.3 907.2
1536.26 9139.04 9039.04 907.3
1536.41 9141.78 9041.78 907.4
1536.56 9144.52 9044.52 907.5
1536.7 9147.26 9047.26 907.6
1536.85 9150.01 9050.01 907.7
1537 9152.75 9052.75 907.8
1537.15 9155.49 9055.49 907.9
1537.3 9158.23 9058.23 908
1537.45 9160.97 9060.97 908.1
1537.59 9163.71 9063.71 908.2
1537.74 9166.46 9066.46 908.3
1537.89 9169.2 9069.2 908.4
1538.04 9171.94 9071.94 908.5
1538.18 9174.68 9074.68 908.6
1538.33 9177.42 9077.42 908.7
1538.48 9180.16 9080.16 908.8
1538.63 9182.9 9082.9 908.9
1538.77 9185.65 9085.65 909
1538.92 9188.39 9088.39 909.1
1539.06 9191.13 9091.13 909.2
1539.21 9193.87 9093.87 909.3
1539.36 9196.61 9096.61 909.4
1539.5 9199.35 9099.35 909.5
1539.65 9202.1 9102.1 909.6
1539.79 9204.84 9104.84 909.7
1539.94 9207.58 9107.58 909.8
1540.08 9210.32 9110.32 909.9
1540.23 9213.06 9113.06 910
1540.37 9215.8 9115.8 910.1
1540.52 9218.55 9118.55 910.2
1540.66 9221.29 9121.29 910.3
1540.81 9224.03 9124.03 910.4
1540.95 9226.77 9126.77 910.5
1541.1 9229.51 9129.51 910.6
1541.24 9232.25 9132.25 910.7
1541.38 9234.99 9134.99 910.8
1541.53 9237.74 9137.74 910.9
1541.67 9240.48 9140.48 911
1541.81 9243.22 9143.22 911.1
1541.96 9245.96 9145.96 911.2
1542.1 9248.7 9148.7 911.3
1542.24 9251.44 9151.44 911.4
1542.38 9254.19 9154.19 911.5
1542.53 9256.93 9156.93 911.6
1542.67 9259.67 9159.67 911.7
1542.81 9262.41 9162.41 911.8
1542.95 9265.15 9165.15 911.9
1543.09 9267.89 9167.89 912
1543.24 9270.63 9170.63 912.1
1543.38 9273.38 9173.38 912.2
1543.52 9276.12 9176.12 912.3
1543.66 9278.86 9178.86 912.4
1543.8 9281.6 9181.6 912.5
1543.94 9284.34 9184.34 912.6
1544.08 9287.08 9187.08 912.7
1544.22 9289.83 9189.83 912.8
1544.36 9292.57 9192.57 912.9
1544.5 9295.31 9195.31 913
1544.64 9298.05 9198.05 913.1
1544.78 9300.79 9200.79 913.2
1544.92 9303.53 9203.53 913.3
1545.06 9306.27 9206.27 913.4
1545.2 9309.02 9209.02 913.5
1545.34 9311.76 9211.76 913.6
1545.48 9314.5 9214.5 913.7
1545.62 9317.24 9217.24 913.8
1545.76 9319.98 9219.98 913.9
1545.9 9322.72 9222.72 914
1546.03 9325.47 9225.47 914.1
1546.17 9328.21 9228.21 914.2
1546.31 9330.95 9230.95 914.3
1546.45 9333.69 9233.69 914.4
1546.59 9336.43 9236.43 914.5
1546.72 9339.17 9239.17 914.6
1546.86 9341.92 9241.92 914.7
1547 9344.66 9244.66 914.8
1547.14 9347.4 9247.4 914.9
1547.27 9350.14 9250.14 915
1547.41 9352.88 9252.88 915.1
1547.55 9355.62 9255.62 915.2
1547.68 9358.36 9258.36 915.3
1547.82 9361.11 9261.11 915.4
1547.95 9363.85 9263.85 915.5
1548.09 9366.59 9266.59 915.6
1548.23 9369.33 9269.33 915.7
1548.36 9372.07 9272.07 915.8
1548.5 9374.81 9274.81 915.9
1548.63 9377.56 9277.56 916
1548.77 9380.3 9280.3 916.1
1548.9 9383.04 9283.04 916.2
1549.04 9385.78 9285.78 916.3
1549.17 9388.52 9288.52 916.4
1549.31 9391.26 9291.26 916.5
1549.44 9394 9294 916.6
1549.58 9396.75 9296.75 916.7
1549.71 9399.49 9299.49 916.8
1549.85 9402.23 9302.23 916.9
1549.98 9404.97 9304.97 917
1550.11 9407.71 9307.71 917.1
1550.25 9410.45 9310.45 917.2
1550.38 9413.2 9313.2 917.3
1550.51 9415.94 9315.94 917.4
1550.65 9418.68 9318.68 917.5
1550.78 9421.42 9321.42 917.6
1550.91 9424.16 9324.16 917.7
1551.04 9426.9 9326.9 917.8
1551.18 9429.65 9329.65 917.9
1551.31 9432.39 9332.39 918
1551.44 9435.13 9335.13 918.1
1551.57 9437.87 9337.87 918.2
1551.71 9440.61 9340.61 918.3
1551.84 9443.35 9343.35 918.4
1551.97 9446.09 9346.09 918.5
1552.1 9448.84 9348.84 918.6
1552.23 9451.58 9351.58 918.7
1552.36 9454.32 9354.32 918.8
1552.49 9457.06 9357.06 918.9
1552.63 9459.8 9359.8 919
1552.76 9462.54 9362.54 919.1
1552.89 9465.29 9365.29 919.2
1553.02 9468.03 9368.03 919.3
1553.15 9470.77 9370.77 919.4
1553.28 9473.51 9373.51 919.5
1553.41 9476.25 9376.25 919.6
1553.54 9478.99 9378.99 919.7
1553.67 9481.73 9381.73 919.8
1553.8 9484.48 9384.48 919.9
1553.93 9487.22 9387.22 920
1554.06 9489.96 9389.96 920.1
1554.18 9492.7 9392.7 920.2
1554.31 9495.44 9395.44 920.3
1554.44 9498.18 9398.18 920.4
1554.57 9500.93 9400.93 920.5
1554.7 9503.67 9403.67 920.6
1554.83 9506.41 9406.41 920.7
1554.96 9509.15 9409.15 920.8
1555.08 9511.89 9411.89 920.9
1555.21 9514.63 9414.63 921
1555.34 9517.38 9417.38 921.1
1555.47 9520.12 9420.12 921.2
1555.59 9522.86 9422.86 921.3
1555.72 9525.6 9425.6 921.4
1555.85 9528.34 9428.34 921.5
1555.98 9531.08 9431.08 921.6
1556.1 9533.82 9433.82 921.7
1556.23 9536.57 9436.57 921.8
1556.36 9539.31 9439.31 921.9
1556.48 9542.05 9442.05 922
1556.61 9544.79 9444.79 922.1
1556.74 9547.53 9447.53 922.2
1556.86 9550.27 9450.27 922.3
1556.99 9553.02 9453.02 922.4
1557.11 9555.76 9455.76 922.5
1557.24 9558.5 9458.5 922.6
1557.36 9561.24 9461.24 922.7
1557.49 9563.98 9463.98 922.8
1557.61 9566.72 9466.72 922.9
1557.74 9569.46 9469.46 923
1557.86 9572.21 9472.21 923.1
1557.99 9574.95 9474.95 923.2
1558.11 9577.69 9477.69 923.3
1558.24 9580.43 9480.43 923.4
1558.36 9583.17 9483.17 923.5
1558.49 9585.91 9485.91 923.6
1558.61 9588.66 9488.66 923.7
1558.73 9591.4 9491.4 923.8
1558.86 9594.14 9494.14 923.9
1558.98 9596.88 9496.88 924
1559.11 9599.62 9499.62 924.1
1559.23 9602.36 9502.36 924.2
1559.35 9605.11 9505.11 924.3
1559.47 9607.85 9507.85 924.4
1559.6 9610.59 9510.59 924.5
1559.72 9613.33 9513.33 924.6
1559.84 9616.07 9516.07 924.7
1559.97 9618.81 9518.81 924.8
1560.09 9621.55 9521.55 924.9
1560.21 9624.3 9524.3 925
1560.33 9627.04 9527.04 925.1
1560.45 9629.78 9529.78 925.2
1560.58 9632.52 9532.52 925.3
1560.7 9635.26 9535.26 925.4
1560.82 9638 9538 925.5
1560.94 9640.75 9540.75 925.6
1561.06 9643.49 9543.49 925.7
1561.18 9646.23 9546.23 925.8
1561.3 9648.97 9548.97 925.9
1561.42 9651.71 9551.71 926
1561.54 9654.45 9554.45 926.1
1561.66 9657.19 9557.19 926.2
1561.78 9659.94 9559.94 926.3
1561.9 9662.68 9562.68 926.4
1562.02 9665.42 9565.42 926.5
1562.14 9668.16 9568.16 926.6
1562.26 9670.9 9570.9 926.7
1562.38 9673.64 9573.64 926.8
1562.5 9676.39 9576.39 926.9
1562.62 9679.13 9579.13 927
1562.74 9681.87 9581.87 927.1
1562.86 9684.61 9584.61 927.2
1562.98 9687.35 9587.35 927.3
1563.1 9690.09 9590.09 927.4
1563.22 9692.84 9592.84 927.5
1563.34 9695.58 9595.58 927.6
1563.45 9698.32 9598.32 927.7
1563.57 9701.06 9601.06 927.8
1563.69 9703.8 9603.8 927.9
1563.81 9706.54 9606.54 928
1563.93 9709.28 9609.28 928.1
1564.04 9712.03 9612.03 928.2
1564.16 9714.77 9614.77 928.3
1564.28 9717.51 9617.51 928.4
1564.4 9720.25 9620.25 928.5
1564.51 9722.99 9622.99 928.6
1564.63 9725.73 9625.73 928.7
1564.75 9728.48 9628.48 928.8
1564.86 9731.22 9631.22 928.9
1564.98 9733.96 9633.96 929
1565.1 9736.7 9636.7 929.1
1565.21 9739.44 9639.44 929.2
1565.33 9742.18 9642.18 929.3
1565.45 9744.92 9644.92 929.4
1565.56 9747.67 9647.67 929.5
1565.68 9750.41 9650.41 929.6
1565.79 9753.15 9653.15 929.7
1565.91 9755.89 9655.89 929.8
1566.02 9758.63 9658.63 929.9
1566.14 9761.37 9661.37 930
1566.25 9764.12 9664.12 930.1
1566.37 9766.86 9666.86 930.2
1566.48 9769.6 9669.6 930.3
1566.6 9772.34 9672.34 930.4
1566.71 9775.08 9675.08 930.5
1566.83 9777.82 9677.82 930.6
1566.94 9780.57 9680.57 930.7
1567.06 9783.31 9683.31 930.8
1567.17 9786.05 9686.05 930.9
1567.28 9788.79 9688.79 931
1567.4 9791.53 9691.53 931.1
1567.51 9794.27 9694.27 931.2
1567.62 9797.01 9697.01 931.3
1567.74 9799.76 9699.76 931.4
1567.85 9802.5 9702.5 931.5
1567.96 9805.24 9705.24 931.6
1568.08 9807.98 9707.98 931.7
1568.19 9810.72 9710.72 931.8
1568.3 9813.46 9713.46 931.9
1568.41 9816.21 9716.21 932
1568.53 9818.95 9718.95 932.1
1568.64 9821.69 9721.69 932.2
1568.75 9824.43 9724.43 932.3
1568.86 9827.17 9727.17 932.4
1568.97 9829.91 9729.91 932.5
1569.09 9832.65 9732.65 932.6
1569.2 9835.4 9735.4 932.7
1569.31 9838.14 9738.14 932.8
1569.42 9840.88 9740.88 932.9
1569.53 9843.62 9743.62 933
1569.64 9846.36 9746.36 933.1
1569.75 9849.1 9749.1 933.2
1569.86 9851.85 9751.85 933.3
1569.97 9854.59 9754.59 933.4
1570.09 9857.33 9757.33 933.5
1570.2 9860.07 9760.07 933.6
1570.31 9862.81 9762.81 933.7
1570.42 9865.55 9765.55 933.8
1570.53 9868.3 9768.3 933.9
1570.64 9871.04 9771.04 934
1570.75 9873.78 9773.78 934.1
1570.86 9876.52 9776.52 934.2
1570.96 9879.26 9779.26 934.3
1571.07 9882 9782 934.4
1571.18 9884.74 9784.74 934.5
1571.29 9887.49 9787.49 934.6
1571.4 9890.23 9790.23 934.7
1571.51 9892.97 9792.97 934.8
1571.62 9895.71 9795.71 934.9
1571.73 9898.45 9798.45 935
1571.84 9901.19 9801.19 935.1
1571.94 9903.94 9803.94 935.2
1572.05 9906.68 9806.68 935.3
1572.16 9909.42 9809.42 935.4
1572.27 9912.16 9812.16 935.5
1572.38 9914.9 9814.9 935.6
1572.48 9917.64 9817.64 935.7
1572.59 9920.38 9820.38 935.8
1572.7 9923.13 9823.13 935.9
1572.8 9925.87 9825.87 936
1572.91 9928.61 9828.61 936.1
1573.02 9931.35 9831.35 936.2
1573.13 9934.09 9834.09 936.3
1573.23 9936.83 9836.83 936.4
1573.34 9939.58 9839.58 936.5
1573.45 9942.32 9842.32 936.6
1573.55 9945.06 9845.06 936.7
1573.66 9947.8 9847.8 936.8
1573.76 9950.54 9850.54 936.9
1573.87 9953.28 9853.28 937
1573.98 9956.03 9856.03 937.1
1574.08 9958.77 9858.77 937.2
1574.19 9961.51 9861.51 937.3
1574.29 9964.25 9864.25 937.4
1574.4 9966.99 9866.99 937.5
1574.5 9969.73 9869.73 937.6
1574.61 9972.47 9872.47 937.7
1574.71 9975.22 9875.22 937.8
1574.82 9977.96 9877.96 937.9
1574.92 9980.7 9880.7 938
1575.03 9983.44 9883.44 938.1
1575.13 9986.18 9886.18 938.2
1575.24 9988.92 9888.92 938.3
1575.34 9991.67 9891.67 938.4
1575.44 9994.41 9894.41 938.5
1575.55 9997.15 9897.15 938.6
1575.65 9999.89 9899.89 938.7
1575.75 10002.6 9902.63 938.8
1575.86 10005.4 9905.37 938.9
1575.96 10008.1 9908.11 939
1576.06 10010.9 9910.86 939.1
1576.17 10013.6 9913.6 939.2
1576.27 10016.3 9916.34 939.3
1576.37 10019.1 9919.08 939.4
1576.48 10021.8 9921.82 939.5
1576.58 10024.6 9924.56 939.6
1576.68 10027.3 9927.31 939.7
1576.78 10030 9930.05 939.8
1576.89 10032.8 9932.79 939.9
1576.99 10035.5 9935.53 940
1577.09 10038.3 9938.27 940.1
1577.19 10041 9941.01 940.2
1577.29 10043.8 9943.76 940.3
1577.4 10046.5 9946.5 940.4
1577.5 10049.2 9949.24 940.5
1577.6 10052 9951.98 940.6
1577.7 10054.7 9954.72 940.7
1577.8 10057.5 9957.46 940.8
1577.9 10060.2 9960.2 940.9
1578 10062.9 9962.95 941
1578.1 10065.7 9965.69 941.1
1578.2 10068.4 9968.43 941.2
1578.3 10071.2 9971.17 941.3
1578.4 10073.9 9973.91 941.4
1578.51 10076.7 9976.65 941.5
1578.61 10079.4 9979.4 941.6
1578.71 10082.1 9982.14 941.7
1578.81 10084.9 9984.88 941.8
1578.9 10087.6 9987.62 941.9
1579 10090.4 9990.36 942
1579.1 10093.1 9993.1 942.1
1579.2 10095.8 9995.84 942.2
1579.3 10098.6 9998.59 942.3
1579.4 10101.3 10001.3 942.4
1579.5 10104.1 10004.1 942.5
1579.6 10106.8 10006.8 942.6
1579.7 10109.6 10009.6 942.7
1579.8 10112.3 10012.3 942.8
1579.9 10115 10015 942.9
1579.99 10117.8 10017.8 943
1580.09 10120.5 10020.5 943.1
1580.19 10123.3 10023.3 943.2
1580.29 10126 10026 943.3
1580.39 10128.7 10028.7 943.4
1580.48 10131.5 10031.5 943.5
1580.58 10134.2 10034.2 943.6
1580.68 10137 10037 943.7
1580.78 10139.7 10039.7 943.8
1580.87 10142.5 10042.5 943.9
1580.97 10145.2 10045.2 944
1581.07 10147.9 10047.9 944.1
1581.17 10150.7 10050.7 944.2
1581.26 10153.4 10053.4 944.3
1581.36 10156.2 10056.2 944.4
1581.46 10158.9 10058.9 944.5
1581.55 10161.6 10061.6 944.6
1581.65 10164.4 10064.4 944.7
1581.74 10167.1 10067.1 944.8
1581.84 10169.9 10069.9 944.9
1581.94 10172.6 10072.6 945
1582.03 10175.4 10075.4 945.1
1582.13 10178.1 10078.1 945.2
1582.22 10180.8 10080.8 945.3
1582.32 10183.6 10083.6 945.4
1582.42 10186.3 10086.3 945.5
1582.51 10189.1 10089.1 945.6
1582.61 10191.8 10091.8 945.7
1582.7 10194.5 10094.5 945.8
1582.8 10197.3 10097.3 945.9
1582.89 10200 10100 946
1582.99 10202.8 10102.8 946.1
1583.08 10205.5 10105.5 946.2
1583.17 10208.2 10108.2 946.3
1583.27 10211 10111 946.4
1583.36 10213.7 10113.7 946.5
1583.46 10216.5 10116.5 946.6
1583.55 10219.2 10119.2 946.7
1583.64 10222 10122 946.8
1583.74 10224.7 10124.7 946.9
1583.83 10227.4 10127.4 947
1583.93 10230.2 10130.2 947.1
1584.02 10232.9 10132.9 947.2
1584.11 10235.7 10135.7 947.3
1584.21 10238.4 10138.4 947.4
1584.3 10241.1 10141.1 947.5
1584.39 10243.9 10143.9 947.6
1584.48 10246.6 10146.6 947.7
1584.58 10249.4 10149.4 947.8
1584.67 10252.1 10152.1 947.9
1584.76 10254.9 10154.9 948
1584.85 10257.6 10157.6 948.1
1584.95 10260.3 10160.3 948.2
1585.04 10263.1 10163.1 948.3
1585.13 10265.8 10165.8 948.4
1585.22 10268.6 10168.6 948.5
1585.31 10271.3 10171.3 948.6
1585.41 10274 10174 948.7
1585.5 10276.8 10176.8 948.8
1585.59 10279.5 10179.5 948.9
1585.68 10282.3 10182.3 949
1585.77 10285 10185 949.1
1585.86 10287.8 10187.8 949.2
1585.95 10290.5 10190.5 949.3
1586.04 10293.2 10193.2 949.4
1586.13 10296 10196 949.5
1586.23 10298.7 10198.7 949.6
1586.32 10301.5 10201.5 949.7
1586.41 10304.2 10204.2 949.8
1586.5 10306.9 10206.9 949.9
1586.59 10309.7 10209.7 950
1586.68 10312.4 10212.4 950.1
1586.77 10315.2 10215.2 950.2
1586.86 10317.9 10217.9 950.3
1586.95 10320.7 10220.7 950.4
1587.04 10323.4 10223.4 950.5
1587.13 10326.1 10226.1 950.6
1587.21 10328.9 10228.9 950.7
1587.3 10331.6 10231.6 950.8
1587.39 10334.4 10234.4 950.9
1587.48 10337.1 10237.1 951
1587.57 10339.8 10239.8 951.1
1587.66 10342.6 10242.6 951.2
1587.75 10345.3 10245.3 951.3
1587.84 10348.1 10248.1 951.4
1587.93 10350.8 10250.8 951.5
1588.01 10353.6 10253.6 951.6
1588.1 10356.3 10256.3 951.7
1588.19 10359 10259 951.8
1588.28 10361.8 10261.8 951.9
1588.37 10364.5 10264.5 952
1588.45 10367.3 10267.3 952.1
1588.54 10370 10270 952.2
1588.63 10372.7 10272.7 952.3
1588.72 10375.5 10275.5 952.4
1588.8 10378.2 10278.2 952.5
1588.89 10381 10281 952.6
1588.98 10383.7 10283.7 952.7
1589.06 10386.5 10286.5 952.8
1589.15 10389.2 10289.2 952.9
1589.24 10391.9 10291.9 953
1589.33 10394.7 10294.7 953.1
1589.41 10397.4 10297.4 953.2
1589.5 10400.2 10300.2 953.3
1589.58 10402.9 10302.9 953.4
1589.67 10405.6 10305.6 953.5
1589.76 10408.4 10308.4 953.6
1589.84 10411.1 10311.1 953.7
1589.93 10413.9 10313.9 953.8
1590.01 10416.6 10316.6 953.9
1590.1 10419.3 10319.3 954
1590.19 10422.1 10322.1 954.1
1590.27 10424.8 10324.8 954.2
1590.36 10427.6 10327.6 954.3
1590.44 10430.3 10330.3 954.4
1590.53 10433.1 10333.1 954.5
1590.61 10435.8 10335.8 954.6
1590.7 10438.5 10338.5 954.7
1590.78 10441.3 10341.3 954.8
1590.87 10444 10344 954.9
1590.95 10446.8 10346.8 955
1591.04 10449.5 10349.5 955.1
1591.12 10452.2 10352.2 955.2
1591.2 10455 10355 955.3
1591.29 10457.7 10357.7 955.4
1591.37 10460.5 10360.5 955.5
1591.46 10463.2 10363.2 955.6
1591.54 10466 10366 955.7
1591.62 10468.7 10368.7 955.8
1591.71 10471.4 10371.4 955.9
1591.79 10474.2 10374.2 956
1591.87 10476.9 10376.9 956.1
1591.96 10479.7 10379.7 956.2
1592.04 10482.4 10382.4 956.3
1592.12 10485.1 10385.1 956.4
1592.21 10487.9 10387.9 956.5
1592.29 10490.6 10390.6 956.6
1592.37 10493.4 10393.4 956.7
1592.46 10496.1 10396.1 956.8
1592.54 10498.9 10398.9 956.9
1592.62 10501.6 10401.6 957
1592.7 10504.3 10404.3 957.1
1592.78 10507.1 10407.1 957.2
1592.87 10509.8 10409.8 957.3
1592.95 10512.6 10412.6 957.4
1593.03 10515.3 10415.3 957.5
1593.11 10518 10418 957.6
1593.19 10520.8 10420.8 957.7
1593.28 10523.5 10423.5 957.8
1593.36 10526.3 10426.3 957.9
1593.44 10529 10429 958
1593.52 10531.8 10431.8 958.1
1593.6 10534.5 10434.5 958.2
1593.68 10537.2 10437.2 958.3
1593.76 10540 10440 958.4
1593.84 10542.7 10442.7 958.5
1593.93 10545.5 10445.5 958.6
1594.01 10548.2 10448.2 958.7
1594.09 10550.9 10450.9 958.8
1594.17 10553.7 10453.7 958.9
1594.25 10556.4 10456.4 959
1594.33 10559.2 10459.2 959.1
1594.41 10561.9 10461.9 959.2
1594.49 10564.7 10464.7 959.3
1594.57 10567.4 10467.4 959.4
1594.65 10570.1 10470.1 959.5
1594.73 10572.9 10472.9 959.6
1594.81 10575.6 10475.6 959.7
1594.89 10578.4 10478.4 959.8
1594.97 10581.1 10481.1 959.9
1595.04 10583.8 10483.8 960
1595.12 10586.6 10486.6 960.1
1595.2 10589.3 10489.3 960.2
1595.28 10592.1 10492.1 960.3
1595.36 10594.8 10494.8 960.4
1595.44 10597.6 10497.6 960.5
1595.52 10600.3 10500.3 960.6
1595.6 10603 10503 960.7
1595.68 10605.8 10505.8 960.8
1595.75 10608.5 10508.5 960.9
1595.83 10611.3 10511.3 961
1595.91 10614 10514 961.1
1595.99 10616.7 10516.7 961.2
1596.07 10619.5 10519.5 961.3
1596.14 10622.2 10522.2 961.4
1596.22 10625 10525 961.5
1596.3 10627.7 10527.7 961.6
1596.38 10630.4 10530.4 961.7
1596.45 10633.2 10533.2 961.8
1596.53 10635.9 10535.9 961.9
1596.61 10638.7 10538.7 962
1596.69 10641.4 10541.4 962.1
1596.76 10644.2 10544.2 962.2
1596.84 10646.9 10546.9 962.3
1596.92 10649.6 10549.6 962.4
1596.99 10652.4 10552.4 962.5
1597.07 10655.1 10555.1 962.6
1597.15 10657.9 10557.9 962.7
1597.22 10660.6 10560.6 962.8
1597.3 10663.3 10563.3 962.9
1597.38 10666.1 10566.1 963
1597.45 10668.8 10568.8 963.1
1597.53 10671.6 10571.6 963.2
1597.6 10674.3 10574.3 963.3
1597.68 10677.1 10577.1 963.4
1597.76 10679.8 10579.8 963.5
1597.83 10682.5 10582.5 963.6
1597.91 10685.3 10585.3 963.7
1597.98 10688 10588 963.8
1598.06 10690.8 10590.8 963.9
1598.13 10693.5 10593.5 964
1598.21 10696.2 10596.2 964.1
1598.28 10699 10599 964.2
1598.36 10701.7 10601.7 964.3
1598.43 10704.5 10604.5 964.4
1598.51 10707.2 10607.2 964.5
1598.58 10710 10610 964.6
1598.66 10712.7 10612.7 964.7
1598.73 10715.4 10615.4 964.8
1598.81 10718.2 10618.2 964.9
1598.88 10720.9 10620.9 965
1598.96 10723.7 10623.7 965.1
1599.03 10726.4 10626.4 965.2
1599.1 10729.1 10629.1 965.3
1599.18 10731.9 10631.9 965.4
1599.25 10734.6 10634.6 965.5
1599.32 10737.4 10637.4 965.6
1599.4 10740.1 10640.1 965.7
1599.47 10742.9 10642.9 965.8
1599.55 10745.6 10645.6 965.9
1599.62 10748.3 10648.3 966
1599.69 10751.1 10651.1 966.1
1599.77 10753.8 10653.8 966.2
1599.84 10756.6 10656.6 966.3
1599.91 10759.3 10659.3 966.4
1599.98 10762 10662 966.5
1600.06 10764.8 10664.8 966.6
1600.13 10767.5 10667.5 966.7
1600.2 10770.3 10670.3 966.8
1600.27 10773 10673 966.9
1600.35 10775.8 10675.8 967
1600.42 10778.5 10678.5 967.1
1600.49 10781.2 10681.2 967.2
1600.56 10784 10684 967.3
1600.64 10786.7 10686.7 967.4
1600.71 10789.5 10689.5 967.5
1600.78 10792.2 10692.2 967.6
1600.85 10794.9 10694.9 967.7
1600.92 10797.7 10697.7 967.8
1600.99 10800.4 10700.4 967.9
1601.07 10803.2 10703.2 968
1601.14 10805.9 10705.9 968.1
1601.21 10808.7 10708.7 968.2
1601.28 10811.4 10711.4 968.3
1601.35 10814.1 10714.1 968.4
1601.42 10816.9 10716.9 968.5
1601.49 10819.6 10719.6 968.6
1601.56 10822.4 10722.4 968.7
1601.63 10825.1 10725.1 968.8
1601.7 10827.8 10727.8 968.9
1601.77 10830.6 10730.6 969
1601.84 10833.3 10733.3 969.1
1601.92 10836.1 10736.1 969.2
1601.99 10838.8 10738.8 969.3
1602.06 10841.5 10741.5 969.4
1602.13 10844.3 10744.3 969.5
1602.2 10847 10747 969.6
1602.27 10849.8 10749.8 969.7
1602.33 10852.5 10752.5 969.8
1602.4 10855.3 10755.3 969.9
1602.47 10858 10758 970
1602.54 10860.7 10760.7 970.1
1602.61 10863.5 10763.5 970.2
1602.68 10866.2 10766.2 970.3
1602.75 10869 10769 970.4
1602.82 10871.7 10771.7 970.5
1602.89 10874.4 10774.4 970.6
1602.96 10877.2 10777.2 970.7
1603.03 10879.9 10779.9 970.8
1603.1 10882.7 10782.7 970.9
1603.16 10885.4 10785.4 971
1603.23 10888.2 10788.2 971.1
1603.3 10890.9 10790.9 971.2
1603.37 10893.6 10793.6 971.3
1603.44 10896.4 10796.4 971.4
1603.51 10899.1 10799.1 971.5
1603.57 10901.9 10801.9 971.6
1603.64 10904.6 10804.6 971.7
1603.71 10907.3 10807.3 971.8
1603.78 10910.1 10810.1 971.9
1603.85 10912.8 10812.8 972
1603.91 10915.6 10815.6 972.1
1603.98 10918.3 10818.3 972.2
1604.05 10921.1 10821.1 972.3
1604.12 10923.8 10823.8 972.4
1604.18 10926.5 10826.5 972.5
1604.25 10929.3 10829.3 972.6
1604.32 10932 10832 972.7
1604.39 10934.8 10834.8 972.8
1604.45 10937.5 10837.5 972.9
1604.52 10940.2 10840.2 973
1604.59 10943 10843 973.1
1604.65 10945.7 10845.7 973.2
1604.72 10948.5 10848.5 973.3
1604.79 10951.2 10851.2 973.4
1604.85 10954 10854 973.5
1604.92 10956.7 10856.7 973.6
1604.98 10959.4 10859.4 973.7
1605.05 10962.2 10862.2 973.8
1605.12 10964.9 10864.9 973.9
1605.18 10967.7 10867.7 974
1605.25 10970.4 10870.4 974.1
1605.31 10973.1 10873.1 974.2
1605.38 10975.9 10875.9 974.3
1605.45 10978.6 10878.6 974.4
1605.51 10981.4 10881.4 974.5
1605.58 10984.1 10884.1 974.6
1605.64 10986.9 10886.9 974.7
1605.71 10989.6 10889.6 974.8
1605.77 10992.3 10892.3 974.9
1605.84 10995.1 10895.1 975
1605.9 10997.8 10897.8 975.1
1605.97 11000.6 10900.6 975.2
1606.03 11003.3 10903.3 975.3
1606.1 11006 10906 975.4
1606.16 11008.8 10908.8 975.5
1606.23 11011.5 10911.5 975.6
1606.29 11014.3 10914.3 975.7
1606.36 11017 10917 975.8
1606.42 11019.8 10919.8 975.9
1606.48 11022.5 10922.5 976
1606.55 11025.2 10925.2 976.1
1606.61 11028 10928 976.2
1606.68 11030.7 10930.7 976.3
1606.74 11033.5 10933.5 976.4
1606.8 11036.2 10936.2 976.5
1606.87 11038.9 10938.9 976.6
1606.93 11041.7 10941.7 976.7
1607 11044.4 10944.4 976.8
1607.06 11047.2 10947.2 976.9
1607.12 11049.9 10949.9 977
1607.19 11052.6 10952.6 977.1
1607.25 11055.4 10955.4 977.2
1607.31 11058.1 10958.1 977.3
1607.38 11060.9 10960.9 977.4
1607.44 11063.6 10963.6 977.5
1607.5 11066.4 10966.4 977.6
1607.56 11069.1 10969.1 977.7
1607.63 11071.8 10971.8 977.8
1607.69 11074.6 10974.6 977.9
1607.75 11077.3 10977.3 978
1607.81 11080.1 10980.1 978.1
1607.88 11082.8 10982.8 978.2
1607.94 11085.5 10985.5 978.3
1608 11088.3 10988.3 978.4
1608.06 11091 10991 978.5
1608.13 11093.8 10993.8 978.6
1608.19 11096.5 10996.5 978.7
1608.25 11099.3 10999.3 978.8
1608.31 11102 11002 978.9
1608.37 11104.7 11004.7 979
1608.44 11107.5 11007.5 979.1
1608.5 11110.2 11010.2 979.2
1608.56 11113 11013 979.3
1608.62 11115.7 11015.7 979.4
1608.68 11118.4 11018.4 979.5
1608.74 11121.2 11021.2 979.6
1608.8 11123.9 11023.9 979.7
1608.86 11126.7 11026.7 979.8
1608.93 11129.4 11029.4 979.9
1608.99 11132.2 11032.2 980
1609.05 11134.9 11034.9 980.1
1609.11 11137.6 11037.6 980.2
1609.17 11140.4 11040.4 980.3
1609.23 11143.1 11043.1 980.4
1609.29 11145.9 11045.9 980.5
1609.35 11148.6 11048.6 980.6
1609.41 11151.3 11051.3 980.7
1609.47 11154.1 11054.1 980.8
1609.53 11156.8 11056.8 980.9
1609.59 11159.6 11059.6 981
1609.65 11162.3 11062.3 981.1
1609.71 11165.1 11065.1 981.2
1609.77 11167.8 11067.8 981.3
1609.83 11170.5 11070.5 981.4
1609.89 11173.3 11073.3 981.5
1609.95 11176 11076 981.6
1610.01 11178.8 11078.8 981.7
1610.07 11181.5 11081.5 981.8
1610.13 11184.2 11084.2 981.9
1610.19 11187 11087 982
1610.25 11189.7 11089.7 982.1
1610.31 11192.5 11092.5 982.2
1610.37 11195.2 11095.2 982.3
1610.43 11198 11098 982.4
1610.48 11200.7 11100.7 982.5
1610.54 11203.4 11103.4 982.6
1610.6 11206.2 11106.2 982.7
1610.66 11208.9 11108.9 982.8
1610.72 11211.7 11111.7 982.9
1610.78 11214.4 11114.4 983
1610.84 11217.1 11117.1 983.1
1610.9 11219.9 11119.9 983.2
1610.95 11222.6 11122.6 983.3
1611.01 11225.4 11125.4 983.4
1611.07 11228.1 11128.1 983.5
1611.13 11230.9 11130.9 983.6
1611.19 11233.6 11133.6 983.7
1611.24 11236.3 11136.3 983.8
1611.3 11239.1 11139.1 983.9
1611.36 11241.8 11141.8 984
1611.42 11244.6 11144.6 984.1
1611.48 11247.3 11147.3 984.2
1611.53 11250 11150 984.3
1611.59 11252.8 11152.8 984.4
1611.65 11255.5 11155.5 984.5
1611.71 11258.3 11158.3 984.6
1611.76 11261 11161 984.7
1611.82 11263.8 11163.8 984.8
1611.88 11266.5 11166.5 984.9
1611.93 11269.2 11169.2 985
1611.99 11272 11172 985.1
1612.05 11274.7 11174.7 985.2
1612.1 11277.5 11177.5 985.3
1612.16 11280.2 11180.2 985.4
1612.22 11282.9 11182.9 985.5
1612.27 11285.7 11185.7 985.6
1612.33 11288.4 11188.4 985.7
1612.39 11291.2 11191.2 985.8
1612.44 11293.9 11193.9 985.9
1612.5 11296.6 11196.6 986
1612.56 11299.4 11199.4 986.1
1612.61 11302.1 11202.1 986.2
1612.67 11304.9 11204.9 986.3
1612.72 11307.6 11207.6 986.4
1612.78 11310.4 11210.4 986.5
1612.84 11313.1 11213.1 986.6
1612.89 11315.8 11215.8 986.7
1612.95 11318.6 11218.6 986.8
1613 11321.3 11221.3 986.9
1613.06 11324.1 11224.1 987
1613.11 11326.8 11226.8 987.1
1613.17 11329.5 11229.5 987.2
1613.23 11332.3 11232.3 987.3
1613.28 11335 11235 987.4
1613.34 11337.8 11237.8 987.5
1613.39 11340.5 11240.5 987.6
1613.45 11343.3 11243.3 987.7
1613.5 11346 11246 987.8
1613.56 11348.7 11248.7 987.9
1613.61 11351.5 11251.5 988
1613.67 11354.2 11254.2 988.1
1613.72 11357 11257 988.2
1613.78 11359.7 11259.7 988.3
1613.83 11362.4 11262.4 988.4
1613.88 11365.2 11265.2 988.5
1613.94 11367.9 11267.9 988.6
1613.99 11370.7 11270.7 988.7
1614.05 11373.4 11273.4 988.8
1614.1 11376.2 11276.2 988.9
1614.16 11378.9 11278.9 989
1614.21 11381.6 11281.6 989.1
1614.26 11384.4 11284.4 989.2
1614.32 11387.1 11287.1 989.3
1614.37 11389.9 11289.9 989.4
1614.43 11392.6 11292.6 989.5
1614.48 11395.3 11295.3 989.6
1614.53 11398.1 11298.1 989.7
1614.59 11400.8 11300.8 989.8
1614.64 11403.6 11303.6 989.9
1614.69 11406.3 11306.3 990
1614.75 11409.1 11309.1 990.1
1614.8 11411.8 11311.8 990.2
1614.85 11414.5 11314.5 990.3
1614.91 11417.3 11317.3 990.4
1614.96 11420 11320 990.5
1615.01 11422.8 11322.8 990.6
1615.07 11425.5 11325.5 990.7
1615.12 11428.2 11328.2 990.8
1615.17 11431 11331 990.9
1615.22 11433.7 11333.7 991
1615.28 11436.5 11336.5 991.1
1615.33 11439.2 11339.2 991.2
1615.38 11442 11342 991.3
1615.43 11444.7 11344.7 991.4
1615.49 11447.4 11347.4 991.5
1615.54 11450.2 11350.2 991.6
1615.59 11452.9 11352.9 991.7
1615.64 11455.7 11355.7 991.8
1615.7 11458.4 11358.4 991.9
1615.75 11461.1 11361.1 992
1615.8 11463.9 11363.9 992.1
1615.85 11466.6 11366.6 992.2
1615.9 11469.4 11369.4 992.3
1615.96 11472.1 11372.1 992.4
1616.01 11474.9 11374.9 992.5
1616.06 11477.6 11377.6 992.6
1616.11 11480.3 11380.3 992.7
1616.16 11483.1 11383.1 992.8
1616.21 11485.8 11385.8 992.9
1616.27 11488.6 11388.6 993
1616.32 11491.3 11391.3 993.1
1616.37 11494 11394 993.2
1616.42 11496.8 11396.8 993.3
1616.47 11499.5 11399.5 993.4
1616.52 11502.3 11402.3 993.5
1616.57 11505 11405 993.6
1616.62 11507.7 11407.7 993.7
1616.67 11510.5 11410.5 993.8
1616.72 11513.2 11413.2 993.9
1616.78 11516 11416 994
1616.83 11518.7 11418.7 994.1
1616.88 11521.5 11421.5 994.2
1616.93 11524.2 11424.2 994.3
1616.98 11526.9 11426.9 994.4
1617.03 11529.7 11429.7 994.5
1617.08 11532.4 11432.4 994.6
1617.13 11535.2 11435.2 994.7
1617.18 11537.9 11437.9 994.8
1617.23 11540.6 11440.6 994.9
1617.28 11543.4 11443.4 995
1617.33 11546.1 11446.1 995.1
1617.38 11548.9 11448.9 995.2
1617.43 11551.6 11451.6 995.3
1617.48 11554.4 11454.4 995.4
1617.53 11557.1 11457.1 995.5
1617.58 11559.8 11459.8 995.6
1617.63 11562.6 11462.6 995.7
1617.68 11565.3 11465.3 995.8
1617.73 11568.1 11468.1 995.9
1617.78 11570.8 11470.8 996
1617.83 11573.5 11473.5 996.1
1617.88 11576.3 11476.3 996.2
1617.93 11579 11479 996.3
1617.97 11581.8 11481.8 996.4
1618.02 11584.5 11484.5 996.5
1618.07 11587.3 11487.3 996.6
1618.12 11590 11490 996.7
1618.17 11592.7 11492.7 996.8
1618.22 11595.5 11495.5 996.9
1618.27 11598.2 11498.2 997
1618.32 11601 11501 997.1
1618.37 11603.7 11503.7 997.2
1618.41 11606.4 11506.4 997.3
1618.46 11609.2 11509.2 997.4
1618.51 11611.9 11511.9 997.5
1618.56 11614.7 11514.7 997.6
1618.61 11617.4 11517.4 997.7
1618.66 11620.2 11520.2 997.8
1618.71 11622.9 11522.9 997.9
1618.75 11625.6 11525.6 998
1618.8 11628.4 11528.4 998.1
1618.85 11631.1 11531.1 998.2
1618.9 11633.9 11533.9 998.3
1618.95 11636.6 11536.6 998.4
1618.99 11639.3 11539.3 998.5
1619.04 11642.1 11542.1 998.6
1619.09 11644.8 11544.8 998.7
1619.14 11647.6 11547.6 998.8
1619.19 11650.3 11550.3 998.9
1619.23 11653.1 11553.1 999
1619.28 11655.8 11555.8 999.1
1619.33 11658.5 11558.5 999.2
1619.38 11661.3 11561.3 999.3
1619.42 11664 11564 999.4
1619.47 11666.8 11566.8 999.5
1619.52 11669.5 11569.5 999.6
1619.56 11672.2 11572.2 999.7
1619.61 11675 11575 999.8
1619.66 11677.7 11577.7 999.9
1619.71 11680.5 11580.5 1000
