428.413 1330.33 1230.33 920
428.454 1330.41 1230.41 920.02
428.494 1330.48 1230.48 920.04
428.534 1330.55 1230.55 920.06
428.574 1330.62 1230.62 920.08
428.614 1330.69 1230.69 920.1
428.654 1330.76 1230.76 920.12
428.694 1330.83 1230.83 920.14
428.734 1330.9 1230.9 920.16
428.774 1330.97 1230.97 920.18
428.814 1331.04 1231.04 920.2
428.854 1331.11 1231.11 920.22
428.894 1331.18 1231.18 920.24
428.934 1331.25 1231.25 920.26
428.974 1331.32 1231.32 920.28
429.014 1331.39 1231.39 920.3
429.054 1331.46 1231.46 920.32
429.094 1331.53 1231.53 920.34
429.134 1331.6 1231.6 920.36
429.173 1331.67 1231.67 920.38
429.213 1331.74 1231.74 920.4
429.253 1331.81 1231.81 920.42
429.293 1331.88 1231.88 920.44
429.333 1331.96 1231.96 920.46
429.373 1332.03 1232.03 920.48
429.413 1332.1 1232.1 920.5
429.453 1332.17 1232.17 920.52
429.493 1332.24 1232.24 920.54
429.533 1332.31 1232.31 920.56
429.573 1332.38 1232.38 920.58
429.613 1332.45 1232.45 920.6
429.652 1332.52 1232.52 920.62
429.692 1332.59 1232.59 920.64
429.732 1332.66 1232.66 920.66
429.772 1332.73 1232.73 920.68
429.812 1332.8 1232.8 920.7
429.852 1332.87 1232.87 920.72
429.892 1332.94 1232.94 920.74
429.931 1333.01 1233.01 920.76
429.971 1333.08 1233.08 920.78
430.011 1333.15 1233.15 920.8
430.051 1333.22 1233.22 920.82
430.091 1333.29 1233.29 920.84
430.131 1333.36 1233.36 920.86
430.17 1333.43 1233.43 920.88
430.21 1333.51 1233.51 920.9
430.25 1333.58 1233.58 920.92
430.29 1333.65 1233.65 920.94
430.33 1333.72 1233.72 920.96
430.369 1333.79 1233.79 920.98
430.409 1333.86 1233.86 921
430.449 1333.93 1233.93 921.02
430.489 1334 1234 921.04
430.528 1334.07 1234.07 921.06
430.568 1334.14 1234.14 921.08
430.608 1334.21 1234.21 921.1
430.648 1334.28 1234.28 921.12
430.687 1334.35 1234.35 921.14
430.727 1334.42 1234.42 921.16
430.767 1334.49 1234.49 921.18
430.807 1334.56 1234.56 921.2
430.846 1334.63 1234.63 921.22
430.886 1334.7 1234.7 921.24
430.926 1334.77 1234.77 921.26
430.965 1334.84 1234.84 921.28
431.005 1334.91 1234.91 921.3
431.045 1334.98 1234.98 921.32
431.085 1335.06 1235.06 921.34
431.124 1335.13 1235.13 921.36
431.164 1335.2 1235.2 921.38
431.204 1335.27 1235.27 921.4
431.243 1335.34 1235.34 921.42
431.283 1335.41 1235.41 921.44
431.323 1335.48 1235.48 921.46
431.362 1335.55 1235.55 921.48
431.402 1335.62 1235.62 921.5
431.441 1335.69 1235.69 921.52
431.481 1335.76 1235.76 921.54
431.521 1335.83 1235.83 921.56
431.56 1335.9 1235.9 921.58
431.6 1335.97 1235.97 921.6
431.64 1336.04 1236.04 921.62
431.679 1336.11 1236.11 921.64
431.719 1336.18 1236.18 921.66
431.758 1336.25 1236.25 921.68
431.798 1336.32 1236.32 921.7
431.838 1336.39 1236.39 921.72
431.877 1336.46 1236.46 921.74
431.917 1336.53 1236.53 921.76
431.956 1336.6 1236.6 921.78
431.996 1336.68 1236.68 921.8
432.035 1336.75 1236.75 921.82
432.075 1336.82 1236.82 921.84
432.114 1336.89 1236.89 921.86
432.154 1336.96 1236.96 921.88
432.193 1337.03 1237.03 921.9
432.233 1337.1 1237.1 921.92
432.273 1337.17 1237.17 921.94
432.312 1337.24 1237.24 921.96
432.352 1337.31 1237.31 921.98
432.391 1337.38 1237.38 922
432.431 1337.45 1237.45 922.02
432.47 1337.52 1237.52 922.04
432.51 1337.59 1237.59 922.06
432.549 1337.66 1237.66 922.08
432.588 1337.73 1237.73 922.1
432.628 1337.8 1237.8 922.12
432.667 1337.87 1237.87 922.14
432.707 1337.94 1237.94 922.16
432.746 1338.01 1238.01 922.18
432.786 1338.08 1238.08 922.2
432.825 1338.15 1238.15 922.22
432.865 1338.23 1238.23 922.24
432.904 1338.3 1238.3 922.26
432.944 1338.37 1238.37 922.28
432.983 1338.44 1238.44 922.3
433.022 1338.51 1238.51 922.32
433.062 1338.58 1238.58 922.34
433.101 1338.65 1238.65 922.36
433.141 1338.72 1238.72 922.38
433.18 1338.79 1238.79 922.4
433.219 1338.86 1238.86 922.42
433.259 1338.93 1238.93 922.44
433.298 1339 1239 922.46
433.337 1339.07 1239.07 922.48
433.377 1339.14 1239.14 922.5
433.416 1339.21 1239.21 922.52
433.456 1339.28 1239.28 922.54
433.495 1339.35 1239.35 922.56
433.534 1339.42 1239.42 922.58
433.574 1339.49 1239.49 922.6
433.613 1339.56 1239.56 922.62
433.652 1339.63 1239.63 922.64
433.692 1339.7 1239.7 922.66
433.731 1339.78 1239.78 922.68
433.77 1339.85 1239.85 922.7
433.81 1339.92 1239.92 922.72
433.849 1339.99 1239.99 922.74
433.888 1340.06 1240.06 922.76
433.927 1340.13 1240.13 922.78
433.967 1340.2 1240.2 922.8
434.006 1340.27 1240.27 922.82
434.045 1340.34 1240.34 922.84
434.085 1340.41 1240.41 922.86
434.124 1340.48 1240.48 922.88
434.163 1340.55 1240.55 922.9
434.202 1340.62 1240.62 922.92
434.242 1340.69 1240.69 922.94
434.281 1340.76 1240.76 922.96
434.32 1340.83 1240.83 922.98
434.359 1340.9 1240.9 923
434.398 1340.97 1240.97 923.02
434.438 1341.04 1241.04 923.04
434.477 1341.11 1241.11 923.06
434.516 1341.18 1241.18 923.08
434.555 1341.25 1241.25 923.1
434.595 1341.33 1241.33 923.12
434.634 1341.4 1241.4 923.14
434.673 1341.47 1241.47 923.16
434.712 1341.54 1241.54 923.18
434.751 1341.61 1241.61 923.2
434.79 1341.68 1241.68 923.22
434.83 1341.75 1241.75 923.24
434.869 1341.82 1241.82 923.26
434.908 1341.89 1241.89 923.28
434.947 1341.96 1241.96 923.3
434.986 1342.03 1242.03 923.32
435.025 1342.1 1242.1 923.34
435.064 1342.17 1242.17 923.36
435.104 1342.24 1242.24 923.38
435.143 1342.31 1242.31 923.4
435.182 1342.38 1242.38 923.42
435.221 1342.45 1242.45 923.44
435.26 1342.52 1242.52 923.46
435.299 1342.59 1242.59 923.48
435.338 1342.66 1242.66 923.5
435.377 1342.73 1242.73 923.52
435.416 1342.8 1242.8 923.54
435.456 1342.88 1242.88 923.56
435.495 1342.95 1242.95 923.58
435.534 1343.02 1243.02 923.6
435.573 1343.09 1243.09 923.62
435.612 1343.16 1243.16 923.64
435.651 1343.23 1243.23 923.66
435.69 1343.3 1243.3 923.68
435.729 1343.37 1243.37 923.7
435.768 1343.44 1243.44 923.72
435.807 1343.51 1243.51 923.74
435.846 1343.58 1243.58 923.76
435.885 1343.65 1243.65 923.78
435.924 1343.72 1243.72 923.8
435.963 1343.79 1243.79 923.82
436.002 1343.86 1243.86 923.84
436.041 1343.93 1243.93 923.86
436.08 1344 1244 923.88
436.119 1344.07 1244.07 923.9
436.158 1344.14 1244.14 923.92
436.197 1344.21 1244.21 923.94
436.236 1344.28 1244.28 923.96
436.275 1344.35 1244.35 923.98
436.314 1344.43 1244.43 924
436.353 1344.5 1244.5 924.02
436.392 1344.57 1244.57 924.04
436.431 1344.64 1244.64 924.06
436.47 1344.71 1244.71 924.08
436.509 1344.78 1244.78 924.1
436.548 1344.85 1244.85 924.12
436.587 1344.92 1244.92 924.14
436.625 1344.99 1244.99 924.16
436.664 1345.06 1245.06 924.18
436.703 1345.13 1245.13 924.2
436.742 1345.2 1245.2 924.22
436.781 1345.27 1245.27 924.24
436.82 1345.34 1245.34 924.26
436.859 1345.41 1245.41 924.28
436.898 1345.48 1245.48 924.3
436.937 1345.55 1245.55 924.32
436.975 1345.62 1245.62 924.34
437.014 1345.69 1245.69 924.36
437.053 1345.76 1245.76 924.38
437.092 1345.83 1245.83 924.4
437.131 1345.9 1245.9 924.42
437.17 1345.98 1245.98 924.44
437.209 1346.05 1246.05 924.46
437.247 1346.12 1246.12 924.48
437.286 1346.19 1246.19 924.5
437.325 1346.26 1246.26 924.52
437.364 1346.33 1246.33 924.54
437.403 1346.4 1246.4 924.56
437.442 1346.47 1246.47 924.58
437.48 1346.54 1246.54 924.6
437.519 1346.61 1246.61 924.62
437.558 1346.68 1246.68 924.64
437.597 1346.75 1246.75 924.66
437.636 1346.82 1246.82 924.68
437.674 1346.89 1246.89 924.7
437.713 1346.96 1246.96 924.72
437.752 1347.03 1247.03 924.74
437.791 1347.1 1247.1 924.76
437.829 1347.17 1247.17 924.78
437.868 1347.24 1247.24 924.8
437.907 1347.31 1247.31 924.82
437.946 1347.38 1247.38 924.84
437.984 1347.45 1247.45 924.86
438.023 1347.53 1247.53 924.88
438.062 1347.6 1247.6 924.9
438.1 1347.67 1247.67 924.92
438.139 1347.74 1247.74 924.94
438.178 1347.81 1247.81 924.96
438.217 1347.88 1247.88 924.98
438.255 1347.95 1247.95 925
438.294 1348.02 1248.02 925.02
438.333 1348.09 1248.09 925.04
438.371 1348.16 1248.16 925.06
438.41 1348.23 1248.23 925.08
438.449 1348.3 1248.3 925.1
438.487 1348.37 1248.37 925.12
438.526 1348.44 1248.44 925.14
438.565 1348.51 1248.51 925.16
438.603 1348.58 1248.58 925.18
438.642 1348.65 1248.65 925.2
438.681 1348.72 1248.72 925.22
438.719 1348.79 1248.79 925.24
438.758 1348.86 1248.86 925.26
438.796 1348.93 1248.93 925.28
438.835 1349 1249 925.3
438.874 1349.08 1249.08 925.32
438.912 1349.15 1249.15 925.34
438.951 1349.22 1249.22 925.36
438.99 1349.29 1249.29 925.38
439.028 1349.36 1249.36 925.4
439.067 1349.43 1249.43 925.42
439.105 1349.5 1249.5 925.44
439.144 1349.57 1249.57 925.46
439.182 1349.64 1249.64 925.48
439.221 1349.71 1249.71 925.5
439.26 1349.78 1249.78 925.52
439.298 1349.85 1249.85 925.54
439.337 1349.92 1249.92 925.56
439.375 1349.99 1249.99 925.58
439.414 1350.06 1250.06 925.6
439.452 1350.13 1250.13 925.62
439.491 1350.2 1250.2 925.64
439.529 1350.27 1250.27 925.66
439.568 1350.34 1250.34 925.68
439.606 1350.41 1250.41 925.7
439.645 1350.48 1250.48 925.72
439.683 1350.55 1250.55 925.74
439.722 1350.62 1250.62 925.76
439.76 1350.7 1250.7 925.78
439.799 1350.77 1250.77 925.8
439.837 1350.84 1250.84 925.82
439.876 1350.91 1250.91 925.84
439.914 1350.98 1250.98 925.86
439.953 1351.05 1251.05 925.88
439.991 1351.12 1251.12 925.9
440.03 1351.19 1251.19 925.92
440.068 1351.26 1251.26 925.94
440.107 1351.33 1251.33 925.96
440.145 1351.4 1251.4 925.98
440.183 1351.47 1251.47 926
440.222 1351.54 1251.54 926.02
440.26 1351.61 1251.61 926.04
440.299 1351.68 1251.68 926.06
440.337 1351.75 1251.75 926.08
440.376 1351.82 1251.82 926.1
440.414 1351.89 1251.89 926.12
440.452 1351.96 1251.96 926.14
440.491 1352.03 1252.03 926.16
440.529 1352.1 1252.1 926.18
440.567 1352.17 1252.17 926.2
440.606 1352.25 1252.25 926.22
440.644 1352.32 1252.32 926.24
440.683 1352.39 1252.39 926.26
440.721 1352.46 1252.46 926.28
440.759 1352.53 1252.53 926.3
440.798 1352.6 1252.6 926.32
440.836 1352.67 1252.67 926.34
440.874 1352.74 1252.74 926.36
440.913 1352.81 1252.81 926.38
440.951 1352.88 1252.88 926.4
440.989 1352.95 1252.95 926.42
441.028 1353.02 1253.02 926.44
441.066 1353.09 1253.09 926.46
441.104 1353.16 1253.16 926.48
441.143 1353.23 1253.23 926.5
441.181 1353.3 1253.3 926.52
441.219 1353.37 1253.37 926.54
441.257 1353.44 1253.44 926.56
441.296 1353.51 1253.51 926.58
441.334 1353.58 1253.58 926.6
441.372 1353.65 1253.65 926.62
441.411 1353.72 1253.72 926.64
441.449 1353.8 1253.8 926.66
441.487 1353.87 1253.87 926.68
441.525 1353.94 1253.94 926.7
441.564 1354.01 1254.01 926.72
441.602 1354.08 1254.08 926.74
441.64 1354.15 1254.15 926.76
441.678 1354.22 1254.22 926.78
441.717 1354.29 1254.29 926.8
441.755 1354.36 1254.36 926.82
441.793 1354.43 1254.43 926.84
441.831 1354.5 1254.5 926.86
441.869 1354.57 1254.57 926.88
441.908 1354.64 1254.64 926.9
441.946 1354.71 1254.71 926.92
441.984 1354.78 1254.78 926.94
442.022 1354.85 1254.85 926.96
442.06 1354.92 1254.92 926.98
442.099 1354.99 1254.99 927
442.137 1355.06 1255.06 927.02
442.175 1355.13 1255.13 927.04
442.213 1355.2 1255.2 927.06
442.251 1355.27 1255.27 927.08
442.289 1355.35 1255.35 927.1
442.327 1355.42 1255.42 927.12
442.366 1355.49 1255.49 927.14
442.404 1355.56 1255.56 927.16
442.442 1355.63 1255.63 927.18
442.48 1355.7 1255.7 927.2
442.518 1355.77 1255.77 927.22
442.556 1355.84 1255.84 927.24
442.594 1355.91 1255.91 927.26
442.632 1355.98 1255.98 927.28
442.671 1356.05 1256.05 927.3
442.709 1356.12 1256.12 927.32
442.747 1356.19 1256.19 927.34
442.785 1356.26 1256.26 927.36
442.823 1356.33 1256.33 927.38
442.861 1356.4 1256.4 927.4
442.899 1356.47 1256.47 927.42
442.937 1356.54 1256.54 927.44
442.975 1356.61 1256.61 927.46
443.013 1356.68 1256.68 927.48
443.051 1356.75 1256.75 927.5
443.089 1356.82 1256.82 927.52
443.127 1356.9 1256.9 927.54
443.165 1356.97 1256.97 927.56
443.203 1357.04 1257.04 927.58
443.241 1357.11 1257.11 927.6
443.279 1357.18 1257.18 927.62
443.317 1357.25 1257.25 927.64
443.355 1357.32 1257.32 927.66
443.393 1357.39 1257.39 927.68
443.431 1357.46 1257.46 927.7
443.469 1357.53 1257.53 927.72
443.507 1357.6 1257.6 927.74
443.545 1357.67 1257.67 927.76
443.583 1357.74 1257.74 927.78
443.621 1357.81 1257.81 927.8
443.659 1357.88 1257.88 927.82
443.697 1357.95 1257.95 927.84
443.735 1358.02 1258.02 927.86
443.773 1358.09 1258.09 927.88
443.811 1358.16 1258.16 927.9
443.849 1358.23 1258.23 927.92
443.887 1358.3 1258.3 927.94
443.925 1358.37 1258.37 927.96
443.963 1358.45 1258.45 927.98
444.001 1358.52 1258.52 928
444.039 1358.59 1258.59 928.02
444.077 1358.66 1258.66 928.04
444.114 1358.73 1258.73 928.06
444.152 1358.8 1258.8 928.08
444.19 1358.87 1258.87 928.1
444.228 1358.94 1258.94 928.12
444.266 1359.01 1259.01 928.14
444.304 1359.08 1259.08 928.16
444.342 1359.15 1259.15 928.18
444.38 1359.22 1259.22 928.2
444.417 1359.29 1259.29 928.22
444.455 1359.36 1259.36 928.24
444.493 1359.43 1259.43 928.26
444.531 1359.5 1259.5 928.28
444.569 1359.57 1259.57 928.3
444.607 1359.64 1259.64 928.32
444.645 1359.71 1259.71 928.34
444.682 1359.78 1259.78 928.36
444.72 1359.85 1259.85 928.38
444.758 1359.92 1259.92 928.4
444.796 1360 1260 928.42
444.834 1360.07 1260.07 928.44
444.871 1360.14 1260.14 928.46
444.909 1360.21 1260.21 928.48
444.947 1360.28 1260.28 928.5
444.985 1360.35 1260.35 928.52
445.023 1360.42 1260.42 928.54
445.06 1360.49 1260.49 928.56
445.098 1360.56 1260.56 928.58
445.136 1360.63 1260.63 928.6
445.174 1360.7 1260.7 928.62
445.211 1360.77 1260.77 928.64
445.249 1360.84 1260.84 928.66
445.287 1360.91 1260.91 928.68
445.325 1360.98 1260.98 928.7
445.362 1361.05 1261.05 928.72
445.4 1361.12 1261.12 928.74
445.438 1361.19 1261.19 928.76
445.476 1361.26 1261.26 928.78
445.513 1361.33 1261.33 928.8
445.551 1361.4 1261.4 928.82
445.589 1361.47 1261.47 928.84
445.626 1361.55 1261.55 928.86
445.664 1361.62 1261.62 928.88
445.702 1361.69 1261.69 928.9
445.739 1361.76 1261.76 928.92
445.777 1361.83 1261.83 928.94
445.815 1361.9 1261.9 928.96
445.852 1361.97 1261.97 928.98
445.89 1362.04 1262.04 929
445.928 1362.11 1262.11 929.02
445.965 1362.18 1262.18 929.04
446.003 1362.25 1262.25 929.06
446.041 1362.32 1262.32 929.08
446.078 1362.39 1262.39 929.1
446.116 1362.46 1262.46 929.12
446.154 1362.53 1262.53 929.14
446.191 1362.6 1262.6 929.16
446.229 1362.67 1262.67 929.18
446.267 1362.74 1262.74 929.2
446.304 1362.81 1262.81 929.22
446.342 1362.88 1262.88 929.24
446.379 1362.95 1262.95 929.26
446.417 1363.02 1263.02 929.28
446.455 1363.1 1263.1 929.3
446.492 1363.17 1263.17 929.32
446.53 1363.24 1263.24 929.34
446.567 1363.31 1263.31 929.36
446.605 1363.38 1263.38 929.38
446.642 1363.45 1263.45 929.4
446.68 1363.52 1263.52 929.42
446.718 1363.59 1263.59 929.44
446.755 1363.66 1263.66 929.46
446.793 1363.73 1263.73 929.48
446.83 1363.8 1263.8 929.5
446.868 1363.87 1263.87 929.52
446.905 1363.94 1263.94 929.54
446.943 1364.01 1264.01 929.56
446.98 1364.08 1264.08 929.58
447.018 1364.15 1264.15 929.6
447.055 1364.22 1264.22 929.62
447.093 1364.29 1264.29 929.64
447.13 1364.36 1264.36 929.66
447.168 1364.43 1264.43 929.68
447.205 1364.5 1264.5 929.7
447.243 1364.57 1264.57 929.72
447.28 1364.64 1264.64 929.74
447.318 1364.72 1264.72 929.76
447.355 1364.79 1264.79 929.78
447.393 1364.86 1264.86 929.8
447.43 1364.93 1264.93 929.82
447.468 1365 1265 929.84
447.505 1365.07 1265.07 929.86
447.542 1365.14 1265.14 929.88
447.58 1365.21 1265.21 929.9
447.617 1365.28 1265.28 929.92
447.655 1365.35 1265.35 929.94
447.692 1365.42 1265.42 929.96
447.73 1365.49 1265.49 929.98
447.767 1365.56 1265.56 930
447.804 1365.63 1265.63 930.02
447.842 1365.7 1265.7 930.04
447.879 1365.77 1265.77 930.06
447.917 1365.84 1265.84 930.08
447.954 1365.91 1265.91 930.1
447.991 1365.98 1265.98 930.12
448.029 1366.05 1266.05 930.14
448.066 1366.12 1266.12 930.16
448.104 1366.19 1266.19 930.18
448.141 1366.27 1266.27 930.2
448.178 1366.34 1266.34 930.22
448.216 1366.41 1266.41 930.24
448.253 1366.48 1266.48 930.26
448.29 1366.55 1266.55 930.28
448.328 1366.62 1266.62 930.3
448.365 1366.69 1266.69 930.32
448.402 1366.76 1266.76 930.34
448.44 1366.83 1266.83 930.36
448.477 1366.9 1266.9 930.38
448.514 1366.97 1266.97 930.4
448.552 1367.04 1267.04 930.42
448.589 1367.11 1267.11 930.44
448.626 1367.18 1267.18 930.46
448.663 1367.25 1267.25 930.48
448.701 1367.32 1267.32 930.5
448.738 1367.39 1267.39 930.52
448.775 1367.46 1267.46 930.54
448.813 1367.53 1267.53 930.56
448.85 1367.6 1267.6 930.58
448.887 1367.67 1267.67 930.6
448.924 1367.74 1267.74 930.62
448.962 1367.82 1267.82 930.64
448.999 1367.89 1267.89 930.66
449.036 1367.96 1267.96 930.68
449.073 1368.03 1268.03 930.7
449.111 1368.1 1268.1 930.72
449.148 1368.17 1268.17 930.74
449.185 1368.24 1268.24 930.76
449.222 1368.31 1268.31 930.78
449.26 1368.38 1268.38 930.8
449.297 1368.45 1268.45 930.82
449.334 1368.52 1268.52 930.84
449.371 1368.59 1268.59 930.86
449.408 1368.66 1268.66 930.88
449.446 1368.73 1268.73 930.9
449.483 1368.8 1268.8 930.92
449.52 1368.87 1268.87 930.94
449.557 1368.94 1268.94 930.96
449.594 1369.01 1269.01 930.98
449.631 1369.08 1269.08 931
449.669 1369.15 1269.15 931.02
449.706 1369.22 1269.22 931.04
449.743 1369.29 1269.29 931.06
449.78 1369.37 1269.37 931.08
449.817 1369.44 1269.44 931.1
449.854 1369.51 1269.51 931.12
449.891 1369.58 1269.58 931.14
449.929 1369.65 1269.65 931.16
449.966 1369.72 1269.72 931.18
450.003 1369.79 1269.79 931.2
450.04 1369.86 1269.86 931.22
450.077 1369.93 1269.93 931.24
450.114 1370 1270 931.26
450.151 1370.07 1270.07 931.28
450.188 1370.14 1270.14 931.3
450.225 1370.21 1270.21 931.32
450.263 1370.28 1270.28 931.34
450.3 1370.35 1270.35 931.36
450.337 1370.42 1270.42 931.38
450.374 1370.49 1270.49 931.4
450.411 1370.56 1270.56 931.42
450.448 1370.63 1270.63 931.44
450.485 1370.7 1270.7 931.46
450.522 1370.77 1270.77 931.48
450.559 1370.84 1270.84 931.5
450.596 1370.92 1270.92 931.52
450.633 1370.99 1270.99 931.54
450.67 1371.06 1271.06 931.56
450.707 1371.13 1271.13 931.58
450.744 1371.2 1271.2 931.6
450.781 1371.27 1271.27 931.62
450.818 1371.34 1271.34 931.64
450.855 1371.41 1271.41 931.66
450.892 1371.48 1271.48 931.68
450.929 1371.55 1271.55 931.7
450.966 1371.62 1271.62 931.72
451.003 1371.69 1271.69 931.74
451.04 1371.76 1271.76 931.76
451.077 1371.83 1271.83 931.78
451.114 1371.9 1271.9 931.8
451.151 1371.97 1271.97 931.82
451.188 1372.04 1272.04 931.84
451.225 1372.11 1272.11 931.86
451.262 1372.18 1272.18 931.88
451.299 1372.25 1272.25 931.9
451.336 1372.32 1272.32 931.92
451.373 1372.39 1272.39 931.94
451.41 1372.47 1272.47 931.96
451.447 1372.54 1272.54 931.98
451.484 1372.61 1272.61 932
451.52 1372.68 1272.68 932.02
451.557 1372.75 1272.75 932.04
451.594 1372.82 1272.82 932.06
451.631 1372.89 1272.89 932.08
451.668 1372.96 1272.96 932.1
451.705 1373.03 1273.03 932.12
451.742 1373.1 1273.1 932.14
451.779 1373.17 1273.17 932.16
451.816 1373.24 1273.24 932.18
451.853 1373.31 1273.31 932.2
451.889 1373.38 1273.38 932.22
451.926 1373.45 1273.45 932.24
451.963 1373.52 1273.52 932.26
452 1373.59 1273.59 932.28
452.037 1373.66 1273.66 932.3
452.074 1373.73 1273.73 932.32
452.11 1373.8 1273.8 932.34
452.147 1373.87 1273.87 932.36
452.184 1373.94 1273.94 932.38
452.221 1374.02 1274.02 932.4
452.258 1374.09 1274.09 932.42
452.295 1374.16 1274.16 932.44
452.331 1374.23 1274.23 932.46
452.368 1374.3 1274.3 932.48
452.405 1374.37 1274.37 932.5
452.442 1374.44 1274.44 932.52
452.479 1374.51 1274.51 932.54
452.515 1374.58 1274.58 932.56
452.552 1374.65 1274.65 932.58
452.589 1374.72 1274.72 932.6
452.626 1374.79 1274.79 932.62
452.663 1374.86 1274.86 932.64
452.699 1374.93 1274.93 932.66
452.736 1375 1275 932.68
452.773 1375.07 1275.07 932.7
452.81 1375.14 1275.14 932.72
452.846 1375.21 1275.21 932.74
452.883 1375.28 1275.28 932.76
452.92 1375.35 1275.35 932.78
452.957 1375.42 1275.42 932.8
452.993 1375.49 1275.49 932.82
453.03 1375.57 1275.57 932.84
453.067 1375.64 1275.64 932.86
453.103 1375.71 1275.71 932.88
453.14 1375.78 1275.78 932.9
453.177 1375.85 1275.85 932.92
453.213 1375.92 1275.92 932.94
453.25 1375.99 1275.99 932.96
453.287 1376.06 1276.06 932.98
453.324 1376.13 1276.13 933
453.36 1376.2 1276.2 933.02
453.397 1376.27 1276.27 933.04
453.434 1376.34 1276.34 933.06
453.47 1376.41 1276.41 933.08
453.507 1376.48 1276.48 933.1
453.544 1376.55 1276.55 933.12
453.58 1376.62 1276.62 933.14
453.617 1376.69 1276.69 933.16
453.653 1376.76 1276.76 933.18
453.69 1376.83 1276.83 933.2
453.727 1376.9 1276.9 933.22
453.763 1376.97 1276.97 933.24
453.8 1377.04 1277.04 933.26
453.837 1377.12 1277.12 933.28
453.873 1377.19 1277.19 933.3
453.91 1377.26 1277.26 933.32
453.946 1377.33 1277.33 933.34
453.983 1377.4 1277.4 933.36
454.02 1377.47 1277.47 933.38
454.056 1377.54 1277.54 933.4
454.093 1377.61 1277.61 933.42
454.129 1377.68 1277.68 933.44
454.166 1377.75 1277.75 933.46
454.202 1377.82 1277.82 933.48
454.239 1377.89 1277.89 933.5
454.276 1377.96 1277.96 933.52
454.312 1378.03 1278.03 933.54
454.349 1378.1 1278.1 933.56
454.385 1378.17 1278.17 933.58
454.422 1378.24 1278.24 933.6
454.458 1378.31 1278.31 933.62
454.495 1378.38 1278.38 933.64
454.531 1378.45 1278.45 933.66
454.568 1378.52 1278.52 933.68
454.604 1378.59 1278.59 933.7
454.641 1378.66 1278.66 933.72
454.677 1378.74 1278.74 933.74
454.714 1378.81 1278.81 933.76
454.75 1378.88 1278.88 933.78
454.787 1378.95 1278.95 933.8
454.823 1379.02 1279.02 933.82
454.86 1379.09 1279.09 933.84
454.896 1379.16 1279.16 933.86
454.933 1379.23 1279.23 933.88
454.969 1379.3 1279.3 933.9
455.006 1379.37 1279.37 933.92
455.042 1379.44 1279.44 933.94
455.079 1379.51 1279.51 933.96
455.115 1379.58 1279.58 933.98
455.152 1379.65 1279.65 934
455.188 1379.72 1279.72 934.02
455.224 1379.79 1279.79 934.04
455.261 1379.86 1279.86 934.06
455.297 1379.93 1279.93 934.08
455.334 1380 1280 934.1
455.37 1380.07 1280.07 934.12
455.407 1380.14 1280.14 934.14
455.443 1380.21 1280.21 934.16
455.479 1380.29 1280.29 934.18
455.516 1380.36 1280.36 934.2
455.552 1380.43 1280.43 934.22
455.589 1380.5 1280.5 934.24
455.625 1380.57 1280.57 934.26
455.661 1380.64 1280.64 934.28
455.698 1380.71 1280.71 934.3
455.734 1380.78 1280.78 934.32
455.77 1380.85 1280.85 934.34
455.807 1380.92 1280.92 934.36
455.843 1380.99 1280.99 934.38
455.879 1381.06 1281.06 934.4
455.916 1381.13 1281.13 934.42
455.952 1381.2 1281.2 934.44
455.988 1381.27 1281.27 934.46
456.025 1381.34 1281.34 934.48
456.061 1381.41 1281.41 934.5
456.097 1381.48 1281.48 934.52
456.134 1381.55 1281.55 934.54
456.17 1381.62 1281.62 934.56
456.206 1381.69 1281.69 934.58
456.243 1381.76 1281.76 934.6
456.279 1381.84 1281.84 934.62
456.315 1381.91 1281.91 934.64
456.352 1381.98 1281.98 934.66
456.388 1382.05 1282.05 934.68
456.424 1382.12 1282.12 934.7
456.46 1382.19 1282.19 934.72
456.497 1382.26 1282.26 934.74
456.533 1382.33 1282.33 934.76
456.569 1382.4 1282.4 934.78
456.605 1382.47 1282.47 934.8
456.642 1382.54 1282.54 934.82
456.678 1382.61 1282.61 934.84
456.714 1382.68 1282.68 934.86
456.75 1382.75 1282.75 934.88
456.787 1382.82 1282.82 934.9
456.823 1382.89 1282.89 934.92
456.859 1382.96 1282.96 934.94
456.895 1383.03 1283.03 934.96
456.932 1383.1 1283.1 934.98
456.968 1383.17 1283.17 935
457.004 1383.24 1283.24 935.02
457.04 1383.31 1283.31 935.04
457.076 1383.39 1283.39 935.06
457.113 1383.46 1283.46 935.08
457.149 1383.53 1283.53 935.1
457.185 1383.6 1283.6 935.12
457.221 1383.67 1283.67 935.14
457.257 1383.74 1283.74 935.16
457.293 1383.81 1283.81 935.18
457.33 1383.88 1283.88 935.2
457.366 1383.95 1283.95 935.22
457.402 1384.02 1284.02 935.24
457.438 1384.09 1284.09 935.26
457.474 1384.16 1284.16 935.28
457.51 1384.23 1284.23 935.3
457.546 1384.3 1284.3 935.32
457.583 1384.37 1284.37 935.34
457.619 1384.44 1284.44 935.36
457.655 1384.51 1284.51 935.38
457.691 1384.58 1284.58 935.4
457.727 1384.65 1284.65 935.42
457.763 1384.72 1284.72 935.44
457.799 1384.79 1284.79 935.46
457.835 1384.86 1284.86 935.48
457.871 1384.94 1284.94 935.5
457.908 1385.01 1285.01 935.52
457.944 1385.08 1285.08 935.54
457.98 1385.15 1285.15 935.56
458.016 1385.22 1285.22 935.58
458.052 1385.29 1285.29 935.6
458.088 1385.36 1285.36 935.62
458.124 1385.43 1285.43 935.64
458.16 1385.5 1285.5 935.66
458.196 1385.57 1285.57 935.68
458.232 1385.64 1285.64 935.7
458.268 1385.71 1285.71 935.72
458.304 1385.78 1285.78 935.74
458.34 1385.85 1285.85 935.76
458.376 1385.92 1285.92 935.78
458.412 1385.99 1285.99 935.8
458.448 1386.06 1286.06 935.82
458.484 1386.13 1286.13 935.84
458.52 1386.2 1286.2 935.86
458.556 1386.27 1286.27 935.88
458.592 1386.34 1286.34 935.9
458.628 1386.41 1286.41 935.92
458.664 1386.49 1286.49 935.94
458.7 1386.56 1286.56 935.96
458.736 1386.63 1286.63 935.98
458.772 1386.7 1286.7 936
458.808 1386.77 1286.77 936.02
458.844 1386.84 1286.84 936.04
458.88 1386.91 1286.91 936.06
458.916 1386.98 1286.98 936.08
458.952 1387.05 1287.05 936.1
458.988 1387.12 1287.12 936.12
459.024 1387.19 1287.19 936.14
459.06 1387.26 1287.26 936.16
459.096 1387.33 1287.33 936.18
459.132 1387.4 1287.4 936.2
459.168 1387.47 1287.47 936.22
459.204 1387.54 1287.54 936.24
459.24 1387.61 1287.61 936.26
459.275 1387.68 1287.68 936.28
459.311 1387.75 1287.75 936.3
459.347 1387.82 1287.82 936.32
459.383 1387.89 1287.89 936.34
459.419 1387.96 1287.96 936.36
459.455 1388.04 1288.04 936.38
459.491 1388.11 1288.11 936.4
459.527 1388.18 1288.18 936.42
459.563 1388.25 1288.25 936.44
459.598 1388.32 1288.32 936.46
459.634 1388.39 1288.39 936.48
459.67 1388.46 1288.46 936.5
459.706 1388.53 1288.53 936.52
459.742 1388.6 1288.6 936.54
459.778 1388.67 1288.67 936.56
459.814 1388.74 1288.74 936.58
459.849 1388.81 1288.81 936.6
459.885 1388.88 1288.88 936.62
459.921 1388.95 1288.95 936.64
459.957 1389.02 1289.02 936.66
459.993 1389.09 1289.09 936.68
460.029 1389.16 1289.16 936.7
460.064 1389.23 1289.23 936.72
460.1 1389.3 1289.3 936.74
460.136 1389.37 1289.37 936.76
460.172 1389.44 1289.44 936.78
460.208 1389.51 1289.51 936.8
460.243 1389.59 1289.59 936.82
460.279 1389.66 1289.66 936.84
460.315 1389.73 1289.73 936.86
460.351 1389.8 1289.8 936.88
460.386 1389.87 1289.87 936.9
460.422 1389.94 1289.94 936.92
460.458 1390.01 1290.01 936.94
460.494 1390.08 1290.08 936.96
460.529 1390.15 1290.15 936.98
460.565 1390.22 1290.22 937
460.601 1390.29 1290.29 937.02
460.637 1390.36 1290.36 937.04
460.672 1390.43 1290.43 937.06
460.708 1390.5 1290.5 937.08
460.744 1390.57 1290.57 937.1
460.78 1390.64 1290.64 937.12
460.815 1390.71 1290.71 937.14
460.851 1390.78 1290.78 937.16
460.887 1390.85 1290.85 937.18
460.922 1390.92 1290.92 937.2
460.958 1390.99 1290.99 937.22
460.994 1391.06 1291.06 937.24
461.03 1391.14 1291.14 937.26
461.065 1391.21 1291.21 937.28
461.101 1391.28 1291.28 937.3
461.137 1391.35 1291.35 937.32
461.172 1391.42 1291.42 937.34
461.208 1391.49 1291.49 937.36
461.244 1391.56 1291.56 937.38
461.279 1391.63 1291.63 937.4
461.315 1391.7 1291.7 937.42
461.351 1391.77 1291.77 937.44
461.386 1391.84 1291.84 937.46
461.422 1391.91 1291.91 937.48
461.457 1391.98 1291.98 937.5
461.493 1392.05 1292.05 937.52
461.529 1392.12 1292.12 937.54
461.564 1392.19 1292.19 937.56
461.6 1392.26 1292.26 937.58
461.636 1392.33 1292.33 937.6
461.671 1392.4 1292.4 937.62
461.707 1392.47 1292.47 937.64
461.742 1392.54 1292.54 937.66
461.778 1392.61 1292.61 937.68
461.814 1392.68 1292.68 937.7
461.849 1392.76 1292.76 937.72
461.885 1392.83 1292.83 937.74
461.92 1392.9 1292.9 937.76
461.956 1392.97 1292.97 937.78
461.991 1393.04 1293.04 937.8
462.027 1393.11 1293.11 937.82
462.063 1393.18 1293.18 937.84
462.098 1393.25 1293.25 937.86
462.134 1393.32 1293.32 937.88
462.169 1393.39 1293.39 937.9
462.205 1393.46 1293.46 937.92
462.24 1393.53 1293.53 937.94
462.276 1393.6 1293.6 937.96
462.311 1393.67 1293.67 937.98
462.347 1393.74 1293.74 938
462.382 1393.81 1293.81 938.02
462.418 1393.88 1293.88 938.04
462.453 1393.95 1293.95 938.06
462.489 1394.02 1294.02 938.08
462.524 1394.09 1294.09 938.1
462.56 1394.16 1294.16 938.12
462.595 1394.23 1294.23 938.14
462.631 1394.31 1294.31 938.16
462.666 1394.38 1294.38 938.18
462.702 1394.45 1294.45 938.2
462.737 1394.52 1294.52 938.22
462.773 1394.59 1294.59 938.24
462.808 1394.66 1294.66 938.26
462.844 1394.73 1294.73 938.28
462.879 1394.8 1294.8 938.3
462.915 1394.87 1294.87 938.32
462.95 1394.94 1294.94 938.34
462.985 1395.01 1295.01 938.36
463.021 1395.08 1295.08 938.38
463.056 1395.15 1295.15 938.4
463.092 1395.22 1295.22 938.42
463.127 1395.29 1295.29 938.44
463.163 1395.36 1295.36 938.46
463.198 1395.43 1295.43 938.48
463.233 1395.5 1295.5 938.5
463.269 1395.57 1295.57 938.52
463.304 1395.64 1295.64 938.54
463.34 1395.71 1295.71 938.56
463.375 1395.78 1295.78 938.58
463.41 1395.86 1295.86 938.6
463.446 1395.93 1295.93 938.62
463.481 1396 1296 938.64
463.517 1396.07 1296.07 938.66
463.552 1396.14 1296.14 938.68
463.587 1396.21 1296.21 938.7
463.623 1396.28 1296.28 938.72
463.658 1396.35 1296.35 938.74
463.693 1396.42 1296.42 938.76
463.729 1396.49 1296.49 938.78
463.764 1396.56 1296.56 938.8
463.799 1396.63 1296.63 938.82
463.835 1396.7 1296.7 938.84
463.87 1396.77 1296.77 938.86
463.905 1396.84 1296.84 938.88
463.941 1396.91 1296.91 938.9
463.976 1396.98 1296.98 938.92
464.011 1397.05 1297.05 938.94
464.047 1397.12 1297.12 938.96
464.082 1397.19 1297.19 938.98
464.117 1397.26 1297.26 939
464.153 1397.33 1297.33 939.02
464.188 1397.41 1297.41 939.04
464.223 1397.48 1297.48 939.06
464.258 1397.55 1297.55 939.08
464.294 1397.62 1297.62 939.1
464.329 1397.69 1297.69 939.12
464.364 1397.76 1297.76 939.14
464.399 1397.83 1297.83 939.16
464.435 1397.9 1297.9 939.18
464.47 1397.97 1297.97 939.2
464.505 1398.04 1298.04 939.22
464.54 1398.11 1298.11 939.24
464.576 1398.18 1298.18 939.26
464.611 1398.25 1298.25 939.28
464.646 1398.32 1298.32 939.3
464.681 1398.39 1298.39 939.32
464.717 1398.46 1298.46 939.34
464.752 1398.53 1298.53 939.36
464.787 1398.6 1298.6 939.38
464.822 1398.67 1298.67 939.4
464.857 1398.74 1298.74 939.42
464.893 1398.81 1298.81 939.44
464.928 1398.88 1298.88 939.46
464.963 1398.96 1298.96 939.48
464.998 1399.03 1299.03 939.5
465.033 1399.1 1299.1 939.52
465.069 1399.17 1299.17 939.54
465.104 1399.24 1299.24 939.56
465.139 1399.31 1299.31 939.58
465.174 1399.38 1299.38 939.6
465.209 1399.45 1299.45 939.62
465.244 1399.52 1299.52 939.64
465.28 1399.59 1299.59 939.66
465.315 1399.66 1299.66 939.68
465.35 1399.73 1299.73 939.7
465.385 1399.8 1299.8 939.72
465.42 1399.87 1299.87 939.74
465.455 1399.94 1299.94 939.76
465.49 1400.01 1300.01 939.78
465.526 1400.08 1300.08 939.8
465.561 1400.15 1300.15 939.82
465.596 1400.22 1300.22 939.84
465.631 1400.29 1300.29 939.86
465.666 1400.36 1300.36 939.88
465.701 1400.43 1300.43 939.9
465.736 1400.51 1300.51 939.92
465.771 1400.58 1300.58 939.94
465.806 1400.65 1300.65 939.96
465.841 1400.72 1300.72 939.98
465.877 1400.79 1300.79 940
465.912 1400.86 1300.86 940.02
465.947 1400.93 1300.93 940.04
465.982 1401 1301 940.06
466.017 1401.07 1301.07 940.08
466.052 1401.14 1301.14 940.1
466.087 1401.21 1301.21 940.12
466.122 1401.28 1301.28 940.14
466.157 1401.35 1301.35 940.16
466.192 1401.42 1301.42 940.18
466.227 1401.49 1301.49 940.2
466.262 1401.56 1301.56 940.22
466.297 1401.63 1301.63 940.24
466.332 1401.7 1301.7 940.26
466.367 1401.77 1301.77 940.28
466.402 1401.84 1301.84 940.3
466.437 1401.91 1301.91 940.32
466.472 1401.98 1301.98 940.34
466.507 1402.06 1302.06 940.36
466.542 1402.13 1302.13 940.38
466.577 1402.2 1302.2 940.4
466.612 1402.27 1302.27 940.42
466.647 1402.34 1302.34 940.44
466.682 1402.41 1302.41 940.46
466.717 1402.48 1302.48 940.48
466.752 1402.55 1302.55 940.5
466.787 1402.62 1302.62 940.52
466.822 1402.69 1302.69 940.54
466.857 1402.76 1302.76 940.56
466.892 1402.83 1302.83 940.58
466.927 1402.9 1302.9 940.6
466.962 1402.97 1302.97 940.62
466.997 1403.04 1303.04 940.64
467.032 1403.11 1303.11 940.66
467.067 1403.18 1303.18 940.68
467.102 1403.25 1303.25 940.7
467.137 1403.32 1303.32 940.72
467.171 1403.39 1303.39 940.74
467.206 1403.46 1303.46 940.76
467.241 1403.53 1303.53 940.78
467.276 1403.61 1303.61 940.8
467.311 1403.68 1303.68 940.82
467.346 1403.75 1303.75 940.84
467.381 1403.82 1303.82 940.86
467.416 1403.89 1303.89 940.88
467.451 1403.96 1303.96 940.9
467.486 1404.03 1304.03 940.92
467.52 1404.1 1304.1 940.94
467.555 1404.17 1304.17 940.96
467.59 1404.24 1304.24 940.98
467.625 1404.31 1304.31 941
467.66 1404.38 1304.38 941.02
467.695 1404.45 1304.45 941.04
467.73 1404.52 1304.52 941.06
467.764 1404.59 1304.59 941.08
467.799 1404.66 1304.66 941.1
467.834 1404.73 1304.73 941.12
467.869 1404.8 1304.8 941.14
467.904 1404.87 1304.87 941.16
467.939 1404.94 1304.94 941.18
467.973 1405.01 1305.01 941.2
468.008 1405.08 1305.08 941.22
468.043 1405.15 1305.15 941.24
468.078 1405.23 1305.23 941.26
468.113 1405.3 1305.3 941.28
468.147 1405.37 1305.37 941.3
468.182 1405.44 1305.44 941.32
468.217 1405.51 1305.51 941.34
468.252 1405.58 1305.58 941.36
468.287 1405.65 1305.65 941.38
468.321 1405.72 1305.72 941.4
468.356 1405.79 1305.79 941.42
468.391 1405.86 1305.86 941.44
468.426 1405.93 1305.93 941.46
468.46 1406 1306 941.48
468.495 1406.07 1306.07 941.5
468.53 1406.14 1306.14 941.52
468.565 1406.21 1306.21 941.54
468.599 1406.28 1306.28 941.56
468.634 1406.35 1306.35 941.58
468.669 1406.42 1306.42 941.6
468.704 1406.49 1306.49 941.62
468.738 1406.56 1306.56 941.64
468.773 1406.63 1306.63 941.66
468.808 1406.7 1306.7 941.68
468.842 1406.78 1306.78 941.7
468.877 1406.85 1306.85 941.72
468.912 1406.92 1306.92 941.74
468.947 1406.99 1306.99 941.76
468.981 1407.06 1307.06 941.78
469.016 1407.13 1307.13 941.8
469.051 1407.2 1307.2 941.82
469.085 1407.27 1307.27 941.84
469.12 1407.34 1307.34 941.86
469.155 1407.41 1307.41 941.88
469.189 1407.48 1307.48 941.9
469.224 1407.55 1307.55 941.92
469.259 1407.62 1307.62 941.94
469.293 1407.69 1307.69 941.96
469.328 1407.76 1307.76 941.98
469.363 1407.83 1307.83 942
469.397 1407.9 1307.9 942.02
469.432 1407.97 1307.97 942.04
469.467 1408.04 1308.04 942.06
469.501 1408.11 1308.11 942.08
469.536 1408.18 1308.18 942.1
469.57 1408.25 1308.25 942.12
469.605 1408.33 1308.33 942.14
469.64 1408.4 1308.4 942.16
469.674 1408.47 1308.47 942.18
469.709 1408.54 1308.54 942.2
469.744 1408.61 1308.61 942.22
469.778 1408.68 1308.68 942.24
469.813 1408.75 1308.75 942.26
469.847 1408.82 1308.82 942.28
469.882 1408.89 1308.89 942.3
469.916 1408.96 1308.96 942.32
469.951 1409.03 1309.03 942.34
469.986 1409.1 1309.1 942.36
470.02 1409.17 1309.17 942.38
470.055 1409.24 1309.24 942.4
470.089 1409.31 1309.31 942.42
470.124 1409.38 1309.38 942.44
470.158 1409.45 1309.45 942.46
470.193 1409.52 1309.52 942.48
470.227 1409.59 1309.59 942.5
470.262 1409.66 1309.66 942.52
470.297 1409.73 1309.73 942.54
470.331 1409.8 1309.8 942.56
470.366 1409.88 1309.88 942.58
470.4 1409.95 1309.95 942.6
470.435 1410.02 1310.02 942.62
470.469 1410.09 1310.09 942.64
470.504 1410.16 1310.16 942.66
470.538 1410.23 1310.23 942.68
470.573 1410.3 1310.3 942.7
470.607 1410.37 1310.37 942.72
470.642 1410.44 1310.44 942.74
470.676 1410.51 1310.51 942.76
470.711 1410.58 1310.58 942.78
470.745 1410.65 1310.65 942.8
470.78 1410.72 1310.72 942.82
470.814 1410.79 1310.79 942.84
470.849 1410.86 1310.86 942.86
470.883 1410.93 1310.93 942.88
470.917 1411 1311 942.9
470.952 1411.07 1311.07 942.92
470.986 1411.14 1311.14 942.94
471.021 1411.21 1311.21 942.96
471.055 1411.28 1311.28 942.98
471.09 1411.35 1311.35 943
471.124 1411.43 1311.43 943.02
471.159 1411.5 1311.5 943.04
471.193 1411.57 1311.57 943.06
471.227 1411.64 1311.64 943.08
471.262 1411.71 1311.71 943.1
471.296 1411.78 1311.78 943.12
471.331 1411.85 1311.85 943.14
471.365 1411.92 1311.92 943.16
471.399 1411.99 1311.99 943.18
471.434 1412.06 1312.06 943.2
471.468 1412.13 1312.13 943.22
471.503 1412.2 1312.2 943.24
471.537 1412.27 1312.27 943.26
471.571 1412.34 1312.34 943.28
471.606 1412.41 1312.41 943.3
471.64 1412.48 1312.48 943.32
471.675 1412.55 1312.55 943.34
471.709 1412.62 1312.62 943.36
471.743 1412.69 1312.69 943.38
471.778 1412.76 1312.76 943.4
471.812 1412.83 1312.83 943.42
471.846 1412.9 1312.9 943.44
471.881 1412.98 1312.98 943.46
471.915 1413.05 1313.05 943.48
471.949 1413.12 1313.12 943.5
471.984 1413.19 1313.19 943.52
472.018 1413.26 1313.26 943.54
472.052 1413.33 1313.33 943.56
472.087 1413.4 1313.4 943.58
472.121 1413.47 1313.47 943.6
472.155 1413.54 1313.54 943.62
472.19 1413.61 1313.61 943.64
472.224 1413.68 1313.68 943.66
472.258 1413.75 1313.75 943.68
472.292 1413.82 1313.82 943.7
472.327 1413.89 1313.89 943.72
472.361 1413.96 1313.96 943.74
472.395 1414.03 1314.03 943.76
472.43 1414.1 1314.1 943.78
472.464 1414.17 1314.17 943.8
472.498 1414.24 1314.24 943.82
472.532 1414.31 1314.31 943.84
472.567 1414.38 1314.38 943.86
472.601 1414.45 1314.45 943.88
472.635 1414.53 1314.53 943.9
472.669 1414.6 1314.6 943.92
472.704 1414.67 1314.67 943.94
472.738 1414.74 1314.74 943.96
472.772 1414.81 1314.81 943.98
472.806 1414.88 1314.88 944
472.841 1414.95 1314.95 944.02
472.875 1415.02 1315.02 944.04
472.909 1415.09 1315.09 944.06
472.943 1415.16 1315.16 944.08
472.977 1415.23 1315.23 944.1
473.012 1415.3 1315.3 944.12
473.046 1415.37 1315.37 944.14
473.08 1415.44 1315.44 944.16
473.114 1415.51 1315.51 944.18
473.148 1415.58 1315.58 944.2
473.183 1415.65 1315.65 944.22
473.217 1415.72 1315.72 944.24
473.251 1415.79 1315.79 944.26
473.285 1415.86 1315.86 944.28
473.319 1415.93 1315.93 944.3
473.353 1416 1316 944.32
473.388 1416.08 1316.08 944.34
473.422 1416.15 1316.15 944.36
473.456 1416.22 1316.22 944.38
473.49 1416.29 1316.29 944.4
473.524 1416.36 1316.36 944.42
473.558 1416.43 1316.43 944.44
473.592 1416.5 1316.5 944.46
473.627 1416.57 1316.57 944.48
473.661 1416.64 1316.64 944.5
473.695 1416.71 1316.71 944.52
473.729 1416.78 1316.78 944.54
473.763 1416.85 1316.85 944.56
473.797 1416.92 1316.92 944.58
473.831 1416.99 1316.99 944.6
473.865 1417.06 1317.06 944.62
473.9 1417.13 1317.13 944.64
473.934 1417.2 1317.2 944.66
473.968 1417.27 1317.27 944.68
474.002 1417.34 1317.34 944.7
474.036 1417.41 1317.41 944.72
474.07 1417.48 1317.48 944.74
474.104 1417.55 1317.55 944.76
474.138 1417.63 1317.63 944.78
474.172 1417.7 1317.7 944.8
474.206 1417.77 1317.77 944.82
474.24 1417.84 1317.84 944.84
474.274 1417.91 1317.91 944.86
474.308 1417.98 1317.98 944.88
474.342 1418.05 1318.05 944.9
474.376 1418.12 1318.12 944.92
474.411 1418.19 1318.19 944.94
474.445 1418.26 1318.26 944.96
474.479 1418.33 1318.33 944.98
474.513 1418.4 1318.4 945
474.547 1418.47 1318.47 945.02
474.581 1418.54 1318.54 945.04
474.615 1418.61 1318.61 945.06
474.649 1418.68 1318.68 945.08
474.683 1418.75 1318.75 945.1
474.717 1418.82 1318.82 945.12
474.751 1418.89 1318.89 945.14
474.785 1418.96 1318.96 945.16
474.819 1419.03 1319.03 945.18
474.853 1419.1 1319.1 945.2
474.887 1419.17 1319.17 945.22
474.921 1419.25 1319.25 945.24
474.955 1419.32 1319.32 945.26
474.989 1419.39 1319.39 945.28
475.023 1419.46 1319.46 945.3
475.056 1419.53 1319.53 945.32
475.09 1419.6 1319.6 945.34
475.124 1419.67 1319.67 945.36
475.158 1419.74 1319.74 945.38
475.192 1419.81 1319.81 945.4
475.226 1419.88 1319.88 945.42
475.26 1419.95 1319.95 945.44
475.294 1420.02 1320.02 945.46
475.328 1420.09 1320.09 945.48
475.362 1420.16 1320.16 945.5
475.396 1420.23 1320.23 945.52
475.43 1420.3 1320.3 945.54
475.464 1420.37 1320.37 945.56
475.498 1420.44 1320.44 945.58
475.532 1420.51 1320.51 945.6
475.565 1420.58 1320.58 945.62
475.599 1420.65 1320.65 945.64
475.633 1420.72 1320.72 945.66
475.667 1420.8 1320.8 945.68
475.701 1420.87 1320.87 945.7
475.735 1420.94 1320.94 945.72
475.769 1421.01 1321.01 945.74
475.803 1421.08 1321.08 945.76
475.836 1421.15 1321.15 945.78
475.87 1421.22 1321.22 945.8
475.904 1421.29 1321.29 945.82
475.938 1421.36 1321.36 945.84
475.972 1421.43 1321.43 945.86
476.006 1421.5 1321.5 945.88
476.04 1421.57 1321.57 945.9
476.073 1421.64 1321.64 945.92
476.107 1421.71 1321.71 945.94
476.141 1421.78 1321.78 945.96
476.175 1421.85 1321.85 945.98
476.209 1421.92 1321.92 946
476.243 1421.99 1321.99 946.02
476.276 1422.06 1322.06 946.04
476.31 1422.13 1322.13 946.06
476.344 1422.2 1322.2 946.08
476.378 1422.27 1322.27 946.1
476.412 1422.35 1322.35 946.12
476.445 1422.42 1322.42 946.14
476.479 1422.49 1322.49 946.16
476.513 1422.56 1322.56 946.18
476.547 1422.63 1322.63 946.2
476.581 1422.7 1322.7 946.22
476.614 1422.77 1322.77 946.24
476.648 1422.84 1322.84 946.26
476.682 1422.91 1322.91 946.28
476.716 1422.98 1322.98 946.3
476.749 1423.05 1323.05 946.32
476.783 1423.12 1323.12 946.34
476.817 1423.19 1323.19 946.36
476.851 1423.26 1323.26 946.38
476.884 1423.33 1323.33 946.4
476.918 1423.4 1323.4 946.42
476.952 1423.47 1323.47 946.44
476.986 1423.54 1323.54 946.46
477.019 1423.61 1323.61 946.48
477.053 1423.68 1323.68 946.5
477.087 1423.75 1323.75 946.52
477.121 1423.82 1323.82 946.54
477.154 1423.9 1323.9 946.56
477.188 1423.97 1323.97 946.58
477.222 1424.04 1324.04 946.6
477.255 1424.11 1324.11 946.62
477.289 1424.18 1324.18 946.64
477.323 1424.25 1324.25 946.66
477.356 1424.32 1324.32 946.68
477.39 1424.39 1324.39 946.7
477.424 1424.46 1324.46 946.72
477.457 1424.53 1324.53 946.74
477.491 1424.6 1324.6 946.76
477.525 1424.67 1324.67 946.78
477.559 1424.74 1324.74 946.8
477.592 1424.81 1324.81 946.82
477.626 1424.88 1324.88 946.84
477.659 1424.95 1324.95 946.86
477.693 1425.02 1325.02 946.88
477.727 1425.09 1325.09 946.9
477.76 1425.16 1325.16 946.92
477.794 1425.23 1325.23 946.94
477.828 1425.3 1325.3 946.96
477.861 1425.37 1325.37 946.98
477.895 1425.45 1325.45 947
477.929 1425.52 1325.52 947.02
477.962 1425.59 1325.59 947.04
477.996 1425.66 1325.66 947.06
478.029 1425.73 1325.73 947.08
478.063 1425.8 1325.8 947.1
478.097 1425.87 1325.87 947.12
478.13 1425.94 1325.94 947.14
478.164 1426.01 1326.01 947.16
478.197 1426.08 1326.08 947.18
478.231 1426.15 1326.15 947.2
478.265 1426.22 1326.22 947.22
478.298 1426.29 1326.29 947.24
478.332 1426.36 1326.36 947.26
478.365 1426.43 1326.43 947.28
478.399 1426.5 1326.5 947.3
478.432 1426.57 1326.57 947.32
478.466 1426.64 1326.64 947.34
478.5 1426.71 1326.71 947.36
478.533 1426.78 1326.78 947.38
478.567 1426.85 1326.85 947.4
478.6 1426.92 1326.92 947.42
478.634 1427 1327 947.44
478.667 1427.07 1327.07 947.46
478.701 1427.14 1327.14 947.48
478.734 1427.21 1327.21 947.5
478.768 1427.28 1327.28 947.52
478.801 1427.35 1327.35 947.54
478.835 1427.42 1327.42 947.56
478.868 1427.49 1327.49 947.58
478.902 1427.56 1327.56 947.6
478.935 1427.63 1327.63 947.62
478.969 1427.7 1327.7 947.64
479.002 1427.77 1327.77 947.66
479.036 1427.84 1327.84 947.68
479.069 1427.91 1327.91 947.7
479.103 1427.98 1327.98 947.72
479.136 1428.05 1328.05 947.74
479.17 1428.12 1328.12 947.76
479.203 1428.19 1328.19 947.78
479.237 1428.26 1328.26 947.8
479.27 1428.33 1328.33 947.82
479.304 1428.4 1328.4 947.84
479.337 1428.47 1328.47 947.86
479.371 1428.55 1328.55 947.88
479.404 1428.62 1328.62 947.9
479.438 1428.69 1328.69 947.92
479.471 1428.76 1328.76 947.94
479.504 1428.83 1328.83 947.96
479.538 1428.9 1328.9 947.98
479.571 1428.97 1328.97 948
479.605 1429.04 1329.04 948.02
479.638 1429.11 1329.11 948.04
479.672 1429.18 1329.18 948.06
479.705 1429.25 1329.25 948.08
479.738 1429.32 1329.32 948.1
479.772 1429.39 1329.39 948.12
479.805 1429.46 1329.46 948.14
479.839 1429.53 1329.53 948.16
479.872 1429.6 1329.6 948.18
479.905 1429.67 1329.67 948.2
479.939 1429.74 1329.74 948.22
479.972 1429.81 1329.81 948.24
480.006 1429.88 1329.88 948.26
480.039 1429.95 1329.95 948.28
480.072 1430.02 1330.02 948.3
480.106 1430.1 1330.1 948.32
480.139 1430.17 1330.17 948.34
480.172 1430.24 1330.24 948.36
480.206 1430.31 1330.31 948.38
480.239 1430.38 1330.38 948.4
480.272 1430.45 1330.45 948.42
480.306 1430.52 1330.52 948.44
480.339 1430.59 1330.59 948.46
480.372 1430.66 1330.66 948.48
480.406 1430.73 1330.73 948.5
480.439 1430.8 1330.8 948.52
480.472 1430.87 1330.87 948.54
480.506 1430.94 1330.94 948.56
480.539 1431.01 1331.01 948.58
480.572 1431.08 1331.08 948.6
480.606 1431.15 1331.15 948.62
480.639 1431.22 1331.22 948.64
480.672 1431.29 1331.29 948.66
480.706 1431.36 1331.36 948.68
480.739 1431.43 1331.43 948.7
480.772 1431.5 1331.5 948.72
480.806 1431.57 1331.57 948.74
480.839 1431.65 1331.65 948.76
480.872 1431.72 1331.72 948.78
480.905 1431.79 1331.79 948.8
480.939 1431.86 1331.86 948.82
480.972 1431.93 1331.93 948.84
481.005 1432 1332 948.86
481.038 1432.07 1332.07 948.88
481.072 1432.14 1332.14 948.9
481.105 1432.21 1332.21 948.92
481.138 1432.28 1332.28 948.94
481.171 1432.35 1332.35 948.96
481.205 1432.42 1332.42 948.98
481.238 1432.49 1332.49 949
481.271 1432.56 1332.56 949.02
481.304 1432.63 1332.63 949.04
481.338 1432.7 1332.7 949.06
481.371 1432.77 1332.77 949.08
481.404 1432.84 1332.84 949.1
481.437 1432.91 1332.91 949.12
481.47 1432.98 1332.98 949.14
481.504 1433.05 1333.05 949.16
481.537 1433.12 1333.12 949.18
481.57 1433.19 1333.19 949.2
481.603 1433.27 1333.27 949.22
481.636 1433.34 1333.34 949.24
481.67 1433.41 1333.41 949.26
481.703 1433.48 1333.48 949.28
481.736 1433.55 1333.55 949.3
481.769 1433.62 1333.62 949.32
481.802 1433.69 1333.69 949.34
481.836 1433.76 1333.76 949.36
481.869 1433.83 1333.83 949.38
481.902 1433.9 1333.9 949.4
481.935 1433.97 1333.97 949.42
481.968 1434.04 1334.04 949.44
482.001 1434.11 1334.11 949.46
482.034 1434.18 1334.18 949.48
482.068 1434.25 1334.25 949.5
482.101 1434.32 1334.32 949.52
482.134 1434.39 1334.39 949.54
482.167 1434.46 1334.46 949.56
482.2 1434.53 1334.53 949.58
482.233 1434.6 1334.6 949.6
482.266 1434.67 1334.67 949.62
482.3 1434.74 1334.74 949.64
482.333 1434.82 1334.82 949.66
482.366 1434.89 1334.89 949.68
482.399 1434.96 1334.96 949.7
482.432 1435.03 1335.03 949.72
482.465 1435.1 1335.1 949.74
482.498 1435.17 1335.17 949.76
482.531 1435.24 1335.24 949.78
482.564 1435.31 1335.31 949.8
482.597 1435.38 1335.38 949.82
482.631 1435.45 1335.45 949.84
482.664 1435.52 1335.52 949.86
482.697 1435.59 1335.59 949.88
482.73 1435.66 1335.66 949.9
482.763 1435.73 1335.73 949.92
482.796 1435.8 1335.8 949.94
482.829 1435.87 1335.87 949.96
482.862 1435.94 1335.94 949.98
482.895 1436.01 1336.01 950
482.928 1436.08 1336.08 950.02
482.961 1436.15 1336.15 950.04
482.994 1436.22 1336.22 950.06
483.027 1436.29 1336.29 950.08
483.06 1436.37 1336.37 950.1
483.093 1436.44 1336.44 950.12
483.126 1436.51 1336.51 950.14
483.159 1436.58 1336.58 950.16
483.192 1436.65 1336.65 950.18
483.225 1436.72 1336.72 950.2
483.258 1436.79 1336.79 950.22
483.291 1436.86 1336.86 950.24
483.324 1436.93 1336.93 950.26
483.357 1437 1337 950.28
483.39 1437.07 1337.07 950.3
483.423 1437.14 1337.14 950.32
483.456 1437.21 1337.21 950.34
483.489 1437.28 1337.28 950.36
483.522 1437.35 1337.35 950.38
483.555 1437.42 1337.42 950.4
483.588 1437.49 1337.49 950.42
483.621 1437.56 1337.56 950.44
483.654 1437.63 1337.63 950.46
483.687 1437.7 1337.7 950.48
483.72 1437.77 1337.77 950.5
483.753 1437.84 1337.84 950.52
483.786 1437.92 1337.92 950.54
483.819 1437.99 1337.99 950.56
483.852 1438.06 1338.06 950.58
483.885 1438.13 1338.13 950.6
483.918 1438.2 1338.2 950.62
483.951 1438.27 1338.27 950.64
483.984 1438.34 1338.34 950.66
484.016 1438.41 1338.41 950.68
484.049 1438.48 1338.48 950.7
484.082 1438.55 1338.55 950.72
484.115 1438.62 1338.62 950.74
484.148 1438.69 1338.69 950.76
484.181 1438.76 1338.76 950.78
484.214 1438.83 1338.83 950.8
484.247 1438.9 1338.9 950.82
484.28 1438.97 1338.97 950.84
484.313 1439.04 1339.04 950.86
484.345 1439.11 1339.11 950.88
484.378 1439.18 1339.18 950.9
484.411 1439.25 1339.25 950.92
484.444 1439.32 1339.32 950.94
484.477 1439.39 1339.39 950.96
484.51 1439.47 1339.47 950.98
484.543 1439.54 1339.54 951
484.576 1439.61 1339.61 951.02
484.608 1439.68 1339.68 951.04
484.641 1439.75 1339.75 951.06
484.674 1439.82 1339.82 951.08
484.707 1439.89 1339.89 951.1
484.74 1439.96 1339.96 951.12
484.773 1440.03 1340.03 951.14
484.805 1440.1 1340.1 951.16
484.838 1440.17 1340.17 951.18
484.871 1440.24 1340.24 951.2
484.904 1440.31 1340.31 951.22
484.937 1440.38 1340.38 951.24
484.97 1440.45 1340.45 951.26
485.002 1440.52 1340.52 951.28
485.035 1440.59 1340.59 951.3
485.068 1440.66 1340.66 951.32
485.101 1440.73 1340.73 951.34
485.134 1440.8 1340.8 951.36
485.166 1440.87 1340.87 951.38
485.199 1440.94 1340.94 951.4
485.232 1441.02 1341.02 951.42
485.265 1441.09 1341.09 951.44
485.298 1441.16 1341.16 951.46
485.33 1441.23 1341.23 951.48
485.363 1441.3 1341.3 951.5
485.396 1441.37 1341.37 951.52
485.429 1441.44 1341.44 951.54
485.461 1441.51 1341.51 951.56
485.494 1441.58 1341.58 951.58
485.527 1441.65 1341.65 951.6
485.56 1441.72 1341.72 951.62
485.592 1441.79 1341.79 951.64
485.625 1441.86 1341.86 951.66
485.658 1441.93 1341.93 951.68
485.691 1442 1342 951.7
485.723 1442.07 1342.07 951.72
485.756 1442.14 1342.14 951.74
485.789 1442.21 1342.21 951.76
485.822 1442.28 1342.28 951.78
485.854 1442.35 1342.35 951.8
485.887 1442.42 1342.42 951.82
485.92 1442.49 1342.49 951.84
485.952 1442.57 1342.57 951.86
485.985 1442.64 1342.64 951.88
486.018 1442.71 1342.71 951.9
486.05 1442.78 1342.78 951.92
486.083 1442.85 1342.85 951.94
486.116 1442.92 1342.92 951.96
486.149 1442.99 1342.99 951.98
486.181 1443.06 1343.06 952
486.214 1443.13 1343.13 952.02
486.247 1443.2 1343.2 952.04
486.279 1443.27 1343.27 952.06
486.312 1443.34 1343.34 952.08
486.345 1443.41 1343.41 952.1
486.377 1443.48 1343.48 952.12
486.41 1443.55 1343.55 952.14
486.443 1443.62 1343.62 952.16
486.475 1443.69 1343.69 952.18
486.508 1443.76 1343.76 952.2
486.54 1443.83 1343.83 952.22
486.573 1443.9 1343.9 952.24
486.606 1443.97 1343.97 952.26
486.638 1444.04 1344.04 952.28
486.671 1444.12 1344.12 952.3
486.704 1444.19 1344.19 952.32
486.736 1444.26 1344.26 952.34
486.769 1444.33 1344.33 952.36
486.801 1444.4 1344.4 952.38
486.834 1444.47 1344.47 952.4
486.867 1444.54 1344.54 952.42
486.899 1444.61 1344.61 952.44
486.932 1444.68 1344.68 952.46
486.964 1444.75 1344.75 952.48
486.997 1444.82 1344.82 952.5
487.03 1444.89 1344.89 952.52
487.062 1444.96 1344.96 952.54
487.095 1445.03 1345.03 952.56
487.127 1445.1 1345.1 952.58
487.16 1445.17 1345.17 952.6
487.193 1445.24 1345.24 952.62
487.225 1445.31 1345.31 952.64
487.258 1445.38 1345.38 952.66
487.29 1445.45 1345.45 952.68
487.323 1445.52 1345.52 952.7
487.355 1445.59 1345.59 952.72
487.388 1445.67 1345.67 952.74
487.42 1445.74 1345.74 952.76
487.453 1445.81 1345.81 952.78
487.485 1445.88 1345.88 952.8
487.518 1445.95 1345.95 952.82
487.551 1446.02 1346.02 952.84
487.583 1446.09 1346.09 952.86
487.616 1446.16 1346.16 952.88
487.648 1446.23 1346.23 952.9
487.681 1446.3 1346.3 952.92
487.713 1446.37 1346.37 952.94
487.746 1446.44 1346.44 952.96
487.778 1446.51 1346.51 952.98
487.811 1446.58 1346.58 953
487.843 1446.65 1346.65 953.02
487.876 1446.72 1346.72 953.04
487.908 1446.79 1346.79 953.06
487.941 1446.86 1346.86 953.08
487.973 1446.93 1346.93 953.1
488.006 1447 1347 953.12
488.038 1447.07 1347.07 953.14
488.07 1447.14 1347.14 953.16
488.103 1447.21 1347.21 953.18
488.135 1447.29 1347.29 953.2
488.168 1447.36 1347.36 953.22
488.2 1447.43 1347.43 953.24
488.233 1447.5 1347.5 953.26
488.265 1447.57 1347.57 953.28
488.298 1447.64 1347.64 953.3
488.33 1447.71 1347.71 953.32
488.363 1447.78 1347.78 953.34
488.395 1447.85 1347.85 953.36
488.427 1447.92 1347.92 953.38
488.46 1447.99 1347.99 953.4
488.492 1448.06 1348.06 953.42
488.525 1448.13 1348.13 953.44
488.557 1448.2 1348.2 953.46
488.59 1448.27 1348.27 953.48
488.622 1448.34 1348.34 953.5
488.654 1448.41 1348.41 953.52
488.687 1448.48 1348.48 953.54
488.719 1448.55 1348.55 953.56
488.752 1448.62 1348.62 953.58
488.784 1448.69 1348.69 953.6
488.816 1448.76 1348.76 953.62
488.849 1448.84 1348.84 953.64
488.881 1448.91 1348.91 953.66
488.914 1448.98 1348.98 953.68
488.946 1449.05 1349.05 953.7
488.978 1449.12 1349.12 953.72
489.011 1449.19 1349.19 953.74
489.043 1449.26 1349.26 953.76
489.075 1449.33 1349.33 953.78
489.108 1449.4 1349.4 953.8
489.14 1449.47 1349.47 953.82
489.172 1449.54 1349.54 953.84
489.205 1449.61 1349.61 953.86
489.237 1449.68 1349.68 953.88
489.269 1449.75 1349.75 953.9
489.302 1449.82 1349.82 953.92
489.334 1449.89 1349.89 953.94
489.366 1449.96 1349.96 953.96
489.399 1450.03 1350.03 953.98
489.431 1450.1 1350.1 954
489.463 1450.17 1350.17 954.02
489.496 1450.24 1350.24 954.04
489.528 1450.31 1350.31 954.06
489.56 1450.39 1350.39 954.08
489.593 1450.46 1350.46 954.1
489.625 1450.53 1350.53 954.12
489.657 1450.6 1350.6 954.14
489.69 1450.67 1350.67 954.16
489.722 1450.74 1350.74 954.18
489.754 1450.81 1350.81 954.2
489.786 1450.88 1350.88 954.22
489.819 1450.95 1350.95 954.24
489.851 1451.02 1351.02 954.26
489.883 1451.09 1351.09 954.28
489.916 1451.16 1351.16 954.3
489.948 1451.23 1351.23 954.32
489.98 1451.3 1351.3 954.34
490.012 1451.37 1351.37 954.36
490.045 1451.44 1351.44 954.38
490.077 1451.51 1351.51 954.4
490.109 1451.58 1351.58 954.42
490.141 1451.65 1351.65 954.44
490.174 1451.72 1351.72 954.46
490.206 1451.79 1351.79 954.48
490.238 1451.86 1351.86 954.5
490.27 1451.94 1351.94 954.52
490.303 1452.01 1352.01 954.54
490.335 1452.08 1352.08 954.56
490.367 1452.15 1352.15 954.58
490.399 1452.22 1352.22 954.6
490.431 1452.29 1352.29 954.62
490.464 1452.36 1352.36 954.64
490.496 1452.43 1352.43 954.66
490.528 1452.5 1352.5 954.68
490.56 1452.57 1352.57 954.7
490.592 1452.64 1352.64 954.72
490.625 1452.71 1352.71 954.74
490.657 1452.78 1352.78 954.76
490.689 1452.85 1352.85 954.78
490.721 1452.92 1352.92 954.8
490.753 1452.99 1352.99 954.82
490.786 1453.06 1353.06 954.84
490.818 1453.13 1353.13 954.86
490.85 1453.2 1353.2 954.88
490.882 1453.27 1353.27 954.9
490.914 1453.34 1353.34 954.92
490.946 1453.41 1353.41 954.94
490.979 1453.49 1353.49 954.96
491.011 1453.56 1353.56 954.98
491.043 1453.63 1353.63 955
491.075 1453.7 1353.7 955.02
491.107 1453.77 1353.77 955.04
491.139 1453.84 1353.84 955.06
491.171 1453.91 1353.91 955.08
491.204 1453.98 1353.98 955.1
491.236 1454.05 1354.05 955.12
491.268 1454.12 1354.12 955.14
491.3 1454.19 1354.19 955.16
491.332 1454.26 1354.26 955.18
491.364 1454.33 1354.33 955.2
491.396 1454.4 1354.4 955.22
491.428 1454.47 1354.47 955.24
491.46 1454.54 1354.54 955.26
491.493 1454.61 1354.61 955.28
491.525 1454.68 1354.68 955.3
491.557 1454.75 1354.75 955.32
491.589 1454.82 1354.82 955.34
491.621 1454.89 1354.89 955.36
491.653 1454.96 1354.96 955.38
491.685 1455.04 1355.04 955.4
491.717 1455.11 1355.11 955.42
491.749 1455.18 1355.18 955.44
491.781 1455.25 1355.25 955.46
491.813 1455.32 1355.32 955.48
491.845 1455.39 1355.39 955.5
491.878 1455.46 1355.46 955.52
491.91 1455.53 1355.53 955.54
491.942 1455.6 1355.6 955.56
491.974 1455.67 1355.67 955.58
492.006 1455.74 1355.74 955.6
492.038 1455.81 1355.81 955.62
492.07 1455.88 1355.88 955.64
492.102 1455.95 1355.95 955.66
492.134 1456.02 1356.02 955.68
492.166 1456.09 1356.09 955.7
492.198 1456.16 1356.16 955.72
492.23 1456.23 1356.23 955.74
492.262 1456.3 1356.3 955.76
492.294 1456.37 1356.37 955.78
492.326 1456.44 1356.44 955.8
492.358 1456.51 1356.51 955.82
492.39 1456.59 1356.59 955.84
492.422 1456.66 1356.66 955.86
492.454 1456.73 1356.73 955.88
492.486 1456.8 1356.8 955.9
492.518 1456.87 1356.87 955.92
492.55 1456.94 1356.94 955.94
492.582 1457.01 1357.01 955.96
492.614 1457.08 1357.08 955.98
492.646 1457.15 1357.15 956
492.678 1457.22 1357.22 956.02
492.71 1457.29 1357.29 956.04
492.742 1457.36 1357.36 956.06
492.774 1457.43 1357.43 956.08
492.806 1457.5 1357.5 956.1
492.838 1457.57 1357.57 956.12
492.87 1457.64 1357.64 956.14
492.902 1457.71 1357.71 956.16
492.934 1457.78 1357.78 956.18
492.966 1457.85 1357.85 956.2
492.997 1457.92 1357.92 956.22
493.029 1457.99 1357.99 956.24
493.061 1458.06 1358.06 956.26
493.093 1458.14 1358.14 956.28
493.125 1458.21 1358.21 956.3
493.157 1458.28 1358.28 956.32
493.189 1458.35 1358.35 956.34
493.221 1458.42 1358.42 956.36
493.253 1458.49 1358.49 956.38
493.285 1458.56 1358.56 956.4
493.317 1458.63 1358.63 956.42
493.349 1458.7 1358.7 956.44
493.38 1458.77 1358.77 956.46
493.412 1458.84 1358.84 956.48
493.444 1458.91 1358.91 956.5
493.476 1458.98 1358.98 956.52
493.508 1459.05 1359.05 956.54
493.54 1459.12 1359.12 956.56
493.572 1459.19 1359.19 956.58
493.604 1459.26 1359.26 956.6
493.636 1459.33 1359.33 956.62
493.667 1459.4 1359.4 956.64
493.699 1459.47 1359.47 956.66
493.731 1459.54 1359.54 956.68
493.763 1459.61 1359.61 956.7
493.795 1459.69 1359.69 956.72
493.827 1459.76 1359.76 956.74
493.859 1459.83 1359.83 956.76
493.89 1459.9 1359.9 956.78
493.922 1459.97 1359.97 956.8
493.954 1460.04 1360.04 956.82
493.986 1460.11 1360.11 956.84
494.018 1460.18 1360.18 956.86
494.05 1460.25 1360.25 956.88
494.081 1460.32 1360.32 956.9
494.113 1460.39 1360.39 956.92
494.145 1460.46 1360.46 956.94
494.177 1460.53 1360.53 956.96
494.209 1460.6 1360.6 956.98
494.241 1460.67 1360.67 957
494.272 1460.74 1360.74 957.02
494.304 1460.81 1360.81 957.04
494.336 1460.88 1360.88 957.06
494.368 1460.95 1360.95 957.08
494.4 1461.02 1361.02 957.1
494.431 1461.09 1361.09 957.12
494.463 1461.16 1361.16 957.14
494.495 1461.23 1361.23 957.16
494.527 1461.31 1361.31 957.18
494.558 1461.38 1361.38 957.2
494.59 1461.45 1361.45 957.22
494.622 1461.52 1361.52 957.24
494.654 1461.59 1361.59 957.26
494.686 1461.66 1361.66 957.28
494.717 1461.73 1361.73 957.3
494.749 1461.8 1361.8 957.32
494.781 1461.87 1361.87 957.34
494.813 1461.94 1361.94 957.36
494.844 1462.01 1362.01 957.38
494.876 1462.08 1362.08 957.4
494.908 1462.15 1362.15 957.42
494.94 1462.22 1362.22 957.44
494.971 1462.29 1362.29 957.46
495.003 1462.36 1362.36 957.48
495.035 1462.43 1362.43 957.5
495.066 1462.5 1362.5 957.52
495.098 1462.57 1362.57 957.54
495.13 1462.64 1362.64 957.56
495.162 1462.71 1362.71 957.58
495.193 1462.78 1362.78 957.6
495.225 1462.86 1362.86 957.62
495.257 1462.93 1362.93 957.64
495.288 1463 1363 957.66
495.32 1463.07 1363.07 957.68
495.352 1463.14 1363.14 957.7
495.384 1463.21 1363.21 957.72
495.415 1463.28 1363.28 957.74
495.447 1463.35 1363.35 957.76
495.479 1463.42 1363.42 957.78
495.51 1463.49 1363.49 957.8
495.542 1463.56 1363.56 957.82
495.574 1463.63 1363.63 957.84
495.605 1463.7 1363.7 957.86
495.637 1463.77 1363.77 957.88
495.669 1463.84 1363.84 957.9
495.7 1463.91 1363.91 957.92
495.732 1463.98 1363.98 957.94
495.764 1464.05 1364.05 957.96
495.795 1464.12 1364.12 957.98
495.827 1464.19 1364.19 958
495.859 1464.26 1364.26 958.02
495.89 1464.33 1364.33 958.04
495.922 1464.41 1364.41 958.06
495.953 1464.48 1364.48 958.08
495.985 1464.55 1364.55 958.1
496.017 1464.62 1364.62 958.12
496.048 1464.69 1364.69 958.14
496.08 1464.76 1364.76 958.16
496.112 1464.83 1364.83 958.18
496.143 1464.9 1364.9 958.2
496.175 1464.97 1364.97 958.22
496.206 1465.04 1365.04 958.24
496.238 1465.11 1365.11 958.26
496.27 1465.18 1365.18 958.28
496.301 1465.25 1365.25 958.3
496.333 1465.32 1365.32 958.32
496.364 1465.39 1365.39 958.34
496.396 1465.46 1365.46 958.36
496.428 1465.53 1365.53 958.38
496.459 1465.6 1365.6 958.4
496.491 1465.67 1365.67 958.42
496.522 1465.74 1365.74 958.44
496.554 1465.81 1365.81 958.46
496.585 1465.88 1365.88 958.48
496.617 1465.96 1365.96 958.5
496.649 1466.03 1366.03 958.52
496.68 1466.1 1366.1 958.54
496.712 1466.17 1366.17 958.56
496.743 1466.24 1366.24 958.58
496.775 1466.31 1366.31 958.6
496.806 1466.38 1366.38 958.62
496.838 1466.45 1366.45 958.64
496.869 1466.52 1366.52 958.66
496.901 1466.59 1366.59 958.68
496.932 1466.66 1366.66 958.7
496.964 1466.73 1366.73 958.72
496.995 1466.8 1366.8 958.74
497.027 1466.87 1366.87 958.76
497.059 1466.94 1366.94 958.78
497.09 1467.01 1367.01 958.8
497.122 1467.08 1367.08 958.82
497.153 1467.15 1367.15 958.84
497.185 1467.22 1367.22 958.86
497.216 1467.29 1367.29 958.88
497.248 1467.36 1367.36 958.9
497.279 1467.43 1367.43 958.92
497.311 1467.51 1367.51 958.94
497.342 1467.58 1367.58 958.96
497.374 1467.65 1367.65 958.98
497.405 1467.72 1367.72 959
497.437 1467.79 1367.79 959.02
497.468 1467.86 1367.86 959.04
497.499 1467.93 1367.93 959.06
497.531 1468 1368 959.08
497.562 1468.07 1368.07 959.1
497.594 1468.14 1368.14 959.12
497.625 1468.21 1368.21 959.14
497.657 1468.28 1368.28 959.16
497.688 1468.35 1368.35 959.18
497.72 1468.42 1368.42 959.2
497.751 1468.49 1368.49 959.22
497.783 1468.56 1368.56 959.24
497.814 1468.63 1368.63 959.26
497.845 1468.7 1368.7 959.28
497.877 1468.77 1368.77 959.3
497.908 1468.84 1368.84 959.32
497.94 1468.91 1368.91 959.34
497.971 1468.98 1368.98 959.36
498.003 1469.06 1369.06 959.38
498.034 1469.13 1369.13 959.4
498.065 1469.2 1369.2 959.42
498.097 1469.27 1369.27 959.44
498.128 1469.34 1369.34 959.46
498.16 1469.41 1369.41 959.48
498.191 1469.48 1369.48 959.5
498.223 1469.55 1369.55 959.52
498.254 1469.62 1369.62 959.54
498.285 1469.69 1369.69 959.56
498.317 1469.76 1369.76 959.58
498.348 1469.83 1369.83 959.6
498.379 1469.9 1369.9 959.62
498.411 1469.97 1369.97 959.64
498.442 1470.04 1370.04 959.66
498.474 1470.11 1370.11 959.68
498.505 1470.18 1370.18 959.7
498.536 1470.25 1370.25 959.72
498.568 1470.32 1370.32 959.74
498.599 1470.39 1370.39 959.76
498.63 1470.46 1370.46 959.78
498.662 1470.53 1370.53 959.8
498.693 1470.61 1370.61 959.82
498.724 1470.68 1370.68 959.84
498.756 1470.75 1370.75 959.86
498.787 1470.82 1370.82 959.88
498.819 1470.89 1370.89 959.9
498.85 1470.96 1370.96 959.92
498.881 1471.03 1371.03 959.94
498.913 1471.1 1371.1 959.96
498.944 1471.17 1371.17 959.98
498.975 1471.24 1371.24 960
499.007 1471.31 1371.31 960.02
499.038 1471.38 1371.38 960.04
499.069 1471.45 1371.45 960.06
499.1 1471.52 1371.52 960.08
499.132 1471.59 1371.59 960.1
499.163 1471.66 1371.66 960.12
499.194 1471.73 1371.73 960.14
499.226 1471.8 1371.8 960.16
499.257 1471.87 1371.87 960.18
499.288 1471.94 1371.94 960.2
499.32 1472.01 1372.01 960.22
499.351 1472.08 1372.08 960.24
499.382 1472.16 1372.16 960.26
499.413 1472.23 1372.23 960.28
499.445 1472.3 1372.3 960.3
499.476 1472.37 1372.37 960.32
499.507 1472.44 1372.44 960.34
499.539 1472.51 1372.51 960.36
499.57 1472.58 1372.58 960.38
499.601 1472.65 1372.65 960.4
499.632 1472.72 1372.72 960.42
499.664 1472.79 1372.79 960.44
499.695 1472.86 1372.86 960.46
499.726 1472.93 1372.93 960.48
499.757 1473 1373 960.5
499.789 1473.07 1373.07 960.52
499.82 1473.14 1373.14 960.54
499.851 1473.21 1373.21 960.56
499.882 1473.28 1373.28 960.58
499.913 1473.35 1373.35 960.6
499.945 1473.42 1373.42 960.62
499.976 1473.49 1373.49 960.64
500.007 1473.56 1373.56 960.66
500.038 1473.63 1373.63 960.68
500.07 1473.7 1373.7 960.7
500.101 1473.78 1373.78 960.72
500.132 1473.85 1373.85 960.74
500.163 1473.92 1373.92 960.76
500.194 1473.99 1373.99 960.78
500.226 1474.06 1374.06 960.8
500.257 1474.13 1374.13 960.82
500.288 1474.2 1374.2 960.84
500.319 1474.27 1374.27 960.86
500.35 1474.34 1374.34 960.88
500.381 1474.41 1374.41 960.9
500.413 1474.48 1374.48 960.92
500.444 1474.55 1374.55 960.94
500.475 1474.62 1374.62 960.96
500.506 1474.69 1374.69 960.98
500.537 1474.76 1374.76 961
500.568 1474.83 1374.83 961.02
500.6 1474.9 1374.9 961.04
500.631 1474.97 1374.97 961.06
500.662 1475.04 1375.04 961.08
500.693 1475.11 1375.11 961.1
500.724 1475.18 1375.18 961.12
500.755 1475.25 1375.25 961.14
500.787 1475.33 1375.33 961.16
500.818 1475.4 1375.4 961.18
500.849 1475.47 1375.47 961.2
500.88 1475.54 1375.54 961.22
500.911 1475.61 1375.61 961.24
500.942 1475.68 1375.68 961.26
500.973 1475.75 1375.75 961.28
501.004 1475.82 1375.82 961.3
501.035 1475.89 1375.89 961.32
501.067 1475.96 1375.96 961.34
501.098 1476.03 1376.03 961.36
501.129 1476.1 1376.1 961.38
501.16 1476.17 1376.17 961.4
501.191 1476.24 1376.24 961.42
501.222 1476.31 1376.31 961.44
501.253 1476.38 1376.38 961.46
501.284 1476.45 1376.45 961.48
501.315 1476.52 1376.52 961.5
501.346 1476.59 1376.59 961.52
501.377 1476.66 1376.66 961.54
501.408 1476.73 1376.73 961.56
501.44 1476.8 1376.8 961.58
501.471 1476.88 1376.88 961.6
501.502 1476.95 1376.95 961.62
501.533 1477.02 1377.02 961.64
501.564 1477.09 1377.09 961.66
501.595 1477.16 1377.16 961.68
501.626 1477.23 1377.23 961.7
501.657 1477.3 1377.3 961.72
501.688 1477.37 1377.37 961.74
501.719 1477.44 1377.44 961.76
501.75 1477.51 1377.51 961.78
501.781 1477.58 1377.58 961.8
501.812 1477.65 1377.65 961.82
501.843 1477.72 1377.72 961.84
501.874 1477.79 1377.79 961.86
501.905 1477.86 1377.86 961.88
501.936 1477.93 1377.93 961.9
501.967 1478 1378 961.92
501.998 1478.07 1378.07 961.94
502.029 1478.14 1378.14 961.96
502.06 1478.21 1378.21 961.98
502.091 1478.28 1378.28 962
502.122 1478.35 1378.35 962.02
502.153 1478.43 1378.43 962.04
502.184 1478.5 1378.5 962.06
502.215 1478.57 1378.57 962.08
502.246 1478.64 1378.64 962.1
502.277 1478.71 1378.71 962.12
502.308 1478.78 1378.78 962.14
502.339 1478.85 1378.85 962.16
502.37 1478.92 1378.92 962.18
502.401 1478.99 1378.99 962.2
502.431 1479.06 1379.06 962.22
502.462 1479.13 1379.13 962.24
502.493 1479.2 1379.2 962.26
502.524 1479.27 1379.27 962.28
502.555 1479.34 1379.34 962.3
502.586 1479.41 1379.41 962.32
502.617 1479.48 1379.48 962.34
502.648 1479.55 1379.55 962.36
502.679 1479.62 1379.62 962.38
502.71 1479.69 1379.69 962.4
502.741 1479.76 1379.76 962.42
502.772 1479.83 1379.83 962.44
502.803 1479.9 1379.9 962.46
502.833 1479.98 1379.98 962.48
502.864 1480.05 1380.05 962.5
502.895 1480.12 1380.12 962.52
502.926 1480.19 1380.19 962.54
502.957 1480.26 1380.26 962.56
502.988 1480.33 1380.33 962.58
503.019 1480.4 1380.4 962.6
503.05 1480.47 1380.47 962.62
503.08 1480.54 1380.54 962.64
503.111 1480.61 1380.61 962.66
503.142 1480.68 1380.68 962.68
503.173 1480.75 1380.75 962.7
503.204 1480.82 1380.82 962.72
503.235 1480.89 1380.89 962.74
503.265 1480.96 1380.96 962.76
503.296 1481.03 1381.03 962.78
503.327 1481.1 1381.1 962.8
503.358 1481.17 1381.17 962.82
503.389 1481.24 1381.24 962.84
503.42 1481.31 1381.31 962.86
503.45 1481.38 1381.38 962.88
503.481 1481.45 1381.45 962.9
503.512 1481.53 1381.53 962.92
503.543 1481.6 1381.6 962.94
503.574 1481.67 1381.67 962.96
503.604 1481.74 1381.74 962.98
503.635 1481.81 1381.81 963
503.666 1481.88 1381.88 963.02
503.697 1481.95 1381.95 963.04
503.728 1482.02 1382.02 963.06
503.758 1482.09 1382.09 963.08
503.789 1482.16 1382.16 963.1
503.82 1482.23 1382.23 963.12
503.851 1482.3 1382.3 963.14
503.881 1482.37 1382.37 963.16
503.912 1482.44 1382.44 963.18
503.943 1482.51 1382.51 963.2
503.974 1482.58 1382.58 963.22
504.004 1482.65 1382.65 963.24
504.035 1482.72 1382.72 963.26
504.066 1482.79 1382.79 963.28
504.097 1482.86 1382.86 963.3
504.127 1482.93 1382.93 963.32
504.158 1483 1383 963.34
504.189 1483.08 1383.08 963.36
504.219 1483.15 1383.15 963.38
504.25 1483.22 1383.22 963.4
504.281 1483.29 1383.29 963.42
504.312 1483.36 1383.36 963.44
504.342 1483.43 1383.43 963.46
504.373 1483.5 1383.5 963.48
504.404 1483.57 1383.57 963.5
504.434 1483.64 1383.64 963.52
504.465 1483.71 1383.71 963.54
504.496 1483.78 1383.78 963.56
504.526 1483.85 1383.85 963.58
504.557 1483.92 1383.92 963.6
504.588 1483.99 1383.99 963.62
504.618 1484.06 1384.06 963.64
504.649 1484.13 1384.13 963.66
504.68 1484.2 1384.2 963.68
504.71 1484.27 1384.27 963.7
504.741 1484.34 1384.34 963.72
504.772 1484.41 1384.41 963.74
504.802 1484.48 1384.48 963.76
504.833 1484.55 1384.55 963.78
504.864 1484.63 1384.63 963.8
504.894 1484.7 1384.7 963.82
504.925 1484.77 1384.77 963.84
504.955 1484.84 1384.84 963.86
504.986 1484.91 1384.91 963.88
505.017 1484.98 1384.98 963.9
505.047 1485.05 1385.05 963.92
505.078 1485.12 1385.12 963.94
505.108 1485.19 1385.19 963.96
505.139 1485.26 1385.26 963.98
505.17 1485.33 1385.33 964
505.2 1485.4 1385.4 964.02
505.231 1485.47 1385.47 964.04
505.261 1485.54 1385.54 964.06
505.292 1485.61 1385.61 964.08
505.322 1485.68 1385.68 964.1
505.353 1485.75 1385.75 964.12
505.384 1485.82 1385.82 964.14
505.414 1485.89 1385.89 964.16
505.445 1485.96 1385.96 964.18
505.475 1486.03 1386.03 964.2
505.506 1486.1 1386.1 964.22
505.536 1486.18 1386.18 964.24
505.567 1486.25 1386.25 964.26
505.597 1486.32 1386.32 964.28
505.628 1486.39 1386.39 964.3
505.658 1486.46 1386.46 964.32
505.689 1486.53 1386.53 964.34
505.719 1486.6 1386.6 964.36
505.75 1486.67 1386.67 964.38
505.78 1486.74 1386.74 964.4
505.811 1486.81 1386.81 964.42
505.841 1486.88 1386.88 964.44
505.872 1486.95 1386.95 964.46
505.902 1487.02 1387.02 964.48
505.933 1487.09 1387.09 964.5
505.963 1487.16 1387.16 964.52
505.994 1487.23 1387.23 964.54
506.024 1487.3 1387.3 964.56
506.055 1487.37 1387.37 964.58
506.085 1487.44 1387.44 964.6
506.115 1487.51 1387.51 964.62
506.146 1487.58 1387.58 964.64
506.176 1487.65 1387.65 964.66
506.207 1487.72 1387.72 964.68
506.237 1487.8 1387.8 964.7
506.268 1487.87 1387.87 964.72
506.298 1487.94 1387.94 964.74
506.329 1488.01 1388.01 964.76
506.359 1488.08 1388.08 964.78
506.389 1488.15 1388.15 964.8
506.42 1488.22 1388.22 964.82
506.45 1488.29 1388.29 964.84
506.481 1488.36 1388.36 964.86
506.511 1488.43 1388.43 964.88
506.541 1488.5 1388.5 964.9
506.572 1488.57 1388.57 964.92
506.602 1488.64 1388.64 964.94
506.632 1488.71 1388.71 964.96
506.663 1488.78 1388.78 964.98
506.693 1488.85 1388.85 965
506.724 1488.92 1388.92 965.02
506.754 1488.99 1388.99 965.04
506.784 1489.06 1389.06 965.06
506.815 1489.13 1389.13 965.08
506.845 1489.2 1389.2 965.1
506.875 1489.27 1389.27 965.12
506.906 1489.35 1389.35 965.14
506.936 1489.42 1389.42 965.16
506.966 1489.49 1389.49 965.18
506.997 1489.56 1389.56 965.2
507.027 1489.63 1389.63 965.22
507.057 1489.7 1389.7 965.24
507.087 1489.77 1389.77 965.26
507.118 1489.84 1389.84 965.28
507.148 1489.91 1389.91 965.3
507.178 1489.98 1389.98 965.32
507.209 1490.05 1390.05 965.34
507.239 1490.12 1390.12 965.36
507.269 1490.19 1390.19 965.38
507.299 1490.26 1390.26 965.4
507.33 1490.33 1390.33 965.42
507.36 1490.4 1390.4 965.44
507.39 1490.47 1390.47 965.46
507.42 1490.54 1390.54 965.48
507.451 1490.61 1390.61 965.5
507.481 1490.68 1390.68 965.52
507.511 1490.75 1390.75 965.54
507.541 1490.82 1390.82 965.56
507.572 1490.9 1390.9 965.58
507.602 1490.97 1390.97 965.6
507.632 1491.04 1391.04 965.62
507.662 1491.11 1391.11 965.64
507.693 1491.18 1391.18 965.66
507.723 1491.25 1391.25 965.68
507.753 1491.32 1391.32 965.7
507.783 1491.39 1391.39 965.72
507.813 1491.46 1391.46 965.74
507.844 1491.53 1391.53 965.76
507.874 1491.6 1391.6 965.78
507.904 1491.67 1391.67 965.8
507.934 1491.74 1391.74 965.82
507.964 1491.81 1391.81 965.84
507.994 1491.88 1391.88 965.86
508.025 1491.95 1391.95 965.88
508.055 1492.02 1392.02 965.9
508.085 1492.09 1392.09 965.92
508.115 1492.16 1392.16 965.94
508.145 1492.23 1392.23 965.96
508.175 1492.3 1392.3 965.98
508.205 1492.37 1392.37 966
508.235 1492.45 1392.45 966.02
508.266 1492.52 1392.52 966.04
508.296 1492.59 1392.59 966.06
508.326 1492.66 1392.66 966.08
508.356 1492.73 1392.73 966.1
508.386 1492.8 1392.8 966.12
508.416 1492.87 1392.87 966.14
508.446 1492.94 1392.94 966.16
508.476 1493.01 1393.01 966.18
508.506 1493.08 1393.08 966.2
508.536 1493.15 1393.15 966.22
508.567 1493.22 1393.22 966.24
508.597 1493.29 1393.29 966.26
508.627 1493.36 1393.36 966.28
508.657 1493.43 1393.43 966.3
508.687 1493.5 1393.5 966.32
508.717 1493.57 1393.57 966.34
508.747 1493.64 1393.64 966.36
508.777 1493.71 1393.71 966.38
508.807 1493.78 1393.78 966.4
508.837 1493.85 1393.85 966.42
508.867 1493.92 1393.92 966.44
508.897 1494 1394 966.46
508.927 1494.07 1394.07 966.48
508.957 1494.14 1394.14 966.5
508.987 1494.21 1394.21 966.52
509.017 1494.28 1394.28 966.54
509.047 1494.35 1394.35 966.56
509.077 1494.42 1394.42 966.58
509.107 1494.49 1394.49 966.6
509.137 1494.56 1394.56 966.62
509.167 1494.63 1394.63 966.64
509.197 1494.7 1394.7 966.66
509.227 1494.77 1394.77 966.68
509.257 1494.84 1394.84 966.7
509.287 1494.91 1394.91 966.72
509.317 1494.98 1394.98 966.74
509.347 1495.05 1395.05 966.76
509.376 1495.12 1395.12 966.78
509.406 1495.19 1395.19 966.8
509.436 1495.26 1395.26 966.82
509.466 1495.33 1395.33 966.84
509.496 1495.4 1395.4 966.86
509.526 1495.47 1395.47 966.88
509.556 1495.55 1395.55 966.9
509.586 1495.62 1395.62 966.92
509.616 1495.69 1395.69 966.94
509.646 1495.76 1395.76 966.96
509.676 1495.83 1395.83 966.98
509.705 1495.9 1395.9 967
509.735 1495.97 1395.97 967.02
509.765 1496.04 1396.04 967.04
509.795 1496.11 1396.11 967.06
509.825 1496.18 1396.18 967.08
509.855 1496.25 1396.25 967.1
509.885 1496.32 1396.32 967.12
509.914 1496.39 1396.39 967.14
509.944 1496.46 1396.46 967.16
509.974 1496.53 1396.53 967.18
510.004 1496.6 1396.6 967.2
510.034 1496.67 1396.67 967.22
510.064 1496.74 1396.74 967.24
510.093 1496.81 1396.81 967.26
510.123 1496.88 1396.88 967.28
510.153 1496.95 1396.95 967.3
510.183 1497.02 1397.02 967.32
510.213 1497.1 1397.1 967.34
510.242 1497.17 1397.17 967.36
510.272 1497.24 1397.24 967.38
510.302 1497.31 1397.31 967.4
510.332 1497.38 1397.38 967.42
510.361 1497.45 1397.45 967.44
510.391 1497.52 1397.52 967.46
510.421 1497.59 1397.59 967.48
510.451 1497.66 1397.66 967.5
510.48 1497.73 1397.73 967.52
510.51 1497.8 1397.8 967.54
510.54 1497.87 1397.87 967.56
510.57 1497.94 1397.94 967.58
510.599 1498.01 1398.01 967.6
510.629 1498.08 1398.08 967.62
510.659 1498.15 1398.15 967.64
510.688 1498.22 1398.22 967.66
510.718 1498.29 1398.29 967.68
510.748 1498.36 1398.36 967.7
510.778 1498.43 1398.43 967.72
510.807 1498.5 1398.5 967.74
510.837 1498.57 1398.57 967.76
510.867 1498.65 1398.65 967.78
510.896 1498.72 1398.72 967.8
510.926 1498.79 1398.79 967.82
510.956 1498.86 1398.86 967.84
510.985 1498.93 1398.93 967.86
511.015 1499 1399 967.88
511.045 1499.07 1399.07 967.9
511.074 1499.14 1399.14 967.92
511.104 1499.21 1399.21 967.94
511.133 1499.28 1399.28 967.96
511.163 1499.35 1399.35 967.98
511.193 1499.42 1399.42 968
511.222 1499.49 1399.49 968.02
511.252 1499.56 1399.56 968.04
511.281 1499.63 1399.63 968.06
511.311 1499.7 1399.7 968.08
511.341 1499.77 1399.77 968.1
511.37 1499.84 1399.84 968.12
511.4 1499.91 1399.91 968.14
511.429 1499.98 1399.98 968.16
511.459 1500.05 1400.05 968.18
511.489 1500.12 1400.12 968.2
511.518 1500.2 1400.2 968.22
511.548 1500.27 1400.27 968.24
511.577 1500.34 1400.34 968.26
511.607 1500.41 1400.41 968.28
511.636 1500.48 1400.48 968.3
511.666 1500.55 1400.55 968.32
511.695 1500.62 1400.62 968.34
511.725 1500.69 1400.69 968.36
511.754 1500.76 1400.76 968.38
511.784 1500.83 1400.83 968.4
511.813 1500.9 1400.9 968.42
511.843 1500.97 1400.97 968.44
511.872 1501.04 1401.04 968.46
511.902 1501.11 1401.11 968.48
511.931 1501.18 1401.18 968.5
511.961 1501.25 1401.25 968.52
511.99 1501.32 1401.32 968.54
512.02 1501.39 1401.39 968.56
512.049 1501.46 1401.46 968.58
512.079 1501.53 1401.53 968.6
512.108 1501.6 1401.6 968.62
512.137 1501.67 1401.67 968.64
512.167 1501.74 1401.74 968.66
512.196 1501.82 1401.82 968.68
512.226 1501.89 1401.89 968.7
512.255 1501.96 1401.96 968.72
512.285 1502.03 1402.03 968.74
512.314 1502.1 1402.1 968.76
512.343 1502.17 1402.17 968.78
512.373 1502.24 1402.24 968.8
512.402 1502.31 1402.31 968.82
512.431 1502.38 1402.38 968.84
512.461 1502.45 1402.45 968.86
512.49 1502.52 1402.52 968.88
512.52 1502.59 1402.59 968.9
512.549 1502.66 1402.66 968.92
512.578 1502.73 1402.73 968.94
512.608 1502.8 1402.8 968.96
512.637 1502.87 1402.87 968.98
512.666 1502.94 1402.94 969
512.696 1503.01 1403.01 969.02
512.725 1503.08 1403.08 969.04
512.754 1503.15 1403.15 969.06
512.784 1503.22 1403.22 969.08
512.813 1503.29 1403.29 969.1
512.842 1503.37 1403.37 969.12
512.872 1503.44 1403.44 969.14
512.901 1503.51 1403.51 969.16
512.93 1503.58 1403.58 969.18
512.959 1503.65 1403.65 969.2
512.989 1503.72 1403.72 969.22
513.018 1503.79 1403.79 969.24
513.047 1503.86 1403.86 969.26
513.076 1503.93 1403.93 969.28
513.106 1504 1404 969.3
513.135 1504.07 1404.07 969.32
513.164 1504.14 1404.14 969.34
513.193 1504.21 1404.21 969.36
513.223 1504.28 1404.28 969.38
513.252 1504.35 1404.35 969.4
513.281 1504.42 1404.42 969.42
513.31 1504.49 1404.49 969.44
513.339 1504.56 1404.56 969.46
513.369 1504.63 1404.63 969.48
513.398 1504.7 1404.7 969.5
513.427 1504.77 1404.77 969.52
513.456 1504.84 1404.84 969.54
513.485 1504.92 1404.92 969.56
513.515 1504.99 1404.99 969.58
513.544 1505.06 1405.06 969.6
513.573 1505.13 1405.13 969.62
513.602 1505.2 1405.2 969.64
513.631 1505.27 1405.27 969.66
513.66 1505.34 1405.34 969.68
513.689 1505.41 1405.41 969.7
513.719 1505.48 1405.48 969.72
513.748 1505.55 1405.55 969.74
513.777 1505.62 1405.62 969.76
513.806 1505.69 1405.69 969.78
513.835 1505.76 1405.76 969.8
513.864 1505.83 1405.83 969.82
513.893 1505.9 1405.9 969.84
513.922 1505.97 1405.97 969.86
513.951 1506.04 1406.04 969.88
513.98 1506.11 1406.11 969.9
514.01 1506.18 1406.18 969.92
514.039 1506.25 1406.25 969.94
514.068 1506.32 1406.32 969.96
514.097 1506.39 1406.39 969.98
514.126 1506.47 1406.47 970
514.155 1506.54 1406.54 970.02
514.184 1506.61 1406.61 970.04
514.213 1506.68 1406.68 970.06
514.242 1506.75 1406.75 970.08
514.271 1506.82 1406.82 970.1
514.3 1506.89 1406.89 970.12
514.329 1506.96 1406.96 970.14
514.358 1507.03 1407.03 970.16
514.387 1507.1 1407.1 970.18
514.416 1507.17 1407.17 970.2
514.445 1507.24 1407.24 970.22
514.474 1507.31 1407.31 970.24
514.503 1507.38 1407.38 970.26
514.532 1507.45 1407.45 970.28
514.561 1507.52 1407.52 970.3
514.59 1507.59 1407.59 970.32
514.619 1507.66 1407.66 970.34
514.647 1507.73 1407.73 970.36
514.676 1507.8 1407.8 970.38
514.705 1507.87 1407.87 970.4
514.734 1507.94 1407.94 970.42
514.763 1508.02 1408.02 970.44
514.792 1508.09 1408.09 970.46
514.821 1508.16 1408.16 970.48
514.85 1508.23 1408.23 970.5
514.879 1508.3 1408.3 970.52
514.908 1508.37 1408.37 970.54
514.937 1508.44 1408.44 970.56
514.965 1508.51 1408.51 970.58
514.994 1508.58 1408.58 970.6
515.023 1508.65 1408.65 970.62
515.052 1508.72 1408.72 970.64
515.081 1508.79 1408.79 970.66
515.11 1508.86 1408.86 970.68
515.138 1508.93 1408.93 970.7
515.167 1509 1409 970.72
515.196 1509.07 1409.07 970.74
515.225 1509.14 1409.14 970.76
515.254 1509.21 1409.21 970.78
515.283 1509.28 1409.28 970.8
515.311 1509.35 1409.35 970.82
515.34 1509.42 1409.42 970.84
515.369 1509.49 1409.49 970.86
515.398 1509.57 1409.57 970.88
515.426 1509.64 1409.64 970.9
515.455 1509.71 1409.71 970.92
515.484 1509.78 1409.78 970.94
515.513 1509.85 1409.85 970.96
515.541 1509.92 1409.92 970.98
515.57 1509.99 1409.99 971
515.599 1510.06 1410.06 971.02
515.628 1510.13 1410.13 971.04
515.656 1510.2 1410.2 971.06
515.685 1510.27 1410.27 971.08
515.714 1510.34 1410.34 971.1
515.742 1510.41 1410.41 971.12
515.771 1510.48 1410.48 971.14
515.8 1510.55 1410.55 971.16
515.829 1510.62 1410.62 971.18
515.857 1510.69 1410.69 971.2
515.886 1510.76 1410.76 971.22
515.915 1510.83 1410.83 971.24
515.943 1510.9 1410.9 971.26
515.972 1510.97 1410.97 971.28
516 1511.04 1411.04 971.3
516.029 1511.12 1411.12 971.32
516.058 1511.19 1411.19 971.34
516.086 1511.26 1411.26 971.36
516.115 1511.33 1411.33 971.38
516.144 1511.4 1411.4 971.4
516.172 1511.47 1411.47 971.42
516.201 1511.54 1411.54 971.44
516.229 1511.61 1411.61 971.46
516.258 1511.68 1411.68 971.48
516.287 1511.75 1411.75 971.5
516.315 1511.82 1411.82 971.52
516.344 1511.89 1411.89 971.54
516.372 1511.96 1411.96 971.56
516.401 1512.03 1412.03 971.58
516.429 1512.1 1412.1 971.6
516.458 1512.17 1412.17 971.62
516.486 1512.24 1412.24 971.64
516.515 1512.31 1412.31 971.66
516.543 1512.38 1412.38 971.68
516.572 1512.45 1412.45 971.7
516.6 1512.52 1412.52 971.72
516.629 1512.59 1412.59 971.74
516.657 1512.67 1412.67 971.76
516.686 1512.74 1412.74 971.78
516.714 1512.81 1412.81 971.8
516.743 1512.88 1412.88 971.82
516.771 1512.95 1412.95 971.84
516.8 1513.02 1413.02 971.86
516.828 1513.09 1413.09 971.88
516.857 1513.16 1413.16 971.9
516.885 1513.23 1413.23 971.92
516.914 1513.3 1413.3 971.94
516.942 1513.37 1413.37 971.96
516.97 1513.44 1413.44 971.98
516.999 1513.51 1413.51 972
517.027 1513.58 1413.58 972.02
517.056 1513.65 1413.65 972.04
517.084 1513.72 1413.72 972.06
517.113 1513.79 1413.79 972.08
517.141 1513.86 1413.86 972.1
517.169 1513.93 1413.93 972.12
517.198 1514 1414 972.14
517.226 1514.07 1414.07 972.16
517.254 1514.14 1414.14 972.18
517.283 1514.22 1414.22 972.2
517.311 1514.29 1414.29 972.22
517.339 1514.36 1414.36 972.24
517.368 1514.43 1414.43 972.26
517.396 1514.5 1414.5 972.28
517.424 1514.57 1414.57 972.3
517.453 1514.64 1414.64 972.32
517.481 1514.71 1414.71 972.34
517.509 1514.78 1414.78 972.36
517.538 1514.85 1414.85 972.38
517.566 1514.92 1414.92 972.4
517.594 1514.99 1414.99 972.42
517.622 1515.06 1415.06 972.44
517.651 1515.13 1415.13 972.46
517.679 1515.2 1415.2 972.48
517.707 1515.27 1415.27 972.5
517.735 1515.34 1415.34 972.52
517.764 1515.41 1415.41 972.54
517.792 1515.48 1415.48 972.56
517.82 1515.55 1415.55 972.58
517.848 1515.62 1415.62 972.6
517.877 1515.69 1415.69 972.62
517.905 1515.76 1415.76 972.64
517.933 1515.84 1415.84 972.66
517.961 1515.91 1415.91 972.68
517.989 1515.98 1415.98 972.7
518.017 1516.05 1416.05 972.72
518.046 1516.12 1416.12 972.74
518.074 1516.19 1416.19 972.76
518.102 1516.26 1416.26 972.78
518.13 1516.33 1416.33 972.8
518.158 1516.4 1416.4 972.82
518.186 1516.47 1416.47 972.84
518.215 1516.54 1416.54 972.86
518.243 1516.61 1416.61 972.88
518.271 1516.68 1416.68 972.9
518.299 1516.75 1416.75 972.92
518.327 1516.82 1416.82 972.94
518.355 1516.89 1416.89 972.96
518.383 1516.96 1416.96 972.98
518.411 1517.03 1417.03 973
518.439 1517.1 1417.1 973.02
518.467 1517.17 1417.17 973.04
518.495 1517.24 1417.24 973.06
518.524 1517.31 1417.31 973.08
518.552 1517.39 1417.39 973.1
518.58 1517.46 1417.46 973.12
518.608 1517.53 1417.53 973.14
518.636 1517.6 1417.6 973.16
518.664 1517.67 1417.67 973.18
518.692 1517.74 1417.74 973.2
518.72 1517.81 1417.81 973.22
518.748 1517.88 1417.88 973.24
518.776 1517.95 1417.95 973.26
518.804 1518.02 1418.02 973.28
518.832 1518.09 1418.09 973.3
518.86 1518.16 1418.16 973.32
518.888 1518.23 1418.23 973.34
518.916 1518.3 1418.3 973.36
518.943 1518.37 1418.37 973.38
518.971 1518.44 1418.44 973.4
518.999 1518.51 1418.51 973.42
519.027 1518.58 1418.58 973.44
519.055 1518.65 1418.65 973.46
519.083 1518.72 1418.72 973.48
519.111 1518.79 1418.79 973.5
519.139 1518.86 1418.86 973.52
519.167 1518.94 1418.94 973.54
519.195 1519.01 1419.01 973.56
519.223 1519.08 1419.08 973.58
519.25 1519.15 1419.15 973.6
519.278 1519.22 1419.22 973.62
519.306 1519.29 1419.29 973.64
519.334 1519.36 1419.36 973.66
519.362 1519.43 1419.43 973.68
519.39 1519.5 1419.5 973.7
519.418 1519.57 1419.57 973.72
519.445 1519.64 1419.64 973.74
519.473 1519.71 1419.71 973.76
519.501 1519.78 1419.78 973.78
519.529 1519.85 1419.85 973.8
519.557 1519.92 1419.92 973.82
519.584 1519.99 1419.99 973.84
519.612 1520.06 1420.06 973.86
519.64 1520.13 1420.13 973.88
519.668 1520.2 1420.2 973.9
519.695 1520.27 1420.27 973.92
519.723 1520.34 1420.34 973.94
519.751 1520.41 1420.41 973.96
519.779 1520.49 1420.49 973.98
519.806 1520.56 1420.56 974
519.834 1520.63 1420.63 974.02
519.862 1520.7 1420.7 974.04
519.89 1520.77 1420.77 974.06
519.917 1520.84 1420.84 974.08
519.945 1520.91 1420.91 974.1
519.973 1520.98 1420.98 974.12
520 1521.05 1421.05 974.14
520.028 1521.12 1421.12 974.16
520.056 1521.19 1421.19 974.18
520.083 1521.26 1421.26 974.2
520.111 1521.33 1421.33 974.22
520.139 1521.4 1421.4 974.24
520.166 1521.47 1421.47 974.26
520.194 1521.54 1421.54 974.28
520.222 1521.61 1421.61 974.3
520.249 1521.68 1421.68 974.32
520.277 1521.75 1421.75 974.34
520.304 1521.82 1421.82 974.36
520.332 1521.89 1421.89 974.38
520.36 1521.96 1421.96 974.4
520.387 1522.04 1422.04 974.42
520.415 1522.11 1422.11 974.44
520.442 1522.18 1422.18 974.46
520.47 1522.25 1422.25 974.48
520.497 1522.32 1422.32 974.5
520.525 1522.39 1422.39 974.52
520.553 1522.46 1422.46 974.54
520.58 1522.53 1422.53 974.56
520.608 1522.6 1422.6 974.58
520.635 1522.67 1422.67 974.6
520.663 1522.74 1422.74 974.62
520.69 1522.81 1422.81 974.64
520.718 1522.88 1422.88 974.66
520.745 1522.95 1422.95 974.68
520.773 1523.02 1423.02 974.7
520.8 1523.09 1423.09 974.72
520.827 1523.16 1423.16 974.74
520.855 1523.23 1423.23 974.76
520.882 1523.3 1423.3 974.78
520.91 1523.37 1423.37 974.8
520.937 1523.44 1423.44 974.82
520.965 1523.51 1423.51 974.84
520.992 1523.59 1423.59 974.86
521.02 1523.66 1423.66 974.88
521.047 1523.73 1423.73 974.9
521.074 1523.8 1423.8 974.92
521.102 1523.87 1423.87 974.94
521.129 1523.94 1423.94 974.96
521.156 1524.01 1424.01 974.98
521.184 1524.08 1424.08 975
521.211 1524.15 1424.15 975.02
521.239 1524.22 1424.22 975.04
521.266 1524.29 1424.29 975.06
521.293 1524.36 1424.36 975.08
521.321 1524.43 1424.43 975.1
521.348 1524.5 1424.5 975.12
521.375 1524.57 1424.57 975.14
521.403 1524.64 1424.64 975.16
521.43 1524.71 1424.71 975.18
521.457 1524.78 1424.78 975.2
521.484 1524.85 1424.85 975.22
521.512 1524.92 1424.92 975.24
521.539 1524.99 1424.99 975.26
521.566 1525.06 1425.06 975.28
521.593 1525.14 1425.14 975.3
521.621 1525.21 1425.21 975.32
521.648 1525.28 1425.28 975.34
521.675 1525.35 1425.35 975.36
521.702 1525.42 1425.42 975.38
521.73 1525.49 1425.49 975.4
521.757 1525.56 1425.56 975.42
521.784 1525.63 1425.63 975.44
521.811 1525.7 1425.7 975.46
521.838 1525.77 1425.77 975.48
521.866 1525.84 1425.84 975.5
521.893 1525.91 1425.91 975.52
521.92 1525.98 1425.98 975.54
521.947 1526.05 1426.05 975.56
521.974 1526.12 1426.12 975.58
522.001 1526.19 1426.19 975.6
522.029 1526.26 1426.26 975.62
522.056 1526.33 1426.33 975.64
522.083 1526.4 1426.4 975.66
522.11 1526.47 1426.47 975.68
522.137 1526.54 1426.54 975.7
522.164 1526.61 1426.61 975.72
522.191 1526.69 1426.69 975.74
522.218 1526.76 1426.76 975.76
522.245 1526.83 1426.83 975.78
522.272 1526.9 1426.9 975.8
522.3 1526.97 1426.97 975.82
522.327 1527.04 1427.04 975.84
522.354 1527.11 1427.11 975.86
522.381 1527.18 1427.18 975.88
522.408 1527.25 1427.25 975.9
522.435 1527.32 1427.32 975.92
522.462 1527.39 1427.39 975.94
522.489 1527.46 1427.46 975.96
522.516 1527.53 1427.53 975.98
522.543 1527.6 1427.6 976
522.57 1527.67 1427.67 976.02
522.597 1527.74 1427.74 976.04
522.624 1527.81 1427.81 976.06
522.651 1527.88 1427.88 976.08
522.678 1527.95 1427.95 976.1
522.704 1528.02 1428.02 976.12
522.731 1528.09 1428.09 976.14
522.758 1528.16 1428.16 976.16
522.785 1528.24 1428.24 976.18
522.812 1528.31 1428.31 976.2
522.839 1528.38 1428.38 976.22
522.866 1528.45 1428.45 976.24
522.893 1528.52 1428.52 976.26
522.92 1528.59 1428.59 976.28
522.947 1528.66 1428.66 976.3
522.974 1528.73 1428.73 976.32
523 1528.8 1428.8 976.34
523.027 1528.87 1428.87 976.36
523.054 1528.94 1428.94 976.38
523.081 1529.01 1429.01 976.4
523.108 1529.08 1429.08 976.42
523.135 1529.15 1429.15 976.44
523.161 1529.22 1429.22 976.46
523.188 1529.29 1429.29 976.48
523.215 1529.36 1429.36 976.5
523.242 1529.43 1429.43 976.52
523.269 1529.5 1429.5 976.54
523.295 1529.57 1429.57 976.56
523.322 1529.64 1429.64 976.58
523.349 1529.71 1429.71 976.6
523.376 1529.78 1429.78 976.62
523.402 1529.86 1429.86 976.64
523.429 1529.93 1429.93 976.66
523.456 1530 1430 976.68
523.483 1530.07 1430.07 976.7
523.509 1530.14 1430.14 976.72
523.536 1530.21 1430.21 976.74
523.563 1530.28 1430.28 976.76
523.589 1530.35 1430.35 976.78
523.616 1530.42 1430.42 976.8
523.643 1530.49 1430.49 976.82
523.669 1530.56 1430.56 976.84
523.696 1530.63 1430.63 976.86
523.723 1530.7 1430.7 976.88
523.749 1530.77 1430.77 976.9
523.776 1530.84 1430.84 976.92
523.802 1530.91 1430.91 976.94
523.829 1530.98 1430.98 976.96
523.856 1531.05 1431.05 976.98
523.882 1531.12 1431.12 977
523.909 1531.19 1431.19 977.02
523.935 1531.26 1431.26 977.04
523.962 1531.33 1431.33 977.06
523.989 1531.41 1431.41 977.08
524.015 1531.48 1431.48 977.1
524.042 1531.55 1431.55 977.12
524.068 1531.62 1431.62 977.14
524.095 1531.69 1431.69 977.16
524.121 1531.76 1431.76 977.18
524.148 1531.83 1431.83 977.2
524.174 1531.9 1431.9 977.22
524.201 1531.97 1431.97 977.24
524.227 1532.04 1432.04 977.26
524.254 1532.11 1432.11 977.28
524.28 1532.18 1432.18 977.3
524.307 1532.25 1432.25 977.32
524.333 1532.32 1432.32 977.34
524.36 1532.39 1432.39 977.36
524.386 1532.46 1432.46 977.38
524.413 1532.53 1432.53 977.4
524.439 1532.6 1432.6 977.42
524.465 1532.67 1432.67 977.44
524.492 1532.74 1432.74 977.46
524.518 1532.81 1432.81 977.48
524.545 1532.88 1432.88 977.5
524.571 1532.96 1432.96 977.52
524.597 1533.03 1433.03 977.54
524.624 1533.1 1433.1 977.56
524.65 1533.17 1433.17 977.58
524.677 1533.24 1433.24 977.6
524.703 1533.31 1433.31 977.62
524.729 1533.38 1433.38 977.64
524.756 1533.45 1433.45 977.66
524.782 1533.52 1433.52 977.68
524.808 1533.59 1433.59 977.7
524.835 1533.66 1433.66 977.72
524.861 1533.73 1433.73 977.74
524.887 1533.8 1433.8 977.76
524.913 1533.87 1433.87 977.78
524.94 1533.94 1433.94 977.8
524.966 1534.01 1434.01 977.82
524.992 1534.08 1434.08 977.84
525.018 1534.15 1434.15 977.86
525.045 1534.22 1434.22 977.88
525.071 1534.29 1434.29 977.9
525.097 1534.36 1434.36 977.92
525.123 1534.43 1434.43 977.94
525.15 1534.51 1434.51 977.96
525.176 1534.58 1434.58 977.98
525.202 1534.65 1434.65 978
525.228 1534.72 1434.72 978.02
525.254 1534.79 1434.79 978.04
525.28 1534.86 1434.86 978.06
525.307 1534.93 1434.93 978.08
525.333 1535 1435 978.1
525.359 1535.07 1435.07 978.12
525.385 1535.14 1435.14 978.14
525.411 1535.21 1435.21 978.16
525.437 1535.28 1435.28 978.18
525.463 1535.35 1435.35 978.2
525.49 1535.42 1435.42 978.22
525.516 1535.49 1435.49 978.24
525.542 1535.56 1435.56 978.26
525.568 1535.63 1435.63 978.28
525.594 1535.7 1435.7 978.3
525.62 1535.77 1435.77 978.32
525.646 1535.84 1435.84 978.34
525.672 1535.91 1435.91 978.36
525.698 1535.98 1435.98 978.38
525.724 1536.06 1436.06 978.4
525.75 1536.13 1436.13 978.42
525.776 1536.2 1436.2 978.44
525.802 1536.27 1436.27 978.46
525.828 1536.34 1436.34 978.48
525.854 1536.41 1436.41 978.5
525.88 1536.48 1436.48 978.52
525.906 1536.55 1436.55 978.54
525.932 1536.62 1436.62 978.56
525.958 1536.69 1436.69 978.58
525.984 1536.76 1436.76 978.6
526.01 1536.83 1436.83 978.62
526.036 1536.9 1436.9 978.64
526.062 1536.97 1436.97 978.66
526.088 1537.04 1437.04 978.68
526.113 1537.11 1437.11 978.7
526.139 1537.18 1437.18 978.72
526.165 1537.25 1437.25 978.74
526.191 1537.32 1437.32 978.76
526.217 1537.39 1437.39 978.78
526.243 1537.46 1437.46 978.8
526.269 1537.53 1437.53 978.82
526.294 1537.61 1437.61 978.84
526.32 1537.68 1437.68 978.86
526.346 1537.75 1437.75 978.88
526.372 1537.82 1437.82 978.9
526.398 1537.89 1437.89 978.92
526.424 1537.96 1437.96 978.94
526.449 1538.03 1438.03 978.96
526.475 1538.1 1438.1 978.98
526.501 1538.17 1438.17 979
526.527 1538.24 1438.24 979.02
526.552 1538.31 1438.31 979.04
526.578 1538.38 1438.38 979.06
526.604 1538.45 1438.45 979.08
526.63 1538.52 1438.52 979.1
526.655 1538.59 1438.59 979.12
526.681 1538.66 1438.66 979.14
526.707 1538.73 1438.73 979.16
526.732 1538.8 1438.8 979.18
526.758 1538.87 1438.87 979.2
526.784 1538.94 1438.94 979.22
526.81 1539.01 1439.01 979.24
526.835 1539.08 1439.08 979.26
526.861 1539.16 1439.16 979.28
526.886 1539.23 1439.23 979.3
526.912 1539.3 1439.3 979.32
526.938 1539.37 1439.37 979.34
526.963 1539.44 1439.44 979.36
526.989 1539.51 1439.51 979.38
527.015 1539.58 1439.58 979.4
527.04 1539.65 1439.65 979.42
527.066 1539.72 1439.72 979.44
527.091 1539.79 1439.79 979.46
527.117 1539.86 1439.86 979.48
527.142 1539.93 1439.93 979.5
527.168 1540 1440 979.52
527.194 1540.07 1440.07 979.54
527.219 1540.14 1440.14 979.56
527.245 1540.21 1440.21 979.58
527.27 1540.28 1440.28 979.6
527.296 1540.35 1440.35 979.62
527.321 1540.42 1440.42 979.64
527.347 1540.49 1440.49 979.66
527.372 1540.56 1440.56 979.68
527.397 1540.63 1440.63 979.7
527.423 1540.71 1440.71 979.72
527.448 1540.78 1440.78 979.74
527.474 1540.85 1440.85 979.76
527.499 1540.92 1440.92 979.78
527.525 1540.99 1440.99 979.8
527.55 1541.06 1441.06 979.82
527.576 1541.13 1441.13 979.84
527.601 1541.2 1441.2 979.86
527.626 1541.27 1441.27 979.88
527.652 1541.34 1441.34 979.9
527.677 1541.41 1441.41 979.92
527.702 1541.48 1441.48 979.94
527.728 1541.55 1441.55 979.96
527.753 1541.62 1441.62 979.98
527.778 1541.69 1441.69 980
527.804 1541.76 1441.76 980.02
527.829 1541.83 1441.83 980.04
527.854 1541.9 1441.9 980.06
527.88 1541.97 1441.97 980.08
527.905 1542.04 1442.04 980.1
527.93 1542.11 1442.11 980.12
527.956 1542.18 1442.18 980.14
527.981 1542.25 1442.25 980.16
528.006 1542.33 1442.33 980.18
528.031 1542.4 1442.4 980.2
528.057 1542.47 1442.47 980.22
528.082 1542.54 1442.54 980.24
528.107 1542.61 1442.61 980.26
528.132 1542.68 1442.68 980.28
528.157 1542.75 1442.75 980.3
528.183 1542.82 1442.82 980.32
528.208 1542.89 1442.89 980.34
528.233 1542.96 1442.96 980.36
528.258 1543.03 1443.03 980.38
528.283 1543.1 1443.1 980.4
528.309 1543.17 1443.17 980.42
528.334 1543.24 1443.24 980.44
528.359 1543.31 1443.31 980.46
528.384 1543.38 1443.38 980.48
528.409 1543.45 1443.45 980.5
528.434 1543.52 1443.52 980.52
528.459 1543.59 1443.59 980.54
528.484 1543.66 1443.66 980.56
528.509 1543.73 1443.73 980.58
528.534 1543.8 1443.8 980.6
528.56 1543.88 1443.88 980.62
528.585 1543.95 1443.95 980.64
528.61 1544.02 1444.02 980.66
528.635 1544.09 1444.09 980.68
528.66 1544.16 1444.16 980.7
528.685 1544.23 1444.23 980.72
528.71 1544.3 1444.3 980.74
528.735 1544.37 1444.37 980.76
528.76 1544.44 1444.44 980.78
528.785 1544.51 1444.51 980.8
528.81 1544.58 1444.58 980.82
528.835 1544.65 1444.65 980.84
528.86 1544.72 1444.72 980.86
528.884 1544.79 1444.79 980.88
528.909 1544.86 1444.86 980.9
528.934 1544.93 1444.93 980.92
528.959 1545 1445 980.94
528.984 1545.07 1445.07 980.96
529.009 1545.14 1445.14 980.98
529.034 1545.21 1445.21 981
529.059 1545.28 1445.28 981.02
529.084 1545.35 1445.35 981.04
529.109 1545.43 1445.43 981.06
529.133 1545.5 1445.5 981.08
529.158 1545.57 1445.57 981.1
529.183 1545.64 1445.64 981.12
529.208 1545.71 1445.71 981.14
529.233 1545.78 1445.78 981.16
529.258 1545.85 1445.85 981.18
529.282 1545.92 1445.92 981.2
529.307 1545.99 1445.99 981.22
529.332 1546.06 1446.06 981.24
529.357 1546.13 1446.13 981.26
529.381 1546.2 1446.2 981.28
529.406 1546.27 1446.27 981.3
529.431 1546.34 1446.34 981.32
529.456 1546.41 1446.41 981.34
529.48 1546.48 1446.48 981.36
529.505 1546.55 1446.55 981.38
529.53 1546.62 1446.62 981.4
529.554 1546.69 1446.69 981.42
529.579 1546.76 1446.76 981.44
529.604 1546.83 1446.83 981.46
529.629 1546.9 1446.9 981.48
529.653 1546.98 1446.98 981.5
529.678 1547.05 1447.05 981.52
529.702 1547.12 1447.12 981.54
529.727 1547.19 1447.19 981.56
529.752 1547.26 1447.26 981.58
529.776 1547.33 1447.33 981.6
529.801 1547.4 1447.4 981.62
529.826 1547.47 1447.47 981.64
529.85 1547.54 1447.54 981.66
529.875 1547.61 1447.61 981.68
529.899 1547.68 1447.68 981.7
529.924 1547.75 1447.75 981.72
529.948 1547.82 1447.82 981.74
529.973 1547.89 1447.89 981.76
529.997 1547.96 1447.96 981.78
530.022 1548.03 1448.03 981.8
530.046 1548.1 1448.1 981.82
530.071 1548.17 1448.17 981.84
530.095 1548.24 1448.24 981.86
530.12 1548.31 1448.31 981.88
530.144 1548.38 1448.38 981.9
530.169 1548.45 1448.45 981.92
530.193 1548.53 1448.53 981.94
530.218 1548.6 1448.6 981.96
530.242 1548.67 1448.67 981.98
530.267 1548.74 1448.74 982
530.291 1548.81 1448.81 982.02
530.315 1548.88 1448.88 982.04
530.34 1548.95 1448.95 982.06
530.364 1549.02 1449.02 982.08
530.389 1549.09 1449.09 982.1
530.413 1549.16 1449.16 982.12
530.437 1549.23 1449.23 982.14
530.462 1549.3 1449.3 982.16
530.486 1549.37 1449.37 982.18
530.51 1549.44 1449.44 982.2
530.535 1549.51 1449.51 982.22
530.559 1549.58 1449.58 982.24
530.583 1549.65 1449.65 982.26
530.608 1549.72 1449.72 982.28
530.632 1549.79 1449.79 982.3
530.656 1549.86 1449.86 982.32
530.68 1549.93 1449.93 982.34
530.705 1550 1450 982.36
530.729 1550.08 1450.08 982.38
530.753 1550.15 1450.15 982.4
530.777 1550.22 1450.22 982.42
530.802 1550.29 1450.29 982.44
530.826 1550.36 1450.36 982.46
530.85 1550.43 1450.43 982.48
530.874 1550.5 1450.5 982.5
530.898 1550.57 1450.57 982.52
530.922 1550.64 1450.64 982.54
530.947 1550.71 1450.71 982.56
530.971 1550.78 1450.78 982.58
530.995 1550.85 1450.85 982.6
531.019 1550.92 1450.92 982.62
531.043 1550.99 1450.99 982.64
531.067 1551.06 1451.06 982.66
531.091 1551.13 1451.13 982.68
531.115 1551.2 1451.2 982.7
531.14 1551.27 1451.27 982.72
531.164 1551.34 1451.34 982.74
531.188 1551.41 1451.41 982.76
531.212 1551.48 1451.48 982.78
531.236 1551.55 1451.55 982.8
531.26 1551.63 1451.63 982.82
531.284 1551.7 1451.7 982.84
531.308 1551.77 1451.77 982.86
531.332 1551.84 1451.84 982.88
531.356 1551.91 1451.91 982.9
531.38 1551.98 1451.98 982.92
531.404 1552.05 1452.05 982.94
531.428 1552.12 1452.12 982.96
531.452 1552.19 1452.19 982.98
531.476 1552.26 1452.26 983
531.5 1552.33 1452.33 983.02
531.524 1552.4 1452.4 983.04
531.548 1552.47 1452.47 983.06
531.571 1552.54 1452.54 983.08
531.595 1552.61 1452.61 983.1
531.619 1552.68 1452.68 983.12
531.643 1552.75 1452.75 983.14
531.667 1552.82 1452.82 983.16
531.691 1552.89 1452.89 983.18
531.715 1552.96 1452.96 983.2
531.739 1553.03 1453.03 983.22
531.762 1553.1 1453.1 983.24
531.786 1553.18 1453.18 983.26
531.81 1553.25 1453.25 983.28
531.834 1553.32 1453.32 983.3
531.858 1553.39 1453.39 983.32
531.881 1553.46 1453.46 983.34
531.905 1553.53 1453.53 983.36
531.929 1553.6 1453.6 983.38
531.953 1553.67 1453.67 983.4
531.976 1553.74 1453.74 983.42
532 1553.81 1453.81 983.44
532.024 1553.88 1453.88 983.46
532.048 1553.95 1453.95 983.48
532.071 1554.02 1454.02 983.5
532.095 1554.09 1454.09 983.52
532.119 1554.16 1454.16 983.54
532.142 1554.23 1454.23 983.56
532.166 1554.3 1454.3 983.58
532.19 1554.37 1454.37 983.6
532.213 1554.44 1454.44 983.62
532.237 1554.51 1454.51 983.64
532.261 1554.58 1454.58 983.66
532.284 1554.65 1454.65 983.68
532.308 1554.73 1454.73 983.7
532.331 1554.8 1454.8 983.72
532.355 1554.87 1454.87 983.74
532.378 1554.94 1454.94 983.76
532.402 1555.01 1455.01 983.78
532.426 1555.08 1455.08 983.8
532.449 1555.15 1455.15 983.82
532.473 1555.22 1455.22 983.84
532.496 1555.29 1455.29 983.86
532.52 1555.36 1455.36 983.88
532.543 1555.43 1455.43 983.9
532.567 1555.5 1455.5 983.92
532.59 1555.57 1455.57 983.94
532.614 1555.64 1455.64 983.96
532.637 1555.71 1455.71 983.98
532.661 1555.78 1455.78 984
532.684 1555.85 1455.85 984.02
532.707 1555.92 1455.92 984.04
532.731 1555.99 1455.99 984.06
532.754 1556.06 1456.06 984.08
532.778 1556.13 1456.13 984.1
532.801 1556.2 1456.2 984.12
532.825 1556.27 1456.27 984.14
532.848 1556.35 1456.35 984.16
532.871 1556.42 1456.42 984.18
532.895 1556.49 1456.49 984.2
532.918 1556.56 1456.56 984.22
532.941 1556.63 1456.63 984.24
532.965 1556.7 1456.7 984.26
532.988 1556.77 1456.77 984.28
533.011 1556.84 1456.84 984.3
533.035 1556.91 1456.91 984.32
533.058 1556.98 1456.98 984.34
533.081 1557.05 1457.05 984.36
533.104 1557.12 1457.12 984.38
533.128 1557.19 1457.19 984.4
533.151 1557.26 1457.26 984.42
533.174 1557.33 1457.33 984.44
533.197 1557.4 1457.4 984.46
533.221 1557.47 1457.47 984.48
533.244 1557.54 1457.54 984.5
533.267 1557.61 1457.61 984.52
533.29 1557.68 1457.68 984.54
533.313 1557.75 1457.75 984.56
533.336 1557.82 1457.82 984.58
533.36 1557.9 1457.9 984.6
533.383 1557.97 1457.97 984.62
533.406 1558.04 1458.04 984.64
533.429 1558.11 1458.11 984.66
533.452 1558.18 1458.18 984.68
533.475 1558.25 1458.25 984.7
533.498 1558.32 1458.32 984.72
533.521 1558.39 1458.39 984.74
533.544 1558.46 1458.46 984.76
533.568 1558.53 1458.53 984.78
533.591 1558.6 1458.6 984.8
533.614 1558.67 1458.67 984.82
533.637 1558.74 1458.74 984.84
533.66 1558.81 1458.81 984.86
533.683 1558.88 1458.88 984.88
533.706 1558.95 1458.95 984.9
533.729 1559.02 1459.02 984.92
533.752 1559.09 1459.09 984.94
533.775 1559.16 1459.16 984.96
533.798 1559.23 1459.23 984.98
533.821 1559.3 1459.3 985
533.843 1559.37 1459.37 985.02
533.866 1559.45 1459.45 985.04
533.889 1559.52 1459.52 985.06
533.912 1559.59 1459.59 985.08
533.935 1559.66 1459.66 985.1
533.958 1559.73 1459.73 985.12
533.981 1559.8 1459.8 985.14
534.004 1559.87 1459.87 985.16
534.027 1559.94 1459.94 985.18
534.049 1560.01 1460.01 985.2
534.072 1560.08 1460.08 985.22
534.095 1560.15 1460.15 985.24
534.118 1560.22 1460.22 985.26
534.141 1560.29 1460.29 985.28
534.164 1560.36 1460.36 985.3
534.186 1560.43 1460.43 985.32
534.209 1560.5 1460.5 985.34
534.232 1560.57 1460.57 985.36
534.255 1560.64 1460.64 985.38
534.277 1560.71 1460.71 985.4
534.3 1560.78 1460.78 985.42
534.323 1560.85 1460.85 985.44
534.346 1560.92 1460.92 985.46
534.368 1561 1461 985.48
534.391 1561.07 1461.07 985.5
534.414 1561.14 1461.14 985.52
534.436 1561.21 1461.21 985.54
534.459 1561.28 1461.28 985.56
534.482 1561.35 1461.35 985.58
534.504 1561.42 1461.42 985.6
534.527 1561.49 1461.49 985.62
534.549 1561.56 1461.56 985.64
534.572 1561.63 1461.63 985.66
534.595 1561.7 1461.7 985.68
534.617 1561.77 1461.77 985.7
534.64 1561.84 1461.84 985.72
534.662 1561.91 1461.91 985.74
534.685 1561.98 1461.98 985.76
534.708 1562.05 1462.05 985.78
534.73 1562.12 1462.12 985.8
534.753 1562.19 1462.19 985.82
534.775 1562.26 1462.26 985.84
534.798 1562.33 1462.33 985.86
534.82 1562.4 1462.4 985.88
534.843 1562.47 1462.47 985.9
534.865 1562.55 1462.55 985.92
534.887 1562.62 1462.62 985.94
534.91 1562.69 1462.69 985.96
534.932 1562.76 1462.76 985.98
534.955 1562.83 1462.83 986
534.977 1562.9 1462.9 986.02
535 1562.97 1462.97 986.04
535.022 1563.04 1463.04 986.06
535.044 1563.11 1463.11 986.08
535.067 1563.18 1463.18 986.1
535.089 1563.25 1463.25 986.12
535.112 1563.32 1463.32 986.14
535.134 1563.39 1463.39 986.16
535.156 1563.46 1463.46 986.18
535.179 1563.53 1463.53 986.2
535.201 1563.6 1463.6 986.22
535.223 1563.67 1463.67 986.24
535.245 1563.74 1463.74 986.26
535.268 1563.81 1463.81 986.28
535.29 1563.88 1463.88 986.3
535.312 1563.95 1463.95 986.32
535.334 1564.02 1464.02 986.34
535.357 1564.1 1464.1 986.36
535.379 1564.17 1464.17 986.38
535.401 1564.24 1464.24 986.4
535.423 1564.31 1464.31 986.42
535.446 1564.38 1464.38 986.44
535.468 1564.45 1464.45 986.46
535.49 1564.52 1464.52 986.48
535.512 1564.59 1464.59 986.5
535.534 1564.66 1464.66 986.52
535.556 1564.73 1464.73 986.54
535.579 1564.8 1464.8 986.56
535.601 1564.87 1464.87 986.58
535.623 1564.94 1464.94 986.6
535.645 1565.01 1465.01 986.62
535.667 1565.08 1465.08 986.64
535.689 1565.15 1465.15 986.66
535.711 1565.22 1465.22 986.68
535.733 1565.29 1465.29 986.7
535.755 1565.36 1465.36 986.72
535.777 1565.43 1465.43 986.74
535.799 1565.5 1465.5 986.76
535.821 1565.57 1465.57 986.78
535.843 1565.65 1465.65 986.8
535.865 1565.72 1465.72 986.82
535.887 1565.79 1465.79 986.84
535.909 1565.86 1465.86 986.86
535.931 1565.93 1465.93 986.88
535.953 1566 1466 986.9
535.975 1566.07 1466.07 986.92
535.997 1566.14 1466.14 986.94
536.019 1566.21 1466.21 986.96
536.041 1566.28 1466.28 986.98
536.063 1566.35 1466.35 987
536.085 1566.42 1466.42 987.02
536.106 1566.49 1466.49 987.04
536.128 1566.56 1466.56 987.06
536.15 1566.63 1466.63 987.08
536.172 1566.7 1466.7 987.1
536.194 1566.77 1466.77 987.12
536.216 1566.84 1466.84 987.14
536.237 1566.91 1466.91 987.16
536.259 1566.98 1466.98 987.18
536.281 1567.05 1467.05 987.2
536.303 1567.12 1467.12 987.22
536.325 1567.2 1467.2 987.24
536.346 1567.27 1467.27 987.26
536.368 1567.34 1467.34 987.28
536.39 1567.41 1467.41 987.3
536.412 1567.48 1467.48 987.32
536.433 1567.55 1467.55 987.34
536.455 1567.62 1467.62 987.36
536.477 1567.69 1467.69 987.38
536.498 1567.76 1467.76 987.4
536.52 1567.83 1467.83 987.42
536.542 1567.9 1467.9 987.44
536.563 1567.97 1467.97 987.46
536.585 1568.04 1468.04 987.48
536.607 1568.11 1468.11 987.5
536.628 1568.18 1468.18 987.52
536.65 1568.25 1468.25 987.54
536.671 1568.32 1468.32 987.56
536.693 1568.39 1468.39 987.58
536.714 1568.46 1468.46 987.6
536.736 1568.53 1468.53 987.62
536.758 1568.6 1468.6 987.64
536.779 1568.67 1468.67 987.66
536.801 1568.75 1468.75 987.68
536.822 1568.82 1468.82 987.7
536.844 1568.89 1468.89 987.72
536.865 1568.96 1468.96 987.74
536.887 1569.03 1469.03 987.76
536.908 1569.1 1469.1 987.78
536.93 1569.17 1469.17 987.8
536.951 1569.24 1469.24 987.82
536.972 1569.31 1469.31 987.84
536.994 1569.38 1469.38 987.86
537.015 1569.45 1469.45 987.88
537.037 1569.52 1469.52 987.9
537.058 1569.59 1469.59 987.92
537.079 1569.66 1469.66 987.94
537.101 1569.73 1469.73 987.96
537.122 1569.8 1469.8 987.98
537.144 1569.87 1469.87 988
537.165 1569.94 1469.94 988.02
537.186 1570.01 1470.01 988.04
537.207 1570.08 1470.08 988.06
537.229 1570.15 1470.15 988.08
537.25 1570.22 1470.22 988.1
537.271 1570.29 1470.29 988.12
537.293 1570.37 1470.37 988.14
537.314 1570.44 1470.44 988.16
537.335 1570.51 1470.51 988.18
537.356 1570.58 1470.58 988.2
537.378 1570.65 1470.65 988.22
537.399 1570.72 1470.72 988.24
537.42 1570.79 1470.79 988.26
537.441 1570.86 1470.86 988.28
537.462 1570.93 1470.93 988.3
537.484 1571 1471 988.32
537.505 1571.07 1471.07 988.34
537.526 1571.14 1471.14 988.36
537.547 1571.21 1471.21 988.38
537.568 1571.28 1471.28 988.4
537.589 1571.35 1471.35 988.42
537.61 1571.42 1471.42 988.44
537.631 1571.49 1471.49 988.46
537.652 1571.56 1471.56 988.48
537.674 1571.63 1471.63 988.5
537.695 1571.7 1471.7 988.52
537.716 1571.77 1471.77 988.54
537.737 1571.84 1471.84 988.56
537.758 1571.92 1471.92 988.58
537.779 1571.99 1471.99 988.6
537.8 1572.06 1472.06 988.62
537.821 1572.13 1472.13 988.64
537.842 1572.2 1472.2 988.66
537.863 1572.27 1472.27 988.68
537.884 1572.34 1472.34 988.7
537.905 1572.41 1472.41 988.72
537.925 1572.48 1472.48 988.74
537.946 1572.55 1472.55 988.76
537.967 1572.62 1472.62 988.78
537.988 1572.69 1472.69 988.8
538.009 1572.76 1472.76 988.82
538.03 1572.83 1472.83 988.84
538.051 1572.9 1472.9 988.86
538.072 1572.97 1472.97 988.88
538.092 1573.04 1473.04 988.9
538.113 1573.11 1473.11 988.92
538.134 1573.18 1473.18 988.94
538.155 1573.25 1473.25 988.96
538.176 1573.32 1473.32 988.98
538.197 1573.39 1473.39 989
538.217 1573.47 1473.47 989.02
538.238 1573.54 1473.54 989.04
538.259 1573.61 1473.61 989.06
538.28 1573.68 1473.68 989.08
538.3 1573.75 1473.75 989.1
538.321 1573.82 1473.82 989.12
538.342 1573.89 1473.89 989.14
538.362 1573.96 1473.96 989.16
538.383 1574.03 1474.03 989.18
538.404 1574.1 1474.1 989.2
538.424 1574.17 1474.17 989.22
538.445 1574.24 1474.24 989.24
538.466 1574.31 1474.31 989.26
538.486 1574.38 1474.38 989.28
538.507 1574.45 1474.45 989.3
538.527 1574.52 1474.52 989.32
538.548 1574.59 1474.59 989.34
538.569 1574.66 1474.66 989.36
538.589 1574.73 1474.73 989.38
538.61 1574.8 1474.8 989.4
538.63 1574.87 1474.87 989.42
538.651 1574.94 1474.94 989.44
538.671 1575.02 1475.02 989.46
538.692 1575.09 1475.09 989.48
538.712 1575.16 1475.16 989.5
538.733 1575.23 1475.23 989.52
538.753 1575.3 1475.3 989.54
538.774 1575.37 1475.37 989.56
538.794 1575.44 1475.44 989.58
538.815 1575.51 1475.51 989.6
538.835 1575.58 1475.58 989.62
538.856 1575.65 1475.65 989.64
538.876 1575.72 1475.72 989.66
538.896 1575.79 1475.79 989.68
538.917 1575.86 1475.86 989.7
538.937 1575.93 1475.93 989.72
538.957 1576 1476 989.74
538.978 1576.07 1476.07 989.76
538.998 1576.14 1476.14 989.78
539.018 1576.21 1476.21 989.8
539.039 1576.28 1476.28 989.82
539.059 1576.35 1476.35 989.84
539.079 1576.42 1476.42 989.86
539.1 1576.49 1476.49 989.88
539.12 1576.57 1476.57 989.9
539.14 1576.64 1476.64 989.92
539.16 1576.71 1476.71 989.94
539.181 1576.78 1476.78 989.96
539.201 1576.85 1476.85 989.98
539.221 1576.92 1476.92 990
539.241 1576.99 1476.99 990.02
539.261 1577.06 1477.06 990.04
539.282 1577.13 1477.13 990.06
539.302 1577.2 1477.2 990.08
539.322 1577.27 1477.27 990.1
539.342 1577.34 1477.34 990.12
539.362 1577.41 1477.41 990.14
539.382 1577.48 1477.48 990.16
539.402 1577.55 1477.55 990.18
539.422 1577.62 1477.62 990.2
539.442 1577.69 1477.69 990.22
539.463 1577.76 1477.76 990.24
539.483 1577.83 1477.83 990.26
539.503 1577.9 1477.9 990.28
539.523 1577.97 1477.97 990.3
539.543 1578.04 1478.04 990.32
539.563 1578.12 1478.12 990.34
539.583 1578.19 1478.19 990.36
539.603 1578.26 1478.26 990.38
539.623 1578.33 1478.33 990.4
539.643 1578.4 1478.4 990.42
539.663 1578.47 1478.47 990.44
539.682 1578.54 1478.54 990.46
539.702 1578.61 1478.61 990.48
539.722 1578.68 1478.68 990.5
539.742 1578.75 1478.75 990.52
539.762 1578.82 1478.82 990.54
539.782 1578.89 1478.89 990.56
539.802 1578.96 1478.96 990.58
539.822 1579.03 1479.03 990.6
539.842 1579.1 1479.1 990.62
539.861 1579.17 1479.17 990.64
539.881 1579.24 1479.24 990.66
539.901 1579.31 1479.31 990.68
539.921 1579.38 1479.38 990.7
539.941 1579.45 1479.45 990.72
539.96 1579.52 1479.52 990.74
539.98 1579.59 1479.59 990.76
540 1579.67 1479.67 990.78
540.02 1579.74 1479.74 990.8
540.039 1579.81 1479.81 990.82
540.059 1579.88 1479.88 990.84
540.079 1579.95 1479.95 990.86
540.098 1580.02 1480.02 990.88
540.118 1580.09 1480.09 990.9
540.138 1580.16 1480.16 990.92
540.157 1580.23 1480.23 990.94
540.177 1580.3 1480.3 990.96
540.197 1580.37 1480.37 990.98
540.216 1580.44 1480.44 991
540.236 1580.51 1480.51 991.02
540.255 1580.58 1480.58 991.04
540.275 1580.65 1480.65 991.06
540.295 1580.72 1480.72 991.08
540.314 1580.79 1480.79 991.1
540.334 1580.86 1480.86 991.12
540.353 1580.93 1480.93 991.14
540.373 1581 1481 991.16
540.392 1581.07 1481.07 991.18
540.412 1581.14 1481.14 991.2
540.431 1581.22 1481.22 991.22
540.451 1581.29 1481.29 991.24
540.47 1581.36 1481.36 991.26
540.49 1581.43 1481.43 991.28
540.509 1581.5 1481.5 991.3
540.528 1581.57 1481.57 991.32
540.548 1581.64 1481.64 991.34
540.567 1581.71 1481.71 991.36
540.587 1581.78 1481.78 991.38
540.606 1581.85 1481.85 991.4
540.625 1581.92 1481.92 991.42
540.645 1581.99 1481.99 991.44
540.664 1582.06 1482.06 991.46
540.683 1582.13 1482.13 991.48
540.703 1582.2 1482.2 991.5
540.722 1582.27 1482.27 991.52
540.741 1582.34 1482.34 991.54
540.761 1582.41 1482.41 991.56
540.78 1582.48 1482.48 991.58
540.799 1582.55 1482.55 991.6
540.818 1582.62 1482.62 991.62
540.838 1582.69 1482.69 991.64
540.857 1582.77 1482.77 991.66
540.876 1582.84 1482.84 991.68
540.895 1582.91 1482.91 991.7
540.914 1582.98 1482.98 991.72
540.934 1583.05 1483.05 991.74
540.953 1583.12 1483.12 991.76
540.972 1583.19 1483.19 991.78
540.991 1583.26 1483.26 991.8
541.01 1583.33 1483.33 991.82
541.029 1583.4 1483.4 991.84
541.048 1583.47 1483.47 991.86
541.067 1583.54 1483.54 991.88
541.086 1583.61 1483.61 991.9
541.105 1583.68 1483.68 991.92
541.125 1583.75 1483.75 991.94
541.144 1583.82 1483.82 991.96
541.163 1583.89 1483.89 991.98
541.182 1583.96 1483.96 992
541.201 1584.03 1484.03 992.02
541.22 1584.1 1484.1 992.04
541.239 1584.17 1484.17 992.06
541.257 1584.24 1484.24 992.08
541.276 1584.31 1484.31 992.1
541.295 1584.39 1484.39 992.12
541.314 1584.46 1484.46 992.14
541.333 1584.53 1484.53 992.16
541.352 1584.6 1484.6 992.18
541.371 1584.67 1484.67 992.2
541.39 1584.74 1484.74 992.22
541.409 1584.81 1484.81 992.24
541.428 1584.88 1484.88 992.26
541.446 1584.95 1484.95 992.28
541.465 1585.02 1485.02 992.3
541.484 1585.09 1485.09 992.32
541.503 1585.16 1485.16 992.34
541.522 1585.23 1485.23 992.36
541.54 1585.3 1485.3 992.38
541.559 1585.37 1485.37 992.4
541.578 1585.44 1485.44 992.42
541.597 1585.51 1485.51 992.44
541.615 1585.58 1485.58 992.46
541.634 1585.65 1485.65 992.48
541.653 1585.72 1485.72 992.5
541.671 1585.79 1485.79 992.52
541.69 1585.86 1485.86 992.54
541.709 1585.94 1485.94 992.56
541.727 1586.01 1486.01 992.58
541.746 1586.08 1486.08 992.6
541.765 1586.15 1486.15 992.62
541.783 1586.22 1486.22 992.64
541.802 1586.29 1486.29 992.66
541.821 1586.36 1486.36 992.68
541.839 1586.43 1486.43 992.7
541.858 1586.5 1486.5 992.72
541.876 1586.57 1486.57 992.74
541.895 1586.64 1486.64 992.76
541.913 1586.71 1486.71 992.78
541.932 1586.78 1486.78 992.8
541.95 1586.85 1486.85 992.82
541.969 1586.92 1486.92 992.84
541.987 1586.99 1486.99 992.86
542.006 1587.06 1487.06 992.88
542.024 1587.13 1487.13 992.9
542.043 1587.2 1487.2 992.92
542.061 1587.27 1487.27 992.94
542.079 1587.34 1487.34 992.96
542.098 1587.41 1487.41 992.98
542.116 1587.49 1487.49 993
542.135 1587.56 1487.56 993.02
542.153 1587.63 1487.63 993.04
542.171 1587.7 1487.7 993.06
542.19 1587.77 1487.77 993.08
542.208 1587.84 1487.84 993.1
542.226 1587.91 1487.91 993.12
542.245 1587.98 1487.98 993.14
542.263 1588.05 1488.05 993.16
542.281 1588.12 1488.12 993.18
542.299 1588.19 1488.19 993.2
542.318 1588.26 1488.26 993.22
542.336 1588.33 1488.33 993.24
542.354 1588.4 1488.4 993.26
542.372 1588.47 1488.47 993.28
542.391 1588.54 1488.54 993.3
542.409 1588.61 1488.61 993.32
542.427 1588.68 1488.68 993.34
542.445 1588.75 1488.75 993.36
542.463 1588.82 1488.82 993.38
542.481 1588.89 1488.89 993.4
542.5 1588.96 1488.96 993.42
542.518 1589.04 1489.04 993.44
542.536 1589.11 1489.11 993.46
542.554 1589.18 1489.18 993.48
542.572 1589.25 1489.25 993.5
542.59 1589.32 1489.32 993.52
542.608 1589.39 1489.39 993.54
542.626 1589.46 1489.46 993.56
542.644 1589.53 1489.53 993.58
542.662 1589.6 1489.6 993.6
542.68 1589.67 1489.67 993.62
542.698 1589.74 1489.74 993.64
542.716 1589.81 1489.81 993.66
542.734 1589.88 1489.88 993.68
542.752 1589.95 1489.95 993.7
542.77 1590.02 1490.02 993.72
542.788 1590.09 1490.09 993.74
542.806 1590.16 1490.16 993.76
542.824 1590.23 1490.23 993.78
542.841 1590.3 1490.3 993.8
542.859 1590.37 1490.37 993.82
542.877 1590.44 1490.44 993.84
542.895 1590.51 1490.51 993.86
542.913 1590.59 1490.59 993.88
542.931 1590.66 1490.66 993.9
542.948 1590.73 1490.73 993.92
542.966 1590.8 1490.8 993.94
542.984 1590.87 1490.87 993.96
543.002 1590.94 1490.94 993.98
543.02 1591.01 1491.01 994
543.037 1591.08 1491.08 994.02
543.055 1591.15 1491.15 994.04
543.073 1591.22 1491.22 994.06
543.09 1591.29 1491.29 994.08
543.108 1591.36 1491.36 994.1
543.126 1591.43 1491.43 994.12
543.143 1591.5 1491.5 994.14
543.161 1591.57 1491.57 994.16
543.179 1591.64 1491.64 994.18
543.196 1591.71 1491.71 994.2
543.214 1591.78 1491.78 994.22
543.232 1591.85 1491.85 994.24
543.249 1591.92 1491.92 994.26
543.267 1591.99 1491.99 994.28
543.284 1592.06 1492.06 994.3
543.302 1592.14 1492.14 994.32
543.319 1592.21 1492.21 994.34
543.337 1592.28 1492.28 994.36
543.354 1592.35 1492.35 994.38
543.372 1592.42 1492.42 994.4
543.389 1592.49 1492.49 994.42
543.407 1592.56 1492.56 994.44
543.424 1592.63 1492.63 994.46
543.442 1592.7 1492.7 994.48
543.459 1592.77 1492.77 994.5
543.477 1592.84 1492.84 994.52
543.494 1592.91 1492.91 994.54
543.511 1592.98 1492.98 994.56
543.529 1593.05 1493.05 994.58
543.546 1593.12 1493.12 994.6
543.564 1593.19 1493.19 994.62
543.581 1593.26 1493.26 994.64
543.598 1593.33 1493.33 994.66
543.616 1593.4 1493.4 994.68
543.633 1593.47 1493.47 994.7
543.65 1593.54 1493.54 994.72
543.667 1593.61 1493.61 994.74
543.685 1593.69 1493.69 994.76
543.702 1593.76 1493.76 994.78
543.719 1593.83 1493.83 994.8
543.736 1593.9 1493.9 994.82
543.754 1593.97 1493.97 994.84
543.771 1594.04 1494.04 994.86
543.788 1594.11 1494.11 994.88
543.805 1594.18 1494.18 994.9
543.822 1594.25 1494.25 994.92
543.839 1594.32 1494.32 994.94
543.857 1594.39 1494.39 994.96
543.874 1594.46 1494.46 994.98
543.891 1594.53 1494.53 995
543.908 1594.6 1494.6 995.02
543.925 1594.67 1494.67 995.04
543.942 1594.74 1494.74 995.06
543.959 1594.81 1494.81 995.08
543.976 1594.88 1494.88 995.1
543.993 1594.95 1494.95 995.12
544.01 1595.02 1495.02 995.14
544.027 1595.09 1495.09 995.16
544.044 1595.16 1495.16 995.18
544.061 1595.24 1495.24 995.2
544.078 1595.31 1495.31 995.22
544.095 1595.38 1495.38 995.24
544.112 1595.45 1495.45 995.26
544.129 1595.52 1495.52 995.28
544.146 1595.59 1495.59 995.3
544.163 1595.66 1495.66 995.32
544.18 1595.73 1495.73 995.34
544.196 1595.8 1495.8 995.36
544.213 1595.87 1495.87 995.38
544.23 1595.94 1495.94 995.4
544.247 1596.01 1496.01 995.42
544.264 1596.08 1496.08 995.44
544.281 1596.15 1496.15 995.46
544.297 1596.22 1496.22 995.48
544.314 1596.29 1496.29 995.5
544.331 1596.36 1496.36 995.52
544.348 1596.43 1496.43 995.54
544.364 1596.5 1496.5 995.56
544.381 1596.57 1496.57 995.58
544.398 1596.64 1496.64 995.6
544.415 1596.71 1496.71 995.62
544.431 1596.79 1496.79 995.64
544.448 1596.86 1496.86 995.66
544.465 1596.93 1496.93 995.68
544.481 1597 1497 995.7
544.498 1597.07 1497.07 995.72
544.514 1597.14 1497.14 995.74
544.531 1597.21 1497.21 995.76
544.548 1597.28 1497.28 995.78
544.564 1597.35 1497.35 995.8
544.581 1597.42 1497.42 995.82
544.597 1597.49 1497.49 995.84
544.614 1597.56 1497.56 995.86
544.63 1597.63 1497.63 995.88
544.647 1597.7 1497.7 995.9
544.663 1597.77 1497.77 995.92
544.68 1597.84 1497.84 995.94
544.696 1597.91 1497.91 995.96
544.713 1597.98 1497.98 995.98
544.729 1598.05 1498.05 996
544.746 1598.12 1498.12 996.02
544.762 1598.19 1498.19 996.04
544.778 1598.26 1498.26 996.06
544.795 1598.33 1498.33 996.08
544.811 1598.41 1498.41 996.1
544.828 1598.48 1498.48 996.12
544.844 1598.55 1498.55 996.14
544.86 1598.62 1498.62 996.16
544.877 1598.69 1498.69 996.18
544.893 1598.76 1498.76 996.2
544.909 1598.83 1498.83 996.22
544.926 1598.9 1498.9 996.24
544.942 1598.97 1498.97 996.26
544.958 1599.04 1499.04 996.28
544.974 1599.11 1499.11 996.3
544.991 1599.18 1499.18 996.32
545.007 1599.25 1499.25 996.34
545.023 1599.32 1499.32 996.36
545.039 1599.39 1499.39 996.38
545.055 1599.46 1499.46 996.4
545.071 1599.53 1499.53 996.42
545.088 1599.6 1499.6 996.44
545.104 1599.67 1499.67 996.46
545.12 1599.74 1499.74 996.48
545.136 1599.81 1499.81 996.5
545.152 1599.88 1499.88 996.52
545.168 1599.96 1499.96 996.54
545.184 1600.03 1500.03 996.56
545.2 1600.1 1500.1 996.58
545.216 1600.17 1500.17 996.6
545.232 1600.24 1500.24 996.62
545.248 1600.31 1500.31 996.64
545.264 1600.38 1500.38 996.66
545.28 1600.45 1500.45 996.68
545.296 1600.52 1500.52 996.7
545.312 1600.59 1500.59 996.72
545.328 1600.66 1500.66 996.74
545.344 1600.73 1500.73 996.76
545.36 1600.8 1500.8 996.78
545.376 1600.87 1500.87 996.8
545.392 1600.94 1500.94 996.82
545.408 1601.01 1501.01 996.84
545.424 1601.08 1501.08 996.86
545.439 1601.15 1501.15 996.88
545.455 1601.22 1501.22 996.9
545.471 1601.29 1501.29 996.92
545.487 1601.36 1501.36 996.94
545.503 1601.43 1501.43 996.96
545.518 1601.51 1501.51 996.98
545.534 1601.58 1501.58 997
545.55 1601.65 1501.65 997.02
545.566 1601.72 1501.72 997.04
545.581 1601.79 1501.79 997.06
545.597 1601.86 1501.86 997.08
545.613 1601.93 1501.93 997.1
545.628 1602 1502 997.12
545.644 1602.07 1502.07 997.14
545.66 1602.14 1502.14 997.16
545.675 1602.21 1502.21 997.18
545.691 1602.28 1502.28 997.2
545.707 1602.35 1502.35 997.22
545.722 1602.42 1502.42 997.24
545.738 1602.49 1502.49 997.26
545.753 1602.56 1502.56 997.28
545.769 1602.63 1502.63 997.3
545.785 1602.7 1502.7 997.32
545.8 1602.77 1502.77 997.34
545.816 1602.84 1502.84 997.36
545.831 1602.91 1502.91 997.38
545.847 1602.98 1502.98 997.4
545.862 1603.06 1503.06 997.42
545.878 1603.13 1503.13 997.44
545.893 1603.2 1503.2 997.46
545.908 1603.27 1503.27 997.48
545.924 1603.34 1503.34 997.5
545.939 1603.41 1503.41 997.52
545.955 1603.48 1503.48 997.54
545.97 1603.55 1503.55 997.56
545.985 1603.62 1503.62 997.58
546.001 1603.69 1503.69 997.6
546.016 1603.76 1503.76 997.62
546.031 1603.83 1503.83 997.64
546.047 1603.9 1503.9 997.66
546.062 1603.97 1503.97 997.68
546.077 1604.04 1504.04 997.7
546.093 1604.11 1504.11 997.72
546.108 1604.18 1504.18 997.74
546.123 1604.25 1504.25 997.76
546.138 1604.32 1504.32 997.78
546.154 1604.39 1504.39 997.8
546.169 1604.46 1504.46 997.82
546.184 1604.53 1504.53 997.84
546.199 1604.61 1504.61 997.86
546.214 1604.68 1504.68 997.88
546.229 1604.75 1504.75 997.9
546.245 1604.82 1504.82 997.92
546.26 1604.89 1504.89 997.94
546.275 1604.96 1504.96 997.96
546.29 1605.03 1505.03 997.98
546.305 1605.1 1505.1 998
546.32 1605.17 1505.17 998.02
546.335 1605.24 1505.24 998.04
546.35 1605.31 1505.31 998.06
546.365 1605.38 1505.38 998.08
546.38 1605.45 1505.45 998.1
546.395 1605.52 1505.52 998.12
546.41 1605.59 1505.59 998.14
546.425 1605.66 1505.66 998.16
546.44 1605.73 1505.73 998.18
546.455 1605.8 1505.8 998.2
546.47 1605.87 1505.87 998.22
546.485 1605.94 1505.94 998.24
546.5 1606.01 1506.01 998.26
546.514 1606.08 1506.08 998.28
546.529 1606.16 1506.16 998.3
546.544 1606.23 1506.23 998.32
546.559 1606.3 1506.3 998.34
546.574 1606.37 1506.37 998.36
546.589 1606.44 1506.44 998.38
546.603 1606.51 1506.51 998.4
546.618 1606.58 1506.58 998.42
546.633 1606.65 1506.65 998.44
546.648 1606.72 1506.72 998.46
546.663 1606.79 1506.79 998.48
546.677 1606.86 1506.86 998.5
546.692 1606.93 1506.93 998.52
546.707 1607 1507 998.54
546.721 1607.07 1507.07 998.56
546.736 1607.14 1507.14 998.58
546.751 1607.21 1507.21 998.6
546.765 1607.28 1507.28 998.62
546.78 1607.35 1507.35 998.64
546.795 1607.42 1507.42 998.66
546.809 1607.49 1507.49 998.68
546.824 1607.56 1507.56 998.7
546.838 1607.63 1507.63 998.72
546.853 1607.71 1507.71 998.74
546.867 1607.78 1507.78 998.76
546.882 1607.85 1507.85 998.78
546.896 1607.92 1507.92 998.8
546.911 1607.99 1507.99 998.82
546.925 1608.06 1508.06 998.84
546.94 1608.13 1508.13 998.86
546.954 1608.2 1508.2 998.88
546.969 1608.27 1508.27 998.9
546.983 1608.34 1508.34 998.92
546.998 1608.41 1508.41 998.94
547.012 1608.48 1508.48 998.96
547.026 1608.55 1508.55 998.98
547.041 1608.62 1508.62 999
547.055 1608.69 1508.69 999.02
547.069 1608.76 1508.76 999.04
547.084 1608.83 1508.83 999.06
547.098 1608.9 1508.9 999.08
547.112 1608.97 1508.97 999.1
547.127 1609.04 1509.04 999.12
547.141 1609.11 1509.11 999.14
547.155 1609.18 1509.18 999.16
547.169 1609.26 1509.26 999.18
547.184 1609.33 1509.33 999.2
547.198 1609.4 1509.4 999.22
547.212 1609.47 1509.47 999.24
547.226 1609.54 1509.54 999.26
547.24 1609.61 1509.61 999.28
547.255 1609.68 1509.68 999.3
547.269 1609.75 1509.75 999.32
547.283 1609.82 1509.82 999.34
547.297 1609.89 1509.89 999.36
547.311 1609.96 1509.96 999.38
547.325 1610.03 1510.03 999.4
547.339 1610.1 1510.1 999.42
547.353 1610.17 1510.17 999.44
547.367 1610.24 1510.24 999.46
547.381 1610.31 1510.31 999.48
547.395 1610.38 1510.38 999.5
547.409 1610.45 1510.45 999.52
547.423 1610.52 1510.52 999.54
547.437 1610.59 1510.59 999.56
547.451 1610.66 1510.66 999.58
547.465 1610.73 1510.73 999.6
547.479 1610.8 1510.8 999.62
547.493 1610.88 1510.88 999.64
547.507 1610.95 1510.95 999.66
547.521 1611.02 1511.02 999.68
547.535 1611.09 1511.09 999.7
547.548 1611.16 1511.16 999.72
547.562 1611.23 1511.23 999.74
547.576 1611.3 1511.3 999.76
547.59 1611.37 1511.37 999.78
547.604 1611.44 1511.44 999.8
547.618 1611.51 1511.51 999.82
547.631 1611.58 1511.58 999.84
547.645 1611.65 1511.65 999.86
547.659 1611.72 1511.72 999.88
547.673 1611.79 1511.79 999.9
547.686 1611.86 1511.86 999.92
547.7 1611.93 1511.93 999.94
547.714 1612 1512 999.96
547.727 1612.07 1512.07 999.98
547.741 1612.14 1512.14 1000
