524.008 734.852 634.852 640
525.494 735.669 635.669 640.09
526.976 736.486 636.486 640.18
528.457 737.304 637.304 640.27
529.934 738.121 638.121 640.36
531.409 738.938 638.938 640.45
532.881 739.755 639.755 640.54
534.35 740.573 640.573 640.63
535.817 741.39 641.39 640.72
537.28 742.207 642.207 640.81
538.742 743.024 643.024 640.9
540.2 743.841 643.841 640.99
541.656 744.659 644.659 641.08
543.109 745.476 645.476 641.17
544.559 746.293 646.293 641.26
546.007 747.11 647.11 641.35
547.452 747.928 647.928 641.44
548.894 748.745 648.745 641.53
550.334 749.562 649.562 641.62
551.771 750.379 650.379 641.71
553.205 751.196 651.196 641.8
554.637 752.014 652.014 641.89
556.066 752.831 652.831 641.98
557.492 753.648 653.648 642.07
558.916 754.465 654.465 642.16
560.337 755.282 655.282 642.25
561.756 756.1 656.1 642.34
563.171 756.917 656.917 642.43
564.585 757.734 657.734 642.52
565.995 758.551 658.551 642.61
567.403 759.369 659.369 642.7
568.809 760.186 660.186 642.79
570.212 761.003 661.003 642.88
571.612 761.82 661.82 642.97
573.01 762.637 662.637 643.06
574.405 763.455 663.455 643.15
575.797 764.272 664.272 643.24
577.187 765.089 665.089 643.33
578.574 765.906 665.906 643.42
579.959 766.724 666.724 643.51
581.341 767.541 667.541 643.6
582.721 768.358 668.358 643.69
584.098 769.175 669.175 643.78
585.473 769.992 669.992 643.87
586.845 770.81 670.81 643.96
588.215 771.627 671.627 644.05
589.582 772.444 672.444 644.14
590.946 773.261 673.261 644.23
592.308 774.079 674.079 644.32
593.667 774.896 674.896 644.41
595.024 775.713 675.713 644.5
596.379 776.53 676.53 644.59
597.731 777.347 677.347 644.68
599.08 778.165 678.165 644.77
600.427 778.982 678.982 644.86
601.772 779.799 679.799 644.95
603.114 780.616 680.616 645.04
604.453 781.434 681.434 645.13
605.79 782.251 682.251 645.22
607.125 783.068 683.068 645.31
608.457 783.885 683.885 645.4
609.787 784.702 684.702 645.49
611.114 785.52 685.52 645.58
612.439 786.337 686.337 645.67
613.761 787.154 687.154 645.76
615.081 787.971 687.971 645.85
616.398 788.789 688.789 645.94
617.714 789.606 689.606 646.03
619.026 790.423 690.423 646.12
620.336 791.24 691.24 646.21
621.644 792.057 692.057 646.3
622.95 792.875 692.875 646.39
624.253 793.692 693.692 646.48
625.553 794.509 694.509 646.57
626.852 795.326 695.326 646.66
628.148 796.143 696.143 646.75
629.441 796.961 696.961 646.84
630.732 797.778 697.778 646.93
632.021 798.595 698.595 647.02
633.307 799.412 699.412 647.11
634.591 800.23 700.23 647.2
635.873 801.047 701.047 647.29
637.152 801.864 701.864 647.38
638.429 802.681 702.681 647.47
639.704 803.498 703.498 647.56
640.976 804.316 704.316 647.65
642.246 805.133 705.133 647.74
643.514 805.95 705.95 647.83
644.78 806.767 706.767 647.92
646.043 807.585 707.585 648.01
647.303 808.402 708.402 648.1
648.562 809.219 709.219 648.19
649.818 810.036 710.036 648.28
651.072 810.853 710.853 648.37
652.323 811.671 711.671 648.46
653.573 812.488 712.488 648.55
654.82 813.305 713.305 648.64
656.064 814.122 714.122 648.73
657.307 814.94 714.94 648.82
658.547 815.757 715.757 648.91
659.785 816.574 716.574 649
661.021 817.391 717.391 649.09
662.254 818.208 718.208 649.18
663.485 819.026 719.026 649.27
664.714 819.843 719.843 649.36
665.941 820.66 720.66 649.45
667.165 821.477 721.477 649.54
668.388 822.295 722.295 649.63
669.608 823.112 723.112 649.72
670.826 823.929 723.929 649.81
672.041 824.746 724.746 649.9
673.255 825.563 725.563 649.99
674.466 826.381 726.381 650.08
675.675 827.198 727.198 650.17
676.882 828.015 728.015 650.26
678.086 828.832 728.832 650.35
679.289 829.65 729.65 650.44
680.489 830.467 730.467 650.53
681.687 831.284 731.284 650.62
682.883 832.101 732.101 650.71
684.077 832.918 732.918 650.8
685.269 833.736 733.736 650.89
686.458 834.553 734.553 650.98
687.646 835.37 735.37 651.07
688.831 836.187 736.187 651.16
690.014 837.004 737.004 651.25
691.195 837.822 737.822 651.34
692.374 838.639 738.639 651.43
693.551 839.456 739.456 651.52
694.725 840.273 740.273 651.61
695.898 841.091 741.091 651.7
697.068 841.908 741.908 651.79
698.237 842.725 742.725 651.88
699.403 843.542 743.542 651.97
700.567 844.359 744.359 652.06
701.729 845.177 745.177 652.15
702.889 845.994 745.994 652.24
704.047 846.811 746.811 652.33
705.203 847.628 747.628 652.42
706.357 848.446 748.446 652.51
707.508 849.263 749.263 652.6
708.658 850.08 750.08 652.69
709.806 850.897 750.897 652.78
710.951 851.714 751.714 652.87
712.095 852.532 752.532 652.96
713.236 853.349 753.349 653.05
714.376 854.166 754.166 653.14
715.513 854.983 754.983 653.23
716.649 855.801 755.801 653.32
717.782 856.618 756.618 653.41
718.914 857.435 757.435 653.5
720.043 858.252 758.252 653.59
721.17 859.069 759.069 653.68
722.296 859.887 759.887 653.77
723.419 860.704 760.704 653.86
724.541 861.521 761.521 653.95
725.66 862.338 762.338 654.04
726.778 863.156 763.156 654.13
727.893 863.973 763.973 654.22
729.007 864.79 764.79 654.31
730.118 865.607 765.607 654.4
731.228 866.424 766.424 654.49
732.336 867.242 767.242 654.58
733.442 868.059 768.059 654.67
734.545 868.876 768.876 654.76
735.647 869.693 769.693 654.85
736.747 870.511 770.511 654.94
737.845 871.328 771.328 655.03
738.941 872.145 772.145 655.12
740.036 872.962 772.962 655.21
741.128 873.779 773.779 655.3
742.218 874.597 774.597 655.39
743.307 875.414 775.414 655.48
744.393 876.231 776.231 655.57
745.478 877.048 777.048 655.66
746.561 877.865 777.865 655.75
747.642 878.683 778.683 655.84
748.721 879.5 779.5 655.93
749.798 880.317 780.317 656.02
750.874 881.134 781.134 656.11
751.947 881.952 781.952 656.2
753.019 882.769 782.769 656.29
754.088 883.586 783.586 656.38
755.156 884.403 784.403 656.47
756.223 885.22 785.22 656.56
757.287 886.038 786.038 656.65
758.349 886.855 786.855 656.74
759.41 887.672 787.672 656.83
760.469 888.489 788.489 656.92
761.526 889.307 789.307 657.01
762.581 890.124 790.124 657.1
763.634 890.941 790.941 657.19
764.686 891.758 791.758 657.28
765.736 892.575 792.575 657.37
766.784 893.393 793.393 657.46
767.83 894.21 794.21 657.55
768.874 895.027 795.027 657.64
769.917 895.844 795.844 657.73
770.958 896.662 796.662 657.82
771.997 897.479 797.479 657.91
773.034 898.296 798.296 658
774.07 899.113 799.113 658.09
775.104 899.93 799.93 658.18
776.136 900.748 800.748 658.27
777.166 901.565 801.565 658.36
778.195 902.382 802.382 658.45
779.222 903.199 803.199 658.54
780.247 904.017 804.017 658.63
781.271 904.834 804.834 658.72
782.292 905.651 805.651 658.81
783.312 906.468 806.468 658.9
784.331 907.285 807.285 658.99
785.347 908.103 808.103 659.08
786.362 908.92 808.92 659.17
787.376 909.737 809.737 659.26
788.387 910.554 810.554 659.35
789.397 911.372 811.372 659.44
790.405 912.189 812.189 659.53
791.412 913.006 813.006 659.62
792.417 913.823 813.823 659.71
793.42 914.64 814.64 659.8
794.422 915.458 815.458 659.89
795.422 916.275 816.275 659.98
796.42 917.092 817.092 660.07
797.417 917.909 817.909 660.16
798.412 918.726 818.726 660.25
799.405 919.544 819.544 660.34
800.397 920.361 820.361 660.43
801.387 921.178 821.178 660.52
802.376 921.995 821.995 660.61
803.363 922.813 822.813 660.7
804.348 923.63 823.63 660.79
805.332 924.447 824.447 660.88
806.314 925.264 825.264 660.97
807.294 926.081 826.081 661.06
808.273 926.899 826.899 661.15
809.251 927.716 827.716 661.24
810.226 928.533 828.533 661.33
811.201 929.35 829.35 661.42
812.173 930.168 830.168 661.51
813.145 930.985 830.985 661.6
814.114 931.802 831.802 661.69
815.082 932.619 832.619 661.78
816.049 933.436 833.436 661.87
817.014 934.254 834.254 661.96
817.977 935.071 835.071 662.05
818.939 935.888 835.888 662.14
819.899 936.705 836.705 662.23
820.858 937.523 837.523 662.32
821.815 938.34 838.34 662.41
822.771 939.157 839.157 662.5
823.725 939.974 839.974 662.59
824.678 940.791 840.791 662.68
825.63 941.609 841.609 662.77
826.579 942.426 842.426 662.86
827.528 943.243 843.243 662.95
828.475 944.06 844.06 663.04
829.42 944.878 844.878 663.13
830.364 945.695 845.695 663.22
831.306 946.512 846.512 663.31
832.247 947.329 847.329 663.4
833.187 948.146 848.146 663.49
834.125 948.964 848.964 663.58
835.062 949.781 849.781 663.67
835.997 950.598 850.598 663.76
836.931 951.415 851.415 663.85
837.863 952.233 852.233 663.94
838.794 953.05 853.05 664.03
839.723 953.867 853.867 664.12
840.651 954.684 854.684 664.21
841.578 955.501 855.501 664.3
842.503 956.319 856.319 664.39
843.427 957.136 857.136 664.48
844.35 957.953 857.953 664.57
845.271 958.77 858.77 664.66
846.191 959.587 859.587 664.75
847.109 960.405 860.405 664.84
848.026 961.222 861.222 664.93
848.941 962.039 862.039 665.02
849.856 962.856 862.856 665.11
850.768 963.674 863.674 665.2
851.68 964.491 864.491 665.29
852.59 965.308 865.308 665.38
853.499 966.125 866.125 665.47
854.406 966.942 866.942 665.56
855.313 967.76 867.76 665.65
856.217 968.577 868.577 665.74
857.121 969.394 869.394 665.83
858.023 970.211 870.211 665.92
858.924 971.029 871.029 666.01
859.823 971.846 871.846 666.1
860.722 972.663 872.663 666.19
861.619 973.48 873.48 666.28
862.514 974.297 874.297 666.37
863.409 975.115 875.115 666.46
864.302 975.932 875.932 666.55
865.193 976.749 876.749 666.64
866.084 977.566 877.566 666.73
866.973 978.384 878.384 666.82
867.861 979.201 879.201 666.91
868.748 980.018 880.018 667
869.633 980.835 880.835 667.09
870.518 981.652 881.652 667.18
871.401 982.47 882.47 667.27
872.282 983.287 883.287 667.36
873.163 984.104 884.104 667.45
874.042 984.921 884.921 667.54
874.92 985.739 885.739 667.63
875.797 986.556 886.556 667.72
876.673 987.373 887.373 667.81
877.547 988.19 888.19 667.9
878.42 989.007 889.007 667.99
879.292 989.825 889.825 668.08
880.163 990.642 890.642 668.17
881.033 991.459 891.459 668.26
881.901 992.276 892.276 668.35
882.768 993.094 893.094 668.44
883.634 993.911 893.911 668.53
884.499 994.728 894.728 668.62
885.363 995.545 895.545 668.71
886.226 996.362 896.362 668.8
887.087 997.18 897.18 668.89
887.947 997.997 897.997 668.98
888.807 998.814 898.814 669.07
889.665 999.631 899.631 669.16
890.521 1000.45 900.449 669.25
891.377 1001.27 901.266 669.34
892.232 1002.08 902.083 669.43
893.085 1002.9 902.9 669.52
893.938 1003.72 903.717 669.61
894.789 1004.53 904.535 669.7
895.639 1005.35 905.352 669.79
896.488 1006.17 906.169 669.88
897.336 1006.99 906.986 669.97
898.183 1007.8 907.803 670.06
899.029 1008.62 908.621 670.15
899.873 1009.44 909.438 670.24
900.717 1010.26 910.255 670.33
901.56 1011.07 911.072 670.42
902.401 1011.89 911.89 670.51
903.242 1012.71 912.707 670.6
904.081 1013.52 913.524 670.69
904.919 1014.34 914.341 670.78
905.757 1015.16 915.158 670.87
906.593 1015.98 915.976 670.96
907.428 1016.79 916.793 671.05
908.262 1017.61 917.61 671.14
909.095 1018.43 918.427 671.23
909.928 1019.24 919.245 671.32
910.759 1020.06 920.062 671.41
911.589 1020.88 920.879 671.5
912.418 1021.7 921.696 671.59
913.246 1022.51 922.513 671.68
914.073 1023.33 923.331 671.77
914.899 1024.15 924.148 671.86
915.724 1024.97 924.965 671.95
916.549 1025.78 925.782 672.04
917.372 1026.6 926.6 672.13
918.194 1027.42 927.417 672.22
919.015 1028.23 928.234 672.31
919.836 1029.05 929.051 672.4
920.655 1029.87 929.868 672.49
921.473 1030.69 930.686 672.58
922.291 1031.5 931.503 672.67
923.107 1032.32 932.32 672.76
923.923 1033.14 933.137 672.85
924.738 1033.95 933.955 672.94
925.551 1034.77 934.772 673.03
926.364 1035.59 935.589 673.12
927.176 1036.41 936.406 673.21
927.987 1037.22 937.223 673.3
928.797 1038.04 938.041 673.39
929.606 1038.86 938.858 673.48
930.414 1039.68 939.675 673.57
931.222 1040.49 940.492 673.66
932.028 1041.31 941.31 673.75
932.834 1042.13 942.127 673.84
933.639 1042.94 942.944 673.93
934.443 1043.76 943.761 674.02
935.246 1044.58 944.578 674.11
936.048 1045.4 945.396 674.2
936.849 1046.21 946.213 674.29
937.649 1047.03 947.03 674.38
938.449 1047.85 947.847 674.47
939.248 1048.66 948.664 674.56
940.046 1049.48 949.482 674.65
940.843 1050.3 950.299 674.74
941.639 1051.12 951.116 674.83
942.434 1051.93 951.933 674.92
943.229 1052.75 952.751 675.01
944.023 1053.57 953.568 675.1
944.816 1054.39 954.385 675.19
945.608 1055.2 955.202 675.28
946.4 1056.02 956.019 675.37
947.19 1056.84 956.837 675.46
947.98 1057.65 957.654 675.55
948.769 1058.47 958.471 675.64
949.557 1059.29 959.288 675.73
950.345 1060.11 960.106 675.82
951.132 1060.92 960.923 675.91
951.918 1061.74 961.74 676
952.703 1062.56 962.557 676.09
953.487 1063.37 963.374 676.18
954.271 1064.19 964.192 676.27
955.054 1065.01 965.009 676.36
955.836 1065.83 965.826 676.45
956.618 1066.64 966.643 676.54
957.399 1067.46 967.461 676.63
958.179 1068.28 968.278 676.72
958.958 1069.09 969.095 676.81
959.737 1069.91 969.912 676.9
960.515 1070.73 970.729 676.99
961.292 1071.55 971.547 677.08
962.069 1072.36 972.364 677.17
962.845 1073.18 973.181 677.26
963.62 1074 973.998 677.35
964.394 1074.82 974.816 677.44
965.168 1075.63 975.633 677.53
965.941 1076.45 976.45 677.62
966.714 1077.27 977.267 677.71
967.486 1078.08 978.084 677.8
968.257 1078.9 978.902 677.89
969.027 1079.72 979.719 677.98
969.797 1080.54 980.536 678.07
970.567 1081.35 981.353 678.16
971.335 1082.17 982.171 678.25
972.103 1082.99 982.988 678.34
972.87 1083.8 983.805 678.43
973.637 1084.62 984.622 678.52
974.403 1085.44 985.439 678.61
975.169 1086.26 986.257 678.7
975.934 1087.07 987.074 678.79
976.698 1087.89 987.891 678.88
977.462 1088.71 988.708 678.97
978.225 1089.53 989.525 679.06
978.987 1090.34 990.343 679.15
979.749 1091.16 991.16 679.24
980.511 1091.98 991.977 679.33
981.272 1092.79 992.794 679.42
982.032 1093.61 993.612 679.51
982.792 1094.43 994.429 679.6
983.551 1095.25 995.246 679.69
984.309 1096.06 996.063 679.78
985.067 1096.88 996.88 679.87
985.825 1097.7 997.698 679.96
986.582 1098.51 998.515 680.05
987.338 1099.33 999.332 680.14
988.094 1100.15 1000.15 680.23
988.849 1100.97 1000.97 680.32
989.604 1101.78 1001.78 680.41
990.358 1102.6 1002.6 680.5
991.112 1103.42 1003.42 680.59
991.865 1104.24 1004.24 680.68
992.618 1105.05 1005.05 680.77
993.37 1105.87 1005.87 680.86
994.121 1106.69 1006.69 680.95
994.872 1107.5 1007.5 681.04
995.623 1108.32 1008.32 681.13
996.372 1109.14 1009.14 681.22
997.121 1109.96 1009.96 681.31
997.87 1110.77 1010.77 681.4
998.618 1111.59 1011.59 681.49
999.366 1112.41 1012.41 681.58
1000.11 1113.22 1013.22 681.67
1000.86 1114.04 1014.04 681.76
1001.6 1114.86 1014.86 681.85
1002.35 1115.68 1015.68 681.94
1003.09 1116.49 1016.49 682.03
1003.84 1117.31 1017.31 682.12
1004.58 1118.13 1018.13 682.21
1005.32 1118.95 1018.95 682.3
1006.07 1119.76 1019.76 682.39
1006.81 1120.58 1020.58 682.48
1007.55 1121.4 1021.4 682.57
1008.29 1122.21 1022.21 682.66
1009.03 1123.03 1023.03 682.75
1009.77 1123.85 1023.85 682.84
1010.51 1124.67 1024.67 682.93
1011.24 1125.48 1025.48 683.02
1011.98 1126.3 1026.3 683.11
1012.72 1127.12 1027.12 683.2
1013.45 1127.93 1027.93 683.29
1014.19 1128.75 1028.75 683.38
1014.92 1129.57 1029.57 683.47
1015.66 1130.39 1030.39 683.56
1016.39 1131.2 1031.2 683.65
1017.12 1132.02 1032.02 683.74
1017.85 1132.84 1032.84 683.83
1018.58 1133.66 1033.66 683.92
1019.32 1134.47 1034.47 684.01
1020.05 1135.29 1035.29 684.1
1020.77 1136.11 1036.11 684.19
1021.5 1136.92 1036.92 684.28
1022.23 1137.74 1037.74 684.37
1022.96 1138.56 1038.56 684.46
1023.68 1139.38 1039.38 684.55
1024.41 1140.19 1040.19 684.64
1025.14 1141.01 1041.01 684.73
1025.86 1141.83 1041.83 684.82
1026.58 1142.64 1042.64 684.91
1027.31 1143.46 1043.46 685
1028.03 1144.28 1044.28 685.09
1028.75 1145.1 1045.1 685.18
1029.47 1145.91 1045.91 685.27
1030.19 1146.73 1046.73 685.36
1030.91 1147.55 1047.55 685.45
1031.63 1148.37 1048.37 685.54
1032.35 1149.18 1049.18 685.63
1033.07 1150 1050 685.72
1033.78 1150.82 1050.82 685.81
1034.5 1151.63 1051.63 685.9
1035.21 1152.45 1052.45 685.99
1035.93 1153.27 1053.27 686.08
1036.64 1154.09 1054.09 686.17
1037.35 1154.9 1054.9 686.26
1038.07 1155.72 1055.72 686.35
1038.78 1156.54 1056.54 686.44
1039.49 1157.35 1057.35 686.53
1040.2 1158.17 1058.17 686.62
1040.91 1158.99 1058.99 686.71
1041.62 1159.81 1059.81 686.8
1042.32 1160.62 1060.62 686.89
1043.03 1161.44 1061.44 686.98
1043.74 1162.26 1062.26 687.07
1044.44 1163.08 1063.08 687.16
1045.15 1163.89 1063.89 687.25
1045.85 1164.71 1064.71 687.34
1046.55 1165.53 1065.53 687.43
1047.26 1166.34 1066.34 687.52
1047.96 1167.16 1067.16 687.61
1048.66 1167.98 1067.98 687.7
1049.36 1168.8 1068.8 687.79
1050.06 1169.61 1069.61 687.88
1050.76 1170.43 1070.43 687.97
1051.45 1171.25 1071.25 688.06
1052.15 1172.06 1072.06 688.15
1052.85 1172.88 1072.88 688.24
1053.54 1173.7 1073.7 688.33
1054.24 1174.52 1074.52 688.42
1054.93 1175.33 1075.33 688.51
1055.62 1176.15 1076.15 688.6
1056.31 1176.97 1076.97 688.69
1057 1177.79 1077.79 688.78
1057.69 1178.6 1078.6 688.87
1058.38 1179.42 1079.42 688.96
1059.07 1180.24 1080.24 689.05
1059.76 1181.05 1081.05 689.14
1060.45 1181.87 1081.87 689.23
1061.13 1182.69 1082.69 689.32
1061.82 1183.51 1083.51 689.41
1062.5 1184.32 1084.32 689.5
1063.19 1185.14 1085.14 689.59
1063.87 1185.96 1085.96 689.68
1064.55 1186.77 1086.77 689.77
1065.23 1187.59 1087.59 689.86
1065.91 1188.41 1088.41 689.95
1066.59 1189.23 1089.23 690.04
1067.27 1190.04 1090.04 690.13
1067.95 1190.86 1090.86 690.22
1068.62 1191.68 1091.68 690.31
1069.3 1192.5 1092.5 690.4
1069.97 1193.31 1093.31 690.49
1070.65 1194.13 1094.13 690.58
1071.32 1194.95 1094.95 690.67
1071.99 1195.76 1095.76 690.76
1072.66 1196.58 1096.58 690.85
1073.33 1197.4 1097.4 690.94
1074 1198.22 1098.22 691.03
1074.67 1199.03 1099.03 691.12
1075.34 1199.85 1099.85 691.21
1076.01 1200.67 1100.67 691.3
1076.67 1201.48 1101.48 691.39
1077.34 1202.3 1102.3 691.48
1078 1203.12 1103.12 691.57
1078.66 1203.94 1103.94 691.66
1079.33 1204.75 1104.75 691.75
1079.99 1205.57 1105.57 691.84
1080.65 1206.39 1106.39 691.93
1081.31 1207.21 1107.21 692.02
1081.96 1208.02 1108.02 692.11
1082.62 1208.84 1108.84 692.2
1083.28 1209.66 1109.66 692.29
1083.93 1210.47 1110.47 692.38
1084.59 1211.29 1111.29 692.47
1085.24 1212.11 1112.11 692.56
1085.9 1212.93 1112.93 692.65
1086.55 1213.74 1113.74 692.74
1087.2 1214.56 1114.56 692.83
1087.85 1215.38 1115.38 692.92
1088.5 1216.19 1116.19 693.01
1089.14 1217.01 1117.01 693.1
1089.79 1217.83 1117.83 693.19
1090.44 1218.65 1118.65 693.28
1091.08 1219.46 1119.46 693.37
1091.73 1220.28 1120.28 693.46
1092.37 1221.1 1121.1 693.55
1093.01 1221.92 1121.92 693.64
1093.65 1222.73 1122.73 693.73
1094.29 1223.55 1123.55 693.82
1094.93 1224.37 1124.37 693.91
1095.57 1225.18 1125.18 694
1096.21 1226 1126 694.09
1096.84 1226.82 1126.82 694.18
1097.48 1227.64 1127.64 694.27
1098.11 1228.45 1128.45 694.36
1098.74 1229.27 1129.27 694.45
1099.38 1230.09 1130.09 694.54
1100.01 1230.9 1130.9 694.63
1100.64 1231.72 1131.72 694.72
1101.27 1232.54 1132.54 694.81
1101.89 1233.36 1133.36 694.9
1102.52 1234.17 1134.17 694.99
1103.15 1234.99 1134.99 695.08
1103.77 1235.81 1135.81 695.17
1104.4 1236.63 1136.63 695.26
1105.02 1237.44 1137.44 695.35
1105.64 1238.26 1138.26 695.44
1106.26 1239.08 1139.08 695.53
1106.88 1239.89 1139.89 695.62
1107.5 1240.71 1140.71 695.71
1108.12 1241.53 1141.53 695.8
1108.73 1242.35 1142.35 695.89
1109.35 1243.16 1143.16 695.98
1109.96 1243.98 1143.98 696.07
1110.57 1244.8 1144.8 696.16
1111.19 1245.61 1145.61 696.25
1111.8 1246.43 1146.43 696.34
1112.41 1247.25 1147.25 696.43
1113.02 1248.07 1148.07 696.52
1113.62 1248.88 1148.88 696.61
1114.23 1249.7 1149.7 696.7
1114.84 1250.52 1150.52 696.79
1115.44 1251.34 1151.34 696.88
1116.04 1252.15 1152.15 696.97
1116.65 1252.97 1152.97 697.06
1117.25 1253.79 1153.79 697.15
1117.85 1254.6 1154.6 697.24
1118.45 1255.42 1155.42 697.33
1119.04 1256.24 1156.24 697.42
1119.64 1257.06 1157.06 697.51
1120.24 1257.87 1157.87 697.6
1120.83 1258.69 1158.69 697.69
1121.42 1259.51 1159.51 697.78
1122.02 1260.32 1160.32 697.87
1122.61 1261.14 1161.14 697.96
1123.2 1261.96 1161.96 698.05
1123.79 1262.78 1162.78 698.14
1124.37 1263.59 1163.59 698.23
1124.96 1264.41 1164.41 698.32
1125.55 1265.23 1165.23 698.41
1126.13 1266.05 1166.05 698.5
1126.71 1266.86 1166.86 698.59
1127.29 1267.68 1167.68 698.68
1127.88 1268.5 1168.5 698.77
1128.46 1269.31 1169.31 698.86
1129.03 1270.13 1170.13 698.95
1129.61 1270.95 1170.95 699.04
1130.19 1271.77 1171.77 699.13
1130.76 1272.58 1172.58 699.22
1131.34 1273.4 1173.4 699.31
1131.91 1274.22 1174.22 699.4
1132.48 1275.03 1175.03 699.49
1133.05 1275.85 1175.85 699.58
1133.62 1276.67 1176.67 699.67
1134.19 1277.49 1177.49 699.76
1134.75 1278.3 1178.3 699.85
1135.32 1279.12 1179.12 699.94
1135.88 1279.94 1179.94 700.03
1136.45 1280.75 1180.75 700.12
1137.01 1281.57 1181.57 700.21
1137.57 1282.39 1182.39 700.3
1138.13 1283.21 1183.21 700.39
1138.69 1284.02 1184.02 700.48
1139.24 1284.84 1184.84 700.57
1139.8 1285.66 1185.66 700.66
1140.35 1286.48 1186.48 700.75
1140.91 1287.29 1187.29 700.84
1141.46 1288.11 1188.11 700.93
1142.01 1288.93 1188.93 701.02
1142.56 1289.74 1189.74 701.11
1143.11 1290.56 1190.56 701.2
1143.66 1291.38 1191.38 701.29
1144.21 1292.2 1192.2 701.38
1144.75 1293.01 1193.01 701.47
1145.3 1293.83 1193.83 701.56
1145.84 1294.65 1194.65 701.65
1146.38 1295.46 1195.46 701.74
1146.92 1296.28 1196.28 701.83
1147.46 1297.1 1197.1 701.92
1148 1297.92 1197.92 702.01
1148.54 1298.73 1198.73 702.1
1149.08 1299.55 1199.55 702.19
1149.62 1300.37 1200.37 702.28
1150.15 1301.19 1201.19 702.37
1150.69 1302 1202 702.46
1151.22 1302.82 1202.82 702.55
1151.75 1303.64 1203.64 702.64
1152.28 1304.45 1204.45 702.73
1152.81 1305.27 1205.27 702.82
1153.34 1306.09 1206.09 702.91
1153.87 1306.91 1206.91 703
1154.4 1307.72 1207.72 703.09
1154.92 1308.54 1208.54 703.18
1155.45 1309.36 1209.36 703.27
1155.97 1310.17 1210.17 703.36
1156.5 1310.99 1210.99 703.45
1157.02 1311.81 1211.81 703.54
1157.54 1312.63 1212.63 703.63
1158.06 1313.44 1213.44 703.72
1158.58 1314.26 1214.26 703.81
1159.1 1315.08 1215.08 703.9
1159.62 1315.9 1215.9 703.99
1160.14 1316.71 1216.71 704.08
1160.65 1317.53 1217.53 704.17
1161.17 1318.35 1218.35 704.26
1161.68 1319.16 1219.16 704.35
1162.19 1319.98 1219.98 704.44
1162.71 1320.8 1220.8 704.53
1163.22 1321.62 1221.62 704.62
1163.73 1322.43 1222.43 704.71
1164.24 1323.25 1223.25 704.8
1164.75 1324.07 1224.07 704.89
1165.26 1324.88 1224.88 704.98
1165.77 1325.7 1225.7 705.07
1166.27 1326.52 1226.52 705.16
1166.78 1327.34 1227.34 705.25
1167.29 1328.15 1228.15 705.34
1167.79 1328.97 1228.97 705.43
1168.29 1329.79 1229.79 705.52
1168.8 1330.61 1230.61 705.61
1169.3 1331.42 1231.42 705.7
1169.8 1332.24 1232.24 705.79
1170.3 1333.06 1233.06 705.88
1170.8 1333.87 1233.87 705.97
1171.3 1334.69 1234.69 706.06
1171.8 1335.51 1235.51 706.15
1172.3 1336.33 1236.33 706.24
1172.79 1337.14 1237.14 706.33
1173.29 1337.96 1237.96 706.42
1173.79 1338.78 1238.78 706.51
1174.28 1339.59 1239.59 706.6
1174.78 1340.41 1240.41 706.69
1175.27 1341.23 1241.23 706.78
1175.76 1342.05 1242.05 706.87
1176.25 1342.86 1242.86 706.96
1176.75 1343.68 1243.68 707.05
1177.24 1344.5 1244.5 707.14
1177.73 1345.32 1245.32 707.23
1178.22 1346.13 1246.13 707.32
1178.71 1346.95 1246.95 707.41
1179.19 1347.77 1247.77 707.5
1179.68 1348.58 1248.58 707.59
1180.17 1349.4 1249.4 707.68
1180.66 1350.22 1250.22 707.77
1181.14 1351.04 1251.04 707.86
1181.63 1351.85 1251.85 707.95
1182.11 1352.67 1252.67 708.04
1182.6 1353.49 1253.49 708.13
1183.08 1354.3 1254.3 708.22
1183.56 1355.12 1255.12 708.31
1184.05 1355.94 1255.94 708.4
1184.53 1356.76 1256.76 708.49
1185.01 1357.57 1257.57 708.58
1185.49 1358.39 1258.39 708.67
1185.97 1359.21 1259.21 708.76
1186.45 1360.03 1260.03 708.85
1186.93 1360.84 1260.84 708.94
1187.41 1361.66 1261.66 709.03
1187.89 1362.48 1262.48 709.12
1188.37 1363.29 1263.29 709.21
1188.84 1364.11 1264.11 709.3
1189.32 1364.93 1264.93 709.39
1189.8 1365.75 1265.75 709.48
1190.27 1366.56 1266.56 709.57
1190.75 1367.38 1267.38 709.66
1191.22 1368.2 1268.2 709.75
1191.7 1369.01 1269.01 709.84
1192.17 1369.83 1269.83 709.93
1192.65 1370.65 1270.65 710.02
1193.12 1371.47 1271.47 710.11
1193.59 1372.28 1272.28 710.2
1194.07 1373.1 1273.1 710.29
1194.54 1373.92 1273.92 710.38
1195.01 1374.74 1274.74 710.47
1195.48 1375.55 1275.55 710.56
1195.95 1376.37 1276.37 710.65
1196.42 1377.19 1277.19 710.74
1196.89 1378 1278 710.83
1197.36 1378.82 1278.82 710.92
1197.83 1379.64 1279.64 711.01
1198.3 1380.46 1280.46 711.1
1198.77 1381.27 1281.27 711.19
1199.24 1382.09 1282.09 711.28
1199.71 1382.91 1282.91 711.37
1200.18 1383.72 1283.72 711.46
1200.64 1384.54 1284.54 711.55
1201.11 1385.36 1285.36 711.64
1201.58 1386.18 1286.18 711.73
1202.05 1386.99 1286.99 711.82
1202.51 1387.81 1287.81 711.91
1202.98 1388.63 1288.63 712
1203.44 1389.45 1289.45 712.09
1203.91 1390.26 1290.26 712.18
1204.38 1391.08 1291.08 712.27
1204.84 1391.9 1291.9 712.36
1205.31 1392.71 1292.71 712.45
1205.77 1393.53 1293.53 712.54
1206.24 1394.35 1294.35 712.63
1206.7 1395.17 1295.17 712.72
1207.16 1395.98 1295.98 712.81
1207.63 1396.8 1296.8 712.9
1208.09 1397.62 1297.62 712.99
1208.56 1398.43 1298.43 713.08
1209.02 1399.25 1299.25 713.17
1209.48 1400.07 1300.07 713.26
1209.95 1400.89 1300.89 713.35
1210.41 1401.7 1301.7 713.44
1210.87 1402.52 1302.52 713.53
1211.33 1403.34 1303.34 713.62
1211.8 1404.16 1304.16 713.71
1212.26 1404.97 1304.97 713.8
1212.72 1405.79 1305.79 713.89
1213.18 1406.61 1306.61 713.98
1213.64 1407.42 1307.42 714.07
1214.11 1408.24 1308.24 714.16
1214.57 1409.06 1309.06 714.25
1215.03 1409.88 1309.88 714.34
1215.49 1410.69 1310.69 714.43
1215.95 1411.51 1311.51 714.52
1216.41 1412.33 1312.33 714.61
1216.88 1413.14 1313.14 714.7
1217.34 1413.96 1313.96 714.79
1217.8 1414.78 1314.78 714.88
1218.26 1415.6 1315.6 714.97
1218.72 1416.41 1316.41 715.06
1219.18 1417.23 1317.23 715.15
1219.64 1418.05 1318.05 715.24
1220.1 1418.87 1318.87 715.33
1220.57 1419.68 1319.68 715.42
1221.03 1420.5 1320.5 715.51
1221.49 1421.32 1321.32 715.6
1221.95 1422.13 1322.13 715.69
1222.41 1422.95 1322.95 715.78
1222.87 1423.77 1323.77 715.87
1223.33 1424.59 1324.59 715.96
1223.79 1425.4 1325.4 716.05
1224.26 1426.22 1326.22 716.14
1224.72 1427.04 1327.04 716.23
1225.18 1427.85 1327.85 716.32
1225.64 1428.67 1328.67 716.41
1226.1 1429.49 1329.49 716.5
1226.56 1430.31 1330.31 716.59
1227.03 1431.12 1331.12 716.68
1227.49 1431.94 1331.94 716.77
1227.95 1432.76 1332.76 716.86
1228.41 1433.58 1333.58 716.95
1228.87 1434.39 1334.39 717.04
1229.34 1435.21 1335.21 717.13
1229.8 1436.03 1336.03 717.22
1230.26 1436.84 1336.84 717.31
1230.72 1437.66 1337.66 717.4
1231.19 1438.48 1338.48 717.49
1231.65 1439.3 1339.3 717.58
1232.11 1440.11 1340.11 717.67
1232.58 1440.93 1340.93 717.76
1233.04 1441.75 1341.75 717.85
1233.51 1442.56 1342.56 717.94
1233.97 1443.38 1343.38 718.03
1234.43 1444.2 1344.2 718.12
1234.9 1445.02 1345.02 718.21
1235.36 1445.83 1345.83 718.3
1235.83 1446.65 1346.65 718.39
1236.29 1447.47 1347.47 718.48
1236.76 1448.29 1348.29 718.57
1237.22 1449.1 1349.1 718.66
1237.69 1449.92 1349.92 718.75
1238.16 1450.74 1350.74 718.84
1238.62 1451.55 1351.55 718.93
1239.09 1452.37 1352.37 719.02
1239.56 1453.19 1353.19 719.11
1240.02 1454.01 1354.01 719.2
1240.49 1454.82 1354.82 719.29
1240.96 1455.64 1355.64 719.38
1241.43 1456.46 1356.46 719.47
1241.9 1457.27 1357.27 719.56
1242.37 1458.09 1358.09 719.65
1242.84 1458.91 1358.91 719.74
1243.31 1459.73 1359.73 719.83
1243.78 1460.54 1360.54 719.92
1244.25 1461.36 1361.36 720.01
1244.72 1462.18 1362.18 720.1
1245.19 1463 1363 720.19
1245.66 1463.81 1363.81 720.28
1246.13 1464.63 1364.63 720.37
1246.6 1465.45 1365.45 720.46
1247.07 1466.26 1366.26 720.55
1247.55 1467.08 1367.08 720.64
1248.02 1467.9 1367.9 720.73
1248.49 1468.72 1368.72 720.82
1248.97 1469.53 1369.53 720.91
1249.44 1470.35 1370.35 721
1249.91 1471.17 1371.17 721.09
1250.39 1471.98 1371.98 721.18
1250.86 1472.8 1372.8 721.27
1251.33 1473.62 1373.62 721.36
1251.81 1474.44 1374.44 721.45
1252.28 1475.25 1375.25 721.54
1252.76 1476.07 1376.07 721.63
1253.23 1476.89 1376.89 721.72
1253.71 1477.7 1377.7 721.81
1254.18 1478.52 1378.52 721.9
1254.66 1479.34 1379.34 721.99
1255.13 1480.16 1380.16 722.08
1255.61 1480.97 1380.97 722.17
1256.08 1481.79 1381.79 722.26
1256.55 1482.61 1382.61 722.35
1257.03 1483.43 1383.43 722.44
1257.5 1484.24 1384.24 722.53
1257.98 1485.06 1385.06 722.62
1258.45 1485.88 1385.88 722.71
1258.93 1486.69 1386.69 722.8
1259.4 1487.51 1387.51 722.89
1259.87 1488.33 1388.33 722.98
1260.35 1489.15 1389.15 723.07
1260.82 1489.96 1389.96 723.16
1261.3 1490.78 1390.78 723.25
1261.77 1491.6 1391.6 723.34
1262.24 1492.41 1392.41 723.43
1262.71 1493.23 1393.23 723.52
1263.19 1494.05 1394.05 723.61
1263.66 1494.87 1394.87 723.7
1264.13 1495.68 1395.68 723.79
1264.6 1496.5 1396.5 723.88
1265.07 1497.32 1397.32 723.97
1265.55 1498.14 1398.14 724.06
1266.02 1498.95 1398.95 724.15
1266.49 1499.77 1399.77 724.24
1266.96 1500.59 1400.59 724.33
1267.43 1501.4 1401.4 724.42
1267.9 1502.22 1402.22 724.51
1268.36 1503.04 1403.04 724.6
1268.83 1503.86 1403.86 724.69
1269.3 1504.67 1404.67 724.78
1269.77 1505.49 1405.49 724.87
1270.24 1506.31 1406.31 724.96
1270.7 1507.12 1407.12 725.05
1271.17 1507.94 1407.94 725.14
1271.63 1508.76 1408.76 725.23
1272.1 1509.58 1409.58 725.32
1272.56 1510.39 1410.39 725.41
1273.03 1511.21 1411.21 725.5
1273.49 1512.03 1412.03 725.59
1273.95 1512.85 1412.85 725.68
1274.41 1513.66 1413.66 725.77
1274.87 1514.48 1414.48 725.86
1275.34 1515.3 1415.3 725.95
1275.8 1516.11 1416.11 726.04
1276.25 1516.93 1416.93 726.13
1276.71 1517.75 1417.75 726.22
1277.17 1518.57 1418.57 726.31
1277.63 1519.38 1419.38 726.4
1278.08 1520.2 1420.2 726.49
1278.54 1521.02 1421.02 726.58
1278.99 1521.83 1421.83 726.67
1279.45 1522.65 1422.65 726.76
1279.9 1523.47 1423.47 726.85
1280.35 1524.29 1424.29 726.94
1280.81 1525.1 1425.1 727.03
1281.26 1525.92 1425.92 727.12
1281.71 1526.74 1426.74 727.21
1282.16 1527.56 1427.56 727.3
1282.6 1528.37 1428.37 727.39
1283.05 1529.19 1429.19 727.48
1283.5 1530.01 1430.01 727.57
1283.94 1530.82 1430.82 727.66
1284.39 1531.64 1431.64 727.75
1284.83 1532.46 1432.46 727.84
1285.27 1533.28 1433.28 727.93
1285.71 1534.09 1434.09 728.02
1286.15 1534.91 1434.91 728.11
1286.59 1535.73 1435.73 728.2
1287.03 1536.54 1436.54 728.29
1287.47 1537.36 1437.36 728.38
1287.9 1538.18 1438.18 728.47
1288.34 1539 1439 728.56
1288.77 1539.81 1439.81 728.65
1289.2 1540.63 1440.63 728.74
1289.64 1541.45 1441.45 728.83
1290.07 1542.27 1442.27 728.92
1290.5 1543.08 1443.08 729.01
1290.92 1543.9 1443.9 729.1
1291.35 1544.72 1444.72 729.19
1291.78 1545.53 1445.53 729.28
1292.2 1546.35 1446.35 729.37
1292.62 1547.17 1447.17 729.46
1293.04 1547.99 1447.99 729.55
1293.46 1548.8 1448.8 729.64
1293.88 1549.62 1449.62 729.73
1294.3 1550.44 1450.44 729.82
1294.72 1551.25 1451.25 729.91
1295.13 1552.07 1452.07 730
1295.55 1552.89 1452.89 730.09
1295.96 1553.71 1453.71 730.18
1296.37 1554.52 1454.52 730.27
1296.78 1555.34 1455.34 730.36
1297.19 1556.16 1456.16 730.45
1297.59 1556.98 1456.98 730.54
1298 1557.79 1457.79 730.63
1298.4 1558.61 1458.61 730.72
1298.8 1559.43 1459.43 730.81
1299.2 1560.24 1460.24 730.9
1299.6 1561.06 1461.06 730.99
1300 1561.88 1461.88 731.08
1300.4 1562.7 1462.7 731.17
1300.79 1563.51 1463.51 731.26
1301.18 1564.33 1464.33 731.35
1301.58 1565.15 1465.15 731.44
1301.97 1565.96 1465.96 731.53
1302.35 1566.78 1466.78 731.62
1302.74 1567.6 1467.6 731.71
1303.12 1568.42 1468.42 731.8
1303.51 1569.23 1469.23 731.89
1303.89 1570.05 1470.05 731.98
1304.27 1570.87 1470.87 732.07
1304.65 1571.69 1471.69 732.16
1305.02 1572.5 1472.5 732.25
1305.4 1573.32 1473.32 732.34
1305.77 1574.14 1474.14 732.43
1306.14 1574.95 1474.95 732.52
1306.51 1575.77 1475.77 732.61
1306.87 1576.59 1476.59 732.7
1307.24 1577.41 1477.41 732.79
1307.6 1578.22 1478.22 732.88
1307.96 1579.04 1479.04 732.97
1308.32 1579.86 1479.86 733.06
1308.68 1580.67 1480.67 733.15
1309.04 1581.49 1481.49 733.24
1309.39 1582.31 1482.31 733.33
1309.74 1583.13 1483.13 733.42
1310.09 1583.94 1483.94 733.51
1310.44 1584.76 1484.76 733.6
1310.79 1585.58 1485.58 733.69
1311.13 1586.4 1486.4 733.78
1311.47 1587.21 1487.21 733.87
1311.81 1588.03 1488.03 733.96
1312.15 1588.85 1488.85 734.05
1312.49 1589.66 1489.66 734.14
1312.82 1590.48 1490.48 734.23
1313.15 1591.3 1491.3 734.32
1313.48 1592.12 1492.12 734.41
1313.81 1592.93 1492.93 734.5
1314.13 1593.75 1493.75 734.59
1314.46 1594.57 1494.57 734.68
1314.78 1595.38 1495.38 734.77
1315.1 1596.2 1496.2 734.86
1315.41 1597.02 1497.02 734.95
1315.73 1597.84 1497.84 735.04
1316.04 1598.65 1498.65 735.13
1316.35 1599.47 1499.47 735.22
1316.66 1600.29 1500.29 735.31
1316.96 1601.11 1501.11 735.4
1317.26 1601.92 1501.92 735.49
1317.56 1602.74 1502.74 735.58
1317.86 1603.56 1503.56 735.67
1318.16 1604.37 1504.37 735.76
1318.45 1605.19 1505.19 735.85
1318.74 1606.01 1506.01 735.94
1319.03 1606.83 1506.83 736.03
1319.32 1607.64 1507.64 736.12
1319.6 1608.46 1508.46 736.21
1319.88 1609.28 1509.28 736.3
1320.16 1610.09 1510.09 736.39
1320.44 1610.91 1510.91 736.48
1320.71 1611.73 1511.73 736.57
1320.98 1612.55 1512.55 736.66
1321.25 1613.36 1513.36 736.75
1321.52 1614.18 1514.18 736.84
1321.78 1615 1515 736.93
1322.04 1615.82 1515.82 737.02
1322.3 1616.63 1516.63 737.11
1322.56 1617.45 1517.45 737.2
1322.81 1618.27 1518.27 737.29
1323.06 1619.08 1519.08 737.38
1323.31 1619.9 1519.9 737.47
1323.55 1620.72 1520.72 737.56
1323.8 1621.54 1521.54 737.65
1324.04 1622.35 1522.35 737.74
1324.27 1623.17 1523.17 737.83
1324.51 1623.99 1523.99 737.92
1324.74 1624.8 1524.8 738.01
1324.97 1625.62 1525.62 738.1
1325.2 1626.44 1526.44 738.19
1325.42 1627.26 1527.26 738.28
1325.64 1628.07 1528.07 738.37
1325.86 1628.89 1528.89 738.46
1326.07 1629.71 1529.71 738.55
1326.28 1630.53 1530.53 738.64
1326.49 1631.34 1531.34 738.73
1326.7 1632.16 1532.16 738.82
1326.9 1632.98 1532.98 738.91
1327.1 1633.79 1533.79 739
1327.3 1634.61 1534.61 739.09
1327.5 1635.43 1535.43 739.18
1327.69 1636.25 1536.25 739.27
1327.88 1637.06 1537.06 739.36
1328.06 1637.88 1537.88 739.45
1328.25 1638.7 1538.7 739.54
1328.43 1639.51 1539.51 739.63
1328.6 1640.33 1540.33 739.72
1328.78 1641.15 1541.15 739.81
1328.95 1641.97 1541.97 739.9
1329.11 1642.78 1542.78 739.99
1329.28 1643.6 1543.6 740.08
1329.44 1644.42 1544.42 740.17
1329.6 1645.24 1545.24 740.26
1329.75 1646.05 1546.05 740.35
1329.9 1646.87 1546.87 740.44
1330.05 1647.69 1547.69 740.53
1330.2 1648.5 1548.5 740.62
1330.35 1649.32 1549.32 740.71
1330.49 1650.14 1550.14 740.8
1330.63 1650.96 1550.96 740.89
1330.76 1651.77 1551.77 740.98
1330.9 1652.59 1552.59 741.07
1331.03 1653.41 1553.41 741.16
1331.16 1654.22 1554.22 741.25
1331.28 1655.04 1555.04 741.34
1331.41 1655.86 1555.86 741.43
1331.53 1656.68 1556.68 741.52
1331.65 1657.49 1557.49 741.61
1331.77 1658.31 1558.31 741.7
1331.89 1659.13 1559.13 741.79
1332 1659.95 1559.95 741.88
1332.12 1660.76 1560.76 741.97
1332.23 1661.58 1561.58 742.06
1332.34 1662.4 1562.4 742.15
1332.44 1663.21 1563.21 742.24
1332.55 1664.03 1564.03 742.33
1332.65 1664.85 1564.85 742.42
1332.76 1665.67 1565.67 742.51
1332.86 1666.48 1566.48 742.6
1332.96 1667.3 1567.3 742.69
1333.06 1668.12 1568.12 742.78
1333.15 1668.93 1568.93 742.87
1333.25 1669.75 1569.75 742.96
1333.34 1670.57 1570.57 743.05
1333.44 1671.39 1571.39 743.14
1333.53 1672.2 1572.2 743.23
1333.62 1673.02 1573.02 743.32
1333.71 1673.84 1573.84 743.41
1333.8 1674.66 1574.66 743.5
1333.89 1675.47 1575.47 743.59
1333.98 1676.29 1576.29 743.68
1334.07 1677.11 1577.11 743.77
1334.16 1677.92 1577.92 743.86
1334.24 1678.74 1578.74 743.95
1334.33 1679.56 1579.56 744.04
1334.42 1680.38 1580.38 744.13
1334.5 1681.19 1581.19 744.22
1334.59 1682.01 1582.01 744.31
1334.67 1682.83 1582.83 744.4
1334.76 1683.64 1583.64 744.49
1334.84 1684.46 1584.46 744.58
1334.93 1685.28 1585.28 744.67
1335.01 1686.1 1586.1 744.76
1335.1 1686.91 1586.91 744.85
1335.18 1687.73 1587.73 744.94
1335.27 1688.55 1588.55 745.03
1335.35 1689.36 1589.36 745.12
1335.44 1690.18 1590.18 745.21
1335.52 1691 1591 745.3
1335.61 1691.82 1591.82 745.39
1335.69 1692.63 1592.63 745.48
1335.78 1693.45 1593.45 745.57
1335.87 1694.27 1594.27 745.66
1335.96 1695.09 1595.09 745.75
1336.05 1695.9 1595.9 745.84
1336.14 1696.72 1596.72 745.93
1336.23 1697.54 1597.54 746.02
1336.32 1698.35 1598.35 746.11
1336.41 1699.17 1599.17 746.2
1336.5 1699.99 1599.99 746.29
1336.6 1700.81 1600.81 746.38
1336.69 1701.62 1601.62 746.47
1336.79 1702.44 1602.44 746.56
1336.89 1703.26 1603.26 746.65
1336.99 1704.07 1604.07 746.74
1337.09 1704.89 1604.89 746.83
1337.19 1705.71 1605.71 746.92
1337.29 1706.53 1606.53 747.01
1337.4 1707.34 1607.34 747.1
1337.51 1708.16 1608.16 747.19
1337.61 1708.98 1608.98 747.28
1337.72 1709.8 1609.8 747.37
1337.84 1710.61 1610.61 747.46
1337.95 1711.43 1611.43 747.55
1338.06 1712.25 1612.25 747.64
1338.18 1713.06 1613.06 747.73
1338.3 1713.88 1613.88 747.82
1338.42 1714.7 1614.7 747.91
1338.55 1715.52 1615.52 748
1338.67 1716.33 1616.33 748.09
1338.8 1717.15 1617.15 748.18
1338.93 1717.97 1617.97 748.27
1339.06 1718.78 1618.78 748.36
1339.2 1719.6 1619.6 748.45
1339.34 1720.42 1620.42 748.54
1339.48 1721.24 1621.24 748.63
1339.62 1722.05 1622.05 748.72
1339.76 1722.87 1622.87 748.81
1339.91 1723.69 1623.69 748.9
1340.06 1724.51 1624.51 748.99
1340.22 1725.32 1625.32 749.08
1340.37 1726.14 1626.14 749.17
1340.53 1726.96 1626.96 749.26
1340.7 1727.77 1627.77 749.35
1340.86 1728.59 1628.59 749.44
1341.03 1729.41 1629.41 749.53
1341.2 1730.23 1630.23 749.62
1341.38 1731.04 1631.04 749.71
1341.56 1731.86 1631.86 749.8
1341.74 1732.68 1632.68 749.89
1341.93 1733.49 1633.49 749.98
1342.11 1734.31 1634.31 750.07
1342.31 1735.13 1635.13 750.16
1342.5 1735.95 1635.95 750.25
1342.7 1736.76 1636.76 750.34
1342.91 1737.58 1637.58 750.43
1343.11 1738.4 1638.4 750.52
1343.33 1739.22 1639.22 750.61
1343.54 1740.03 1640.03 750.7
1343.76 1740.85 1640.85 750.79
1343.98 1741.67 1641.67 750.88
1344.21 1742.48 1642.48 750.97
1344.44 1743.3 1643.3 751.06
1344.68 1744.12 1644.12 751.15
1344.92 1744.94 1644.94 751.24
1345.16 1745.75 1645.75 751.33
1345.41 1746.57 1646.57 751.42
1345.66 1747.39 1647.39 751.51
1345.92 1748.2 1648.2 751.6
1346.18 1749.02 1649.02 751.69
1346.45 1749.84 1649.84 751.78
1346.72 1750.66 1650.66 751.87
1347 1751.47 1651.47 751.96
1347.28 1752.29 1652.29 752.05
1347.56 1753.11 1653.11 752.14
1347.86 1753.93 1653.93 752.23
1348.15 1754.74 1654.74 752.32
1348.45 1755.56 1655.56 752.41
1348.76 1756.38 1656.38 752.5
1349.07 1757.19 1657.19 752.59
1349.39 1758.01 1658.01 752.68
1349.71 1758.83 1658.83 752.77
1350.03 1759.65 1659.65 752.86
1350.37 1760.46 1660.46 752.95
1350.7 1761.28 1661.28 753.04
1351.05 1762.1 1662.1 753.13
1351.4 1762.91 1662.91 753.22
1351.75 1763.73 1663.73 753.31
1352.11 1764.55 1664.55 753.4
1352.48 1765.37 1665.37 753.49
1352.85 1766.18 1666.18 753.58
1353.23 1767 1667 753.67
1353.61 1767.82 1667.82 753.76
1354 1768.64 1668.64 753.85
1354.4 1769.45 1669.45 753.94
1354.8 1770.27 1670.27 754.03
1355.21 1771.09 1671.09 754.12
1355.62 1771.9 1671.9 754.21
1356.04 1772.72 1672.72 754.3
1356.47 1773.54 1673.54 754.39
1356.9 1774.36 1674.36 754.48
1357.34 1775.17 1675.17 754.57
1357.79 1775.99 1675.99 754.66
1358.24 1776.81 1676.81 754.75
1358.7 1777.62 1677.62 754.84
1359.17 1778.44 1678.44 754.93
1359.64 1779.26 1679.26 755.02
1360.12 1780.08 1680.08 755.11
1360.61 1780.89 1680.89 755.2
1361.1 1781.71 1681.71 755.29
1361.6 1782.53 1682.53 755.38
1362.11 1783.35 1683.35 755.47
1362.63 1784.16 1684.16 755.56
1363.15 1784.98 1684.98 755.65
1363.68 1785.8 1685.8 755.74
1364.21 1786.61 1686.61 755.83
1364.76 1787.43 1687.43 755.92
1365.31 1788.25 1688.25 756.01
1365.87 1789.07 1689.07 756.1
1366.44 1789.88 1689.88 756.19
1367.01 1790.7 1690.7 756.28
1367.59 1791.52 1691.52 756.37
1368.18 1792.33 1692.33 756.46
1368.78 1793.15 1693.15 756.55
1369.38 1793.97 1693.97 756.64
1370 1794.79 1694.79 756.73
1370.62 1795.6 1695.6 756.82
1371.25 1796.42 1696.42 756.91
1371.88 1797.24 1697.24 757
1372.53 1798.06 1698.06 757.09
1373.18 1798.87 1698.87 757.18
1373.85 1799.69 1699.69 757.27
1374.52 1800.51 1700.51 757.36
1375.19 1801.32 1701.32 757.45
1375.88 1802.14 1702.14 757.54
1376.58 1802.96 1702.96 757.63
1377.28 1803.78 1703.78 757.72
1377.99 1804.59 1704.59 757.81
1378.71 1805.41 1705.41 757.9
1379.44 1806.23 1706.23 757.99
1380.18 1807.04 1707.04 758.08
1380.93 1807.86 1707.86 758.17
1381.69 1808.68 1708.68 758.26
1382.45 1809.5 1709.5 758.35
1383.23 1810.31 1710.31 758.44
1384.01 1811.13 1711.13 758.53
1384.8 1811.95 1711.95 758.62
1385.61 1812.77 1712.77 758.71
1386.42 1813.58 1713.58 758.8
1387.24 1814.4 1714.4 758.89
1388.07 1815.22 1715.22 758.98
1388.91 1816.03 1716.03 759.07
1389.76 1816.85 1716.85 759.16
1390.62 1817.67 1717.67 759.25
1391.48 1818.49 1718.49 759.34
1392.36 1819.3 1719.3 759.43
1393.25 1820.12 1720.12 759.52
1394.15 1820.94 1720.94 759.61
1395.06 1821.75 1721.75 759.7
1395.97 1822.57 1722.57 759.79
1396.9 1823.39 1723.39 759.88
1397.84 1824.21 1724.21 759.97
1398.79 1825.02 1725.02 760.06
1399.74 1825.84 1725.84 760.15
1400.71 1826.66 1726.66 760.24
1401.69 1827.48 1727.48 760.33
1402.67 1828.29 1728.29 760.42
1403.67 1829.11 1729.11 760.51
1404.67 1829.93 1729.93 760.6
1405.69 1830.74 1730.74 760.69
1406.71 1831.56 1731.56 760.78
1407.74 1832.38 1732.38 760.87
1408.77 1833.2 1733.2 760.96
1409.82 1834.01 1734.01 761.05
1410.87 1834.83 1734.83 761.14
1411.93 1835.65 1735.65 761.23
1413 1836.46 1736.46 761.32
1414.07 1837.28 1737.28 761.41
1415.16 1838.1 1738.1 761.5
1416.24 1838.92 1738.92 761.59
1417.34 1839.73 1739.73 761.68
1418.44 1840.55 1740.55 761.77
1419.54 1841.37 1741.37 761.86
1420.66 1842.19 1742.19 761.95
1421.77 1843 1743 762.04
1422.89 1843.82 1743.82 762.13
1424.02 1844.64 1744.64 762.22
1425.15 1845.45 1745.45 762.31
1426.29 1846.27 1746.27 762.4
1427.43 1847.09 1747.09 762.49
1428.58 1847.91 1747.91 762.58
1429.73 1848.72 1748.72 762.67
1430.88 1849.54 1749.54 762.76
1432.03 1850.36 1750.36 762.85
1433.19 1851.17 1751.17 762.94
1434.36 1851.99 1751.99 763.03
1435.52 1852.81 1752.81 763.12
1436.69 1853.63 1753.63 763.21
1437.86 1854.44 1754.44 763.3
1439.03 1855.26 1755.26 763.39
1440.21 1856.08 1756.08 763.48
1441.38 1856.9 1756.9 763.57
1442.56 1857.71 1757.71 763.66
1443.74 1858.53 1758.53 763.75
1444.92 1859.35 1759.35 763.84
1446.1 1860.16 1760.16 763.93
1447.28 1860.98 1760.98 764.02
1448.46 1861.8 1761.8 764.11
1449.65 1862.62 1762.62 764.2
1450.83 1863.43 1763.43 764.29
1452.01 1864.25 1764.25 764.38
1453.19 1865.07 1765.07 764.47
1454.37 1865.88 1765.88 764.56
1455.55 1866.7 1766.7 764.65
1456.73 1867.52 1767.52 764.74
1457.91 1868.34 1768.34 764.83
1459.09 1869.15 1769.15 764.92
1460.26 1869.97 1769.97 765.01
1461.43 1870.79 1770.79 765.1
1462.6 1871.61 1771.61 765.19
1463.77 1872.42 1772.42 765.28
1464.94 1873.24 1773.24 765.37
1466.1 1874.06 1774.06 765.46
1467.26 1874.87 1774.87 765.55
1468.42 1875.69 1775.69 765.64
1469.57 1876.51 1776.51 765.73
1470.72 1877.33 1777.33 765.82
1471.86 1878.14 1778.14 765.91
1473 1878.96 1778.96 766
1474.14 1879.78 1779.78 766.09
1475.27 1880.59 1780.59 766.18
1476.4 1881.41 1781.41 766.27
1477.52 1882.23 1782.23 766.36
1478.64 1883.05 1783.05 766.45
1479.75 1883.86 1783.86 766.54
1480.86 1884.68 1784.68 766.63
1481.96 1885.5 1785.5 766.72
1483.05 1886.31 1786.31 766.81
1484.14 1887.13 1787.13 766.9
1485.22 1887.95 1787.95 766.99
1486.3 1888.77 1788.77 767.08
1487.37 1889.58 1789.58 767.17
1488.43 1890.4 1790.4 767.26
1489.48 1891.22 1791.22 767.35
1490.53 1892.04 1792.04 767.44
1491.57 1892.85 1792.85 767.53
1492.6 1893.67 1793.67 767.62
1493.62 1894.49 1794.49 767.71
1494.63 1895.3 1795.3 767.8
1495.64 1896.12 1796.12 767.89
1496.63 1896.94 1796.94 767.98
1497.62 1897.76 1797.76 768.07
1498.6 1898.57 1798.57 768.16
1499.56 1899.39 1799.39 768.25
1500.52 1900.21 1800.21 768.34
1501.47 1901.02 1801.02 768.43
1502.41 1901.84 1801.84 768.52
1503.33 1902.66 1802.66 768.61
1504.25 1903.48 1803.48 768.7
1505.16 1904.29 1804.29 768.79
1506.05 1905.11 1805.11 768.88
1506.94 1905.93 1805.93 768.97
1507.81 1906.75 1806.75 769.06
1508.67 1907.56 1807.56 769.15
1509.52 1908.38 1808.38 769.24
1510.35 1909.2 1809.2 769.33
1511.18 1910.01 1810.01 769.42
1511.99 1910.83 1810.83 769.51
1512.79 1911.65 1811.65 769.6
1513.57 1912.47 1812.47 769.69
1514.35 1913.28 1813.28 769.78
1515.11 1914.1 1814.1 769.87
1515.85 1914.92 1814.92 769.96
1516.58 1915.73 1815.73 770.05
1517.3 1916.55 1816.55 770.14
1518 1917.37 1817.37 770.23
1518.69 1918.19 1818.19 770.32
1519.37 1919 1819 770.41
1520.03 1919.82 1819.82 770.5
1520.67 1920.64 1820.64 770.59
1521.3 1921.46 1821.46 770.68
1521.91 1922.27 1822.27 770.77
1522.51 1923.09 1823.09 770.86
1523.09 1923.91 1823.91 770.95
1523.65 1924.72 1824.72 771.04
1524.2 1925.54 1825.54 771.13
1524.73 1926.36 1826.36 771.22
1525.25 1927.18 1827.18 771.31
1525.74 1927.99 1827.99 771.4
1526.22 1928.81 1828.81 771.49
1526.69 1929.63 1829.63 771.58
1527.13 1930.44 1830.44 771.67
1527.56 1931.26 1831.26 771.76
1527.97 1932.08 1832.08 771.85
1528.36 1932.9 1832.9 771.94
1528.73 1933.71 1833.71 772.03
1529.08 1934.53 1834.53 772.12
1529.41 1935.35 1835.35 772.21
1529.73 1936.17 1836.17 772.3
1530.02 1936.98 1836.98 772.39
1530.3 1937.8 1837.8 772.48
1530.55 1938.62 1838.62 772.57
1530.79 1939.43 1839.43 772.66
1531 1940.25 1840.25 772.75
1531.2 1941.07 1841.07 772.84
1531.37 1941.89 1841.89 772.93
1531.52 1942.7 1842.7 773.02
1531.65 1943.52 1843.52 773.11
1531.76 1944.34 1844.34 773.2
1531.85 1945.15 1845.15 773.29
1531.91 1945.97 1845.97 773.38
1531.96 1946.79 1846.79 773.47
1531.98 1947.61 1847.61 773.56
1531.98 1948.42 1848.42 773.65
1531.95 1949.24 1849.24 773.74
1531.91 1950.06 1850.06 773.83
1531.84 1950.88 1850.88 773.92
1531.74 1951.69 1851.69 774.01
1531.63 1952.51 1852.51 774.1
1531.48 1953.33 1853.33 774.19
1531.32 1954.14 1854.14 774.28
1531.13 1954.96 1854.96 774.37
1530.92 1955.78 1855.78 774.46
1530.68 1956.6 1856.6 774.55
1530.41 1957.41 1857.41 774.64
1530.12 1958.23 1858.23 774.73
1529.81 1959.05 1859.05 774.82
1529.47 1959.86 1859.86 774.91
1529.1 1960.68 1860.68 775
1528.71 1961.5 1861.5 775.09
1528.3 1962.32 1862.32 775.18
1527.85 1963.13 1863.13 775.27
1527.38 1963.95 1863.95 775.36
1526.88 1964.77 1864.77 775.45
1526.36 1965.59 1865.59 775.54
1525.81 1966.4 1866.4 775.63
1525.23 1967.22 1867.22 775.72
1524.62 1968.04 1868.04 775.81
1523.98 1968.85 1868.85 775.9
1523.32 1969.67 1869.67 775.99
1522.63 1970.49 1870.49 776.08
1521.91 1971.31 1871.31 776.17
1521.16 1972.12 1872.12 776.26
1520.38 1972.94 1872.94 776.35
1519.57 1973.76 1873.76 776.44
1518.73 1974.57 1874.57 776.53
1517.86 1975.39 1875.39 776.62
1516.97 1976.21 1876.21 776.71
1516.04 1977.03 1877.03 776.8
1515.08 1977.84 1877.84 776.89
1514.09 1978.66 1878.66 776.98
1513.08 1979.48 1879.48 777.07
1512.03 1980.3 1880.3 777.16
1510.94 1981.11 1881.11 777.25
1509.83 1981.93 1881.93 777.34
1508.69 1982.75 1882.75 777.43
1507.51 1983.56 1883.56 777.52
1506.3 1984.38 1884.38 777.61
1505.06 1985.2 1885.2 777.7
1503.79 1986.02 1886.02 777.79
1502.48 1986.83 1886.83 777.88
1501.14 1987.65 1887.65 777.97
1499.77 1988.47 1888.47 778.06
1498.37 1989.28 1889.28 778.15
1496.93 1990.1 1890.1 778.24
1495.45 1990.92 1890.92 778.33
1493.95 1991.74 1891.74 778.42
1492.41 1992.55 1892.55 778.51
1490.83 1993.37 1893.37 778.6
1489.22 1994.19 1894.19 778.69
1487.58 1995.01 1895.01 778.78
1485.9 1995.82 1895.82 778.87
1484.18 1996.64 1896.64 778.96
1482.43 1997.46 1897.46 779.05
1480.64 1998.27 1898.27 779.14
1478.82 1999.09 1899.09 779.23
1476.96 1999.91 1899.91 779.32
1475.06 2000.73 1900.73 779.41
1473.13 2001.54 1901.54 779.5
1471.16 2002.36 1902.36 779.59
1469.15 2003.18 1903.18 779.68
1467.11 2003.99 1903.99 779.77
1465.03 2004.81 1904.81 779.86
1462.91 2005.63 1905.63 779.95
1460.75 1023 923 780.04 PIT
1458.56 1023 923 780.13 PIT
1456.33 1023 923 780.22 PIT
1454.06 1023 923 780.31 PIT
1451.75 1023 923 780.4 PIT
1449.41 1023 923 780.49 PIT
1447.04 1023 923 780.58 PIT
1444.63 1023 923 780.67 PIT
1442.19 1023 923 780.76 PIT
1439.71 1023 923 780.85 PIT
1437.2 1023 923 780.94 PIT
1434.66 1023 923 781.03 PIT
1432.09 1023 923 781.12 PIT
1429.48 1023 923 781.21 PIT
1426.85 1023 923 781.3 PIT
1424.18 1023 923 781.39 PIT
1421.49 1023 923 781.48 PIT
1418.77 1023 923 781.57 PIT
1416.02 1023 923 781.66 PIT
1413.24 1023 923 781.75 PIT
1410.44 1023 923 781.84 PIT
1407.6 1023 923 781.93 PIT
1404.75 1023 923 782.02 PIT
1401.87 1023 923 782.11 PIT
1398.96 1023 923 782.2 PIT
1396.03 1023 923 782.29 PIT
1393.07 1023 923 782.38 PIT
1390.1 1023 923 782.47 PIT
1387.1 1023 923 782.56 PIT
1384.07 1023 923 782.65 PIT
1381.03 1023 923 782.74 PIT
1377.97 1023 923 782.83 PIT
1374.88 1023 923 782.92 PIT
1371.78 1023 923 783.01 PIT
1368.66 1023 923 783.1 PIT
1365.52 1023 923 783.19 PIT
1362.36 1023 923 783.28 PIT
1359.18 1023 923 783.37 PIT
1355.99 1023 923 783.46 PIT
1352.78 1023 923 783.55 PIT
1349.56 1023 923 783.64 PIT
1346.32 1023 923 783.73 PIT
1343.06 1023 923 783.82 PIT
1339.8 1023 923 783.91 PIT
1336.52 1023 923 784 PIT
1333.22 1023 923 784.09 PIT
1329.92 1023 923 784.18 PIT
1326.6 1023 923 784.27 PIT
1323.27 1023 923 784.36 PIT
1319.93 1023 923 784.45 PIT
1316.58 1023 923 784.54 PIT
1313.23 1023 923 784.63 PIT
1309.86 1023 923 784.72 PIT
1306.49 1023 923 784.81 PIT
1303.1 1023 923 784.9 PIT
1299.71 1023 923 784.99 PIT
1296.32 1023 923 785.08 PIT
1292.92 1023 923 785.17 PIT
1289.51 1023 923 785.26 PIT
1286.1 1023 923 785.35 PIT
1282.68 1023 923 785.44 PIT
1279.26 1023 923 785.53 PIT
1275.84 1023 923 785.62 PIT
1272.42 1023 923 785.71 PIT
1268.99 1023 923 785.8 PIT
1265.56 1023 923 785.89 PIT
1262.14 1023 923 785.98 PIT
1258.71 1023 923 786.07 PIT
1255.28 1023 923 786.16 PIT
1251.85 1023 923 786.25 PIT
1248.43 1023 923 786.34 PIT
1245 1023 923 786.43 PIT
1241.58 1023 923 786.52 PIT
1238.16 1023 923 786.61 PIT
1234.75 1023 923 786.7 PIT
1231.34 1023 923 786.79 PIT
1227.94 1023 923 786.88 PIT
1224.54 1023 923 786.97 PIT
1221.15 1023 923 787.06 PIT
1217.76 1023 923 787.15 PIT
1214.38 1023 923 787.24 PIT
1211.01 1023 923 787.33 PIT
1207.65 1023 923 787.42 PIT
1204.3 1023 923 787.51 PIT
1200.95 1023 923 787.6 PIT
1197.62 1023 923 787.69 PIT
1194.3 1023 923 787.78 PIT
1190.99 1023 923 787.87 PIT
1187.69 1023 923 787.96 PIT
1184.4 1023 923 788.05 PIT
1181.12 1023 923 788.14 PIT
1177.86 1023 923 788.23 PIT
1174.62 1023 923 788.32 PIT
1171.38 1023 923 788.41 PIT
1168.17 1023 923 788.5 PIT
1164.97 1023 923 788.59 PIT
1161.78 1023 923 788.68 PIT
1158.62 1023 923 788.77 PIT
1155.47 1023 923 788.86 PIT
1152.33 1023 923 788.95 PIT
1149.22 1023 923 789.04 PIT
1146.13 1023 923 789.13 PIT
1143.05 1023 923 789.22 PIT
1140 1023 923 789.31 PIT
1136.97 1023 923 789.4 PIT
1133.96 1023 923 789.49 PIT
1130.97 1023 923 789.58 PIT
1128 1023 923 789.67 PIT
1125.06 1023 923 789.76 PIT
1122.14 1023 923 789.85 PIT
1119.24 1023 923 789.94 PIT
1116.37 1023 923 790.03 PIT
1113.53 1023 923 790.12 PIT
1110.71 1023 923 790.21 PIT
1107.92 1023 923 790.3 PIT
1105.16 1023 923 790.39 PIT
1102.42 1023 923 790.48 PIT
1099.71 1023 923 790.57 PIT
1097.03 1023 923 790.66 PIT
1094.38 1023 923 790.75 PIT
1091.76 1023 923 790.84 PIT
1089.18 1023 923 790.93 PIT
1086.62 1023 923 791.02 PIT
1084.09 1023 923 791.11 PIT
1081.6 1023 923 791.2 PIT
1079.14 1023 923 791.29 PIT
1076.71 1023 923 791.38 PIT
1074.32 1023 923 791.47 PIT
1071.96 1023 923 791.56 PIT
1069.64 1023 923 791.65 PIT
1067.35 1023 923 791.74 PIT
1065.1 1023 923 791.83 PIT
1062.89 1023 923 791.92 PIT
1060.71 1023 923 792.01 PIT
1058.58 1023 923 792.1 PIT
1056.48 1023 923 792.19 PIT
1054.42 1023 923 792.28 PIT
1052.4 1023 923 792.37 PIT
1050.42 1023 923 792.46 PIT
1048.48 1023 923 792.55 PIT
1046.58 1023 923 792.64 PIT
1044.73 1023 923 792.73 PIT
1042.91 1023 923 792.82 PIT
1041.14 1023 923 792.91 PIT
1039.42 1023 923 793 PIT
1037.74 1023 923 793.09 PIT
1036.1 1023 923 793.18 PIT
1034.51 1023 923 793.27 PIT
1032.97 1023 923 793.36 PIT
1031.47 1023 923 793.45 PIT
1030.02 1023 923 793.54 PIT
1028.61 1023 923 793.63 PIT
1027.26 1023 923 793.72 PIT
1025.96 1023 923 793.81 PIT
1024.7 1023 923 793.9 PIT
1023.49 1023 923 793.99 PIT
1022.34 1023 923 794.08 PIT
1021.23 1023 923 794.17 PIT
1020.18 1023 923 794.26 PIT
1019.18 1023 923 794.35 PIT
1018.24 1023 923 794.44 PIT
1017.34 1023 923 794.53 PIT
1016.5 1023 923 794.62 PIT
1015.72 1023 923 794.71 PIT
1014.99 1023 923 794.8 PIT
1014.32 1023 923 794.89 PIT
1013.7 1023 923 794.98 PIT
1013.14 1023 923 795.07 PIT
1012.63 1023 923 795.16 PIT
1012.19 1023 923 795.25 PIT
1011.8 1023 923 795.34 PIT
1011.48 1023 923 795.43 PIT
1011.21 1023 923 795.52 PIT
1011 1023 923 795.61 PIT
1010.86 1023 923 795.7 PIT
1010.77 1023 923 795.79 PIT
1010.75 1023 923 795.88 PIT
1010.79 1023 923 795.97 PIT
1010.9 1023 923 796.06 PIT
1011.06 1023 923 796.15 PIT
1011.3 1023 923 796.24 PIT
1011.59 1023 923 796.33 PIT
1011.95 1023 923 796.42 PIT
1012.38 1023 923 796.51 PIT
1012.88 1023 923 796.6 PIT
1013.44 1023 923 796.69 PIT
1014.07 1023 923 796.78 PIT
1014.77 1023 923 796.87 PIT
1015.54 1023 923 796.96 PIT
1016.37 1023 923 797.05 PIT
1017.28 1023 923 797.14 PIT
1018.26 1023 923 797.23 PIT
1019.31 1023 923 797.32 PIT
1020.43 1023 923 797.41 PIT
1021.62 1023 923 797.5 PIT
1022.88 1023 923 797.59 PIT
1024.22 1023 923 797.68 PIT
1025.64 1023 923 797.77 PIT
1027.12 1023 923 797.86 PIT
1028.69 1023 923 797.95 PIT
1030.33 1023 923 798.04 PIT
1032.04 1023 923 798.13 PIT
1033.83 1023 923 798.22 PIT
1035.7 1023 923 798.31 PIT
1037.65 1023 923 798.4 PIT
1039.68 1023 923 798.49 PIT
1041.78 1023 923 798.58 PIT
1043.97 1023 923 798.67 PIT
1046.23 1023 923 798.76 PIT
1048.58 1023 923 798.85 PIT
1051.01 1023 923 798.94 PIT
1053.52 1023 923 799.03 PIT
1056.11 1023 923 799.12 PIT
1058.79 1023 923 799.21 PIT
1061.55 1023 923 799.3 PIT
1064.39 1023 923 799.39 PIT
1067.32 1023 923 799.48 PIT
1070.33 1023 923 799.57 PIT
1073.44 1023 923 799.66 PIT
1076.62 1023 923 799.75 PIT
1079.9 1023 923 799.84 PIT
1083.26 1023 923 799.93 PIT
1086.71 1023 923 800.02 PIT
1090.25 1023 923 800.11 PIT
1093.87 1023 923 800.2 PIT
1097.59 1023 923 800.29 PIT
1101.39 1023 923 800.38 PIT
1105.28 1023 923 800.47 PIT
1109.25 1023 923 800.56 PIT
1113.3 1023 923 800.65 PIT
1117.44 1023 923 800.74 PIT
1121.67 1023 923 800.83 PIT
1125.97 1023 923 800.92 PIT
1130.36 1023 923 801.01 PIT
1134.83 1023 923 801.1 PIT
1139.38 1023 923 801.19 PIT
1144 1023 923 801.28 PIT
1148.71 1023 923 801.37 PIT
1153.5 1023 923 801.46 PIT
1158.36 1023 923 801.55 PIT
1163.3 1023 923 801.64 PIT
1168.32 1023 923 801.73 PIT
1173.41 1023 923 801.82 PIT
1178.57 1023 923 801.91 PIT
1183.81 1023 923 802 PIT
1189.13 1023 923 802.09 PIT
1194.52 1023 923 802.18 PIT
1199.97 1023 923 802.27 PIT
1205.5 1023 923 802.36 PIT
1211.11 1023 923 802.45 PIT
1216.78 1023 923 802.54 PIT
1222.52 1023 923 802.63 PIT
1228.33 1023 923 802.72 PIT
1234.2 1023 923 802.81 PIT
1240.15 1023 923 802.9 PIT
1246.16 1023 923 802.99 PIT
1252.23 1023 923 803.08 PIT
1258.38 1023 923 803.17 PIT
1264.58 1023 923 803.26 PIT
1270.85 1023 923 803.35 PIT
1277.18 1023 923 803.44 PIT
1283.58 1023 923 803.53 PIT
1290.04 1023 923 803.62 PIT
1296.55 1023 923 803.71 PIT
1303.13 1023 923 803.8 PIT
1309.77 1023 923 803.89 PIT
1316.47 1023 923 803.98 PIT
1323.22 1023 923 804.07 PIT
1330.04 1023 923 804.16 PIT
1336.91 1023 923 804.25 PIT
1343.83 1023 923 804.34 PIT
1350.81 1023 923 804.43 PIT
1357.85 1023 923 804.52 PIT
1364.94 1023 923 804.61 PIT
1372.08 1023 923 804.7 PIT
1379.28 1023 923 804.79 PIT
1386.53 1023 923 804.88 PIT
1393.83 1023 923 804.97 PIT
1401.18 1023 923 805.06 PIT
1408.58 1023 923 805.15 PIT
1416.03 1023 923 805.24 PIT
1423.53 1023 923 805.33 PIT
1431.08 1023 923 805.42 PIT
1438.67 1023 923 805.51 PIT
1446.31 1023 923 805.6 PIT
1454 1023 923 805.69 PIT
1461.73 1023 923 805.78 PIT
1469.5 1023 923 805.87 PIT
1477.32 1023 923 805.96 PIT
1485.19 1023 923 806.05 PIT
1493.09 1023 923 806.14 PIT
1501.04 1023 923 806.23 PIT
1509.03 1023 923 806.32 PIT
1517.05 1023 923 806.41 PIT
1525.12 1023 923 806.5 PIT
1533.23 1023 923 806.59 PIT
1541.37 1023 923 806.68 PIT
1549.56 1023 923 806.77 PIT
1557.78 1023 923 806.86 PIT
1566.03 1023 923 806.95 PIT
1574.32 1023 923 807.04 PIT
1582.65 1023 923 807.13 PIT
1591.01 1023 923 807.22 PIT
1599.4 1023 923 807.31 PIT
1607.83 1023 923 807.4 PIT
1616.29 1023 923 807.49 PIT
1624.78 1023 923 807.58 PIT
1633.3 1023 923 807.67 PIT
1641.85 1023 923 807.76 PIT
1650.43 1023 923 807.85 PIT
1659.04 1023 923 807.94 PIT
1667.67 1023 923 808.03 PIT
1676.33 1023 923 808.12 PIT
1685.02 1023 923 808.21 PIT
1693.74 1023 923 808.3 PIT
1702.48 1023 923 808.39 PIT
1711.25 1023 923 808.48 PIT
1720.04 1023 923 808.57 PIT
1728.85 1023 923 808.66 PIT
1737.68 1023 923 808.75 PIT
1746.54 1023 923 808.84 PIT
1755.42 1023 923 808.93 PIT
1764.31 1023 923 809.02 PIT
1773.23 1023 923 809.11 PIT
1782.17 1023 923 809.2 PIT
1791.12 1023 923 809.29 PIT
1800.09 1023 923 809.38 PIT
1809.08 1023 923 809.47 PIT
1818.09 1023 923 809.56 PIT
1827.11 1023 923 809.65 PIT
1836.14 1023 923 809.74 PIT
1845.19 1023 923 809.83 PIT
1854.26 1023 923 809.92 PIT
1863.33 1023 923 810.01 PIT
1872.42 1023 923 810.1 PIT
1881.52 1023 923 810.19 PIT
1890.63 1023 923 810.28 PIT
1899.75 1023 923 810.37 PIT
1908.88 1023 923 810.46 PIT
1918.01 1023 923 810.55 PIT
1927.16 1023 923 810.64 PIT
1936.31 1023 923 810.73 PIT
1945.47 1023 923 810.82 PIT
1954.64 1023 923 810.91 PIT
1963.81 1023 923 811 PIT
1972.98 1023 923 811.09 PIT
1982.16 1023 923 811.18 PIT
1991.34 1023 923 811.27 PIT
2000.53 1023 923 811.36 PIT
2009.71 1023 923 811.45 PIT
2018.9 1023 923 811.54 PIT
2028.09 1023 923 811.63 PIT
2037.27 1023 923 811.72 PIT
2046.46 1023 923 811.81 PIT
2055.64 1023 923 811.9 PIT
2064.82 1023 923 811.99 PIT
2074 1023 923 812.08 PIT
2083.17 1023 923 812.17 PIT
2092.34 1023 923 812.26 PIT
2101.51 1023 923 812.35 PIT
2110.67 1023 923 812.44 PIT
2119.82 1023 923 812.53 PIT
2128.96 1023 923 812.62 PIT
2138.1 1023 923 812.71 PIT
2147.23 1023 923 812.8 PIT
2156.35 1023 923 812.89 PIT
2165.46 1023 923 812.98 PIT
2174.56 1023 923 813.07 PIT
2183.64 1023 923 813.16 PIT
2192.72 1023 923 813.25 PIT
2201.78 1023 923 813.34 PIT
2210.83 1023 923 813.43 PIT
2219.86 1023 923 813.52 PIT
2228.88 1023 923 813.61 PIT
2237.88 1023 923 813.7 PIT
2246.87 1023 923 813.79 PIT
2255.84 1023 923 813.88 PIT
2264.8 1023 923 813.97 PIT
2273.73 1023 923 814.06 PIT
2282.65 1023 923 814.15 PIT
2291.54 1023 923 814.24 PIT
2300.42 1023 923 814.33 PIT
2309.27 1023 923 814.42 PIT
2318.11 1023 923 814.51 PIT
2326.92 1023 923 814.6 PIT
2335.7 1023 923 814.69 PIT
2344.47 1023 923 814.78 PIT
2353.2 1023 923 814.87 PIT
2361.92 1023 923 814.96 PIT
2370.61 1023 923 815.05 PIT
2379.27 1023 923 815.14 PIT
2387.9 1023 923 815.23 PIT
2396.51 1023 923 815.32 PIT
2405.08 1023 923 815.41 PIT
2413.63 1023 923 815.5 PIT
2422.15 1023 923 815.59 PIT
2430.64 1023 923 815.68 PIT
2439.09 1023 923 815.77 PIT
2447.52 1023 923 815.86 PIT
2455.91 1023 923 815.95 PIT
2464.26 1023 923 816.04 PIT
2472.59 1023 923 816.13 PIT
2480.88 1023 923 816.22 PIT
2489.13 1023 923 816.31 PIT
2497.35 1023 923 816.4 PIT
2505.52 1023 923 816.49 PIT
2513.67 1023 923 816.58 PIT
2521.77 1023 923 816.67 PIT
2529.83 1023 923 816.76 PIT
2537.86 1023 923 816.85 PIT
2545.84 1023 923 816.94 PIT
2553.79 1023 923 817.03 PIT
2561.69 1023 923 817.12 PIT
2569.55 1023 923 817.21 PIT
2577.36 1023 923 817.3 PIT
2585.14 1023 923 817.39 PIT
2592.86 1023 923 817.48 PIT
2600.55 1023 923 817.57 PIT
2608.18 1023 923 817.66 PIT
2615.77 1023 923 817.75 PIT
2623.32 1023 923 817.84 PIT
2630.81 1023 923 817.93 PIT
2638.26 1023 923 818.02 PIT
2645.65 1023 923 818.11 PIT
2653 1023 923 818.2 PIT
2660.3 1023 923 818.29 PIT
2667.54 1023 923 818.38 PIT
2674.73 1023 923 818.47 PIT
2681.87 1023 923 818.56 PIT
2688.96 1023 923 818.65 PIT
2695.99 1023 923 818.74 PIT
2702.97 1023 923 818.83 PIT
2709.89 1023 923 818.92 PIT
2716.75 1023 923 819.01 PIT
2723.56 1023 923 819.1 PIT
2730.31 1023 923 819.19 PIT
2737 1023 923 819.28 PIT
2743.64 1023 923 819.37 PIT
2750.21 1023 923 819.46 PIT
2756.72 1023 923 819.55 PIT
2763.18 1023 923 819.64 PIT
2769.57 1023 923 819.73 PIT
2775.89 1023 923 819.82 PIT
2782.16 1023 923 819.91 PIT
2788.36 1023 923 820 PIT
2794.5 2370.11 2270.11 820.09
2800.57 2370.93 2270.93 820.18
2806.58 2371.74 2271.74 820.27
2812.52 2372.56 2272.56 820.36
2818.4 2373.38 2273.38 820.45
2824.22 2374.2 2274.2 820.54
2829.98 2375.01 2275.01 820.63
2835.67 2375.83 2275.83 820.72
2841.3 2376.65 2276.65 820.81
2846.87 2377.46 2277.46 820.9
2852.37 2378.28 2278.28 820.99
2857.82 2379.1 2279.1 821.08
2863.2 2379.92 2279.92 821.17
2868.52 2380.73 2280.73 821.26
2873.79 2381.55 2281.55 821.35
2878.99 2382.37 2282.37 821.44
2884.13 2383.18 2283.18 821.53
2889.21 2384 2284 821.62
2894.24 2384.82 2284.82 821.71
2899.2 2385.64 2285.64 821.8
2904.1 2386.45 2286.45 821.89
2908.95 2387.27 2287.27 821.98
2913.74 2388.09 2288.09 822.07
2918.47 2388.91 2288.91 822.16
2923.14 2389.72 2289.72 822.25
2927.75 2390.54 2290.54 822.34
2932.31 2391.36 2291.36 822.43
2936.81 2392.17 2292.17 822.52
2941.26 2392.99 2292.99 822.61
2945.64 2393.81 2293.81 822.7
2949.97 2394.63 2294.63 822.79
2954.25 2395.44 2295.44 822.88
2958.47 2396.26 2296.26 822.97
2962.63 2397.08 2297.08 823.06
2966.74 2397.89 2297.89 823.15
2970.8 2398.71 2298.71 823.24
2974.8 2399.53 2299.53 823.33
2978.74 2400.35 2300.35 823.42
2982.63 2401.16 2301.16 823.51
2986.47 2401.98 2301.98 823.6
2990.26 2402.8 2302.8 823.69
2993.99 2403.62 2303.62 823.78
2997.67 2404.43 2304.43 823.87
3001.3 2405.25 2305.25 823.96
3004.87 2406.07 2306.07 824.05
3008.39 2406.88 2306.88 824.14
3011.87 2407.7 2307.7 824.23
3015.29 2408.52 2308.52 824.32
3018.65 2409.34 2309.34 824.41
3021.97 2410.15 2310.15 824.5
3025.24 2410.97 2310.97 824.59
3028.46 2411.79 2311.79 824.68
3031.62 2412.6 2312.6 824.77
3034.74 2413.42 2313.42 824.86
3037.81 2414.24 2314.24 824.95
3040.83 2415.06 2315.06 825.04
3043.8 2415.87 2315.87 825.13
3046.72 2416.69 2316.69 825.22
3049.6 2417.51 2317.51 825.31
3052.42 2418.33 2318.33 825.4
3055.2 2419.14 2319.14 825.49
3057.93 2419.96 2319.96 825.58
3060.61 2420.78 2320.78 825.67
3063.25 2421.59 2321.59 825.76
3065.84 2422.41 2322.41 825.85
3068.39 2423.23 2323.23 825.94
3070.88 2424.05 2324.05 826.03
3073.33 2424.86 2324.86 826.12
3075.74 2425.68 2325.68 826.21
3078.1 2426.5 2326.5 826.3
3080.42 2427.31 2327.31 826.39
3082.69 2428.13 2328.13 826.48
3084.92 2428.95 2328.95 826.57
3087.1 2429.77 2329.77 826.66
3089.24 2430.58 2330.58 826.75
3091.34 2431.4 2331.4 826.84
3093.39 2432.22 2332.22 826.93
3095.4 2433.04 2333.04 827.02
3097.37 2433.85 2333.85 827.11
3099.29 2434.67 2334.67 827.2
3101.18 2435.49 2335.49 827.29
3103.02 2436.3 2336.3 827.38
3104.82 2437.12 2337.12 827.47
3106.58 2437.94 2337.94 827.56
3108.3 2438.76 2338.76 827.65
3109.97 2439.57 2339.57 827.74
3111.61 2440.39 2340.39 827.83
3113.21 2441.21 2341.21 827.92
3114.76 2442.02 2342.02 828.01
3116.28 2442.84 2342.84 828.1
3117.76 2443.66 2343.66 828.19
3119.2 2444.48 2344.48 828.28
3120.6 2445.29 2345.29 828.37
3121.96 2446.11 2346.11 828.46
3123.28 2446.93 2346.93 828.55
3124.57 2447.75 2347.75 828.64
3125.81 2448.56 2348.56 828.73
3127.03 2449.38 2349.38 828.82
3128.2 2450.2 2350.2 828.91
3129.34 2451.01 2351.01 829
3130.44 2451.83 2351.83 829.09
3131.5 2452.65 2352.65 829.18
3132.53 2453.47 2353.47 829.27
3133.52 2454.28 2354.28 829.36
3134.48 2455.1 2355.1 829.45
3135.4 2455.92 2355.92 829.54
3136.29 2456.73 2356.73 829.63
3137.14 2457.55 2357.55 829.72
3137.96 2458.37 2358.37 829.81
3138.75 2459.19 2359.19 829.9
3139.5 2460 2360 829.99
3140.21 2460.82 2360.82 830.08
3140.9 2461.64 2361.64 830.17
3141.55 2462.46 2362.46 830.26
3142.17 2463.27 2363.27 830.35
3142.76 2464.09 2364.09 830.44
3143.31 2464.91 2364.91 830.53
3143.84 2465.72 2365.72 830.62
3144.33 2466.54 2366.54 830.71
3144.79 2467.36 2367.36 830.8
3145.22 2468.18 2368.18 830.89
3145.62 2468.99 2368.99 830.98
3145.99 2469.81 2369.81 831.07
3146.33 2470.63 2370.63 831.16
3146.64 2471.44 2371.44 831.25
3146.92 2472.26 2372.26 831.34
3147.17 2473.08 2373.08 831.43
3147.39 2473.9 2373.9 831.52
3147.58 2474.71 2374.71 831.61
3147.75 2475.53 2375.53 831.7
3147.89 2476.35 2376.35 831.79
3148 2477.17 2377.17 831.88
3148.08 2477.98 2377.98 831.97
3148.13 2478.8 2378.8 832.06
3148.16 2479.62 2379.62 832.15
3148.16 2480.43 2380.43 832.24
3148.13 2481.25 2381.25 832.33
3148.08 2482.07 2382.07 832.42
3148.01 2482.89 2382.89 832.51
3147.9 2483.7 2383.7 832.6
3147.78 2484.52 2384.52 832.69
3147.62 2485.34 2385.34 832.78
3147.44 2486.15 2386.15 832.87
3147.24 2486.97 2386.97 832.96
3147.02 2487.79 2387.79 833.05
3146.77 2488.61 2388.61 833.14
3146.49 2489.42 2389.42 833.23
3146.2 2490.24 2390.24 833.32
3145.88 2491.06 2391.06 833.41
3145.53 2491.88 2391.88 833.5
3145.17 2492.69 2392.69 833.59
3144.78 2493.51 2393.51 833.68
3144.37 2494.33 2394.33 833.77
3143.94 2495.14 2395.14 833.86
3143.49 2495.96 2395.96 833.95
3143.02 2496.78 2396.78 834.04
3142.52 2497.6 2397.6 834.13
3142.01 2498.41 2398.41 834.22
3141.48 2499.23 2399.23 834.31
3140.92 2500.05 2400.05 834.4
3140.35 2500.86 2400.86 834.49
3139.75 2501.68 2401.68 834.58
3139.14 2502.5 2402.5 834.67
3138.51 2503.32 2403.32 834.76
3137.86 2504.13 2404.13 834.85
3137.19 2504.95 2404.95 834.94
3136.51 2505.77 2405.77 835.03
3135.81 2506.58 2406.58 835.12
3135.08 2507.4 2407.4 835.21
3134.35 2508.22 2408.22 835.3
3133.59 2509.04 2409.04 835.39
3132.82 2509.85 2409.85 835.48
3132.03 2510.67 2410.67 835.57
3131.23 2511.49 2411.49 835.66
3130.41 2512.31 2412.31 835.75
3129.58 2513.12 2413.12 835.84
3128.73 2513.94 2413.94 835.93
3127.86 2514.76 2414.76 836.02
3126.98 2515.57 2415.57 836.11
3126.09 2516.39 2416.39 836.2
3125.18 2517.21 2417.21 836.29
3124.26 2518.03 2418.03 836.38
3123.33 2518.84 2418.84 836.47
3122.38 2519.66 2419.66 836.56
3121.42 2520.48 2420.48 836.65
3120.44 2521.29 2421.29 836.74
3119.46 2522.11 2422.11 836.83
3118.46 2522.93 2422.93 836.92
3117.45 2523.75 2423.75 837.01
3116.43 2524.56 2424.56 837.1
3115.4 2525.38 2425.38 837.19
3114.36 2526.2 2426.2 837.28
3113.3 2527.02 2427.02 837.37
3112.24 2527.83 2427.83 837.46
3111.16 2528.65 2428.65 837.55
3110.08 2529.47 2429.47 837.64
3108.99 2530.28 2430.28 837.73
3107.88 2531.1 2431.1 837.82
3106.77 2531.92 2431.92 837.91
3105.65 2532.74 2432.74 838
3104.52 2533.55 2433.55 838.09
3103.39 2534.37 2434.37 838.18
3102.24 2535.19 2435.19 838.27
3101.09 2536 2436 838.36
3099.93 2536.82 2436.82 838.45
3098.76 2537.64 2437.64 838.54
3097.59 2538.46 2438.46 838.63
3096.41 2539.27 2439.27 838.72
3095.23 2540.09 2440.09 838.81
3094.03 2540.91 2440.91 838.9
3092.84 2541.73 2441.73 838.99
3091.64 2542.54 2442.54 839.08
3090.43 2543.36 2443.36 839.17
3089.22 2544.18 2444.18 839.26
3088 2544.99 2444.99 839.35
3086.78 2545.81 2445.81 839.44
3085.55 2546.63 2446.63 839.53
3084.32 2547.45 2447.45 839.62
3083.09 2548.26 2448.26 839.71
3081.86 2549.08 2449.08 839.8
3080.62 2549.9 2449.9 839.89
3079.38 2550.71 2450.71 839.98
3078.14 2551.53 2451.53 840.07
3076.89 2552.35 2452.35 840.16
3075.65 2553.17 2453.17 840.25
3074.4 2553.98 2453.98 840.34
3073.15 2554.8 2454.8 840.43
3071.89 2555.62 2455.62 840.52
3070.64 2556.44 2456.44 840.61
3069.38 2557.25 2457.25 840.7
3068.12 2558.07 2458.07 840.79
3066.86 2558.89 2458.89 840.88
3065.6 2559.7 2459.7 840.97
3064.33 2560.52 2460.52 841.06
3063.06 2561.34 2461.34 841.15
3061.79 2562.16 2462.16 841.24
3060.52 2562.97 2462.97 841.33
3059.25 2563.79 2463.79 841.42
3057.97 2564.61 2464.61 841.51
3056.69 2565.42 2465.42 841.6
3055.41 2566.24 2466.24 841.69
3054.13 2567.06 2467.06 841.78
3052.85 2567.88 2467.88 841.87
3051.56 2568.69 2468.69 841.96
3050.27 2569.51 2469.51 842.05
3048.98 2570.33 2470.33 842.14
3047.69 2571.15 2471.15 842.23
3046.39 2571.96 2471.96 842.32
3045.1 2572.78 2472.78 842.41
3043.8 2573.6 2473.6 842.5
3042.5 2574.41 2474.41 842.59
3041.2 2575.23 2475.23 842.68
3039.89 2576.05 2476.05 842.77
3038.59 2576.87 2476.87 842.86
3037.28 2577.68 2477.68 842.95
3035.97 2578.5 2478.5 843.04
3034.66 2579.32 2479.32 843.13
3033.35 2580.13 2480.13 843.22
3032.03 2580.95 2480.95 843.31
3030.71 2581.77 2481.77 843.4
3029.39 2582.59 2482.59 843.49
3028.07 2583.4 2483.4 843.58
3026.75 2584.22 2484.22 843.67
3025.42 2585.04 2485.04 843.76
3024.1 2585.86 2485.86 843.85
3022.77 2586.67 2486.67 843.94
3021.44 2587.49 2487.49 844.03
3020.11 2588.31 2488.31 844.12
3018.77 2589.12 2489.12 844.21
3017.44 2589.94 2489.94 844.3
3016.1 2590.76 2490.76 844.39
3014.76 2591.58 2491.58 844.48
3013.42 2592.39 2492.39 844.57
3012.07 2593.21 2493.21 844.66
3010.73 2594.03 2494.03 844.75
3009.38 2594.84 2494.84 844.84
3008.03 2595.66 2495.66 844.93
3006.68 2596.48 2496.48 845.02
3005.33 2597.3 2497.3 845.11
3003.98 2598.11 2498.11 845.2
3002.62 2598.93 2498.93 845.29
3001.26 2599.75 2499.75 845.38
2999.9 2600.57 2500.57 845.47
2998.54 2601.38 2501.38 845.56
2997.18 2602.2 2502.2 845.65
2995.82 2603.02 2503.02 845.74
2994.45 2603.83 2503.83 845.83
2993.08 2604.65 2504.65 845.92
2991.71 2605.47 2505.47 846.01
2990.34 2606.29 2506.29 846.1
2988.97 2607.1 2507.1 846.19
2987.59 2607.92 2507.92 846.28
2986.22 2608.74 2508.74 846.37
2984.84 2609.55 2509.55 846.46
2983.46 2610.37 2510.37 846.55
2982.08 2611.19 2511.19 846.64
2980.7 2612.01 2512.01 846.73
2979.31 2612.82 2512.82 846.82
2977.93 2613.64 2513.64 846.91
2976.54 2614.46 2514.46 847
2975.15 2615.28 2515.28 847.09
2973.76 2616.09 2516.09 847.18
2972.37 2616.91 2516.91 847.27
2970.97 2617.73 2517.73 847.36
2969.58 2618.54 2518.54 847.45
2968.18 2619.36 2519.36 847.54
2966.78 2620.18 2520.18 847.63
2965.38 2621 2521 847.72
2963.98 2621.81 2521.81 847.81
2962.58 2622.63 2522.63 847.9
2961.17 2623.45 2523.45 847.99
2959.77 2624.26 2524.26 848.08
2958.36 2625.08 2525.08 848.17
2956.95 2625.9 2525.9 848.26
2955.54 2626.72 2526.72 848.35
2954.13 2627.53 2527.53 848.44
2952.71 2628.35 2528.35 848.53
2951.3 2629.17 2529.17 848.62
2949.88 2629.99 2529.99 848.71
2948.46 2630.8 2530.8 848.8
2947.04 2631.62 2531.62 848.89
2945.62 2632.44 2532.44 848.98
2944.2 2633.25 2533.25 849.07
2942.77 2634.07 2534.07 849.16
2941.35 2634.89 2534.89 849.25
2939.92 2635.71 2535.71 849.34
2938.49 2636.52 2536.52 849.43
2937.06 2637.34 2537.34 849.52
2935.63 2638.16 2538.16 849.61
2934.2 2638.97 2538.97 849.7
2932.77 2639.79 2539.79 849.79
2931.33 2640.61 2540.61 849.88
2929.89 2641.43 2541.43 849.97
2928.45 2642.24 2542.24 850.06
2927.02 2643.06 2543.06 850.15
2925.57 2643.88 2543.88 850.24
2924.13 2644.7 2544.7 850.33
2922.69 2645.51 2545.51 850.42
2921.24 2646.33 2546.33 850.51
2919.8 2647.15 2547.15 850.6
2918.35 2647.96 2547.96 850.69
2916.9 2648.78 2548.78 850.78
2915.45 2649.6 2549.6 850.87
2914 2650.42 2550.42 850.96
2912.55 2651.23 2551.23 851.05
2911.09 2652.05 2552.05 851.14
2909.64 2652.87 2552.87 851.23
2908.18 2653.68 2553.68 851.32
2906.72 2654.5 2554.5 851.41
2905.26 2655.32 2555.32 851.5
2903.8 2656.14 2556.14 851.59
2902.34 2656.95 2556.95 851.68
2900.88 2657.77 2557.77 851.77
2899.41 2658.59 2558.59 851.86
2897.95 2659.41 2559.41 851.95
2896.48 2660.22 2560.22 852.04
2895.01 2661.04 2561.04 852.13
2893.55 2661.86 2561.86 852.22
2892.08 2662.67 2562.67 852.31
2890.6 2663.49 2563.49 852.4
2889.13 2664.31 2564.31 852.49
2887.66 2665.13 2565.13 852.58
2886.18 2665.94 2565.94 852.67
2884.71 2666.76 2566.76 852.76
2883.23 2667.58 2567.58 852.85
2881.75 2668.39 2568.39 852.94
2880.27 2669.21 2569.21 853.03
2878.79 2670.03 2570.03 853.12
2877.31 2670.85 2570.85 853.21
2875.83 2671.66 2571.66 853.3
2874.34 2672.48 2572.48 853.39
2872.86 2673.3 2573.3 853.48
2871.37 2674.12 2574.12 853.57
2869.88 2674.93 2574.93 853.66
2868.4 2675.75 2575.75 853.75
2866.91 2676.57 2576.57 853.84
2865.42 2677.38 2577.38 853.93
2863.92 2678.2 2578.2 854.02
2862.43 2679.02 2579.02 854.11
2860.94 2679.84 2579.84 854.2
2859.44 2680.65 2580.65 854.29
2857.95 2681.47 2581.47 854.38
2856.45 2682.29 2582.29 854.47
2854.95 2683.1 2583.1 854.56
2853.46 2683.92 2583.92 854.65
2851.96 2684.74 2584.74 854.74
2850.45 2685.56 2585.56 854.83
2848.95 2686.37 2586.37 854.92
2847.45 2687.19 2587.19 855.01
2845.95 2688.01 2588.01 855.1
2844.44 2688.83 2588.83 855.19
2842.94 2689.64 2589.64 855.28
2841.43 2690.46 2590.46 855.37
2839.92 2691.28 2591.28 855.46
2838.41 2692.09 2592.09 855.55
2836.91 2692.91 2592.91 855.64
2835.39 2693.73 2593.73 855.73
2833.88 2694.55 2594.55 855.82
2832.37 2695.36 2595.36 855.91
2830.86 2696.18 2596.18 856
2829.34 2697 2597 856.09
2827.83 2697.81 2597.81 856.18
2826.31 2698.63 2598.63 856.27
2824.8 2699.45 2599.45 856.36
2823.28 2700.27 2600.27 856.45
2821.76 2701.08 2601.08 856.54
2820.24 2701.9 2601.9 856.63
2818.72 2702.72 2602.72 856.72
2817.2 2703.54 2603.54 856.81
2815.68 2704.35 2604.35 856.9
2814.16 2705.17 2605.17 856.99
2812.63 2705.99 2605.99 857.08
2811.11 2706.8 2606.8 857.17
2809.59 2707.62 2607.62 857.26
2808.06 2708.44 2608.44 857.35
2806.53 2709.26 2609.26 857.44
2805.01 2710.07 2610.07 857.53
2803.48 2710.89 2610.89 857.62
2801.95 2711.71 2611.71 857.71
2800.42 2712.52 2612.52 857.8
2798.89 2713.34 2613.34 857.89
2797.36 2714.16 2614.16 857.98
2795.83 2714.98 2614.98 858.07
2794.29 2715.79 2615.79 858.16
2792.76 2716.61 2616.61 858.25
2791.23 2717.43 2617.43 858.34
2789.69 2718.24 2618.24 858.43
2788.16 2719.06 2619.06 858.52
2786.62 2719.88 2619.88 858.61
2785.08 2720.7 2620.7 858.7
2783.55 2721.51 2621.51 858.79
2782.01 2722.33 2622.33 858.88
2780.47 2723.15 2623.15 858.97
2778.93 2723.97 2623.97 859.06
2777.39 2724.78 2624.78 859.15
2775.85 2725.6 2625.6 859.24
2774.31 2726.42 2626.42 859.33
2772.77 2727.23 2627.23 859.42
2771.22 2728.05 2628.05 859.51
2769.68 2728.87 2628.87 859.6
2768.14 2729.69 2629.69 859.69
2766.59 2730.5 2630.5 859.78
2765.05 2731.32 2631.32 859.87
2763.5 2732.14 2632.14 859.96
2761.96 2732.95 2632.95 860.05
2760.41 2733.77 2633.77 860.14
2758.86 2734.59 2634.59 860.23
2757.31 2735.41 2635.41 860.32
2755.77 2736.22 2636.22 860.41
2754.22 2737.04 2637.04 860.5
2752.67 2737.86 2637.86 860.59
2751.12 2738.68 2638.68 860.68
2749.57 2739.49 2639.49 860.77
2748.01 2740.31 2640.31 860.86
2746.46 2741.13 2641.13 860.95
2744.91 2741.94 2641.94 861.04
2743.36 2742.76 2642.76 861.13
2741.8 2743.58 2643.58 861.22
2740.25 2744.4 2644.4 861.31
2738.7 2745.21 2645.21 861.4
2737.14 2746.03 2646.03 861.49
2735.59 2746.85 2646.85 861.58
2734.03 2747.66 2647.66 861.67
2732.48 2748.48 2648.48 861.76
2730.92 2749.3 2649.3 861.85
2729.36 2750.12 2650.12 861.94
2727.8 2750.93 2650.93 862.03
2726.25 2751.75 2651.75 862.12
2724.69 2752.57 2652.57 862.21
2723.13 2753.39 2653.39 862.3
2721.57 2754.2 2654.2 862.39
2720.01 2755.02 2655.02 862.48
2718.45 2755.84 2655.84 862.57
2716.89 2756.65 2656.65 862.66
2715.33 2757.47 2657.47 862.75
2713.77 2758.29 2658.29 862.84
2712.21 2759.11 2659.11 862.93
2710.65 2759.92 2659.92 863.02
2709.08 2760.74 2660.74 863.11
2707.52 2761.56 2661.56 863.2
2705.96 2762.37 2662.37 863.29
2704.39 2763.19 2663.19 863.38
2702.83 2764.01 2664.01 863.47
2701.27 2764.83 2664.83 863.56
2699.7 2765.64 2665.64 863.65
2698.14 2766.46 2666.46 863.74
2696.57 2767.28 2667.28 863.83
2695.01 2768.1 2668.1 863.92
2693.44 2768.91 2668.91 864.01
2691.88 2769.73 2669.73 864.1
2690.31 2770.55 2670.55 864.19
2688.74 2771.36 2671.36 864.28
2687.18 2772.18 2672.18 864.37
2685.61 2773 2673 864.46
2684.04 2773.82 2673.82 864.55
2682.48 2774.63 2674.63 864.64
2680.91 2775.45 2675.45 864.73
2679.34 2776.27 2676.27 864.82
2677.77 2777.08 2677.08 864.91
2676.2 2777.9 2677.9 865
2674.64 2778.72 2678.72 865.09
2673.07 2779.54 2679.54 865.18
2671.5 2780.35 2680.35 865.27
2669.93 2781.17 2681.17 865.36
2668.36 2781.99 2681.99 865.45
2666.79 2782.81 2682.81 865.54
2665.22 2783.62 2683.62 865.63
2663.65 2784.44 2684.44 865.72
2662.08 2785.26 2685.26 865.81
2660.51 2786.07 2686.07 865.9
2658.94 2786.89 2686.89 865.99
2657.37 2787.71 2687.71 866.08
2655.8 2788.53 2688.53 866.17
2654.23 2789.34 2689.34 866.26
2652.65 2790.16 2690.16 866.35
2651.08 2790.98 2690.98 866.44
2649.51 2791.79 2691.79 866.53
2647.94 2792.61 2692.61 866.62
2646.37 2793.43 2693.43 866.71
2644.8 2794.25 2694.25 866.8
2643.23 2795.06 2695.06 866.89
2641.65 2795.88 2695.88 866.98
2640.08 2796.7 2696.7 867.07
2638.51 2797.52 2697.52 867.16
2636.94 2798.33 2698.33 867.25
2635.37 2799.15 2699.15 867.34
2633.79 2799.97 2699.97 867.43
2632.22 2800.78 2700.78 867.52
2630.65 2801.6 2701.6 867.61
2629.08 2802.42 2702.42 867.7
2627.5 2803.24 2703.24 867.79
2625.93 2804.05 2704.05 867.88
2624.36 2804.87 2704.87 867.97
2622.79 2805.69 2705.69 868.06
2621.21 2806.5 2706.5 868.15
2619.64 2807.32 2707.32 868.24
2618.07 2808.14 2708.14 868.33
2616.5 2808.96 2708.96 868.42
2614.92 2809.77 2709.77 868.51
2613.35 2810.59 2710.59 868.6
2611.78 2811.41 2711.41 868.69
2610.21 2812.23 2712.23 868.78
2608.64 2813.04 2713.04 868.87
2607.06 2813.86 2713.86 868.96
2605.49 2814.68 2714.68 869.05
2603.92 2815.49 2715.49 869.14
2602.35 2816.31 2716.31 869.23
2600.77 2817.13 2717.13 869.32
2599.2 2817.95 2717.95 869.41
2597.63 2818.76 2718.76 869.5
2596.06 2819.58 2719.58 869.59
2594.49 2820.4 2720.4 869.68
2592.92 2821.21 2721.21 869.77
2591.34 2822.03 2722.03 869.86
2589.77 2822.85 2722.85 869.95
2588.2 2823.67 2723.67 870.04
2586.63 2824.48 2724.48 870.13
2585.06 2825.3 2725.3 870.22
2583.49 2826.12 2726.12 870.31
2581.92 2826.94 2726.94 870.4
2580.35 2827.75 2727.75 870.49
2578.78 2828.57 2728.57 870.58
2577.21 2829.39 2729.39 870.67
2575.64 2830.2 2730.2 870.76
2574.07 2831.02 2731.02 870.85
2572.5 2831.84 2731.84 870.94
2570.93 2832.66 2732.66 871.03
2569.36 2833.47 2733.47 871.12
2567.79 2834.29 2734.29 871.21
2566.22 2835.11 2735.11 871.3
2564.65 2835.92 2735.92 871.39
2563.09 2836.74 2736.74 871.48
2561.52 2837.56 2737.56 871.57
2559.95 2838.38 2738.38 871.66
2558.38 2839.19 2739.19 871.75
2556.81 2840.01 2740.01 871.84
2555.25 2840.83 2740.83 871.93
2553.68 2841.65 2741.65 872.02
2552.11 2842.46 2742.46 872.11
2550.55 2843.28 2743.28 872.2
2548.98 2844.1 2744.1 872.29
2547.42 2844.91 2744.91 872.38
2545.85 2845.73 2745.73 872.47
2544.29 2846.55 2746.55 872.56
2542.72 2847.37 2747.37 872.65
2541.16 2848.18 2748.18 872.74
2539.59 2849 2749 872.83
2538.03 2849.82 2749.82 872.92
2536.47 2850.63 2750.63 873.01
2534.9 2851.45 2751.45 873.1
2533.34 2852.27 2752.27 873.19
2531.78 2853.09 2753.09 873.28
2530.22 2853.9 2753.9 873.37
2528.65 2854.72 2754.72 873.46
2527.09 2855.54 2755.54 873.55
2525.53 2856.36 2756.36 873.64
2523.97 2857.17 2757.17 873.73
2522.41 2857.99 2757.99 873.82
2520.85 2858.81 2758.81 873.91
2519.29 2859.62 2759.62 874
2517.73 2860.44 2760.44 874.09
2516.17 2861.26 2761.26 874.18
2514.62 2862.08 2762.08 874.27
2513.06 2862.89 2762.89 874.36
2511.5 2863.71 2763.71 874.45
2509.94 2864.53 2764.53 874.54
2508.39 2865.34 2765.34 874.63
2506.83 2866.16 2766.16 874.72
2505.28 2866.98 2766.98 874.81
2503.72 2867.8 2767.8 874.9
2502.17 2868.61 2768.61 874.99
2500.61 2869.43 2769.43 875.08
2499.06 2870.25 2770.25 875.17
2497.51 2871.07 2771.07 875.26
2495.96 2871.88 2771.88 875.35
2494.4 2872.7 2772.7 875.44
2492.85 2873.52 2773.52 875.53
2491.3 2874.33 2774.33 875.62
2489.75 2875.15 2775.15 875.71
2488.2 2875.97 2775.97 875.8
2486.65 2876.79 2776.79 875.89
2485.1 2877.6 2777.6 875.98
2483.55 2878.42 2778.42 876.07
2482.01 2879.24 2779.24 876.16
2480.46 2880.05 2780.05 876.25
2478.91 2880.87 2780.87 876.34
2477.37 2881.69 2781.69 876.43
2475.82 2882.51 2782.51 876.52
2474.28 2883.32 2783.32 876.61
2472.73 2884.14 2784.14 876.7
2471.19 2884.96 2784.96 876.79
2469.65 2885.78 2785.78 876.88
2468.1 2886.59 2786.59 876.97
2466.56 2887.41 2787.41 877.06
2465.02 2888.23 2788.23 877.15
2463.48 2889.04 2789.04 877.24
2461.94 2889.86 2789.86 877.33
2460.4 2890.68 2790.68 877.42
2458.86 2891.5 2791.5 877.51
2457.33 2892.31 2792.31 877.6
2455.79 2893.13 2793.13 877.69
2454.25 2893.95 2793.95 877.78
2452.72 2894.76 2794.76 877.87
2451.18 2895.58 2795.58 877.96
2449.65 2896.4 2796.4 878.05
2448.11 2897.22 2797.22 878.14
2446.58 2898.03 2798.03 878.23
2445.05 2898.85 2798.85 878.32
2443.52 2899.67 2799.67 878.41
2441.98 2900.49 2800.49 878.5
2440.45 2901.3 2801.3 878.59
2438.93 2902.12 2802.12 878.68
2437.4 2902.94 2802.94 878.77
2435.87 2903.75 2803.75 878.86
2434.34 2904.57 2804.57 878.95
2432.82 2905.39 2805.39 879.04
2431.29 2906.21 2806.21 879.13
2429.76 2907.02 2807.02 879.22
2428.24 2907.84 2807.84 879.31
2426.72 2908.66 2808.66 879.4
2425.19 2909.47 2809.47 879.49
2423.67 2910.29 2810.29 879.58
2422.15 2911.11 2811.11 879.67
2420.63 2911.93 2811.93 879.76
2419.11 2912.74 2812.74 879.85
2417.59 2913.56 2813.56 879.94
2416.08 2914.38 2814.38 880.03
2414.56 2915.19 2815.19 880.12
2413.04 2916.01 2816.01 880.21
2411.53 2916.83 2816.83 880.3
2410.02 2917.65 2817.65 880.39
2408.5 2918.46 2818.46 880.48
2406.99 2919.28 2819.28 880.57
2405.48 2920.1 2820.1 880.66
2403.97 2920.92 2820.92 880.75
2402.46 2921.73 2821.73 880.84
2400.95 2922.55 2822.55 880.93
2399.44 2923.37 2823.37 881.02
2397.93 2924.18 2824.18 881.11
2396.43 2925 2825 881.2
2394.92 2925.82 2825.82 881.29
2393.42 2926.64 2826.64 881.38
2391.92 2927.45 2827.45 881.47
2390.41 2928.27 2828.27 881.56
2388.91 2929.09 2829.09 881.65
2387.41 2929.9 2829.9 881.74
2385.91 2930.72 2830.72 881.83
2384.42 2931.54 2831.54 881.92
2382.92 2932.36 2832.36 882.01
2381.42 2933.17 2833.17 882.1
2379.93 2933.99 2833.99 882.19
2378.43 2934.81 2834.81 882.28
2376.94 2935.63 2835.63 882.37
2375.45 2936.44 2836.44 882.46
2373.96 2937.26 2837.26 882.55
2372.47 2938.08 2838.08 882.64
2370.98 2938.89 2838.89 882.73
2369.49 2939.71 2839.71 882.82
2368.01 2940.53 2840.53 882.91
2366.52 2941.35 2841.35 883
2365.04 2942.16 2842.16 883.09
2363.56 2942.98 2842.98 883.18
2362.07 2943.8 2843.8 883.27
2360.59 2944.61 2844.61 883.36
2359.12 2945.43 2845.43 883.45
2357.64 2946.25 2846.25 883.54
2356.16 2947.07 2847.07 883.63
2354.68 2947.88 2847.88 883.72
2353.21 2948.7 2848.7 883.81
2351.74 2949.52 2849.52 883.9
2350.27 2950.34 2850.34 883.99
2348.79 2951.15 2851.15 884.08
2347.33 2951.97 2851.97 884.17
2345.86 2952.79 2852.79 884.26
2344.39 2953.6 2853.6 884.35
2342.92 2954.42 2854.42 884.44
2341.46 2955.24 2855.24 884.53
2340 2956.06 2856.06 884.62
2338.54 2956.87 2856.87 884.71
2337.07 2957.69 2857.69 884.8
2335.62 2958.51 2858.51 884.89
2334.16 2959.32 2859.32 884.98
2332.7 2960.14 2860.14 885.07
2331.25 2960.96 2860.96 885.16
2329.79 2961.78 2861.78 885.25
2328.34 2962.59 2862.59 885.34
2326.89 2963.41 2863.41 885.43
2325.44 2964.23 2864.23 885.52
2323.99 2965.05 2865.05 885.61
2322.54 2965.86 2865.86 885.7
2321.1 2966.68 2866.68 885.79
2319.66 2967.5 2867.5 885.88
2318.21 2968.31 2868.31 885.97
2316.77 2969.13 2869.13 886.06
2315.33 2969.95 2869.95 886.15
2313.89 2970.77 2870.77 886.24
2312.46 2971.58 2871.58 886.33
2311.02 2972.4 2872.4 886.42
2309.59 2973.22 2873.22 886.51
2308.16 2974.03 2874.03 886.6
2306.73 2974.85 2874.85 886.69
2305.3 2975.67 2875.67 886.78
2303.87 2976.49 2876.49 886.87
2302.44 2977.3 2877.3 886.96
2301.02 2978.12 2878.12 887.05
2299.6 2978.94 2878.94 887.14
2298.17 2979.76 2879.76 887.23
2296.75 2980.57 2880.57 887.32
2295.34 2981.39 2881.39 887.41
2293.92 2982.21 2882.21 887.5
2292.5 2983.02 2883.02 887.59
2291.09 2983.84 2883.84 887.68
2289.68 2984.66 2884.66 887.77
2288.27 2985.48 2885.48 887.86
2286.86 2986.29 2886.29 887.95
2285.45 2987.11 2887.11 888.04
2284.05 2987.93 2887.93 888.13
2282.64 2988.74 2888.74 888.22
2281.24 2989.56 2889.56 888.31
2279.84 2990.38 2890.38 888.4
2278.44 2991.2 2891.2 888.49
2277.05 2992.01 2892.01 888.58
2275.65 2992.83 2892.83 888.67
2274.26 2993.65 2893.65 888.76
2272.86 2994.47 2894.47 888.85
2271.47 2995.28 2895.28 888.94
2270.09 2996.1 2896.1 889.03
2268.7 2996.92 2896.92 889.12
2267.32 2997.73 2897.73 889.21
2265.93 2998.55 2898.55 889.3
2264.55 2999.37 2899.37 889.39
2263.17 3000.19 2900.19 889.48
2261.79 3001 2901 889.57
2260.42 3001.82 2901.82 889.66
2259.04 3002.64 2902.64 889.75
2257.67 3003.45 2903.45 889.84
2256.3 3004.27 2904.27 889.93
2254.93 3005.09 2905.09 890.02
2253.57 3005.91 2905.91 890.11
2252.2 3006.72 2906.72 890.2
2250.84 3007.54 2907.54 890.29
2249.48 3008.36 2908.36 890.38
2248.12 3009.18 2909.18 890.47
2246.76 3009.99 2909.99 890.56
2245.41 3010.81 2910.81 890.65
2244.05 3011.63 2911.63 890.74
2242.7 3012.44 2912.44 890.83
2241.35 3013.26 2913.26 890.92
2240 3014.08 2914.08 891.01
2238.66 3014.9 2914.9 891.1
2237.31 3015.71 2915.71 891.19
2235.97 3016.53 2916.53 891.28
2234.63 3017.35 2917.35 891.37
2233.3 3018.16 2918.16 891.46
2231.96 3018.98 2918.98 891.55
2230.63 3019.8 2919.8 891.64
2229.29 3020.62 2920.62 891.73
2227.96 3021.43 2921.43 891.82
2226.64 3022.25 2922.25 891.91
2225.31 3023.07 2923.07 892
2223.99 3023.89 2923.89 892.09
2222.67 3024.7 2924.7 892.18
2221.35 3025.52 2925.52 892.27
2220.03 3026.34 2926.34 892.36
2218.71 3027.15 2927.15 892.45
2217.4 3027.97 2927.97 892.54
2216.09 3028.79 2928.79 892.63
2214.78 3029.61 2929.61 892.72
2213.47 3030.42 2930.42 892.81
2212.17 3031.24 2931.24 892.9
2210.87 3032.06 2932.06 892.99
2209.57 3032.87 2932.87 893.08
2208.27 3033.69 2933.69 893.17
2206.97 3034.51 2934.51 893.26
2205.68 3035.33 2935.33 893.35
2204.39 3036.14 2936.14 893.44
2203.1 3036.96 2936.96 893.53
2201.81 3037.78 2937.78 893.62
2200.53 3038.6 2938.6 893.71
2199.24 3039.41 2939.41 893.8
2197.96 3040.23 2940.23 893.89
2196.69 3041.05 2941.05 893.98
2195.41 3041.86 2941.86 894.07
2194.14 3042.68 2942.68 894.16
2192.86 3043.5 2943.5 894.25
2191.59 3044.32 2944.32 894.34
2190.33 3045.13 2945.13 894.43
2189.06 3045.95 2945.95 894.52
2187.8 3046.77 2946.77 894.61
2186.54 3047.58 2947.58 894.7
2185.28 3048.4 2948.4 894.79
2184.03 3049.22 2949.22 894.88
2182.78 3050.04 2950.04 894.97
2181.52 3050.85 2950.85 895.06
2180.28 3051.67 2951.67 895.15
2179.03 3052.49 2952.49 895.24
2177.79 3053.31 2953.31 895.33
2176.55 3054.12 2954.12 895.42
2175.31 3054.94 2954.94 895.51
2174.07 3055.76 2955.76 895.6
2172.84 3056.57 2956.57 895.69
2171.61 3057.39 2957.39 895.78
2170.38 3058.21 2958.21 895.87
2169.15 3059.03 2959.03 895.96
2167.93 3059.84 2959.84 896.05
2166.71 3060.66 2960.66 896.14
2165.49 3061.48 2961.48 896.23
2164.27 3062.29 2962.29 896.32
2163.06 3063.11 2963.11 896.41
2161.84 3063.93 2963.93 896.5
2160.63 3064.75 2964.75 896.59
2159.43 3065.56 2965.56 896.68
2158.22 3066.38 2966.38 896.77
2157.02 3067.2 2967.2 896.86
2155.82 3068.02 2968.02 896.95
2154.63 3068.83 2968.83 897.04
2153.43 3069.65 2969.65 897.13
2152.24 3070.47 2970.47 897.22
2151.05 3071.28 2971.28 897.31
2149.87 3072.1 2972.1 897.4
2148.68 3072.92 2972.92 897.49
2147.5 3073.74 2973.74 897.58
2146.32 3074.55 2974.55 897.67
2145.15 3075.37 2975.37 897.76
2143.98 3076.19 2976.19 897.85
2142.81 3077 2977 897.94
2141.64 3077.82 2977.82 898.03
2140.47 3078.64 2978.64 898.12
2139.31 3079.46 2979.46 898.21
2138.15 3080.27 2980.27 898.3
2136.99 3081.09 2981.09 898.39
2135.84 3081.91 2981.91 898.48
2134.69 3082.73 2982.73 898.57
2133.54 3083.54 2983.54 898.66
2132.39 3084.36 2984.36 898.75
2131.25 3085.18 2985.18 898.84
2130.11 3085.99 2985.99 898.93
2128.97 3086.81 2986.81 899.02
2127.84 3087.63 2987.63 899.11
2126.71 3088.45 2988.45 899.2
2125.58 3089.26 2989.26 899.29
2124.45 3090.08 2990.08 899.38
2123.33 3090.9 2990.9 899.47
2122.2 3091.71 2991.71 899.56
2121.09 3092.53 2992.53 899.65
2119.97 3093.35 2993.35 899.74
2118.86 3094.17 2994.17 899.83
2117.75 3094.98 2994.98 899.92
2116.64 3095.8 2995.8 900.01
2115.54 3096.62 2996.62 900.1
2114.44 3097.44 2997.44 900.19
2113.34 3098.25 2998.25 900.28
2112.24 3099.07 2999.07 900.37
2111.15 3099.89 2999.89 900.46
2110.06 3100.7 3000.7 900.55
2108.97 3101.52 3001.52 900.64
2107.89 3102.34 3002.34 900.73
2106.81 3103.16 3003.16 900.82
2105.73 3103.97 3003.97 900.91
2104.66 3104.79 3004.79 901
2103.58 3105.61 3005.61 901.09
2102.51 3106.42 3006.42 901.18
2101.45 3107.24 3007.24 901.27
2100.38 3108.06 3008.06 901.36
2099.32 3108.88 3008.88 901.45
2098.27 3109.69 3009.69 901.54
2097.21 3110.51 3010.51 901.63
2096.16 3111.33 3011.33 901.72
2095.11 3112.15 3012.15 901.81
2094.07 3112.96 3012.96 901.9
2093.02 3113.78 3013.78 901.99
2091.98 3114.6 3014.6 902.08
2090.95 3115.41 3015.41 902.17
2089.91 3116.23 3016.23 902.26
2088.88 3117.05 3017.05 902.35
2087.85 3117.87 3017.87 902.44
2086.83 3118.68 3018.68 902.53
2085.81 3119.5 3019.5 902.62
2084.79 3120.32 3020.32 902.71
2083.77 3121.13 3021.13 902.8
2082.76 3121.95 3021.95 902.89
2081.75 3122.77 3022.77 902.98
2080.74 3123.59 3023.59 903.07
2079.73 3124.4 3024.4 903.16
2078.73 3125.22 3025.22 903.25
2077.73 3126.04 3026.04 903.34
2076.74 3126.85 3026.85 903.43
2075.75 3127.67 3027.67 903.52
2074.76 3128.49 3028.49 903.61
2073.77 3129.31 3029.31 903.7
2072.79 3130.12 3030.12 903.79
2071.81 3130.94 3030.94 903.88
2070.83 3131.76 3031.76 903.97
2069.86 3132.58 3032.58 904.06
2068.89 3133.39 3033.39 904.15
2067.92 3134.21 3034.21 904.24
2066.95 3135.03 3035.03 904.33
2065.99 3135.84 3035.84 904.42
2065.03 3136.66 3036.66 904.51
2064.08 3137.48 3037.48 904.6
2063.12 3138.3 3038.3 904.69
2062.17 3139.11 3039.11 904.78
2061.23 3139.93 3039.93 904.87
2060.28 3140.75 3040.75 904.96
2059.34 3141.56 3041.56 905.05
2058.4 3142.38 3042.38 905.14
2057.47 3143.2 3043.2 905.23
2056.54 3144.02 3044.02 905.32
2055.61 3144.83 3044.83 905.41
2054.68 3145.65 3045.65 905.5
2053.76 3146.47 3046.47 905.59
2052.84 3147.29 3047.29 905.68
2051.93 3148.1 3048.1 905.77
2051.01 3148.92 3048.92 905.86
2050.1 3149.74 3049.74 905.95
2049.2 3150.55 3050.55 906.04
2048.29 3151.37 3051.37 906.13
2047.39 3152.19 3052.19 906.22
2046.5 3153.01 3053.01 906.31
2045.6 3153.82 3053.82 906.4
2044.71 3154.64 3054.64 906.49
2043.82 3155.46 3055.46 906.58
2042.94 3156.27 3056.27 906.67
2042.06 3157.09 3057.09 906.76
2041.18 3157.91 3057.91 906.85
2040.3 3158.73 3058.73 906.94
2039.43 3159.54 3059.54 907.03
2038.56 3160.36 3060.36 907.12
2037.69 3161.18 3061.18 907.21
2036.83 3162 3062 907.3
2035.97 3162.81 3062.81 907.39
2035.11 3163.63 3063.63 907.48
2034.26 3164.45 3064.45 907.57
2033.41 3165.26 3065.26 907.66
2032.56 3166.08 3066.08 907.75
2031.72 3166.9 3066.9 907.84
2030.88 3167.72 3067.72 907.93
2030.04 3168.53 3068.53 908.02
2029.21 3169.35 3069.35 908.11
2028.38 3170.17 3070.17 908.2
2027.55 3170.98 3070.98 908.29
2026.72 3171.8 3071.8 908.38
2025.9 3172.62 3072.62 908.47
2025.08 3173.44 3073.44 908.56
2024.27 3174.25 3074.25 908.65
2023.46 3175.07 3075.07 908.74
2022.65 3175.89 3075.89 908.83
2021.84 3176.71 3076.71 908.92
2021.04 3177.52 3077.52 909.01
2020.24 3178.34 3078.34 909.1
2019.45 3179.16 3079.16 909.19
2018.65 3179.97 3079.97 909.28
2017.86 3180.79 3080.79 909.37
2017.08 3181.61 3081.61 909.46
2016.3 3182.43 3082.43 909.55
2015.52 3183.24 3083.24 909.64
2014.74 3184.06 3084.06 909.73
2013.97 3184.88 3084.88 909.82
2013.2 3185.69 3085.69 909.91
2012.43 3186.51 3086.51 910
2011.67 3187.33 3087.33 910.09
2010.91 3188.15 3088.15 910.18
2010.15 3188.96 3088.96 910.27
2009.4 3189.78 3089.78 910.36
2008.65 3190.6 3090.6 910.45
2007.9 3191.42 3091.42 910.54
2007.16 3192.23 3092.23 910.63
2006.42 3193.05 3093.05 910.72
2005.68 3193.87 3093.87 910.81
2004.95 3194.68 3094.68 910.9
2004.22 3195.5 3095.5 910.99
2003.49 3196.32 3096.32 911.08
2002.76 3197.14 3097.14 911.17
2002.04 3197.95 3097.95 911.26
2001.33 3198.77 3098.77 911.35
2000.61 3199.59 3099.59 911.44
1999.9 3200.4 3100.4 911.53
1999.2 3201.22 3101.22 911.62
1998.49 3202.04 3102.04 911.71
1997.79 3202.86 3102.86 911.8
1997.09 3203.67 3103.67 911.89
1996.4 3204.49 3104.49 911.98
1995.71 3205.31 3105.31 912.07
1995.02 3206.13 3106.13 912.16
1994.34 3206.94 3106.94 912.25
1993.66 3207.76 3107.76 912.34
1992.98 3208.58 3108.58 912.43
1992.31 3209.39 3109.39 912.52
1991.64 3210.21 3110.21 912.61
1990.97 3211.03 3111.03 912.7
1990.31 3211.85 3111.85 912.79
1989.65 3212.66 3112.66 912.88
1988.99 3213.48 3113.48 912.97
1988.34 3214.3 3114.3 913.06
1987.69 3215.11 3115.11 913.15
1987.04 3215.93 3115.93 913.24
1986.4 3216.75 3116.75 913.33
1985.76 3217.57 3117.57 913.42
1985.12 3218.38 3118.38 913.51
1984.49 3219.2 3119.2 913.6
1983.86 3220.02 3120.02 913.69
1983.23 3220.84 3120.84 913.78
1982.61 3221.65 3121.65 913.87
1981.99 3222.47 3122.47 913.96
1981.37 3223.29 3123.29 914.05
1980.76 3224.1 3124.1 914.14
1980.15 3224.92 3124.92 914.23
1979.55 3225.74 3125.74 914.32
1978.94 3226.56 3126.56 914.41
1978.35 3227.37 3127.37 914.5
1977.75 3228.19 3128.19 914.59
1977.16 3229.01 3129.01 914.68
1976.57 3229.82 3129.82 914.77
1975.98 3230.64 3130.64 914.86
1975.4 3231.46 3131.46 914.95
1974.83 3232.28 3132.28 915.04
1974.25 3233.09 3133.09 915.13
1973.68 3233.91 3133.91 915.22
1973.11 3234.73 3134.73 915.31
1972.55 3235.55 3135.55 915.4
1971.99 3236.36 3136.36 915.49
1971.43 3237.18 3137.18 915.58
1970.88 3238 3138 915.67
1970.33 3238.81 3138.81 915.76
1969.78 3239.63 3139.63 915.85
1969.24 3240.45 3140.45 915.94
1968.7 3241.27 3141.27 916.03
1968.16 3242.08 3142.08 916.12
1967.63 3242.9 3142.9 916.21
1967.1 3243.72 3143.72 916.3
1966.57 3244.53 3144.53 916.39
1966.05 3245.35 3145.35 916.48
1965.53 3246.17 3146.17 916.57
1965.02 3246.99 3146.99 916.66
1964.51 3247.8 3147.8 916.75
1964 3248.62 3148.62 916.84
1963.49 3249.44 3149.44 916.93
1962.99 3250.26 3150.26 917.02
1962.5 3251.07 3151.07 917.11
1962 3251.89 3151.89 917.2
1961.51 3252.71 3152.71 917.29
1961.03 3253.52 3153.52 917.38
1960.54 3254.34 3154.34 917.47
1960.06 3255.16 3155.16 917.56
1959.59 3255.98 3155.98 917.65
1959.11 3256.79 3156.79 917.74
1958.65 3257.61 3157.61 917.83
1958.18 3258.43 3158.43 917.92
1957.72 3259.24 3159.24 918.01
1957.26 3260.06 3160.06 918.1
1956.81 3260.88 3160.88 918.19
1956.35 3261.7 3161.7 918.28
1955.91 3262.51 3162.51 918.37
1955.46 3263.33 3163.33 918.46
1955.02 3264.15 3164.15 918.55
1954.59 3264.97 3164.97 918.64
1954.15 3265.78 3165.78 918.73
1953.73 3266.6 3166.6 918.82
1953.3 3267.42 3167.42 918.91
1952.88 3268.23 3168.23 919
1952.46 3269.05 3169.05 919.09
1952.04 3269.87 3169.87 919.18
1951.63 3270.69 3170.69 919.27
1951.23 3271.5 3171.5 919.36
1950.82 3272.32 3172.32 919.45
1950.42 3273.14 3173.14 919.54
1950.03 3273.95 3173.95 919.63
1949.63 3274.77 3174.77 919.72
1949.24 3275.59 3175.59 919.81
1948.86 3276.41 3176.41 919.9
1948.48 3277.22 3177.22 919.99
1948.1 3278.04 3178.04 920.08
1947.72 3278.86 3178.86 920.17
1947.35 3279.68 3179.68 920.26
1946.99 3280.49 3180.49 920.35
1946.62 3281.31 3181.31 920.44
1946.26 3282.13 3182.13 920.53
1945.9 3282.94 3182.94 920.62
1945.55 3283.76 3183.76 920.71
1945.2 3284.58 3184.58 920.8
1944.86 3285.4 3185.4 920.89
1944.51 3286.21 3186.21 920.98
1944.18 3287.03 3187.03 921.07
1943.84 3287.85 3187.85 921.16
1943.51 3288.66 3188.66 921.25
1943.18 3289.48 3189.48 921.34
1942.85 3290.3 3190.3 921.43
1942.53 3291.12 3191.12 921.52
1942.21 3291.93 3191.93 921.61
1941.9 3292.75 3192.75 921.7
1941.59 3293.57 3193.57 921.79
1941.28 3294.39 3194.39 921.88
1940.98 3295.2 3195.2 921.97
1940.67 3296.02 3196.02 922.06
1940.38 3296.84 3196.84 922.15
1940.08 3297.65 3197.65 922.24
1939.79 3298.47 3198.47 922.33
1939.5 3299.29 3199.29 922.42
1939.22 3300.11 3200.11 922.51
1938.93 3300.92 3200.92 922.6
1938.66 3301.74 3201.74 922.69
1938.38 3302.56 3202.56 922.78
1938.11 3303.37 3203.37 922.87
1937.84 3304.19 3204.19 922.96
1937.57 3305.01 3205.01 923.05
1937.31 3305.83 3205.83 923.14
1937.05 3306.64 3206.64 923.23
1936.79 3307.46 3207.46 923.32
1936.54 3308.28 3208.28 923.41
1936.29 3309.1 3209.1 923.5
1936.04 3309.91 3209.91 923.59
1935.8 3310.73 3210.73 923.68
1935.56 3311.55 3211.55 923.77
1935.32 3312.36 3212.36 923.86
1935.08 3313.18 3213.18 923.95
1934.85 3314 3214 924.04
1934.62 3314.82 3214.82 924.13
1934.4 3315.63 3215.63 924.22
1934.17 3316.45 3216.45 924.31
1933.95 3317.27 3217.27 924.4
1933.74 3318.08 3218.08 924.49
1933.52 3318.9 3218.9 924.58
1933.31 3319.72 3219.72 924.67
1933.1 3320.54 3220.54 924.76
1932.89 3321.35 3221.35 924.85
1932.69 3322.17 3222.17 924.94
1932.49 3322.99 3222.99 925.03
1932.29 3323.8 3223.8 925.12
1932.1 3324.62 3224.62 925.21
1931.91 3325.44 3225.44 925.3
1931.72 3326.26 3226.26 925.39
1931.53 3327.07 3227.07 925.48
1931.35 3327.89 3227.89 925.57
1931.17 3328.71 3228.71 925.66
1930.99 3329.53 3229.53 925.75
1930.81 3330.34 3230.34 925.84
1930.64 3331.16 3231.16 925.93
1930.47 3331.98 3231.98 926.02
1930.3 3332.79 3232.79 926.11
1930.14 3333.61 3233.61 926.2
1929.97 3334.43 3234.43 926.29
1929.81 3335.25 3235.25 926.38
1929.66 3336.06 3236.06 926.47
1929.5 3336.88 3236.88 926.56
1929.35 3337.7 3237.7 926.65
1929.2 3338.51 3238.51 926.74
1929.05 3339.33 3239.33 926.83
1928.91 3340.15 3240.15 926.92
1928.76 3340.97 3240.97 927.01
1928.62 3341.78 3241.78 927.1
1928.49 3342.6 3242.6 927.19
1928.35 3343.42 3243.42 927.28
1928.22 3344.24 3244.24 927.37
1928.09 3345.05 3245.05 927.46
1927.96 3345.87 3245.87 927.55
1927.83 3346.69 3246.69 927.64
1927.71 3347.5 3247.5 927.73
1927.59 3348.32 3248.32 927.82
1927.47 3349.14 3249.14 927.91
1927.36 3349.96 3249.96 928
1927.24 3350.77 3250.77 928.09
1927.13 3351.59 3251.59 928.18
1927.02 3352.41 3252.41 928.27
1926.91 3353.22 3253.22 928.36
1926.81 3354.04 3254.04 928.45
1926.71 3354.86 3254.86 928.54
1926.61 3355.68 3255.68 928.63
1926.51 3356.49 3256.49 928.72
1926.41 3357.31 3257.31 928.81
1926.32 3358.13 3258.13 928.9
1926.23 3358.95 3258.95 928.99
1926.14 3359.76 3259.76 929.08
1926.05 3360.58 3260.58 929.17
1925.96 3361.4 3261.4 929.26
1925.88 3362.21 3262.21 929.35
1925.8 3363.03 3263.03 929.44
1925.72 3363.85 3263.85 929.53
1925.64 3364.67 3264.67 929.62
1925.57 3365.48 3265.48 929.71
1925.49 3366.3 3266.3 929.8
1925.42 3367.12 3267.12 929.89
1925.35 3367.93 3267.93 929.98
1925.28 3368.75 3268.75 930.07
1925.22 3369.57 3269.57 930.16
1925.15 3370.39 3270.39 930.25
1925.09 3371.2 3271.2 930.34
1925.03 3372.02 3272.02 930.43
1924.97 3372.84 3272.84 930.52
1924.92 3373.66 3273.66 930.61
1924.86 3374.47 3274.47 930.7
1924.81 3375.29 3275.29 930.79
1924.76 3376.11 3276.11 930.88
1924.71 3376.92 3276.92 930.97
1924.67 3377.74 3277.74 931.06
1924.62 3378.56 3278.56 931.15
1924.58 3379.38 3279.38 931.24
1924.53 3380.19 3280.19 931.33
1924.49 3381.01 3281.01 931.42
1924.46 3381.83 3281.83 931.51
1924.42 3382.64 3282.64 931.6
1924.38 3383.46 3283.46 931.69
1924.35 3384.28 3284.28 931.78
1924.32 3385.1 3285.1 931.87
1924.29 3385.91 3285.91 931.96
1924.26 3386.73 3286.73 932.05
1924.23 3387.55 3287.55 932.14
1924.21 3388.37 3288.37 932.23
1924.18 3389.18 3289.18 932.32
1924.16 3390 3290 932.41
1924.14 3390.82 3290.82 932.5
1924.12 3391.63 3291.63 932.59
1924.1 3392.45 3292.45 932.68
1924.09 3393.27 3293.27 932.77
1924.07 3394.09 3294.09 932.86
1924.06 3394.9 3294.9 932.95
1924.05 3395.72 3295.72 933.04
1924.03 3396.54 3296.54 933.13
1924.03 3397.35 3297.35 933.22
1924.02 3398.17 3298.17 933.31
1924.01 3398.99 3298.99 933.4
1924.01 3399.81 3299.81 933.49
1924 3400.62 3300.62 933.58
1924 3401.44 3301.44 933.67
1924 3402.26 3302.26 933.76
1924 3403.08 3303.08 933.85
1924 3403.89 3303.89 933.94
1924 3404.71 3304.71 934.03
1924.01 3405.53 3305.53 934.12
1924.01 3406.34 3306.34 934.21
1924.02 3407.16 3307.16 934.3
1924.03 3407.98 3307.98 934.39
1924.04 3408.8 3308.8 934.48
1924.05 3409.61 3309.61 934.57
1924.06 3410.43 3310.43 934.66
1924.07 3411.25 3311.25 934.75
1924.08 3412.06 3312.06 934.84
1924.1 3412.88 3312.88 934.93
1924.11 3413.7 3313.7 935.02
1924.13 3414.52 3314.52 935.11
1924.15 3415.33 3315.33 935.2
1924.17 3416.15 3316.15 935.29
1924.19 3416.97 3316.97 935.38
1924.21 3417.79 3317.79 935.47
1924.23 3418.6 3318.6 935.56
1924.25 3419.42 3319.42 935.65
1924.27 3420.24 3320.24 935.74
1924.3 3421.05 3321.05 935.83
1924.32 3421.87 3321.87 935.92
1924.35 3422.69 3322.69 936.01
1924.38 3423.51 3323.51 936.1
1924.41 3424.32 3324.32 936.19
1924.44 3425.14 3325.14 936.28
1924.47 3425.96 3325.96 936.37
1924.5 3426.77 3326.77 936.46
1924.53 3427.59 3327.59 936.55
1924.56 3428.41 3328.41 936.64
1924.6 3429.23 3329.23 936.73
1924.63 3430.04 3330.04 936.82
1924.66 3430.86 3330.86 936.91
1924.7 3431.68 3331.68 937
1924.74 3432.5 3332.5 937.09
1924.77 3433.31 3333.31 937.18
1924.81 3434.13 3334.13 937.27
1924.85 3434.95 3334.95 937.36
1924.89 3435.76 3335.76 937.45
1924.93 3436.58 3336.58 937.54
1924.97 3437.4 3337.4 937.63
1925.01 3438.22 3338.22 937.72
1925.05 3439.03 3339.03 937.81
1925.09 3439.85 3339.85 937.9
1925.14 3440.67 3340.67 937.99
1925.18 3441.48 3341.48 938.08
1925.22 3442.3 3342.3 938.17
1925.27 3443.12 3343.12 938.26
1925.31 3443.94 3343.94 938.35
1925.36 3444.75 3344.75 938.44
1925.41 3445.57 3345.57 938.53
1925.45 3446.39 3346.39 938.62
1925.5 3447.21 3347.21 938.71
1925.55 3448.02 3348.02 938.8
1925.59 3448.84 3348.84 938.89
1925.64 3449.66 3349.66 938.98
1925.69 3450.47 3350.47 939.07
1925.74 3451.29 3351.29 939.16
1925.79 3452.11 3352.11 939.25
1925.84 3452.93 3352.93 939.34
1925.89 3453.74 3353.74 939.43
1925.94 3454.56 3354.56 939.52
1925.99 3455.38 3355.38 939.61
1926.04 3456.19 3356.19 939.7
1926.09 3457.01 3357.01 939.79
1926.14 3457.83 3357.83 939.88
1926.2 3458.65 3358.65 939.97
1926.25 3459.46 3359.46 940.06
1926.3 3460.28 3360.28 940.15
1926.35 3461.1 3361.1 940.24
1926.41 3461.92 3361.92 940.33
1926.46 3462.73 3362.73 940.42
1926.51 3463.55 3363.55 940.51
1926.56 3464.37 3364.37 940.6
1926.62 3465.18 3365.18 940.69
1926.67 3466 3366 940.78
1926.73 3466.82 3366.82 940.87
1926.78 3467.64 3367.64 940.96
1926.83 3468.45 3368.45 941.05
1926.89 3469.27 3369.27 941.14
1926.94 3470.09 3370.09 941.23
1927 3470.9 3370.9 941.32
1927.05 3471.72 3371.72 941.41
1927.11 3472.54 3372.54 941.5
1927.17 3473.36 3373.36 941.59
1927.22 3474.17 3374.17 941.68
1927.28 3474.99 3374.99 941.77
1927.34 3475.81 3375.81 941.86
1927.39 3476.63 3376.63 941.95
1927.45 3477.44 3377.44 942.04
1927.51 3478.26 3378.26 942.13
1927.56 3479.08 3379.08 942.22
1927.62 3479.89 3379.89 942.31
1927.68 3480.71 3380.71 942.4
1927.74 3481.53 3381.53 942.49
1927.8 3482.35 3382.35 942.58
1927.86 3483.16 3383.16 942.67
1927.92 3483.98 3383.98 942.76
1927.98 3484.8 3384.8 942.85
1928.04 3485.61 3385.61 942.94
1928.1 3486.43 3386.43 943.03
1928.16 3487.25 3387.25 943.12
1928.22 3488.07 3388.07 943.21
1928.28 3488.88 3388.88 943.3
1928.34 3489.7 3389.7 943.39
1928.4 3490.52 3390.52 943.48
1928.46 3491.34 3391.34 943.57
1928.52 3492.15 3392.15 943.66
1928.59 3492.97 3392.97 943.75
1928.65 3493.79 3393.79 943.84
1928.71 3494.6 3394.6 943.93
1928.78 3495.42 3395.42 944.02
1928.84 3496.24 3396.24 944.11
1928.9 3497.06 3397.06 944.2
1928.97 3497.87 3397.87 944.29
1929.03 3498.69 3398.69 944.38
1929.1 3499.51 3399.51 944.47
1929.16 3500.32 3400.32 944.56
1929.23 3501.14 3401.14 944.65
1929.29 3501.96 3401.96 944.74
1929.36 3502.78 3402.78 944.83
1929.42 3503.59 3403.59 944.92
1929.49 3504.41 3404.41 945.01
1929.56 3505.23 3405.23 945.1
1929.63 3506.05 3406.05 945.19
1929.69 3506.86 3406.86 945.28
1929.76 3507.68 3407.68 945.37
1929.83 3508.5 3408.5 945.46
1929.9 3509.31 3409.31 945.55
1929.97 3510.13 3410.13 945.64
1930.04 3510.95 3410.95 945.73
1930.11 3511.77 3411.77 945.82
1930.17 3512.58 3412.58 945.91
1930.25 3513.4 3413.4 946
1930.32 3514.22 3414.22 946.09
1930.39 3515.03 3415.03 946.18
1930.46 3515.85 3415.85 946.27
1930.53 3516.67 3416.67 946.36
1930.6 3517.49 3417.49 946.45
1930.67 3518.3 3418.3 946.54
1930.75 3519.12 3419.12 946.63
1930.82 3519.94 3419.94 946.72
1930.89 3520.76 3420.76 946.81
1930.97 3521.57 3421.57 946.9
1931.04 3522.39 3422.39 946.99
1931.11 3523.21 3423.21 947.08
1931.19 3524.02 3424.02 947.17
1931.26 3524.84 3424.84 947.26
1931.34 3525.66 3425.66 947.35
1931.42 3526.48 3426.48 947.44
1931.49 3527.29 3427.29 947.53
1931.57 3528.11 3428.11 947.62
1931.65 3528.93 3428.93 947.71
1931.72 3529.74 3429.74 947.8
1931.8 3530.56 3430.56 947.89
1931.88 3531.38 3431.38 947.98
1931.96 3532.2 3432.2 948.07
1932.04 3533.01 3433.01 948.16
1932.11 3533.83 3433.83 948.25
1932.19 3534.65 3434.65 948.34
1932.27 3535.46 3435.46 948.43
1932.35 3536.28 3436.28 948.52
1932.43 3537.1 3437.1 948.61
1932.52 3537.92 3437.92 948.7
1932.6 3538.73 3438.73 948.79
1932.68 3539.55 3439.55 948.88
1932.76 3540.37 3440.37 948.97
1932.84 3541.19 3441.19 949.06
1932.93 3542 3442 949.15
1933.01 3542.82 3442.82 949.24
1933.09 3543.64 3443.64 949.33
1933.18 3544.45 3444.45 949.42
1933.26 3545.27 3445.27 949.51
1933.35 3546.09 3446.09 949.6
1933.43 3546.91 3446.91 949.69
1933.52 3547.72 3447.72 949.78
1933.61 3548.54 3448.54 949.87
1933.69 3549.36 3449.36 949.96
1933.78 3550.17 3450.17 950.05
1933.87 3550.99 3450.99 950.14
1933.96 3551.81 3451.81 950.23
1934.04 3552.63 3452.63 950.32
1934.13 3553.44 3453.44 950.41
1934.22 3554.26 3454.26 950.5
1934.31 3555.08 3455.08 950.59
1934.4 3555.9 3455.9 950.68
1934.49 3556.71 3456.71 950.77
1934.58 3557.53 3457.53 950.86
1934.68 3558.35 3458.35 950.95
1934.77 3559.16 3459.16 951.04
1934.86 3559.98 3459.98 951.13
1934.95 3560.8 3460.8 951.22
1935.05 3561.62 3461.62 951.31
1935.14 3562.43 3462.43 951.4
1935.23 3563.25 3463.25 951.49
1935.33 3564.07 3464.07 951.58
1935.42 3564.88 3464.88 951.67
1935.52 3565.7 3465.7 951.76
1935.61 3566.52 3466.52 951.85
1935.71 3567.34 3467.34 951.94
1935.81 3568.15 3468.15 952.03
1935.9 3568.97 3468.97 952.12
1936 3569.79 3469.79 952.21
1936.1 3570.61 3470.61 952.3
1936.2 3571.42 3471.42 952.39
1936.3 3572.24 3472.24 952.48
1936.4 3573.06 3473.06 952.57
1936.5 3573.87 3473.87 952.66
1936.6 3574.69 3474.69 952.75
1936.7 3575.51 3475.51 952.84
1936.8 3576.33 3476.33 952.93
1936.9 3577.14 3477.14 953.02
1937 3577.96 3477.96 953.11
1937.11 3578.78 3478.78 953.2
1937.21 3579.59 3479.59 953.29
1937.31 3580.41 3480.41 953.38
1937.42 3581.23 3481.23 953.47
1937.52 3582.05 3482.05 953.56
1937.63 3582.86 3482.86 953.65
1937.73 3583.68 3483.68 953.74
1937.84 3584.5 3484.5 953.83
1937.95 3585.32 3485.32 953.92
1938.05 3586.13 3486.13 954.01
1938.16 3586.95 3486.95 954.1
1938.27 3587.77 3487.77 954.19
1938.38 3588.58 3488.58 954.28
1938.49 3589.4 3489.4 954.37
1938.6 3590.22 3490.22 954.46
1938.71 3591.04 3491.04 954.55
1938.82 3591.85 3491.85 954.64
1938.93 3592.67 3492.67 954.73
1939.04 3593.49 3493.49 954.82
1939.15 3594.3 3494.3 954.91
1939.27 3595.12 3495.12 955
1939.38 3595.94 3495.94 955.09
1939.49 3596.76 3496.76 955.18
1939.61 3597.57 3497.57 955.27
1939.72 3598.39 3498.39 955.36
1939.84 3599.21 3499.21 955.45
1939.95 3600.03 3500.03 955.54
1940.07 3600.84 3500.84 955.63
1940.19 3601.66 3501.66 955.72
1940.31 3602.48 3502.48 955.81
1940.42 3603.29 3503.29 955.9
1940.54 3604.11 3504.11 955.99
1940.66 3604.93 3504.93 956.08
1940.78 3605.75 3505.75 956.17
1940.9 3606.56 3506.56 956.26
1941.02 3607.38 3507.38 956.35
1941.14 3608.2 3508.2 956.44
1941.26 3609.01 3509.01 956.53
1941.39 3609.83 3509.83 956.62
1941.51 3610.65 3510.65 956.71
1941.63 3611.47 3511.47 956.8
1941.76 3612.28 3512.28 956.89
1941.88 3613.1 3513.1 956.98
1942.01 3613.92 3513.92 957.07
1942.13 3614.74 3514.74 957.16
1942.26 3615.55 3515.55 957.25
1942.39 3616.37 3516.37 957.34
1942.51 3617.19 3517.19 957.43
1942.64 3618 3518 957.52
1942.77 3618.82 3518.82 957.61
1942.9 3619.64 3519.64 957.7
1943.03 3620.46 3520.46 957.79
1943.16 3621.27 3521.27 957.88
1943.29 3622.09 3522.09 957.97
1943.42 3622.91 3522.91 958.06
1943.55 3623.72 3523.72 958.15
1943.69 3624.54 3524.54 958.24
1943.82 3625.36 3525.36 958.33
1943.95 3626.18 3526.18 958.42
1944.09 3626.99 3526.99 958.51
1944.22 3627.81 3527.81 958.6
1944.36 3628.63 3528.63 958.69
1944.49 3629.45 3529.45 958.78
1944.63 3630.26 3530.26 958.87
1944.77 3631.08 3531.08 958.96
1944.9 3631.9 3531.9 959.05
1945.04 3632.71 3532.71 959.14
1945.18 3633.53 3533.53 959.23
1945.32 3634.35 3534.35 959.32
1945.46 3635.17 3535.17 959.41
1945.6 3635.98 3535.98 959.5
1945.74 3636.8 3536.8 959.59
1945.89 3637.62 3537.62 959.68
1946.03 3638.43 3538.43 959.77
1946.17 3639.25 3539.25 959.86
1946.32 3640.07 3540.07 959.95
1946.46 3640.89 3540.89 960.04
1946.61 3641.7 3541.7 960.13
1946.75 3642.52 3542.52 960.22
1946.9 3643.34 3543.34 960.31
1947.04 3644.16 3544.16 960.4
1947.19 3644.97 3544.97 960.49
1947.34 3645.79 3545.79 960.58
1947.49 3646.61 3546.61 960.67
1947.64 3647.42 3547.42 960.76
1947.79 3648.24 3548.24 960.85
1947.94 3649.06 3549.06 960.94
1948.09 3649.88 3549.88 961.03
1948.24 3650.69 3550.69 961.12
1948.39 3651.51 3551.51 961.21
1948.55 3652.33 3552.33 961.3
1948.7 3653.14 3553.14 961.39
1948.85 3653.96 3553.96 961.48
1949.01 3654.78 3554.78 961.57
1949.16 3655.6 3555.6 961.66
1949.32 3656.41 3556.41 961.75
1949.47 3657.23 3557.23 961.84
1949.63 3658.05 3558.05 961.93
1949.79 3658.87 3558.87 962.02
1949.94 3659.68 3559.68 962.11
1950.1 3660.5 3560.5 962.2
1950.26 3661.32 3561.32 962.29
1950.42 3662.13 3562.13 962.38
1950.58 3662.95 3562.95 962.47
1950.74 3663.77 3563.77 962.56
1950.9 3664.59 3564.59 962.65
1951.06 3665.4 3565.4 962.74
1951.22 3666.22 3566.22 962.83
1951.38 3667.04 3567.04 962.92
1951.54 3667.85 3567.85 963.01
1951.71 3668.67 3568.67 963.1
1951.87 3669.49 3569.49 963.19
1952.03 3670.31 3570.31 963.28
1952.2 3671.12 3571.12 963.37
1952.36 3671.94 3571.94 963.46
1952.53 3672.76 3572.76 963.55
1952.69 3673.58 3573.58 963.64
1952.86 3674.39 3574.39 963.73
1953.02 3675.21 3575.21 963.82
1953.19 3676.03 3576.03 963.91
1953.35 3676.84 3576.84 964
1953.52 3677.66 3577.66 964.09
1953.69 3678.48 3578.48 964.18
1953.86 3679.3 3579.3 964.27
1954.03 3680.11 3580.11 964.36
1954.19 3680.93 3580.93 964.45
1954.36 3681.75 3581.75 964.54
1954.53 3682.56 3582.56 964.63
1954.7 3683.38 3583.38 964.72
1954.87 3684.2 3584.2 964.81
1955.04 3685.02 3585.02 964.9
1955.21 3685.83 3585.83 964.99
1955.39 3686.65 3586.65 965.08
1955.56 3687.47 3587.47 965.17
1955.73 3688.29 3588.29 965.26
1955.9 3689.1 3589.1 965.35
1956.07 3689.92 3589.92 965.44
1956.25 3690.74 3590.74 965.53
1956.42 3691.55 3591.55 965.62
1956.59 3692.37 3592.37 965.71
1956.77 3693.19 3593.19 965.8
1956.94 3694.01 3594.01 965.89
1957.11 3694.82 3594.82 965.98
1957.29 3695.64 3595.64 966.07
1957.46 3696.46 3596.46 966.16
1957.64 3697.27 3597.27 966.25
1957.81 3698.09 3598.09 966.34
1957.99 3698.91 3598.91 966.43
1958.17 3699.73 3599.73 966.52
1958.34 3700.54 3600.54 966.61
1958.52 3701.36 3601.36 966.7
1958.7 3702.18 3602.18 966.79
1958.87 3703 3603 966.88
1959.05 3703.81 3603.81 966.97
1959.23 3704.63 3604.63 967.06
1959.4 3705.45 3605.45 967.15
1959.58 3706.26 3606.26 967.24
1959.76 3707.08 3607.08 967.33
1959.94 3707.9 3607.9 967.42
1960.12 3708.72 3608.72 967.51
1960.3 3709.53 3609.53 967.6
1960.47 3710.35 3610.35 967.69
1960.65 3711.17 3611.17 967.78
1960.83 3711.98 3611.98 967.87
1961.01 3712.8 3612.8 967.96
1961.19 3713.62 3613.62 968.05
1961.37 3714.44 3614.44 968.14
1961.55 3715.25 3615.25 968.23
1961.73 3716.07 3616.07 968.32
1961.91 3716.89 3616.89 968.41
1962.09 3717.71 3617.71 968.5
1962.27 3718.52 3618.52 968.59
1962.45 3719.34 3619.34 968.68
1962.63 3720.16 3620.16 968.77
1962.81 3720.97 3620.97 968.86
1963 3721.79 3621.79 968.95
1963.18 3722.61 3622.61 969.04
1963.36 3723.43 3623.43 969.13
1963.54 3724.24 3624.24 969.22
1963.72 3725.06 3625.06 969.31
1963.9 3725.88 3625.88 969.4
1964.08 3726.69 3626.69 969.49
1964.27 3727.51 3627.51 969.58
1964.45 3728.33 3628.33 969.67
1964.63 3729.15 3629.15 969.76
1964.81 3729.96 3629.96 969.85
1964.99 3730.78 3630.78 969.94
1965.18 3731.6 3631.6 970.03
1965.36 3732.41 3632.41 970.12
1965.54 3733.23 3633.23 970.21
1965.72 3734.05 3634.05 970.3
1965.9 3734.87 3634.87 970.39
1966.09 3735.68 3635.68 970.48
1966.27 3736.5 3636.5 970.57
1966.45 3737.32 3637.32 970.66
1966.63 3738.14 3638.14 970.75
1966.82 3738.95 3638.95 970.84
1967 3739.77 3639.77 970.93
1967.18 3740.59 3640.59 971.02
1967.36 3741.4 3641.4 971.11
1967.55 3742.22 3642.22 971.2
1967.73 3743.04 3643.04 971.29
1967.91 3743.86 3643.86 971.38
1968.09 3744.67 3644.67 971.47
1968.28 3745.49 3645.49 971.56
1968.46 3746.31 3646.31 971.65
1968.64 3747.12 3647.12 971.74
1968.82 3747.94 3647.94 971.83
1969.01 3748.76 3648.76 971.92
1969.19 3749.58 3649.58 972.01
1969.37 3750.39 3650.39 972.1
1969.55 3751.21 3651.21 972.19
1969.73 3752.03 3652.03 972.28
1969.92 3752.85 3652.85 972.37
1970.1 3753.66 3653.66 972.46
1970.28 3754.48 3654.48 972.55
1970.46 3755.3 3655.3 972.64
1970.64 3756.11 3656.11 972.73
1970.82 3756.93 3656.93 972.82
1971.01 3757.75 3657.75 972.91
1971.19 3758.57 3658.57 973
1971.37 3759.38 3659.38 973.09
1971.55 3760.2 3660.2 973.18
1971.73 3761.02 3661.02 973.27
1971.91 3761.83 3661.83 973.36
1972.09 3762.65 3662.65 973.45
1972.27 3763.47 3663.47 973.54
1972.45 3764.29 3664.29 973.63
1972.63 3765.1 3665.1 973.72
1972.81 3765.92 3665.92 973.81
1972.99 3766.74 3666.74 973.9
1973.17 3767.56 3667.56 973.99
1973.35 3768.37 3668.37 974.08
1973.53 3769.19 3669.19 974.17
1973.71 3770.01 3670.01 974.26
1973.89 3770.82 3670.82 974.35
1974.07 3771.64 3671.64 974.44
1974.25 3772.46 3672.46 974.53
1974.43 3773.28 3673.28 974.62
1974.61 3774.09 3674.09 974.71
1974.79 3774.91 3674.91 974.8
1974.96 3775.73 3675.73 974.89
1975.14 3776.54 3676.54 974.98
1975.32 3777.36 3677.36 975.07
1975.5 3778.18 3678.18 975.16
1975.67 3779 3679 975.25
1975.85 3779.81 3679.81 975.34
1976.03 3780.63 3680.63 975.43
1976.2 3781.45 3681.45 975.52
1976.38 3782.27 3682.27 975.61
1976.56 3783.08 3683.08 975.7
1976.73 3783.9 3683.9 975.79
1976.91 3784.72 3684.72 975.88
1977.08 3785.53 3685.53 975.97
1977.26 3786.35 3686.35 976.06
1977.43 3787.17 3687.17 976.15
1977.61 3787.99 3687.99 976.24
1977.78 3788.8 3688.8 976.33
1977.95 3789.62 3689.62 976.42
1978.13 3790.44 3690.44 976.51
1978.3 3791.25 3691.25 976.6
1978.47 3792.07 3692.07 976.69
1978.65 3792.89 3692.89 976.78
1978.82 3793.71 3693.71 976.87
1978.99 3794.52 3694.52 976.96
1979.16 3795.34 3695.34 977.05
1979.33 3796.16 3696.16 977.14
1979.5 3796.98 3696.98 977.23
1979.68 3797.79 3697.79 977.32
1979.85 3798.61 3698.61 977.41
1980.02 3799.43 3699.43 977.5
1980.18 3800.24 3700.24 977.59
1980.35 3801.06 3701.06 977.68
1980.52 3801.88 3701.88 977.77
1980.69 3802.7 3702.7 977.86
1980.86 3803.51 3703.51 977.95
1981.03 3804.33 3704.33 978.04
1981.19 3805.15 3705.15 978.13
1981.36 3805.96 3705.96 978.22
1981.53 3806.78 3706.78 978.31
1981.69 3807.6 3707.6 978.4
1981.86 3808.42 3708.42 978.49
1982.02 3809.23 3709.23 978.58
1982.19 3810.05 3710.05 978.67
1982.35 3810.87 3710.87 978.76
1982.52 3811.69 3711.69 978.85
1982.68 3812.5 3712.5 978.94
1982.84 3813.32 3713.32 979.03
1983.01 3814.14 3714.14 979.12
1983.17 3814.95 3714.95 979.21
1983.33 3815.77 3715.77 979.3
1983.49 3816.59 3716.59 979.39
1983.65 3817.41 3717.41 979.48
1983.81 3818.22 3718.22 979.57
1983.97 3819.04 3719.04 979.66
1984.13 3819.86 3719.86 979.75
1984.29 3820.67 3720.67 979.84
1984.45 3821.49 3721.49 979.93
1984.61 3822.31 3722.31 980.02
1984.77 3823.13 3723.13 980.11
1984.92 3823.94 3723.94 980.2
1985.08 3824.76 3724.76 980.29
1985.24 3825.58 3725.58 980.38
1985.39 3826.4 3726.4 980.47
1985.55 3827.21 3727.21 980.56
1985.7 3828.03 3728.03 980.65
1985.85 3828.85 3728.85 980.74
1986.01 3829.66 3729.66 980.83
1986.16 3830.48 3730.48 980.92
1986.31 3831.3 3731.3 981.01
1986.47 3832.12 3732.12 981.1
1986.62 3832.93 3732.93 981.19
1986.77 3833.75 3733.75 981.28
1986.92 3834.57 3734.57 981.37
1987.07 3835.38 3735.38 981.46
1987.22 3836.2 3736.2 981.55
1987.36 3837.02 3737.02 981.64
1987.51 3837.84 3737.84 981.73
1987.66 3838.65 3738.65 981.82
1987.8 3839.47 3739.47 981.91
1987.95 3840.29 3740.29 982
1988.1 3841.11 3741.11 982.09
1988.24 3841.92 3741.92 982.18
1988.38 3842.74 3742.74 982.27
1988.53 3843.56 3743.56 982.36
1988.67 3844.37 3744.37 982.45
1988.81 3845.19 3745.19 982.54
1988.95 3846.01 3746.01 982.63
1989.1 3846.83 3746.83 982.72
1989.24 3847.64 3747.64 982.81
1989.38 3848.46 3748.46 982.9
1989.51 3849.28 3749.28 982.99
1989.65 3850.09 3750.09 983.08
1989.79 3850.91 3750.91 983.17
1989.93 3851.73 3751.73 983.26
1990.06 3852.55 3752.55 983.35
1990.2 3853.36 3753.36 983.44
1990.33 3854.18 3754.18 983.53
1990.47 3855 3755 983.62
1990.6 3855.82 3755.82 983.71
1990.73 3856.63 3756.63 983.8
1990.87 3857.45 3757.45 983.89
1991 3858.27 3758.27 983.98
1991.13 3859.08 3759.08 984.07
1991.26 3859.9 3759.9 984.16
1991.39 3860.72 3760.72 984.25
1991.52 3861.54 3761.54 984.34
1991.64 3862.35 3762.35 984.43
1991.77 3863.17 3763.17 984.52
1991.9 3863.99 3763.99 984.61
1992.02 3864.8 3764.8 984.7
1992.15 3865.62 3765.62 984.79
1992.27 3866.44 3766.44 984.88
1992.39 3867.26 3767.26 984.97
1992.52 3868.07 3768.07 985.06
1992.64 3868.89 3768.89 985.15
1992.76 3869.71 3769.71 985.24
1992.88 3870.53 3770.53 985.33
1993 3871.34 3771.34 985.42
1993.12 3872.16 3772.16 985.51
1993.24 3872.98 3772.98 985.6
1993.35 3873.79 3773.79 985.69
1993.47 3874.61 3774.61 985.78
1993.58 3875.43 3775.43 985.87
1993.7 3876.25 3776.25 985.96
1993.81 3877.06 3777.06 986.05
1993.92 3877.88 3777.88 986.14
1994.04 3878.7 3778.7 986.23
1994.15 3879.51 3779.51 986.32
1994.26 3880.33 3780.33 986.41
1994.37 3881.15 3781.15 986.5
1994.48 3881.97 3781.97 986.59
1994.58 3882.78 3782.78 986.68
1994.69 3883.6 3783.6 986.77
1994.8 3884.42 3784.42 986.86
1994.9 3885.24 3785.24 986.95
1995 3886.05 3786.05 987.04
1995.11 3886.87 3786.87 987.13
1995.21 3887.69 3787.69 987.22
1995.31 3888.5 3788.5 987.31
1995.41 3889.32 3789.32 987.4
1995.51 3890.14 3790.14 987.49
1995.61 3890.96 3790.96 987.58
1995.71 3891.77 3791.77 987.67
1995.81 3892.59 3792.59 987.76
1995.9 3893.41 3793.41 987.85
1996 3894.22 3794.22 987.94
1996.09 3895.04 3795.04 988.03
1996.18 3895.86 3795.86 988.12
1996.28 3896.68 3796.68 988.21
1996.37 3897.49 3797.49 988.3
1996.46 3898.31 3798.31 988.39
1996.55 3899.13 3799.13 988.48
1996.64 3899.95 3799.95 988.57
1996.72 3900.76 3800.76 988.66
1996.81 3901.58 3801.58 988.75
1996.89 3902.4 3802.4 988.84
1996.98 3903.21 3803.21 988.93
1997.06 3904.03 3804.03 989.02
1997.15 3904.85 3804.85 989.11
1997.23 3905.67 3805.67 989.2
1997.31 3906.48 3806.48 989.29
1997.39 3907.3 3807.3 989.38
1997.47 3908.12 3808.12 989.47
1997.54 3908.93 3808.93 989.56
1997.62 3909.75 3809.75 989.65
1997.69 3910.57 3810.57 989.74
1997.77 3911.39 3811.39 989.83
1997.84 3912.2 3812.2 989.92
1997.91 3913.02 3813.02 990.01
1997.99 3913.84 3813.84 990.1
1998.06 3914.66 3814.66 990.19
1998.12 3915.47 3815.47 990.28
1998.19 3916.29 3816.29 990.37
1998.26 3917.11 3817.11 990.46
1998.33 3917.92 3817.92 990.55
1998.39 3918.74 3818.74 990.64
1998.45 3919.56 3819.56 990.73
1998.52 3920.38 3820.38 990.82
1998.58 3921.19 3821.19 990.91
1998.64 3922.01 3822.01 991
1998.7 3922.83 3822.83 991.09
1998.76 3923.64 3823.64 991.18
1998.81 3924.46 3824.46 991.27
1998.87 3925.28 3825.28 991.36
1998.92 3926.1 3826.1 991.45
1998.98 3926.91 3826.91 991.54
1999.03 3927.73 3827.73 991.63
1999.08 3928.55 3828.55 991.72
1999.13 3929.37 3829.37 991.81
1999.18 3930.18 3830.18 991.9
1999.23 3931 3831 991.99
1999.27 3931.82 3831.82 992.08
1999.32 3932.63 3832.63 992.17
1999.36 3933.45 3833.45 992.26
1999.41 3934.27 3834.27 992.35
1999.45 3935.09 3835.09 992.44
1999.49 3935.9 3835.9 992.53
1999.53 3936.72 3836.72 992.62
1999.57 3937.54 3837.54 992.71
1999.61 3938.35 3838.35 992.8
1999.64 3939.17 3839.17 992.89
1999.68 3939.99 3839.99 992.98
1999.71 3940.81 3840.81 993.07
1999.74 3941.62 3841.62 993.16
1999.77 3942.44 3842.44 993.25
1999.8 3943.26 3843.26 993.34
1999.83 3944.07 3844.07 993.43
1999.86 3944.89 3844.89 993.52
1999.89 3945.71 3845.71 993.61
1999.91 3946.53 3846.53 993.7
1999.93 3947.34 3847.34 993.79
1999.96 3948.16 3848.16 993.88
1999.98 3948.98 3848.98 993.97
2000 3949.8 3849.8 994.06
2000.02 3950.61 3850.61 994.15
2000.03 3951.43 3851.43 994.24
2000.05 3952.25 3852.25 994.33
2000.06 3953.06 3853.06 994.42
2000.08 3953.88 3853.88 994.51
2000.09 3954.7 3854.7 994.6
2000.1 3955.52 3855.52 994.69
2000.11 3956.33 3856.33 994.78
2000.12 3957.15 3857.15 994.87
2000.13 3957.97 3857.97 994.96
2000.13 3958.78 3858.78 995.05
2000.13 3959.6 3859.6 995.14
2000.14 3960.42 3860.42 995.23
2000.14 3961.24 3861.24 995.32
2000.14 3962.05 3862.05 995.41
2000.14 3962.87 3862.87 995.5
2000.14 3963.69 3863.69 995.59
2000.13 3964.51 3864.51 995.68
2000.13 3965.32 3865.32 995.77
2000.12 3966.14 3866.14 995.86
2000.11 3966.96 3866.96 995.95
2000.1 3967.77 3867.77 996.04
2000.09 3968.59 3868.59 996.13
2000.08 3969.41 3869.41 996.22
2000.07 3970.23 3870.23 996.31
2000.05 3971.04 3871.04 996.4
2000.03 3971.86 3871.86 996.49
2000.02 3972.68 3872.68 996.58
2000 3973.49 3873.49 996.67
1999.98 3974.31 3874.31 996.76
1999.95 3975.13 3875.13 996.85
1999.93 3975.95 3875.95 996.94
1999.91 3976.76 3876.76 997.03
1999.88 3977.58 3877.58 997.12
1999.85 3978.4 3878.4 997.21
1999.82 3979.22 3879.22 997.3
1999.79 3980.03 3880.03 997.39
1999.76 3980.85 3880.85 997.48
1999.73 3981.67 3881.67 997.57
1999.69 3982.48 3882.48 997.66
1999.65 3983.3 3883.3 997.75
1999.62 3984.12 3884.12 997.84
1999.58 3984.94 3884.94 997.93
1999.53 3985.75 3885.75 998.02
1999.49 3986.57 3886.57 998.11
1999.45 3987.39 3887.39 998.2
1999.4 3988.2 3888.2 998.29
1999.35 3989.02 3889.02 998.38
1999.31 3989.84 3889.84 998.47
1999.26 3990.66 3890.66 998.56
1999.2 3991.47 3891.47 998.65
1999.15 3992.29 3892.29 998.74
1999.1 3993.11 3893.11 998.83
1999.04 3993.93 3893.93 998.92
1998.98 3994.74 3894.74 999.01
1998.92 3995.56 3895.56 999.1
1998.86 3996.38 3896.38 999.19
1998.8 3997.19 3897.19 999.28
1998.73 3998.01 3898.01 999.37
1998.67 3998.83 3898.83 999.46
1998.6 3999.65 3899.65 999.55
1998.53 4000.46 3900.46 999.64
1998.46 4001.28 3901.28 999.73
1998.39 4002.1 3902.1 999.82
1998.32 4002.91 3902.91 999.91
1998.24 4003.73 3903.73 1000
