490.038 684.64 584.64 620
491.529 685.707 585.707 620.095
493.019 686.775 586.775 620.19
494.506 687.843 587.843 620.285
495.991 688.911 588.911 620.38
497.474 689.978 589.978 620.475
498.955 691.046 591.046 620.57
500.434 692.114 592.114 620.665
501.91 693.181 593.181 620.76
503.384 694.249 594.249 620.855
504.856 695.317 595.317 620.95
506.326 696.385 596.385 621.045
507.793 697.452 597.452 621.14
509.259 698.52 598.52 621.235
510.722 699.588 599.588 621.33
512.183 700.655 600.655 621.425
513.642 701.723 601.723 621.52
515.099 702.791 602.791 621.615
516.553 703.859 603.859 621.71
518.006 704.926 604.926 621.805
519.456 705.994 605.994 621.9
520.904 707.062 607.062 621.995
522.35 708.13 608.13 622.09
523.793 709.197 609.197 622.185
525.235 710.265 610.265 622.28
526.675 711.333 611.333 622.375
528.112 712.4 612.4 622.47
529.547 713.468 613.468 622.565
530.98 714.536 614.536 622.66
532.411 715.604 615.604 622.755
533.84 716.671 616.671 622.85
535.267 717.739 617.739 622.945
536.691 718.807 618.807 623.04
538.114 719.874 619.874 623.135
539.534 720.942 620.942 623.23
540.952 722.01 622.01 623.325
542.368 723.078 623.078 623.42
543.782 724.145 624.145 623.515
545.194 725.213 625.213 623.61
546.604 726.281 626.281 623.705
548.012 727.349 627.349 623.8
549.417 728.416 628.416 623.895
550.821 729.484 629.484 623.99
552.222 730.552 630.552 624.085
553.622 731.619 631.619 624.18
555.019 732.687 632.687 624.275
556.414 733.755 633.755 624.37
557.808 734.823 634.823 624.465
559.199 735.89 635.89 624.56
560.588 736.958 636.958 624.655
561.975 738.026 638.026 624.75
563.36 739.093 639.093 624.845
564.742 740.161 640.161 624.94
566.123 741.229 641.229 625.035
567.502 742.297 642.297 625.13
568.879 743.364 643.364 625.225
570.254 744.432 644.432 625.32
571.626 745.5 645.5 625.415
572.997 746.568 646.568 625.51
574.365 747.635 647.635 625.605
575.732 748.703 648.703 625.7
577.097 749.771 649.771 625.795
578.459 750.838 650.838 625.89
579.82 751.906 651.906 625.985
581.178 752.974 652.974 626.08
582.535 754.042 654.042 626.175
583.889 755.109 655.109 626.27
585.242 756.177 656.177 626.365
586.592 757.245 657.245 626.46
587.941 758.312 658.312 626.555
589.287 759.38 659.38 626.65
590.631 760.448 660.448 626.745
591.974 761.516 661.516 626.84
593.315 762.583 662.583 626.935
594.653 763.651 663.651 627.03
595.99 764.719 664.719 627.125
597.324 765.787 665.787 627.22
598.657 766.854 666.854 627.315
599.988 767.922 667.922 627.41
601.316 768.99 668.99 627.505
602.643 770.057 670.057 627.6
603.968 771.125 671.125 627.695
605.291 772.193 672.193 627.79
606.611 773.261 673.261 627.885
607.93 774.328 674.328 627.98
609.247 775.396 675.396 628.075
610.562 776.464 676.464 628.17
611.875 777.531 677.531 628.265
613.187 778.599 678.599 628.36
614.496 779.667 679.667 628.455
615.803 780.735 680.735 628.55
617.108 781.802 681.802 628.645
618.412 782.87 682.87 628.74
619.713 783.938 683.938 628.835
621.013 785.006 685.006 628.93
622.311 786.073 686.073 629.025
623.607 787.141 687.141 629.12
624.901 788.209 688.209 629.215
626.193 789.276 689.276 629.31
627.483 790.344 690.344 629.405
628.771 791.412 691.412 629.5
630.057 792.48 692.48 629.595
631.342 793.547 693.547 629.69
632.624 794.615 694.615 629.785
633.905 795.683 695.683 629.88
635.184 796.75 696.75 629.975
636.46 797.818 697.818 630.07
637.735 798.886 698.886 630.165
639.009 799.954 699.954 630.26
640.28 801.021 701.021 630.355
641.549 802.089 702.089 630.45
642.817 803.157 703.157 630.545
644.083 804.225 704.225 630.64
645.347 805.292 705.292 630.735
646.609 806.36 706.36 630.83
647.869 807.428 707.428 630.925
649.127 808.495 708.495 631.02
650.384 809.563 709.563 631.115
651.638 810.631 710.631 631.21
652.891 811.699 711.699 631.305
654.142 812.766 712.766 631.4
655.391 813.834 713.834 631.495
656.639 814.902 714.902 631.59
657.884 815.969 715.969 631.685
659.128 817.037 717.037 631.78
660.37 818.105 718.105 631.875
661.61 819.173 719.173 631.97
662.848 820.24 720.24 632.065
664.085 821.308 721.308 632.16
665.319 822.376 722.376 632.255
666.552 823.444 723.444 632.35
667.783 824.511 724.511 632.445
669.013 825.579 725.579 632.54
670.24 826.647 726.647 632.635
671.466 827.714 727.714 632.73
672.69 828.782 728.782 632.825
673.912 829.85 729.85 632.92
675.132 830.918 730.918 633.015
676.351 831.985 731.985 633.11
677.568 833.053 733.053 633.205
678.783 834.121 734.121 633.3
679.996 835.188 735.188 633.395
681.208 836.256 736.256 633.49
682.418 837.324 737.324 633.585
683.626 838.392 738.392 633.68
684.832 839.459 739.459 633.775
686.037 840.527 740.527 633.87
687.24 841.595 741.595 633.965
688.441 842.663 742.663 634.06
689.64 843.73 743.73 634.155
690.838 844.798 744.798 634.25
692.034 845.866 745.866 634.345
693.228 846.933 746.933 634.44
694.42 848.001 748.001 634.535
695.611 849.069 749.069 634.63
696.8 850.137 750.137 634.725
697.988 851.204 751.204 634.82
699.173 852.272 752.272 634.915
700.357 853.34 753.34 635.01
701.539 854.407 754.407 635.105
702.72 855.475 755.475 635.2
703.899 856.543 756.543 635.295
705.076 857.611 757.611 635.39
706.251 858.678 758.678 635.485
707.425 859.746 759.746 635.58
708.597 860.814 760.814 635.675
709.768 861.882 761.882 635.77
710.936 862.949 762.949 635.865
712.104 864.017 764.017 635.96
713.269 865.085 765.085 636.055
714.433 866.152 766.152 636.15
715.595 867.22 767.22 636.245
716.755 868.288 768.288 636.34
717.914 869.356 769.356 636.435
719.071 870.423 770.423 636.53
720.227 871.491 771.491 636.625
721.38 872.559 772.559 636.72
722.533 873.626 773.626 636.815
723.683 874.694 774.694 636.91
724.832 875.762 775.762 637.005
725.979 876.83 776.83 637.1
727.125 877.897 777.897 637.195
728.269 878.965 778.965 637.29
729.411 880.033 780.033 637.385
730.552 881.101 781.101 637.48
731.691 882.168 782.168 637.575
732.829 883.236 783.236 637.67
733.965 884.304 784.304 637.765
735.099 885.371 785.371 637.86
736.232 886.439 786.439 637.955
737.363 887.507 787.507 638.05
738.493 888.575 788.575 638.145
739.621 889.642 789.642 638.24
740.747 890.71 790.71 638.335
741.872 891.778 791.778 638.43
742.995 892.845 792.845 638.525
744.117 893.913 793.913 638.62
745.237 894.981 794.981 638.715
746.355 896.049 796.049 638.81
747.472 897.116 797.116 638.905
748.587 898.184 798.184 639
749.701 899.252 799.252 639.095
750.813 900.32 800.32 639.19
751.924 901.387 801.387 639.285
753.033 902.455 802.455 639.38
754.141 903.523 803.523 639.475
755.247 904.59 804.59 639.57
756.351 905.658 805.658 639.665
757.454 906.726 806.726 639.76
758.556 907.794 807.794 639.855
759.655 908.861 808.861 639.95
760.754 909.929 809.929 640.045
761.851 910.997 810.997 640.14
762.946 912.064 812.064 640.235
764.04 913.132 813.132 640.33
765.132 914.2 814.2 640.425
766.223 915.268 815.268 640.52
767.312 916.335 816.335 640.615
768.4 917.403 817.403 640.71
769.486 918.471 818.471 640.805
770.571 919.539 819.539 640.9
771.654 920.606 820.606 640.995
772.736 921.674 821.674 641.09
773.816 922.742 822.742 641.185
774.895 923.809 823.809 641.28
775.972 924.877 824.877 641.375
777.048 925.945 825.945 641.47
778.122 927.013 827.013 641.565
779.195 928.08 828.08 641.66
780.266 929.148 829.148 641.755
781.336 930.216 830.216 641.85
782.405 931.283 831.283 641.945
783.472 932.351 832.351 642.04
784.537 933.419 833.419 642.135
785.601 934.487 834.487 642.23
786.664 935.554 835.554 642.325
787.725 936.622 836.622 642.42
788.785 937.69 837.69 642.515
789.843 938.757 838.757 642.61
790.9 939.825 839.825 642.705
791.955 940.893 840.893 642.8
793.009 941.961 841.961 642.895
794.062 943.028 843.028 642.99
795.113 944.096 844.096 643.085
796.163 945.164 845.164 643.18
797.211 946.232 846.232 643.275
798.258 947.299 847.299 643.37
799.303 948.367 848.367 643.465
800.347 949.435 849.435 643.56
801.39 950.502 850.502 643.655
802.431 951.57 851.57 643.75
803.471 952.638 852.638 643.845
804.51 953.706 853.706 643.94
805.547 954.773 854.773 644.035
806.583 955.841 855.841 644.13
807.617 956.909 856.909 644.225
808.65 957.976 857.976 644.32
809.681 959.044 859.044 644.415
810.711 960.112 860.112 644.51
811.74 961.18 861.18 644.605
812.768 962.247 862.247 644.7
813.794 963.315 863.315 644.795
814.819 964.383 864.383 644.89
815.842 965.451 865.451 644.985
816.864 966.518 866.518 645.08
817.885 967.586 867.586 645.175
818.904 968.654 868.654 645.27
819.922 969.721 869.721 645.365
820.938 970.789 870.789 645.46
821.954 971.857 871.857 645.555
822.968 972.925 872.925 645.65
823.98 973.992 873.992 645.745
824.992 975.06 875.06 645.84
826.001 976.128 876.128 645.935
827.01 977.195 877.195 646.03
828.017 978.263 878.263 646.125
829.023 979.331 879.331 646.22
830.028 980.399 880.399 646.315
831.032 981.466 881.466 646.41
832.034 982.534 882.534 646.505
833.034 983.602 883.602 646.6
834.034 984.67 884.67 646.695
835.032 985.737 885.737 646.79
836.029 986.805 886.805 646.885
837.025 987.873 887.873 646.98
838.019 988.94 888.94 647.075
839.012 990.008 890.008 647.17
840.004 991.076 891.076 647.265
840.994 992.144 892.144 647.36
841.983 993.211 893.211 647.455
842.971 994.279 894.279 647.55
843.958 995.347 895.347 647.645
844.943 996.414 896.414 647.74
845.927 997.482 897.482 647.835
846.91 998.55 898.55 647.93
847.892 999.618 899.618 648.025
848.872 1000.69 900.685 648.12
849.852 1001.75 901.753 648.215
850.829 1002.82 902.821 648.31
851.806 1003.89 903.889 648.405
852.782 1004.96 904.956 648.5
853.756 1006.02 906.024 648.595
854.729 1007.09 907.092 648.69
855.7 1008.16 908.159 648.785
856.671 1009.23 909.227 648.88
857.64 1010.29 910.295 648.975
858.608 1011.36 911.363 649.07
859.575 1012.43 912.43 649.165
860.541 1013.5 913.498 649.26
861.505 1014.57 914.566 649.355
862.469 1015.63 915.633 649.45
863.431 1016.7 916.701 649.545
864.391 1017.77 917.769 649.64
865.351 1018.84 918.837 649.735
866.31 1019.9 919.904 649.83
867.267 1020.97 920.972 649.925
868.223 1022.04 922.04 650.02
869.178 1023.11 923.108 650.115
870.132 1024.18 924.175 650.21
871.084 1025.24 925.243 650.305
872.036 1026.31 926.311 650.4
872.986 1027.38 927.378 650.495
873.935 1028.45 928.446 650.59
874.883 1029.51 929.514 650.685
875.83 1030.58 930.582 650.78
876.775 1031.65 931.649 650.875
877.72 1032.72 932.717 650.97
878.663 1033.78 933.785 651.065
879.605 1034.85 934.852 651.16
880.546 1035.92 935.92 651.255
881.486 1036.99 936.988 651.35
882.425 1038.06 938.056 651.445
883.362 1039.12 939.123 651.54
884.299 1040.19 940.191 651.635
885.234 1041.26 941.259 651.73
886.168 1042.33 942.327 651.825
887.101 1043.39 943.394 651.92
888.033 1044.46 944.462 652.015
888.964 1045.53 945.53 652.11
889.894 1046.6 946.597 652.205
890.823 1047.67 947.665 652.3
891.75 1048.73 948.733 652.395
892.677 1049.8 949.801 652.49
893.602 1050.87 950.868 652.585
894.527 1051.94 951.936 652.68
895.45 1053 953.004 652.775
896.372 1054.07 954.071 652.87
897.293 1055.14 955.139 652.965
898.213 1056.21 956.207 653.06
899.132 1057.27 957.275 653.155
900.05 1058.34 958.342 653.25
900.966 1059.41 959.41 653.345
901.882 1060.48 960.478 653.44
902.797 1061.55 961.546 653.535
903.71 1062.61 962.613 653.63
904.623 1063.68 963.681 653.725
905.534 1064.75 964.749 653.82
906.445 1065.82 965.816 653.915
907.354 1066.88 966.884 654.01
908.262 1067.95 967.952 654.105
909.17 1069.02 969.02 654.2
910.076 1070.09 970.087 654.295
910.981 1071.16 971.155 654.39
911.885 1072.22 972.223 654.485
912.788 1073.29 973.29 654.58
913.691 1074.36 974.358 654.675
914.592 1075.43 975.426 654.77
915.492 1076.49 976.494 654.865
916.391 1077.56 977.561 654.96
917.289 1078.63 978.629 655.055
918.186 1079.7 979.697 655.15
919.082 1080.76 980.765 655.245
919.977 1081.83 981.832 655.34
920.871 1082.9 982.9 655.435
921.764 1083.97 983.968 655.53
922.657 1085.04 985.035 655.625
923.548 1086.1 986.103 655.72
924.438 1087.17 987.171 655.815
925.327 1088.24 988.239 655.91
926.215 1089.31 989.306 656.005
927.102 1090.37 990.374 656.1
927.989 1091.44 991.442 656.195
928.874 1092.51 992.509 656.29
929.758 1093.58 993.577 656.385
930.642 1094.64 994.645 656.48
931.524 1095.71 995.713 656.575
932.405 1096.78 996.78 656.67
933.286 1097.85 997.848 656.765
934.165 1098.92 998.916 656.86
935.044 1099.98 999.984 656.955
935.922 1101.05 1001.05 657.05
936.798 1102.12 1002.12 657.145
937.674 1103.19 1003.19 657.24
938.549 1104.25 1004.25 657.335
939.423 1105.32 1005.32 657.43
940.296 1106.39 1006.39 657.525
941.168 1107.46 1007.46 657.62
942.039 1108.53 1008.53 657.715
942.91 1109.59 1009.59 657.81
943.779 1110.66 1010.66 657.905
944.647 1111.73 1011.73 658
945.515 1112.8 1012.8 658.095
946.382 1113.86 1013.86 658.19
947.247 1114.93 1014.93 658.285
948.112 1116 1016 658.38
948.976 1117.07 1017.07 658.475
949.839 1118.13 1018.13 658.57
950.702 1119.2 1019.2 658.665
951.563 1120.27 1020.27 658.76
952.423 1121.34 1021.34 658.855
953.283 1122.41 1022.41 658.95
954.142 1123.47 1023.47 659.045
954.999 1124.54 1024.54 659.14
955.856 1125.61 1025.61 659.235
956.712 1126.68 1026.68 659.33
957.568 1127.74 1027.74 659.425
958.422 1128.81 1028.81 659.52
959.276 1129.88 1029.88 659.615
960.128 1130.95 1030.95 659.71
960.98 1132.02 1032.02 659.805
961.831 1133.08 1033.08 659.9
962.681 1134.15 1034.15 659.995
963.531 1135.22 1035.22 660.09
964.379 1136.29 1036.29 660.185
965.227 1137.35 1037.35 660.28
966.074 1138.42 1038.42 660.375
966.92 1139.49 1039.49 660.47
967.765 1140.56 1040.56 660.565
968.61 1141.62 1041.62 660.66
969.453 1142.69 1042.69 660.755
970.296 1143.76 1043.76 660.85
971.138 1144.83 1044.83 660.945
971.98 1145.9 1045.9 661.04
972.82 1146.96 1046.96 661.135
973.66 1148.03 1048.03 661.23
974.499 1149.1 1049.1 661.325
975.337 1150.17 1050.17 661.42
976.175 1151.23 1051.23 661.515
977.012 1152.3 1052.3 661.61
977.848 1153.37 1053.37 661.705
978.683 1154.44 1054.44 661.8
979.518 1155.51 1055.51 661.895
980.352 1156.57 1056.57 661.99
981.185 1157.64 1057.64 662.085
982.018 1158.71 1058.71 662.18
982.85 1159.78 1059.78 662.275
983.681 1160.84 1060.84 662.37
984.511 1161.91 1061.91 662.465
985.341 1162.98 1062.98 662.56
986.171 1164.05 1064.05 662.655
986.999 1165.11 1065.11 662.75
987.827 1166.18 1066.18 662.845
988.654 1167.25 1067.25 662.94
989.481 1168.32 1068.32 663.035
990.307 1169.39 1069.39 663.13
991.132 1170.45 1070.45 663.225
991.957 1171.52 1071.52 663.32
992.781 1172.59 1072.59 663.415
993.605 1173.66 1073.66 663.51
994.428 1174.72 1074.72 663.605
995.25 1175.79 1075.79 663.7
996.072 1176.86 1076.86 663.795
996.893 1177.93 1077.93 663.89
997.713 1178.99 1078.99 663.985
998.533 1180.06 1080.06 664.08
999.353 1181.13 1081.13 664.175
1000.17 1182.2 1082.2 664.27
1000.99 1183.27 1083.27 664.365
1001.81 1184.33 1084.33 664.46
1002.63 1185.4 1085.4 664.555
1003.44 1186.47 1086.47 664.65
1004.26 1187.54 1087.54 664.745
1005.07 1188.6 1088.6 664.84
1005.89 1189.67 1089.67 664.935
1006.7 1190.74 1090.74 665.03
1007.52 1191.81 1091.81 665.125
1008.33 1192.88 1092.88 665.22
1009.14 1193.94 1093.94 665.315
1009.96 1195.01 1095.01 665.41
1010.77 1196.08 1096.08 665.505
1011.58 1197.15 1097.15 665.6
1012.39 1198.21 1098.21 665.695
1013.2 1199.28 1099.28 665.79
1014.01 1200.35 1100.35 665.885
1014.82 1201.42 1101.42 665.98
1015.63 1202.48 1102.48 666.075
1016.44 1203.55 1103.55 666.17
1017.25 1204.62 1104.62 666.265
1018.06 1205.69 1105.69 666.36
1018.87 1206.76 1106.76 666.455
1019.68 1207.82 1107.82 666.55
1020.48 1208.89 1108.89 666.645
1021.29 1209.96 1109.96 666.74
1022.1 1211.03 1111.03 666.835
1022.9 1212.09 1112.09 666.93
1023.71 1213.16 1113.16 667.025
1024.51 1214.23 1114.23 667.12
1025.32 1215.3 1115.3 667.215
1026.12 1216.37 1116.37 667.31
1026.93 1217.43 1117.43 667.405
1027.73 1218.5 1118.5 667.5
1028.53 1219.57 1119.57 667.595
1029.34 1220.64 1120.64 667.69
1030.14 1221.7 1121.7 667.785
1030.94 1222.77 1122.77 667.88
1031.74 1223.84 1123.84 667.975
1032.55 1224.91 1124.91 668.07
1033.35 1225.97 1125.97 668.165
1034.15 1227.04 1127.04 668.26
1034.95 1228.11 1128.11 668.355
1035.75 1229.18 1129.18 668.45
1036.55 1230.25 1130.25 668.545
1037.35 1231.31 1131.31 668.64
1038.15 1232.38 1132.38 668.735
1038.95 1233.45 1133.45 668.83
1039.75 1234.52 1134.52 668.925
1040.55 1235.58 1135.58 669.02
1041.35 1236.65 1136.65 669.115
1042.15 1237.72 1137.72 669.21
1042.95 1238.79 1138.79 669.305
1043.74 1239.86 1139.86 669.4
1044.54 1240.92 1140.92 669.495
1045.34 1241.99 1141.99 669.59
1046.14 1243.06 1143.06 669.685
1046.94 1244.13 1144.13 669.78
1047.73 1245.19 1145.19 669.875
1048.53 1246.26 1146.26 669.97
1049.33 1247.33 1147.33 670.065
1050.12 1248.4 1148.4 670.16
1050.92 1249.46 1149.46 670.255
1051.72 1250.53 1150.53 670.35
1052.51 1251.6 1151.6 670.445
1053.31 1252.67 1152.67 670.54
1054.11 1253.74 1153.74 670.635
1054.9 1254.8 1154.8 670.73
1055.7 1255.87 1155.87 670.825
1056.49 1256.94 1156.94 670.92
1057.29 1258.01 1158.01 671.015
1058.08 1259.07 1159.07 671.11
1058.88 1260.14 1160.14 671.205
1059.68 1261.21 1161.21 671.3
1060.47 1262.28 1162.28 671.395
1061.27 1263.35 1163.35 671.49
1062.06 1264.41 1164.41 671.585
1062.86 1265.48 1165.48 671.68
1063.65 1266.55 1166.55 671.775
1064.45 1267.62 1167.62 671.87
1065.24 1268.68 1168.68 671.965
1066.04 1269.75 1169.75 672.06
1066.83 1270.82 1170.82 672.155
1067.63 1271.89 1171.89 672.25
1068.42 1272.95 1172.95 672.345
1069.22 1274.02 1174.02 672.44
1070.01 1275.09 1175.09 672.535
1070.81 1276.16 1176.16 672.63
1071.6 1277.23 1177.23 672.725
1072.4 1278.29 1178.29 672.82
1073.19 1279.36 1179.36 672.915
1073.99 1280.43 1180.43 673.01
1074.78 1281.5 1181.5 673.105
1075.58 1282.56 1182.56 673.2
1076.37 1283.63 1183.63 673.295
1077.17 1284.7 1184.7 673.39
1077.96 1285.77 1185.77 673.485
1078.76 1286.83 1186.83 673.58
1079.55 1287.9 1187.9 673.675
1080.35 1288.97 1188.97 673.77
1081.14 1290.04 1190.04 673.865
1081.94 1291.11 1191.11 673.96
1082.73 1292.17 1192.17 674.055
1083.53 1293.24 1193.24 674.15
1084.33 1294.31 1194.31 674.245
1085.12 1295.38 1195.38 674.34
1085.92 1296.44 1196.44 674.435
1086.71 1297.51 1197.51 674.53
1087.51 1298.58 1198.58 674.625
1088.31 1299.65 1199.65 674.72
1089.1 1300.72 1200.72 674.815
1089.9 1301.78 1201.78 674.91
1090.7 1302.85 1202.85 675.005
1091.5 1303.92 1203.92 675.1
1092.29 1304.99 1204.99 675.195
1093.09 1306.05 1206.05 675.29
1093.89 1307.12 1207.12 675.385
1094.69 1308.19 1208.19 675.48
1095.48 1309.26 1209.26 675.575
1096.28 1310.32 1210.32 675.67
1097.08 1311.39 1211.39 675.765
1097.88 1312.46 1212.46 675.86
1098.68 1313.53 1213.53 675.955
1099.48 1314.6 1214.6 676.05
1100.28 1315.66 1215.66 676.145
1101.08 1316.73 1216.73 676.24
1101.88 1317.8 1217.8 676.335
1102.68 1318.87 1218.87 676.43
1103.48 1319.93 1219.93 676.525
1104.28 1321 1221 676.62
1105.08 1322.07 1222.07 676.715
1105.88 1323.14 1223.14 676.81
1106.68 1324.21 1224.21 676.905
1107.48 1325.27 1225.27 677
1108.29 1326.34 1226.34 677.095
1109.09 1327.41 1227.41 677.19
1109.89 1328.48 1228.48 677.285
1110.69 1329.54 1229.54 677.38
1111.5 1330.61 1230.61 677.475
1112.3 1331.68 1231.68 677.57
1113.11 1332.75 1232.75 677.665
1113.91 1333.81 1233.81 677.76
1114.72 1334.88 1234.88 677.855
1115.52 1335.95 1235.95 677.95
1116.33 1337.02 1237.02 678.045
1117.13 1338.09 1238.09 678.14
1117.94 1339.15 1239.15 678.235
1118.74 1340.22 1240.22 678.33
1119.55 1341.29 1241.29 678.425
1120.36 1342.36 1242.36 678.52
1121.17 1343.42 1243.42 678.615
1121.98 1344.49 1244.49 678.71
1122.78 1345.56 1245.56 678.805
1123.59 1346.63 1246.63 678.9
1124.4 1347.7 1247.7 678.995
1125.21 1348.76 1248.76 679.09
1126.02 1349.83 1249.83 679.185
1126.83 1350.9 1250.9 679.28
1127.65 1351.97 1251.97 679.375
1128.46 1353.03 1253.03 679.47
1129.27 1354.1 1254.1 679.565
1130.08 1355.17 1255.17 679.66
1130.9 1356.24 1256.24 679.755
1131.71 1357.3 1257.3 679.85
1132.52 1358.37 1258.37 679.945
1133.34 1359.44 1259.44 680.04
1134.15 1360.51 1260.51 680.135
1134.97 1361.58 1261.58 680.23
1135.78 1362.64 1262.64 680.325
1136.6 1363.71 1263.71 680.42
1137.42 1364.78 1264.78 680.515
1138.23 1365.85 1265.85 680.61
1139.05 1366.91 1266.91 680.705
1139.87 1367.98 1267.98 680.8
1140.69 1369.05 1269.05 680.895
1141.51 1370.12 1270.12 680.99
1142.33 1371.18 1271.18 681.085
1143.14 1372.25 1272.25 681.18
1143.96 1373.32 1273.32 681.275
1144.78 1374.39 1274.39 681.37
1145.6 1375.46 1275.46 681.465
1146.42 1376.52 1276.52 681.56
1147.24 1377.59 1277.59 681.655
1148.06 1378.66 1278.66 681.75
1148.88 1379.73 1279.73 681.845
1149.7 1380.79 1280.79 681.94
1150.52 1381.86 1281.86 682.035
1151.34 1382.93 1282.93 682.13
1152.16 1384 1284 682.225
1152.98 1385.07 1285.07 682.32
1153.8 1386.13 1286.13 682.415
1154.62 1387.2 1287.2 682.51
1155.43 1388.27 1288.27 682.605
1156.25 1389.34 1289.34 682.7
1157.07 1390.4 1290.4 682.795
1157.89 1391.47 1291.47 682.89
1158.71 1392.54 1292.54 682.985
1159.52 1393.61 1293.61 683.08
1160.34 1394.67 1294.67 683.175
1161.16 1395.74 1295.74 683.27
1161.98 1396.81 1296.81 683.365
1162.79 1397.88 1297.88 683.46
1163.61 1398.95 1298.95 683.555
1164.42 1400.01 1300.01 683.65
1165.24 1401.08 1301.08 683.745
1166.05 1402.15 1302.15 683.84
1166.86 1403.22 1303.22 683.935
1167.68 1404.28 1304.28 684.03
1168.49 1405.35 1305.35 684.125
1169.3 1406.42 1306.42 684.22
1170.11 1407.49 1307.49 684.315
1170.92 1408.56 1308.56 684.41
1171.73 1409.62 1309.62 684.505
1172.54 1410.69 1310.69 684.6
1173.35 1411.76 1311.76 684.695
1174.16 1412.83 1312.83 684.79
1174.97 1413.89 1313.89 684.885
1175.77 1414.96 1314.96 684.98
1176.58 1416.03 1316.03 685.075
1177.38 1417.1 1317.1 685.17
1178.18 1418.16 1318.16 685.265
1178.99 1419.23 1319.23 685.36
1179.79 1420.3 1320.3 685.455
1180.59 1421.37 1321.37 685.55
1181.39 1422.44 1322.44 685.645
1182.19 1423.5 1323.5 685.74
1182.98 1424.57 1324.57 685.835
1183.78 1425.64 1325.64 685.93
1184.57 1426.71 1326.71 686.025
1185.37 1427.77 1327.77 686.12
1186.16 1428.84 1328.84 686.215
1186.95 1429.91 1329.91 686.31
1187.74 1430.98 1330.98 686.405
1188.53 1432.05 1332.05 686.5
1189.32 1433.11 1333.11 686.595
1190.11 1434.18 1334.18 686.69
1190.89 1435.25 1335.25 686.785
1191.68 1436.32 1336.32 686.88
1192.46 1437.38 1337.38 686.975
1193.24 1438.45 1338.45 687.07
1194.02 1439.52 1339.52 687.165
1194.8 1440.59 1340.59 687.26
1195.58 1441.65 1341.65 687.355
1196.35 1442.72 1342.72 687.45
1197.12 1443.79 1343.79 687.545
1197.9 1444.86 1344.86 687.64
1198.67 1445.93 1345.93 687.735
1199.44 1446.99 1346.99 687.83
1200.2 1448.06 1348.06 687.925
1200.97 1449.13 1349.13 688.02
1201.73 1450.2 1350.2 688.115
1202.5 1451.26 1351.26 688.21
1203.26 1452.33 1352.33 688.305
1204.02 1453.4 1353.4 688.4
1204.77 1454.47 1354.47 688.495
1205.53 1455.53 1355.53 688.59
1206.28 1456.6 1356.6 688.685
1207.03 1457.67 1357.67 688.78
1207.78 1458.74 1358.74 688.875
1208.53 1459.81 1359.81 688.97
1209.28 1460.87 1360.87 689.065
1210.02 1461.94 1361.94 689.16
1210.76 1463.01 1363.01 689.255
1211.5 1464.08 1364.08 689.35
1212.24 1465.14 1365.14 689.445
1212.98 1466.21 1366.21 689.54
1213.71 1467.28 1367.28 689.635
1214.44 1468.35 1368.35 689.73
1215.17 1469.42 1369.42 689.825
1215.9 1470.48 1370.48 689.92
1216.63 1471.55 1371.55 690.015
1217.35 1472.62 1372.62 690.11
1218.07 1473.69 1373.69 690.205
1218.79 1474.75 1374.75 690.3
1219.5 1475.82 1375.82 690.395
1220.22 1476.89 1376.89 690.49
1220.93 1477.96 1377.96 690.585
1221.64 1479.02 1379.02 690.68
1222.35 1480.09 1380.09 690.775
1223.05 1481.16 1381.16 690.87
1223.75 1482.23 1382.23 690.965
1224.45 1483.3 1383.3 691.06
1225.15 1484.36 1384.36 691.155
1225.84 1485.43 1385.43 691.25
1226.53 1486.5 1386.5 691.345
1227.22 1487.57 1387.57 691.44
1227.91 1488.63 1388.63 691.535
1228.59 1489.7 1389.7 691.63
1229.27 1490.77 1390.77 691.725
1229.95 1491.84 1391.84 691.82
1230.63 1492.91 1392.91 691.915
1231.3 1493.97 1393.97 692.01
1231.97 1495.04 1395.04 692.105
1232.64 1496.11 1396.11 692.2
1233.3 1497.18 1397.18 692.295
1233.97 1498.24 1398.24 692.39
1234.63 1499.31 1399.31 692.485
1235.28 1500.38 1400.38 692.58
1235.94 1501.45 1401.45 692.675
1236.59 1502.51 1402.51 692.77
1237.23 1503.58 1403.58 692.865
1237.88 1504.65 1404.65 692.96
1238.52 1505.72 1405.72 693.055
1239.16 1506.79 1406.79 693.15
1239.79 1507.85 1407.85 693.245
1240.42 1508.92 1408.92 693.34
1241.05 1509.99 1409.99 693.435
1241.68 1511.06 1411.06 693.53
1242.3 1512.12 1412.12 693.625
1242.92 1513.19 1413.19 693.72
1243.54 1514.26 1414.26 693.815
1244.15 1515.33 1415.33 693.91
1244.76 1516.4 1416.4 694.005
1245.37 1517.46 1417.46 694.1
1245.97 1518.53 1418.53 694.195
1246.57 1519.6 1419.6 694.29
1247.17 1520.67 1420.67 694.385
1247.76 1521.73 1421.73 694.48
1248.35 1522.8 1422.8 694.575
1248.93 1523.87 1423.87 694.67
1249.52 1524.94 1424.94 694.765
1250.1 1526 1426 694.86
1250.67 1527.07 1427.07 694.955
1251.24 1528.14 1428.14 695.05
1251.81 1529.21 1429.21 695.145
1252.38 1530.28 1430.28 695.24
1252.94 1531.34 1431.34 695.335
1253.49 1532.41 1432.41 695.43
1254.05 1533.48 1433.48 695.525
1254.6 1534.55 1434.55 695.62
1255.14 1535.61 1435.61 695.715
1255.69 1536.68 1436.68 695.81
1256.23 1537.75 1437.75 695.905
1256.76 1538.82 1438.82 696
1257.29 1539.89 1439.89 696.095
1257.82 1540.95 1440.95 696.19
1258.34 1542.02 1442.02 696.285
1258.86 1543.09 1443.09 696.38
1259.38 1544.16 1444.16 696.475
1259.89 1545.22 1445.22 696.57
1260.4 1546.29 1446.29 696.665
1260.9 1547.36 1447.36 696.76
1261.4 1548.43 1448.43 696.855
1261.89 1549.49 1449.49 696.95
1262.38 1550.56 1450.56 697.045
1262.87 1551.63 1451.63 697.14
1263.35 1552.7 1452.7 697.235
1263.83 1553.77 1453.77 697.33
1264.31 1554.83 1454.83 697.425
1264.78 1555.9 1455.9 697.52
1265.24 1556.97 1456.97 697.615
1265.7 1558.04 1458.04 697.71
1266.16 1559.1 1459.1 697.805
1266.62 1560.17 1460.17 697.9
1267.06 1561.24 1461.24 697.995
1267.51 1562.31 1462.31 698.09
1267.95 1563.37 1463.37 698.185
1268.38 1564.44 1464.44 698.28
1268.81 1565.51 1465.51 698.375
1269.24 1566.58 1466.58 698.47
1269.66 1567.65 1467.65 698.565
1270.08 1568.71 1468.71 698.66
1270.49 1569.78 1469.78 698.755
1270.9 1570.85 1470.85 698.85
1271.3 1571.92 1471.92 698.945
1271.7 1572.98 1472.98 699.04
1272.1 1574.05 1474.05 699.135
1272.49 1575.12 1475.12 699.23
1272.87 1576.19 1476.19 699.325
1273.25 1577.26 1477.26 699.42
1273.63 1578.32 1478.32 699.515
1274 1579.39 1479.39 699.61
1274.36 1580.46 1480.46 699.705
1274.73 1581.53 1481.53 699.8
1275.08 1582.59 1482.59 699.895
1275.43 1583.66 1483.66 699.99
1275.78 1584.73 1484.73 700.085
1276.12 1585.8 1485.8 700.18
1276.46 1586.86 1486.86 700.275
1276.79 1587.93 1487.93 700.37
1277.12 1589 1489 700.465
1277.44 1590.07 1490.07 700.56
1277.76 1591.14 1491.14 700.655
1278.07 1592.2 1492.2 700.75
1278.38 1593.27 1493.27 700.845
1278.69 1594.34 1494.34 700.94
1278.99 1595.41 1495.41 701.035
1279.29 1596.47 1496.47 701.13
1279.58 1597.54 1497.54 701.225
1279.87 1598.61 1498.61 701.32
1280.16 1599.68 1499.68 701.415
1280.44 1600.75 1500.75 701.51
1280.72 1601.81 1501.81 701.605
1281 1602.88 1502.88 701.7
1281.27 1603.95 1503.95 701.795
1281.54 1605.02 1505.02 701.89
1281.8 1606.08 1506.08 701.985
1282.07 1607.15 1507.15 702.08
1282.33 1608.22 1508.22 702.175
1282.59 1609.29 1509.29 702.27
1282.84 1610.35 1510.35 702.365
1283.09 1611.42 1511.42 702.46
1283.34 1612.49 1512.49 702.555
1283.59 1613.56 1513.56 702.65
1283.84 1614.63 1514.63 702.745
1284.08 1615.69 1515.69 702.84
1284.32 1616.76 1516.76 702.935
1284.56 1617.83 1517.83 703.03
1284.8 1618.9 1518.9 703.125
1285.03 1619.96 1519.96 703.22
1285.26 1621.03 1521.03 703.315
1285.49 1622.1 1522.1 703.41
1285.72 1623.17 1523.17 703.505
1285.95 1624.24 1524.24 703.6
1286.18 1625.3 1525.3 703.695
1286.4 1626.37 1526.37 703.79
1286.63 1627.44 1527.44 703.885
1286.85 1628.51 1528.51 703.98
1287.07 1629.57 1529.57 704.075
1287.29 1630.64 1530.64 704.17
1287.51 1631.71 1531.71 704.265
1287.73 1632.78 1532.78 704.36
1287.95 1633.84 1533.84 704.455
1288.17 1634.91 1534.91 704.55
1288.39 1635.98 1535.98 704.645
1288.6 1637.05 1537.05 704.74
1288.82 1638.12 1538.12 704.835
1289.04 1639.18 1539.18 704.93
1289.25 1640.25 1540.25 705.025
1289.47 1641.32 1541.32 705.12
1289.68 1642.39 1542.39 705.215
1289.9 1643.45 1543.45 705.31
1290.12 1644.52 1544.52 705.405
1290.33 1645.59 1545.59 705.5
1290.55 1646.66 1546.66 705.595
1290.77 1647.72 1547.72 705.69
1290.99 1648.79 1548.79 705.785
1291.21 1649.86 1549.86 705.88
1291.43 1650.93 1550.93 705.975
1291.65 1652 1552 706.07
1291.87 1653.06 1553.06 706.165
1292.09 1654.13 1554.13 706.26
1292.32 1655.2 1555.2 706.355
1292.54 1656.27 1556.27 706.45
1292.77 1657.33 1557.33 706.545
1292.99 1658.4 1558.4 706.64
1293.22 1659.47 1559.47 706.735
1293.45 1660.54 1560.54 706.83
1293.69 1661.61 1561.61 706.925
1293.92 1662.67 1562.67 707.02
1294.16 1663.74 1563.74 707.115
1294.4 1664.81 1564.81 707.21
1294.64 1665.88 1565.88 707.305
1294.88 1666.94 1566.94 707.4
1295.12 1668.01 1568.01 707.495
1295.37 1669.08 1569.08 707.59
1295.62 1670.15 1570.15 707.685
1295.87 1671.21 1571.21 707.78
1296.13 1672.28 1572.28 707.875
1296.38 1673.35 1573.35 707.97
1296.64 1674.42 1574.42 708.065
1296.91 1675.49 1575.49 708.16
1297.17 1676.55 1576.55 708.255
1297.44 1677.62 1577.62 708.35
1297.71 1678.69 1578.69 708.445
1297.99 1679.76 1579.76 708.54
1298.27 1680.82 1580.82 708.635
1298.55 1681.89 1581.89 708.73
1298.84 1682.96 1582.96 708.825
1299.13 1684.03 1584.03 708.92
1299.42 1685.1 1585.1 709.015
1299.72 1686.16 1586.16 709.11
1300.02 1687.23 1587.23 709.205
1300.32 1688.3 1588.3 709.3
1300.63 1689.37 1589.37 709.395
1300.95 1690.43 1590.43 709.49
1301.26 1691.5 1591.5 709.585
1301.59 1692.57 1592.57 709.68
1301.91 1693.64 1593.64 709.775
1302.24 1694.7 1594.7 709.87
1302.58 1695.77 1595.77 709.965
1302.92 1696.84 1596.84 710.06
1303.26 1697.91 1597.91 710.155
1303.61 1698.98 1598.98 710.25
1303.97 1700.04 1600.04 710.345
1304.33 1701.11 1601.11 710.44
1304.7 1702.18 1602.18 710.535
1305.07 1703.25 1603.25 710.63
1305.44 1704.31 1604.31 710.725
1305.82 1705.38 1605.38 710.82
1306.21 1706.45 1606.45 710.915
1306.6 1707.52 1607.52 711.01
1307 1708.59 1608.59 711.105
1307.41 1709.65 1609.65 711.2
1307.82 1710.72 1610.72 711.295
1308.23 1711.79 1611.79 711.39
1308.66 1712.86 1612.86 711.485
1309.09 1713.92 1613.92 711.58
1309.52 1714.99 1614.99 711.675
1309.96 1716.06 1616.06 711.77
1310.41 1717.13 1617.13 711.865
1310.87 1718.19 1618.19 711.96
1311.33 1719.26 1619.26 712.055
1311.79 1720.33 1620.33 712.15
1312.27 1721.4 1621.4 712.245
1312.75 1722.47 1622.47 712.34
1313.24 1723.53 1623.53 712.435
1313.74 1724.6 1624.6 712.53
1314.24 1725.67 1625.67 712.625
1314.75 1726.74 1626.74 712.72
1315.27 1727.8 1627.8 712.815
1315.79 1728.87 1628.87 712.91
1316.33 1729.94 1629.94 713.005
1316.87 1731.01 1631.01 713.1
1317.42 1732.07 1632.07 713.195
1317.97 1733.14 1633.14 713.29
1318.54 1734.21 1634.21 713.385
1319.11 1735.28 1635.28 713.48
1319.69 1736.35 1636.35 713.575
1320.28 1737.41 1637.41 713.67
1320.88 1738.48 1638.48 713.765
1321.48 1739.55 1639.55 713.86
1322.1 1740.62 1640.62 713.955
1322.72 1741.68 1641.68 714.05
1323.35 1742.75 1642.75 714.145
1323.99 1743.82 1643.82 714.24
1324.64 1744.89 1644.89 714.335
1325.3 1745.96 1645.96 714.43
1325.97 1747.02 1647.02 714.525
1326.64 1748.09 1648.09 714.62
1327.33 1749.16 1649.16 714.715
1328.02 1750.23 1650.23 714.81
1328.73 1751.29 1651.29 714.905
1329.44 1752.36 1652.36 715
1330.17 1753.43 1653.43 715.095
1330.9 1754.5 1654.5 715.19
1331.64 1755.56 1655.56 715.285
1332.4 1756.63 1656.63 715.38
1333.16 1757.7 1657.7 715.475
1333.93 1758.77 1658.77 715.57
1334.72 1759.84 1659.84 715.665
1335.51 1760.9 1660.9 715.76
1336.31 1761.97 1661.97 715.855
1337.13 1763.04 1663.04 715.95
1337.95 1764.11 1664.11 716.045
1338.79 1765.17 1665.17 716.14
1339.64 1766.24 1666.24 716.235
1340.49 1767.31 1667.31 716.33
1341.36 1768.38 1668.38 716.425
1342.24 1769.45 1669.45 716.52
1343.13 1770.51 1670.51 716.615
1344.03 1771.58 1671.58 716.71
1344.95 1772.65 1672.65 716.805
1345.87 1773.72 1673.72 716.9
1346.81 1774.78 1674.78 716.995
1347.75 1775.85 1675.85 717.09
1348.71 1776.92 1676.92 717.185
1349.68 1777.99 1677.99 717.28
1350.67 1779.05 1679.05 717.375
1351.66 1780.12 1680.12 717.47
1352.67 1781.19 1681.19 717.565
1353.69 1782.26 1682.26 717.66
1354.72 1783.33 1683.33 717.755
1355.76 1784.39 1684.39 717.85
1356.82 1785.46 1685.46 717.945
1357.88 1786.53 1686.53 718.04
1358.96 1787.6 1687.6 718.135
1360.06 1788.66 1688.66 718.23
1361.16 1789.73 1689.73 718.325
1362.28 1790.8 1690.8 718.42
1363.42 1791.87 1691.87 718.515
1364.56 1792.94 1692.94 718.61
1365.72 1794 1694 718.705
1366.89 1795.07 1695.07 718.8
1368.07 1796.14 1696.14 718.895
1369.27 1797.21 1697.21 718.99
1370.48 1798.27 1698.27 719.085
1371.71 1799.34 1699.34 719.18
1372.95 1800.41 1700.41 719.275
1374.2 1801.48 1701.48 719.37
1375.47 1802.54 1702.54 719.465
1376.75 1803.61 1703.61 719.56
1378.04 1804.68 1704.68 719.655
1379.35 1805.75 1705.75 719.75
1380.67 1806.82 1706.82 719.845
1382.01 1807.88 1707.88 719.94
1383.36 1808.95 1708.95 720.035
1384.73 1810.02 1710.02 720.13
1386.11 1811.09 1711.09 720.225
1387.5 1812.15 1712.15 720.32
1388.91 1813.22 1713.22 720.415
1390.33 1814.29 1714.29 720.51
1391.76 1815.36 1715.36 720.605
1393.21 1816.43 1716.43 720.7
1394.67 1817.49 1717.49 720.795
1396.14 1818.56 1718.56 720.89
1397.62 1819.63 1719.63 720.985
1399.11 1820.7 1720.7 721.08
1400.61 1821.76 1721.76 721.175
1402.12 1822.83 1722.83 721.27
1403.64 1823.9 1723.9 721.365
1405.18 1824.97 1724.97 721.46
1406.72 1826.03 1726.03 721.555
1408.27 1827.1 1727.1 721.65
1409.83 1828.17 1728.17 721.745
1411.39 1829.24 1729.24 721.84
1412.97 1830.31 1730.31 721.935
1414.55 1831.37 1731.37 722.03
1416.14 1832.44 1732.44 722.125
1417.74 1833.51 1733.51 722.22
1419.35 1834.58 1734.58 722.315
1420.96 1835.64 1735.64 722.41
1422.57 1836.71 1736.71 722.505
1424.2 1837.78 1737.78 722.6
1425.82 1838.85 1738.85 722.695
1427.46 1839.91 1739.91 722.79
1429.09 1840.98 1740.98 722.885
1430.74 1842.05 1742.05 722.98
1432.38 1843.12 1743.12 723.075
1434.03 1844.19 1744.19 723.17
1435.68 1845.25 1745.25 723.265
1437.34 1846.32 1746.32 723.36
1439 1847.39 1747.39 723.455
1440.66 1848.46 1748.46 723.55
1442.32 1849.52 1749.52 723.645
1443.99 1850.59 1750.59 723.74
1445.65 1851.66 1751.66 723.835
1447.32 1852.73 1752.73 723.93
1448.99 1853.8 1753.8 724.025
1450.66 1854.86 1754.86 724.12
1452.32 1855.93 1755.93 724.215
1453.99 1857 1757 724.31
1455.66 1858.07 1758.07 724.405
1457.32 1859.13 1759.13 724.5
1458.99 1860.2 1760.2 724.595
1460.65 1861.27 1761.27 724.69
1462.31 1862.34 1762.34 724.785
1463.97 1863.4 1763.4 724.88
1465.63 1864.47 1764.47 724.975
1467.28 1865.54 1765.54 725.07
1468.93 1866.61 1766.61 725.165
1470.58 1867.68 1767.68 725.26
1472.22 1868.74 1768.74 725.355
1473.86 1869.81 1769.81 725.45
1475.49 1870.88 1770.88 725.545
1477.12 1871.95 1771.95 725.64
1478.74 1873.01 1773.01 725.735
1480.36 1874.08 1774.08 725.83
1481.97 1875.15 1775.15 725.925
1483.57 1876.22 1776.22 726.02
1485.17 1877.29 1777.29 726.115
1486.76 1878.35 1778.35 726.21
1488.35 1879.42 1779.42 726.305
1489.92 1880.49 1780.49 726.4
1491.49 1881.56 1781.56 726.495
1493.05 1882.62 1782.62 726.59
1494.6 1883.69 1783.69 726.685
1496.14 1884.76 1784.76 726.78
1497.68 1885.83 1785.83 726.875
1499.2 1886.89 1786.89 726.97
1500.71 1887.96 1787.96 727.065
1502.22 1889.03 1789.03 727.16
1503.71 1890.1 1790.1 727.255
1505.19 1891.17 1791.17 727.35
1506.66 1892.23 1792.23 727.445
1508.12 1893.3 1793.3 727.54
1509.56 1894.37 1794.37 727.635
1511 1895.44 1795.44 727.73
1512.42 1896.5 1796.5 727.825
1513.83 1897.57 1797.57 727.92
1515.22 1898.64 1798.64 728.015
1516.6 1899.71 1799.71 728.11
1517.97 1900.78 1800.78 728.205
1519.32 1901.84 1801.84 728.3
1520.66 1902.91 1802.91 728.395
1521.98 1903.98 1803.98 728.49
1523.29 1905.05 1805.05 728.585
1524.58 1906.11 1806.11 728.68
1525.86 1907.18 1807.18 728.775
1527.12 1908.25 1808.25 728.87
1528.36 1909.32 1809.32 728.965
1529.59 1910.38 1810.38 729.06
1530.8 1911.45 1811.45 729.155
1531.99 1912.52 1812.52 729.25
1533.16 1913.59 1813.59 729.345
1534.31 1914.66 1814.66 729.44
1535.45 1915.72 1815.72 729.535
1536.57 1916.79 1816.79 729.63
1537.66 1917.86 1817.86 729.725
1538.74 1918.93 1818.93 729.82
1539.8 1919.99 1819.99 729.915
1540.84 1921.06 1821.06 730.01
1541.85 1922.13 1822.13 730.105
1542.85 1923.2 1823.2 730.2
1543.82 1924.26 1824.26 730.295
1544.78 1925.33 1825.33 730.39
1545.71 1926.4 1826.4 730.485
1546.62 1927.47 1827.47 730.58
1547.5 1928.54 1828.54 730.675
1548.36 1929.6 1829.6 730.77
1549.2 1930.67 1830.67 730.865
1550.02 1931.74 1831.74 730.96
1550.81 1932.81 1832.81 731.055
1551.58 1933.87 1833.87 731.15
1552.32 1934.94 1834.94 731.245
1553.04 1936.01 1836.01 731.34
1553.73 1937.08 1837.08 731.435
1554.4 1938.15 1838.15 731.53
1555.04 1939.21 1839.21 731.625
1555.65 1940.28 1840.28 731.72
1556.24 1941.35 1841.35 731.815
1556.8 1942.42 1842.42 731.91
1557.33 1943.48 1843.48 732.005
1557.84 1944.55 1844.55 732.1
1558.32 1945.62 1845.62 732.195
1558.76 1946.69 1846.69 732.29
1559.18 1947.75 1847.75 732.385
1559.58 1948.82 1848.82 732.48
1559.94 1949.89 1849.89 732.575
1560.27 1950.96 1850.96 732.67
1560.57 1952.03 1852.03 732.765
1560.84 1953.09 1853.09 732.86
1561.08 1954.16 1854.16 732.955
1561.29 1955.23 1855.23 733.05
1561.47 1956.3 1856.3 733.145
1561.62 1957.36 1857.36 733.24
1561.74 1958.43 1858.43 733.335
1561.82 1959.5 1859.5 733.43
1561.87 1960.57 1860.57 733.525
1561.88 1961.64 1861.64 733.62
1561.87 1962.7 1862.7 733.715
1561.82 1963.77 1863.77 733.81
1561.73 1964.84 1864.84 733.905
1561.61 1965.91 1865.91 734
1561.46 1966.97 1866.97 734.095
1561.27 1968.04 1868.04 734.19
1561.05 1969.11 1869.11 734.285
1560.79 1970.18 1870.18 734.38
1560.49 1971.24 1871.24 734.475
1560.16 1972.31 1872.31 734.57
1559.79 1973.38 1873.38 734.665
1559.39 1974.45 1874.45 734.76
1558.95 1975.52 1875.52 734.855
1558.46 1976.58 1876.58 734.95
1557.95 1977.65 1877.65 735.045
1557.39 1978.72 1878.72 735.14
1556.79 1979.79 1879.79 735.235
1556.16 1980.85 1880.85 735.33
1555.48 1981.92 1881.92 735.425
1554.77 1982.99 1882.99 735.52
1554.02 1984.06 1884.06 735.615
1553.22 1985.13 1885.13 735.71
1552.39 1986.19 1886.19 735.805
1551.51 1987.26 1887.26 735.9
1550.59 1988.33 1888.33 735.995
1549.63 1989.4 1889.4 736.09
1548.63 1990.46 1890.46 736.185
1547.59 1991.53 1891.53 736.28
1546.5 1992.6 1892.6 736.375
1545.37 1993.67 1893.67 736.47
1544.2 1994.73 1894.73 736.565
1542.98 1995.8 1895.8 736.66
1541.72 1996.87 1896.87 736.755
1540.42 1997.94 1897.94 736.85
1539.07 1999.01 1899.01 736.945
1537.67 2000.07 1900.07 737.04
1536.23 2001.14 1901.14 737.135
1534.75 2002.21 1902.21 737.23
1533.22 2003.28 1903.28 737.325
1531.64 2004.34 1904.34 737.42
1530.01 2005.41 1905.41 737.515
1528.34 2006.48 1906.48 737.61
1526.62 2007.55 1907.55 737.705
1524.86 2008.62 1908.62 737.8
1523.04 2009.68 1909.68 737.895
1521.18 2010.75 1910.75 737.99
1519.26 2011.82 1911.82 738.085
1517.3 2012.89 1912.89 738.18
1515.29 2013.95 1913.95 738.275
1513.23 2015.02 1915.02 738.37
1511.12 2016.09 1916.09 738.465
1508.96 2017.16 1917.16 738.56
1506.75 2018.22 1918.22 738.655
1504.49 2019.29 1919.29 738.75
1502.17 2020.36 1920.36 738.845
1499.81 2021.43 1921.43 738.94
1497.39 2022.5 1922.5 739.035
1494.92 2023.56 1923.56 739.13
1492.4 2024.63 1924.63 739.225
1489.82 2025.7 1925.7 739.32
1487.19 2026.77 1926.77 739.415
1484.51 2027.83 1927.83 739.51
1481.77 2028.9 1928.9 739.605
1478.98 2029.97 1929.97 739.7
1476.13 2031.04 1931.04 739.795
1473.23 2032.1 1932.1 739.89
1470.27 2033.17 1933.17 739.985
1467.26 1023 923 740.08 PIT
1464.19 1023 923 740.175 PIT
1461.07 1023 923 740.27 PIT
1457.9 1023 923 740.365 PIT
1454.67 1023 923 740.46 PIT
1451.39 1023 923 740.555 PIT
1448.07 1023 923 740.65 PIT
1444.69 1023 923 740.745 PIT
1441.26 1023 923 740.84 PIT
1437.79 1023 923 740.935 PIT
1434.27 1023 923 741.03 PIT
1430.71 1023 923 741.125 PIT
1427.1 1023 923 741.22 PIT
1423.44 1023 923 741.315 PIT
1419.75 1023 923 741.41 PIT
1416.01 1023 923 741.505 PIT
1412.23 1023 923 741.6 PIT
1408.41 1023 923 741.695 PIT
1404.56 1023 923 741.79 PIT
1400.66 1023 923 741.885 PIT
1396.73 1023 923 741.98 PIT
1392.77 1023 923 742.075 PIT
1388.76 1023 923 742.17 PIT
1384.73 1023 923 742.265 PIT
1380.66 1023 923 742.36 PIT
1376.56 1023 923 742.455 PIT
1372.42 1023 923 742.55 PIT
1368.26 1023 923 742.645 PIT
1364.07 1023 923 742.74 PIT
1359.85 1023 923 742.835 PIT
1355.6 1023 923 742.93 PIT
1351.33 1023 923 743.025 PIT
1347.03 1023 923 743.12 PIT
1342.7 1023 923 743.215 PIT
1338.36 1023 923 743.31 PIT
1333.99 1023 923 743.405 PIT
1329.59 1023 923 743.5 PIT
1325.18 1023 923 743.595 PIT
1320.75 1023 923 743.69 PIT
1316.3 1023 923 743.785 PIT
1311.83 1023 923 743.88 PIT
1307.34 1023 923 743.975 PIT
1302.84 1023 923 744.07 PIT
1298.32 1023 923 744.165 PIT
1293.79 1023 923 744.26 PIT
1289.25 1023 923 744.355 PIT
1284.69 1023 923 744.45 PIT
1280.12 1023 923 744.545 PIT
1275.55 1023 923 744.64 PIT
1270.96 1023 923 744.735 PIT
1266.36 1023 923 744.83 PIT
1261.76 1023 923 744.925 PIT
1257.15 1023 923 745.02 PIT
1252.54 1023 923 745.115 PIT
1247.92 1023 923 745.21 PIT
1243.3 1023 923 745.305 PIT
1238.67 1023 923 745.4 PIT
1234.04 1023 923 745.495 PIT
1229.42 1023 923 745.59 PIT
1224.79 1023 923 745.685 PIT
1220.16 1023 923 745.78 PIT
1215.54 1023 923 745.875 PIT
1210.92 1023 923 745.97 PIT
1206.3 1023 923 746.065 PIT
1201.69 1023 923 746.16 PIT
1197.08 1023 923 746.255 PIT
1192.48 1023 923 746.35 PIT
1187.89 1023 923 746.445 PIT
1183.31 1023 923 746.54 PIT
1178.74 1023 923 746.635 PIT
1174.18 1023 923 746.73 PIT
1169.63 1023 923 746.825 PIT
1165.09 1023 923 746.92 PIT
1160.56 1023 923 747.015 PIT
1156.05 1023 923 747.11 PIT
1151.56 1023 923 747.205 PIT
1147.08 1023 923 747.3 PIT
1142.62 1023 923 747.395 PIT
1138.18 1023 923 747.49 PIT
1133.76 1023 923 747.585 PIT
1129.35 1023 923 747.68 PIT
1124.97 1023 923 747.775 PIT
1120.61 1023 923 747.87 PIT
1116.28 1023 923 747.965 PIT
1111.97 1023 923 748.06 PIT
1107.68 1023 923 748.155 PIT
1103.42 1023 923 748.25 PIT
1099.18 1023 923 748.345 PIT
1094.98 1023 923 748.44 PIT
1090.8 1023 923 748.535 PIT
1086.65 1023 923 748.63 PIT
1082.53 1023 923 748.725 PIT
1078.45 1023 923 748.82 PIT
1074.4 1023 923 748.915 PIT
1070.38 1023 923 749.01 PIT
1066.39 1023 923 749.105 PIT
1062.44 1023 923 749.2 PIT
1058.53 1023 923 749.295 PIT
1054.65 1023 923 749.39 PIT
1050.82 1023 923 749.485 PIT
1047.02 1023 923 749.58 PIT
1043.26 1023 923 749.675 PIT
1039.54 1023 923 749.77 PIT
1035.87 1023 923 749.865 PIT
1032.24 1023 923 749.96 PIT
1028.65 1023 923 750.055 PIT
1025.11 1023 923 750.15 PIT
1021.61 1023 923 750.245 PIT
1018.16 1023 923 750.34 PIT
1014.76 1023 923 750.435 PIT
1011.41 1023 923 750.53 PIT
1008.11 1023 923 750.625 PIT
1004.85 1023 923 750.72 PIT
1001.65 1023 923 750.815 PIT
998.504 1023 923 750.91 PIT
995.409 1023 923 751.005 PIT
992.369 1023 923 751.1 PIT
989.384 1023 923 751.195 PIT
986.456 1023 923 751.29 PIT
983.585 1023 923 751.385 PIT
980.772 1023 923 751.48 PIT
978.019 1023 923 751.575 PIT
975.326 1023 923 751.67 PIT
972.694 1023 923 751.765 PIT
970.124 1023 923 751.86 PIT
967.617 1023 923 751.955 PIT
965.174 1023 923 752.05 PIT
962.796 1023 923 752.145 PIT
960.485 1023 923 752.24 PIT
958.24 1023 923 752.335 PIT
956.062 1023 923 752.43 PIT
953.954 1023 923 752.525 PIT
951.915 1023 923 752.62 PIT
949.947 1023 923 752.715 PIT
948.051 1023 923 752.81 PIT
946.227 1023 923 752.905 PIT
944.477 1023 923 753 PIT
942.802 1023 923 753.095 PIT
941.201 1023 923 753.19 PIT
939.678 1023 923 753.285 PIT
938.231 1023 923 753.38 PIT
936.863 1023 923 753.475 PIT
935.574 1023 923 753.57 PIT
934.365 1023 923 753.665 PIT
933.238 1023 923 753.76 PIT
932.192 1023 923 753.855 PIT
931.23 1023 923 753.95 PIT
930.352 1023 923 754.045 PIT
929.558 1023 923 754.14 PIT
928.851 1023 923 754.235 PIT
928.23 1023 923 754.33 PIT
927.698 1023 923 754.425 PIT
927.254 1023 923 754.52 PIT
926.899 1023 923 754.615 PIT
926.636 1023 923 754.71 PIT
926.464 1023 923 754.805 PIT
926.385 1023 923 754.9 PIT
926.399 1023 923 754.995 PIT
926.507 1023 923 755.09 PIT
926.712 1023 923 755.185 PIT
927.012 1023 923 755.28 PIT
927.41 1023 923 755.375 PIT
927.906 1023 923 755.47 PIT
928.502 1023 923 755.565 PIT
929.197 1023 923 755.66 PIT
929.994 1023 923 755.755 PIT
930.893 1023 923 755.85 PIT
931.895 1023 923 755.945 PIT
933.001 1023 923 756.04 PIT
934.212 1023 923 756.135 PIT
935.529 1023 923 756.23 PIT
936.952 1023 923 756.325 PIT
938.484 1023 923 756.42 PIT
940.124 1023 923 756.515 PIT
941.874 1023 923 756.61 PIT
943.735 1023 923 756.705 PIT
945.707 1023 923 756.8 PIT
947.792 1023 923 756.895 PIT
949.99 1023 923 756.99 PIT
952.303 1023 923 757.085 PIT
954.732 1023 923 757.18 PIT
957.276 1023 923 757.275 PIT
959.938 1023 923 757.37 PIT
962.719 1023 923 757.465 PIT
965.618 1023 923 757.56 PIT
968.638 1023 923 757.655 PIT
971.779 1023 923 757.75 PIT
975.042 1023 923 757.845 PIT
978.428 1023 923 757.94 PIT
981.938 1023 923 758.035 PIT
985.574 1023 923 758.13 PIT
989.334 1023 923 758.225 PIT
993.222 1023 923 758.32 PIT
997.238 1023 923 758.415 PIT
1001.38 1023 923 758.51 PIT
1005.66 1023 923 758.605 PIT
1010.06 1023 923 758.7 PIT
1014.6 1023 923 758.795 PIT
1019.27 1023 923 758.89 PIT
1024.07 1023 923 758.985 PIT
1029.01 1023 923 759.08 PIT
1034.08 1023 923 759.175 PIT
1039.29 1023 923 759.27 PIT
1044.63 1023 923 759.365 PIT
1050.12 1023 923 759.46 PIT
1055.74 1023 923 759.555 PIT
1061.51 1023 923 759.65 PIT
1067.41 1023 923 759.745 PIT
1073.46 1023 923 759.84 PIT
1079.65 1023 923 759.935 PIT
1085.98 1023 923 760.03 PIT
1092.46 1023 923 760.125 PIT
1099.08 1023 923 760.22 PIT
1105.84 1023 923 760.315 PIT
1112.75 1023 923 760.41 PIT
1119.79 1023 923 760.505 PIT
1126.97 1023 923 760.6 PIT
1134.28 1023 923 760.695 PIT
1141.73 1023 923 760.79 PIT
1149.32 1023 923 760.885 PIT
1157.03 1023 923 760.98 PIT
1164.88 1023 923 761.075 PIT
1172.85 1023 923 761.17 PIT
1180.96 1023 923 761.265 PIT
1189.19 1023 923 761.36 PIT
1197.54 1023 923 761.455 PIT
1206.02 1023 923 761.55 PIT
1214.62 1023 923 761.645 PIT
1223.35 1023 923 761.74 PIT
1232.19 1023 923 761.835 PIT
1241.15 1023 923 761.93 PIT
1250.23 1023 923 762.025 PIT
1259.42 1023 923 762.12 PIT
1268.73 1023 923 762.215 PIT
1278.15 1023 923 762.31 PIT
1287.69 1023 923 762.405 PIT
1297.33 1023 923 762.5 PIT
1307.09 1023 923 762.595 PIT
1316.95 1023 923 762.69 PIT
1326.92 1023 923 762.785 PIT
1336.99 1023 923 762.88 PIT
1347.16 1023 923 762.975 PIT
1357.44 1023 923 763.07 PIT
1367.82 1023 923 763.165 PIT
1378.3 1023 923 763.26 PIT
1388.88 1023 923 763.355 PIT
1399.55 1023 923 763.45 PIT
1410.32 1023 923 763.545 PIT
1421.19 1023 923 763.64 PIT
1432.15 1023 923 763.735 PIT
1443.19 1023 923 763.83 PIT
1454.33 1023 923 763.925 PIT
1465.56 1023 923 764.02 PIT
1476.88 1023 923 764.115 PIT
1488.28 1023 923 764.21 PIT
1499.76 1023 923 764.305 PIT
1511.33 1023 923 764.4 PIT
1522.98 1023 923 764.495 PIT
1534.72 1023 923 764.59 PIT
1546.53 1023 923 764.685 PIT
1558.42 1023 923 764.78 PIT
1570.38 1023 923 764.875 PIT
1582.42 1023 923 764.97 PIT
1594.54 1023 923 765.065 PIT
1606.73 1023 923 765.16 PIT
1618.98 1023 923 765.255 PIT
1631.31 1023 923 765.35 PIT
1643.71 1023 923 765.445 PIT
1656.18 1023 923 765.54 PIT
1668.71 1023 923 765.635 PIT
1681.3 1023 923 765.73 PIT
1693.96 1023 923 765.825 PIT
1706.68 1023 923 765.92 PIT
1719.46 1023 923 766.015 PIT
1732.3 1023 923 766.11 PIT
1745.2 1023 923 766.205 PIT
1758.15 1023 923 766.3 PIT
1771.16 1023 923 766.395 PIT
1784.22 1023 923 766.49 PIT
1797.33 1023 923 766.585 PIT
1810.5 1023 923 766.68 PIT
1823.71 1023 923 766.775 PIT
1836.98 1023 923 766.87 PIT
1850.29 1023 923 766.965 PIT
1863.64 1023 923 767.06 PIT
1877.04 1023 923 767.155 PIT
1890.49 1023 923 767.25 PIT
1903.97 1023 923 767.345 PIT
1917.49 1023 923 767.44 PIT
1931.06 1023 923 767.535 PIT
1944.66 1023 923 767.63 PIT
1958.29 1023 923 767.725 PIT
1971.97 1023 923 767.82 PIT
1985.67 1023 923 767.915 PIT
1999.41 1023 923 768.01 PIT
2013.18 1023 923 768.105 PIT
2026.97 1023 923 768.2 PIT
2040.8 1023 923 768.295 PIT
2054.65 1023 923 768.39 PIT
2068.53 1023 923 768.485 PIT
2082.43 1023 923 768.58 PIT
2096.35 1023 923 768.675 PIT
2110.29 1023 923 768.77 PIT
2124.26 1023 923 768.865 PIT
2138.24 1023 923 768.96 PIT
2152.24 1023 923 769.055 PIT
2166.26 1023 923 769.15 PIT
2180.29 1023 923 769.245 PIT
2194.33 1023 923 769.34 PIT
2208.39 1023 923 769.435 PIT
2222.45 1023 923 769.53 PIT
2236.53 1023 923 769.625 PIT
2250.61 1023 923 769.72 PIT
2264.7 1023 923 769.815 PIT
2278.79 1023 923 769.91 PIT
2292.89 1023 923 770.005 PIT
2306.99 1023 923 770.1 PIT
2321.09 1023 923 770.195 PIT
2335.19 1023 923 770.29 PIT
2349.29 1023 923 770.385 PIT
2363.38 1023 923 770.48 PIT
2377.47 1023 923 770.575 PIT
2391.56 1023 923 770.67 PIT
2405.64 1023 923 770.765 PIT
2419.71 1023 923 770.86 PIT
2433.77 1023 923 770.955 PIT
2447.81 1023 923 771.05 PIT
2461.85 1023 923 771.145 PIT
2475.87 1023 923 771.24 PIT
2489.88 1023 923 771.335 PIT
2503.87 1023 923 771.43 PIT
2517.84 1023 923 771.525 PIT
2531.79 1023 923 771.62 PIT
2545.73 1023 923 771.715 PIT
2559.64 1023 923 771.81 PIT
2573.52 1023 923 771.905 PIT
2587.38 1023 923 772 PIT
2601.22 1023 923 772.095 PIT
2615.03 1023 923 772.19 PIT
2628.81 1023 923 772.285 PIT
2642.56 1023 923 772.38 PIT
2656.28 1023 923 772.475 PIT
2669.96 1023 923 772.57 PIT
2683.61 1023 923 772.665 PIT
2697.23 1023 923 772.76 PIT
2710.81 1023 923 772.855 PIT
2724.35 1023 923 772.95 PIT
2737.85 1023 923 773.045 PIT
2751.31 1023 923 773.14 PIT
2764.72 1023 923 773.235 PIT
2778.1 1023 923 773.33 PIT
2791.43 1023 923 773.425 PIT
2804.71 1023 923 773.52 PIT
2817.94 1023 923 773.615 PIT
2831.13 1023 923 773.71 PIT
2844.26 1023 923 773.805 PIT
2857.35 1023 923 773.9 PIT
2870.38 1023 923 773.995 PIT
2883.35 1023 923 774.09 PIT
2896.27 1023 923 774.185 PIT
2909.14 1023 923 774.28 PIT
2921.94 1023 923 774.375 PIT
2934.68 1023 923 774.47 PIT
2947.37 1023 923 774.565 PIT
2959.99 1023 923 774.66 PIT
2972.55 1023 923 774.755 PIT
2985.04 1023 923 774.85 PIT
2997.46 1023 923 774.945 PIT
3009.82 1023 923 775.04 PIT
3022.11 1023 923 775.135 PIT
3034.32 1023 923 775.23 PIT
3046.47 1023 923 775.325 PIT
3058.54 1023 923 775.42 PIT
3070.54 1023 923 775.515 PIT
3082.46 1023 923 775.61 PIT
3094.3 1023 923 775.705 PIT
3106.06 1023 923 775.8 PIT
3117.75 1023 923 775.895 PIT
3129.35 1023 923 775.99 PIT
3140.87 1023 923 776.085 PIT
3152.31 1023 923 776.18 PIT
3163.66 1023 923 776.275 PIT
3174.92 1023 923 776.37 PIT
3186.09 1023 923 776.465 PIT
3197.18 1023 923 776.56 PIT
3208.17 1023 923 776.655 PIT
3219.08 1023 923 776.75 PIT
3229.88 1023 923 776.845 PIT
3240.6 1023 923 776.94 PIT
3251.21 1023 923 777.035 PIT
3261.73 1023 923 777.13 PIT
3272.15 1023 923 777.225 PIT
3282.47 1023 923 777.32 PIT
3292.69 1023 923 777.415 PIT
3302.81 1023 923 777.51 PIT
3312.82 1023 923 777.605 PIT
3322.72 1023 923 777.7 PIT
3332.52 1023 923 777.795 PIT
3342.21 1023 923 777.89 PIT
3351.79 1023 923 777.985 PIT
3361.25 1023 923 778.08 PIT
3370.61 1023 923 778.175 PIT
3379.85 1023 923 778.27 PIT
3388.98 1023 923 778.365 PIT
3397.99 1023 923 778.46 PIT
3406.88 1023 923 778.555 PIT
3415.65 1023 923 778.65 PIT
3424.3 1023 923 778.745 PIT
3432.83 1023 923 778.84 PIT
3441.24 1023 923 778.935 PIT
3449.52 1023 923 779.03 PIT
3457.67 1023 923 779.125 PIT
3465.7 1023 923 779.22 PIT
3473.6 1023 923 779.315 PIT
3481.37 1023 923 779.41 PIT
3489 1023 923 779.505 PIT
3496.51 1023 923 779.6 PIT
3503.88 1023 923 779.695 PIT
3511.11 1023 923 779.79 PIT
3518.21 1023 923 779.885 PIT
3525.17 1023 923 779.98 PIT
3531.99 2483.75 2383.75 780.075
3538.67 2484.82 2384.82 780.17
3545.21 2485.89 2385.89 780.265
3551.62 2486.95 2386.95 780.36
3557.88 2488.02 2388.02 780.455
3564.01 2489.09 2389.09 780.55
3570.01 2490.16 2390.16 780.645
3575.87 2491.23 2391.23 780.74
3581.6 2492.29 2392.29 780.835
3587.2 2493.36 2393.36 780.93
3592.66 2494.43 2394.43 781.025
3598 2495.5 2395.5 781.12
3603.2 2496.56 2396.56 781.215
3608.27 2497.63 2397.63 781.31
3613.22 2498.7 2398.7 781.405
3618.04 2499.77 2399.77 781.5
3622.73 2500.83 2400.83 781.595
3627.29 2501.9 2401.9 781.69
3631.73 2502.97 2402.97 781.785
3636.05 2504.04 2404.04 781.88
3640.24 2505.11 2405.11 781.975
3644.31 2506.17 2406.17 782.07
3648.26 2507.24 2407.24 782.165
3652.08 2508.31 2408.31 782.26
3655.79 2509.38 2409.38 782.355
3659.37 2510.44 2410.44 782.45
3662.84 2511.51 2411.51 782.545
3666.19 2512.58 2412.58 782.64
3669.42 2513.65 2413.65 782.735
3672.54 2514.72 2414.72 782.83
3675.54 2515.78 2415.78 782.925
3678.43 2516.85 2416.85 783.02
3681.2 2517.92 2417.92 783.115
3683.86 2518.99 2418.99 783.21
3686.41 2520.05 2420.05 783.305
3688.85 2521.12 2421.12 783.4
3691.18 2522.19 2422.19 783.495
3693.39 2523.26 2423.26 783.59
3695.5 2524.32 2424.32 783.685
3697.5 2525.39 2425.39 783.78
3699.4 2526.46 2426.46 783.875
3701.18 2527.53 2427.53 783.97
3702.87 2528.6 2428.6 784.065
3704.44 2529.66 2429.66 784.16
3705.92 2530.73 2430.73 784.255
3707.29 2531.8 2431.8 784.35
3708.56 2532.87 2432.87 784.445
3709.73 2533.93 2433.93 784.54
3710.79 2535 2435 784.635
3711.76 2536.07 2436.07 784.73
3712.63 2537.14 2437.14 784.825
3713.4 2538.21 2438.21 784.92
3714.07 2539.27 2439.27 785.015
3714.65 2540.34 2440.34 785.11
3715.13 2541.41 2441.41 785.205
3715.52 2542.48 2442.48 785.3
3715.81 2543.54 2443.54 785.395
3716.02 2544.61 2444.61 785.49
3716.12 2545.68 2445.68 785.585
3716.14 2546.75 2446.75 785.68
3716.07 2547.81 2447.81 785.775
3715.9 2548.88 2448.88 785.87
3715.65 2549.95 2449.95 785.965
3715.31 2551.02 2451.02 786.06
3714.88 2552.09 2452.09 786.155
3714.37 2553.15 2453.15 786.25
3713.77 2554.22 2454.22 786.345
3713.09 2555.29 2455.29 786.44
3712.32 2556.36 2456.36 786.535
3711.47 2557.42 2457.42 786.63
3710.53 2558.49 2458.49 786.725
3709.52 2559.56 2459.56 786.82
3708.42 2560.63 2460.63 786.915
3707.25 2561.7 2461.7 787.01
3705.99 2562.76 2462.76 787.105
3704.66 2563.83 2463.83 787.2
3703.25 2564.9 2464.9 787.295
3701.77 2565.97 2465.97 787.39
3700.2 2567.03 2467.03 787.485
3698.57 2568.1 2468.1 787.58
3696.86 2569.17 2469.17 787.675
3695.07 2570.24 2470.24 787.77
3693.22 2571.3 2471.3 787.865
3691.29 2572.37 2472.37 787.96
3689.29 2573.44 2473.44 788.055
3687.22 2574.51 2474.51 788.15
3685.09 2575.58 2475.58 788.245
3682.88 2576.64 2476.64 788.34
3680.61 2577.71 2477.71 788.435
3678.27 2578.78 2478.78 788.53
3675.86 2579.85 2479.85 788.625
3673.39 2580.91 2480.91 788.72
3670.86 2581.98 2481.98 788.815
3668.26 2583.05 2483.05 788.91
3665.6 2584.12 2484.12 789.005
3662.88 2585.18 2485.18 789.1
3660.1 2586.25 2486.25 789.195
3657.25 2587.32 2487.32 789.29
3654.35 2588.39 2488.39 789.385
3651.39 2589.46 2489.46 789.48
3648.37 2590.52 2490.52 789.575
3645.3 2591.59 2491.59 789.67
3642.17 2592.66 2492.66 789.765
3638.99 2593.73 2493.73 789.86
3635.75 2594.79 2494.79 789.955
3632.45 2595.86 2495.86 790.05
3629.11 2596.93 2496.93 790.145
3625.71 2598 2498 790.24
3622.26 2599.07 2499.07 790.335
3618.77 2600.13 2500.13 790.43
3615.22 2601.2 2501.2 790.525
3611.63 2602.27 2502.27 790.62
3607.98 2603.34 2503.34 790.715
3604.29 2604.4 2504.4 790.81
3600.56 2605.47 2505.47 790.905
3596.78 2606.54 2506.54 791
3592.95 2607.61 2507.61 791.095
3589.08 2608.67 2508.67 791.19
3585.17 2609.74 2509.74 791.285
3581.22 2610.81 2510.81 791.38
3577.23 2611.88 2511.88 791.475
3573.19 2612.95 2512.95 791.57
3569.12 2614.01 2514.01 791.665
3565.01 2615.08 2515.08 791.76
3560.86 2616.15 2516.15 791.855
3556.67 2617.22 2517.22 791.95
3552.45 2618.28 2518.28 792.045
3548.19 2619.35 2519.35 792.14
3543.9 2620.42 2520.42 792.235
3539.57 2621.49 2521.49 792.33
3535.22 2622.56 2522.56 792.425
3530.83 2623.62 2523.62 792.52
3526.4 2624.69 2524.69 792.615
3521.95 2625.76 2525.76 792.71
3517.47 2626.83 2526.83 792.805
3512.96 2627.89 2527.89 792.9
3508.43 2628.96 2528.96 792.995
3503.86 2630.03 2530.03 793.09
3499.27 2631.1 2531.1 793.185
3494.66 2632.16 2532.16 793.28
3490.02 2633.23 2533.23 793.375
3485.35 2634.3 2534.3 793.47
3480.67 2635.37 2535.37 793.565
3475.96 2636.44 2536.44 793.66
3471.23 2637.5 2537.5 793.755
3466.48 2638.57 2538.57 793.85
3461.71 2639.64 2539.64 793.945
3456.92 2640.71 2540.71 794.04
3452.12 2641.77 2541.77 794.135
3447.29 2642.84 2542.84 794.23
3442.45 2643.91 2543.91 794.325
3437.6 2644.98 2544.98 794.42
3432.73 2646.05 2546.05 794.515
3427.85 2647.11 2547.11 794.61
3422.95 2648.18 2548.18 794.705
3418.05 2649.25 2549.25 794.8
3413.13 2650.32 2550.32 794.895
3408.2 2651.38 2551.38 794.99
3403.26 2652.45 2552.45 795.085
3398.31 2653.52 2553.52 795.18
3393.36 2654.59 2554.59 795.275
3388.39 2655.65 2555.65 795.37
3383.42 2656.72 2556.72 795.465
3378.45 2657.79 2557.79 795.56
3373.47 2658.86 2558.86 795.655
3368.49 2659.93 2559.93 795.75
3363.5 2660.99 2560.99 795.845
3358.51 2662.06 2562.06 795.94
3353.52 2663.13 2563.13 796.035
3348.53 2664.2 2564.2 796.13
3343.54 2665.26 2565.26 796.225
3338.56 2666.33 2566.33 796.32
3333.57 2667.4 2567.4 796.415
3328.59 2668.47 2568.47 796.51
3323.61 2669.53 2569.53 796.605
3318.63 2670.6 2570.6 796.7
3313.66 2671.67 2571.67 796.795
3308.7 2672.74 2572.74 796.89
3303.74 2673.81 2573.81 796.985
3298.79 2674.87 2574.87 797.08
3293.85 2675.94 2575.94 797.175
3288.92 2677.01 2577.01 797.27
3284 2678.08 2578.08 797.365
3279.09 2679.14 2579.14 797.46
3274.19 2680.21 2580.21 797.555
3269.3 2681.28 2581.28 797.65
3264.43 2682.35 2582.35 797.745
3259.57 2683.42 2583.42 797.84
3254.73 2684.48 2584.48 797.935
3249.9 2685.55 2585.55 798.03
3245.09 2686.62 2586.62 798.125
3240.3 2687.69 2587.69 798.22
3235.53 2688.75 2588.75 798.315
3230.77 2689.82 2589.82 798.41
3226.04 2690.89 2590.89 798.505
3221.32 2691.96 2591.96 798.6
3216.63 2693.02 2593.02 798.695
3211.96 2694.09 2594.09 798.79
3207.32 2695.16 2595.16 798.885
3202.7 2696.23 2596.23 798.98
3198.1 2697.3 2597.3 799.075
3193.53 2698.36 2598.36 799.17
3188.99 2699.43 2599.43 799.265
3184.47 2700.5 2600.5 799.36
3179.99 2701.57 2601.57 799.455
3175.53 2702.63 2602.63 799.55
3171.1 2703.7 2603.7 799.645
3166.7 2704.77 2604.77 799.74
3162.34 2705.84 2605.84 799.835
3158 2706.91 2606.91 799.93
3153.7 2707.97 2607.97 800.025
3149.44 2709.04 2609.04 800.12
3145.21 2710.11 2610.11 800.215
3141.01 2711.18 2611.18 800.31
3136.84 2712.24 2612.24 800.405
3132.71 2713.31 2613.31 800.5
3128.61 2714.38 2614.38 800.595
3124.54 2715.45 2615.45 800.69
3120.51 2716.51 2616.51 800.785
3116.51 2717.58 2617.58 800.88
3112.54 2718.65 2618.65 800.975
3108.6 2719.72 2619.72 801.07
3104.7 2720.79 2620.79 801.165
3100.82 2721.85 2621.85 801.26
3096.98 2722.92 2622.92 801.355
3093.17 2723.99 2623.99 801.45
3089.39 2725.06 2625.06 801.545
3085.64 2726.12 2626.12 801.64
3081.92 2727.19 2627.19 801.735
3078.23 2728.26 2628.26 801.83
3074.57 2729.33 2629.33 801.925
3070.94 2730.4 2630.4 802.02
3067.34 2731.46 2631.46 802.115
3063.77 2732.53 2632.53 802.21
3060.23 2733.6 2633.6 802.305
3056.72 2734.67 2634.67 802.4
3053.24 2735.73 2635.73 802.495
3049.79 2736.8 2636.8 802.59
3046.37 2737.87 2637.87 802.685
3042.97 2738.94 2638.94 802.78
3039.6 2740 2640 802.875
3036.26 2741.07 2641.07 802.97
3032.95 2742.14 2642.14 803.065
3029.67 2743.21 2643.21 803.16
3026.41 2744.28 2644.28 803.255
3023.18 2745.34 2645.34 803.35
3019.98 2746.41 2646.41 803.445
3016.81 2747.48 2647.48 803.54
3013.66 2748.55 2648.55 803.635
3010.54 2749.61 2649.61 803.73
3007.44 2750.68 2650.68 803.825
3004.37 2751.75 2651.75 803.92
3001.33 2752.82 2652.82 804.015
2998.31 2753.88 2653.88 804.11
2995.32 2754.95 2654.95 804.205
2992.35 2756.02 2656.02 804.3
2989.41 2757.09 2657.09 804.395
2986.49 2758.16 2658.16 804.49
2983.6 2759.22 2659.22 804.585
2980.73 2760.29 2660.29 804.68
2977.89 2761.36 2661.36 804.775
2975.07 2762.43 2662.43 804.87
2972.27 2763.49 2663.49 804.965
2969.5 2764.56 2664.56 805.06
2966.75 2765.63 2665.63 805.155
2964.03 2766.7 2666.7 805.25
2961.33 2767.77 2667.77 805.345
2958.65 2768.83 2668.83 805.44
2955.99 2769.9 2669.9 805.535
2953.36 2770.97 2670.97 805.63
2950.75 2772.04 2672.04 805.725
2948.16 2773.1 2673.1 805.82
2945.6 2774.17 2674.17 805.915
2943.05 2775.24 2675.24 806.01
2940.53 2776.31 2676.31 806.105
2938.03 2777.37 2677.37 806.2
2935.55 2778.44 2678.44 806.295
2933.09 2779.51 2679.51 806.39
2930.65 2780.58 2680.58 806.485
2928.23 2781.65 2681.65 806.58
2925.83 2782.71 2682.71 806.675
2923.46 2783.78 2683.78 806.77
2921.1 2784.85 2684.85 806.865
2918.76 2785.92 2685.92 806.96
2916.44 2786.98 2686.98 807.055
2914.15 2788.05 2688.05 807.15
2911.87 2789.12 2689.12 807.245
2909.61 2790.19 2690.19 807.34
2907.37 2791.26 2691.26 807.435
2905.14 2792.32 2692.32 807.53
2902.94 2793.39 2693.39 807.625
2900.76 2794.46 2694.46 807.72
2898.59 2795.53 2695.53 807.815
2896.44 2796.59 2696.59 807.91
2894.31 2797.66 2697.66 808.005
2892.19 2798.73 2698.73 808.1
2890.1 2799.8 2699.8 808.195
2888.02 2800.86 2700.86 808.29
2885.95 2801.93 2701.93 808.385
2883.91 2803 2703 808.48
2881.88 2804.07 2704.07 808.575
2879.86 2805.14 2705.14 808.67
2877.87 2806.2 2706.2 808.765
2875.89 2807.27 2707.27 808.86
2873.92 2808.34 2708.34 808.955
2871.97 2809.41 2709.41 809.05
2870.04 2810.47 2710.47 809.145
2868.12 2811.54 2711.54 809.24
2866.21 2812.61 2712.61 809.335
2864.32 2813.68 2713.68 809.43
2862.45 2814.75 2714.75 809.525
2860.59 2815.81 2715.81 809.62
2858.74 2816.88 2716.88 809.715
2856.91 2817.95 2717.95 809.81
2855.09 2819.02 2719.02 809.905
2853.29 2820.08 2720.08 810
2851.49 2821.15 2721.15 810.095
2849.72 2822.22 2722.22 810.19
2847.95 2823.29 2723.29 810.285
2846.2 2824.35 2724.35 810.38
2844.46 2825.42 2725.42 810.475
2842.73 2826.49 2726.49 810.57
2841.02 2827.56 2727.56 810.665
2839.31 2828.63 2728.63 810.76
2837.62 2829.69 2729.69 810.855
2835.94 2830.76 2730.76 810.95
2834.27 2831.83 2731.83 811.045
2832.62 2832.9 2732.9 811.14
2830.97 2833.96 2733.96 811.235
2829.34 2835.03 2735.03 811.33
2827.71 2836.1 2736.1 811.425
2826.1 2837.17 2737.17 811.52
2824.49 2838.24 2738.24 811.615
2822.9 2839.3 2739.3 811.71
2821.32 2840.37 2740.37 811.805
2819.74 2841.44 2741.44 811.9
2818.18 2842.51 2742.51 811.995
2816.62 2843.57 2743.57 812.09
2815.08 2844.64 2744.64 812.185
2813.54 2845.71 2745.71 812.28
2812.01 2846.78 2746.78 812.375
2810.49 2847.84 2747.84 812.47
2808.98 2848.91 2748.91 812.565
2807.48 2849.98 2749.98 812.66
2805.99 2851.05 2751.05 812.755
2804.5 2852.12 2752.12 812.85
2803.02 2853.18 2753.18 812.945
2801.55 2854.25 2754.25 813.04
2800.08 2855.32 2755.32 813.135
2798.62 2856.39 2756.39 813.23
2797.17 2857.45 2757.45 813.325
2795.73 2858.52 2758.52 813.42
2794.29 2859.59 2759.59 813.515
2792.85 2860.66 2760.66 813.61
2791.43 2861.72 2761.72 813.705
2790.01 2862.79 2762.79 813.8
2788.59 2863.86 2763.86 813.895
2787.18 2864.93 2764.93 813.99
2785.78 2866 2766 814.085
2784.38 2867.06 2767.06 814.18
2782.98 2868.13 2768.13 814.275
2781.59 2869.2 2769.2 814.37
2780.21 2870.27 2770.27 814.465
2778.83 2871.33 2771.33 814.56
2777.45 2872.4 2772.4 814.655
2776.08 2873.47 2773.47 814.75
2774.71 2874.54 2774.54 814.845
2773.34 2875.61 2775.61 814.94
2771.98 2876.67 2776.67 815.035
2770.62 2877.74 2777.74 815.13
2769.26 2878.81 2778.81 815.225
2767.91 2879.88 2779.88 815.32
2766.56 2880.94 2780.94 815.415
2765.21 2882.01 2782.01 815.51
2763.86 2883.08 2783.08 815.605
2762.51 2884.15 2784.15 815.7
2761.17 2885.21 2785.21 815.795
2759.83 2886.28 2786.28 815.89
2758.49 2887.35 2787.35 815.985
2757.15 2888.42 2788.42 816.08
2755.81 2889.49 2789.49 816.175
2754.47 2890.55 2790.55 816.27
2753.13 2891.62 2791.62 816.365
2751.79 2892.69 2792.69 816.46
2750.46 2893.76 2793.76 816.555
2749.12 2894.82 2794.82 816.65
2747.78 2895.89 2795.89 816.745
2746.44 2896.96 2796.96 816.84
2745.11 2898.03 2798.03 816.935
2743.77 2899.1 2799.1 817.03
2742.43 2900.16 2800.16 817.125
2741.08 2901.23 2801.23 817.22
2739.74 2902.3 2802.3 817.315
2738.4 2903.37 2803.37 817.41
2737.05 2904.43 2804.43 817.505
2735.7 2905.5 2805.5 817.6
2734.35 2906.57 2806.57 817.695
2733 2907.64 2807.64 817.79
2731.64 2908.7 2808.7 817.885
2730.28 2909.77 2809.77 817.98
2728.92 2910.84 2810.84 818.075
2727.56 2911.91 2811.91 818.17
2726.19 2912.98 2812.98 818.265
2724.82 2914.04 2814.04 818.36
2723.44 2915.11 2815.11 818.455
2722.06 2916.18 2816.18 818.55
2720.68 2917.25 2817.25 818.645
2719.29 2918.31 2818.31 818.74
2717.9 2919.38 2819.38 818.835
2716.5 2920.45 2820.45 818.93
2715.1 2921.52 2821.52 819.025
2713.69 2922.59 2822.59 819.12
2712.28 2923.65 2823.65 819.215
2710.86 2924.72 2824.72 819.31
2709.44 2925.79 2825.79 819.405
2708.01 2926.86 2826.86 819.5
2706.57 2927.92 2827.92 819.595
2705.13 2928.99 2828.99 819.69
2703.68 2930.06 2830.06 819.785
2702.23 2931.13 2831.13 819.88
2700.77 2932.19 2832.19 819.975
2699.3 2933.26 2833.26 820.07
2697.82 2934.33 2834.33 820.165
2696.34 2935.4 2835.4 820.26
2694.85 2936.47 2836.47 820.355
2693.35 2937.53 2837.53 820.45
2691.85 2938.6 2838.6 820.545
2690.34 2939.67 2839.67 820.64
2688.82 2940.74 2840.74 820.735
2687.3 2941.8 2841.8 820.83
2685.77 2942.87 2842.87 820.925
2684.23 2943.94 2843.94 821.02
2682.69 2945.01 2845.01 821.115
2681.14 2946.07 2846.07 821.21
2679.59 2947.14 2847.14 821.305
2678.03 2948.21 2848.21 821.4
2676.46 2949.28 2849.28 821.495
2674.89 2950.35 2850.35 821.59
2673.31 2951.41 2851.41 821.685
2671.73 2952.48 2852.48 821.78
2670.14 2953.55 2853.55 821.875
2668.54 2954.62 2854.62 821.97
2666.94 2955.68 2855.68 822.065
2665.34 2956.75 2856.75 822.16
2663.73 2957.82 2857.82 822.255
2662.11 2958.89 2858.89 822.35
2660.49 2959.96 2859.96 822.445
2658.87 2961.02 2861.02 822.54
2657.24 2962.09 2862.09 822.635
2655.6 2963.16 2863.16 822.73
2653.97 2964.23 2864.23 822.825
2652.32 2965.29 2865.29 822.92
2650.67 2966.36 2866.36 823.015
2649.02 2967.43 2867.43 823.11
2647.36 2968.5 2868.5 823.205
2645.7 2969.56 2869.56 823.3
2644.04 2970.63 2870.63 823.395
2642.37 2971.7 2871.7 823.49
2640.69 2972.77 2872.77 823.585
2639.02 2973.84 2873.84 823.68
2637.33 2974.9 2874.9 823.775
2635.65 2975.97 2875.97 823.87
2633.96 2977.04 2877.04 823.965
2632.27 2978.11 2878.11 824.06
2630.57 2979.17 2879.17 824.155
2628.87 2980.24 2880.24 824.25
2627.17 2981.31 2881.31 824.345
2625.47 2982.38 2882.38 824.44
2623.76 2983.45 2883.45 824.535
2622.05 2984.51 2884.51 824.63
2620.33 2985.58 2885.58 824.725
2618.61 2986.65 2886.65 824.82
2616.89 2987.72 2887.72 824.915
2615.17 2988.78 2888.78 825.01
2613.44 2989.85 2889.85 825.105
2611.72 2990.92 2890.92 825.2
2609.99 2991.99 2891.99 825.295
2608.25 2993.05 2893.05 825.39
2606.52 2994.12 2894.12 825.485
2604.78 2995.19 2895.19 825.58
2603.04 2996.26 2896.26 825.675
2601.3 2997.33 2897.33 825.77
2599.56 2998.39 2898.39 825.865
2597.81 2999.46 2899.46 825.96
2596.06 3000.53 2900.53 826.055
2594.31 3001.6 2901.6 826.15
2592.56 3002.66 2902.66 826.245
2590.81 3003.73 2903.73 826.34
2589.06 3004.8 2904.8 826.435
2587.3 3005.87 2905.87 826.53
2585.55 3006.94 2906.94 826.625
2583.79 3008 2908 826.72
2582.03 3009.07 2909.07 826.815
2580.27 3010.14 2910.14 826.91
2578.51 3011.21 2911.21 827.005
2576.75 3012.27 2912.27 827.1
2574.99 3013.34 2913.34 827.195
2573.23 3014.41 2914.41 827.29
2571.47 3015.48 2915.48 827.385
2569.7 3016.54 2916.54 827.48
2567.94 3017.61 2917.61 827.575
2566.18 3018.68 2918.68 827.67
2564.41 3019.75 2919.75 827.765
2562.65 3020.82 2920.82 827.86
2560.88 3021.88 2921.88 827.955
2559.12 3022.95 2922.95 828.05
2557.36 3024.02 2924.02 828.145
2555.59 3025.09 2925.09 828.24
2553.83 3026.15 2926.15 828.335
2552.07 3027.22 2927.22 828.43
2550.3 3028.29 2928.29 828.525
2548.54 3029.36 2929.36 828.62
2546.78 3030.43 2930.43 828.715
2545.02 3031.49 2931.49 828.81
2543.26 3032.56 2932.56 828.905
2541.5 3033.63 2933.63 829
2539.74 3034.7 2934.7 829.095
2537.99 3035.76 2935.76 829.19
2536.23 3036.83 2936.83 829.285
2534.48 3037.9 2937.9 829.38
2532.72 3038.97 2938.97 829.475
2530.97 3040.03 2940.03 829.57
2529.22 3041.1 2941.1 829.665
2527.47 3042.17 2942.17 829.76
2525.72 3043.24 2943.24 829.855
2523.98 3044.31 2944.31 829.95
2522.24 3045.37 2945.37 830.045
2520.49 3046.44 2946.44 830.14
2518.76 3047.51 2947.51 830.235
2517.02 3048.58 2948.58 830.33
2515.28 3049.64 2949.64 830.425
2513.55 3050.71 2950.71 830.52
2511.82 3051.78 2951.78 830.615
2510.09 3052.85 2952.85 830.71
2508.37 3053.91 2953.91 830.805
2506.64 3054.98 2954.98 830.9
2504.92 3056.05 2956.05 830.995
2503.2 3057.12 2957.12 831.09
2501.49 3058.19 2958.19 831.185
2499.78 3059.25 2959.25 831.28
2498.07 3060.32 2960.32 831.375
2496.36 3061.39 2961.39 831.47
2494.66 3062.46 2962.46 831.565
2492.96 3063.52 2963.52 831.66
2491.27 3064.59 2964.59 831.755
2489.58 3065.66 2965.66 831.85
2487.89 3066.73 2966.73 831.945
2486.2 3067.8 2967.8 832.04
2484.52 3068.86 2968.86 832.135
2482.84 3069.93 2969.93 832.23
2481.17 3071 2971 832.325
2479.5 3072.07 2972.07 832.42
2477.84 3073.13 2973.13 832.515
2476.17 3074.2 2974.2 832.61
2474.52 3075.27 2975.27 832.705
2472.86 3076.34 2976.34 832.8
2471.22 3077.4 2977.4 832.895
2469.57 3078.47 2978.47 832.99
2467.93 3079.54 2979.54 833.085
2466.3 3080.61 2980.61 833.18
2464.67 3081.68 2981.68 833.275
2463.04 3082.74 2982.74 833.37
2461.42 3083.81 2983.81 833.465
2459.81 3084.88 2984.88 833.56
2458.2 3085.95 2985.95 833.655
2456.59 3087.01 2987.01 833.75
2455 3088.08 2988.08 833.845
2453.4 3089.15 2989.15 833.94
2451.81 3090.22 2990.22 834.035
2450.23 3091.29 2991.29 834.13
2448.65 3092.35 2992.35 834.225
2447.08 3093.42 2993.42 834.32
2445.51 3094.49 2994.49 834.415
2443.95 3095.56 2995.56 834.51
2442.4 3096.62 2996.62 834.605
2440.85 3097.69 2997.69 834.7
2439.31 3098.76 2998.76 834.795
2437.77 3099.83 2999.83 834.89
2436.25 3100.89 3000.89 834.985
2434.72 3101.96 3001.96 835.08
2433.21 3103.03 3003.03 835.175
2431.7 3104.1 3004.1 835.27
2430.19 3105.17 3005.17 835.365
2428.7 3106.23 3006.23 835.46
2427.21 3107.3 3007.3 835.555
2425.72 3108.37 3008.37 835.65
2424.25 3109.44 3009.44 835.745
2422.78 3110.5 3010.5 835.84
2421.32 3111.57 3011.57 835.935
2419.86 3112.64 3012.64 836.03
2418.41 3113.71 3013.71 836.125
2416.97 3114.78 3014.78 836.22
2415.54 3115.84 3015.84 836.315
2414.12 3116.91 3016.91 836.41
2412.7 3117.98 3017.98 836.505
2411.29 3119.05 3019.05 836.6
2409.89 3120.11 3020.11 836.695
2408.5 3121.18 3021.18 836.79
2407.11 3122.25 3022.25 836.885
2405.73 3123.32 3023.32 836.98
2404.36 3124.38 3024.38 837.075
2403 3125.45 3025.45 837.17
2401.65 3126.52 3026.52 837.265
2400.31 3127.59 3027.59 837.36
2398.97 3128.66 3028.66 837.455
2397.64 3129.72 3029.72 837.55
2396.33 3130.79 3030.79 837.645
2395.02 3131.86 3031.86 837.74
2393.72 3132.93 3032.93 837.835
2392.42 3133.99 3033.99 837.93
2391.14 3135.06 3035.06 838.025
2389.87 3136.13 3036.13 838.12
2388.6 3137.2 3037.2 838.215
2387.35 3138.26 3038.26 838.31
2386.1 3139.33 3039.33 838.405
2384.87 3140.4 3040.4 838.5
2383.64 3141.47 3041.47 838.595
2382.42 3142.54 3042.54 838.69
2381.22 3143.6 3043.6 838.785
2380.02 3144.67 3044.67 838.88
2378.83 3145.74 3045.74 838.975
2377.65 3146.81 3046.81 839.07
2376.49 3147.87 3047.87 839.165
2375.33 3148.94 3048.94 839.26
2374.18 3150.01 3050.01 839.355
2373.04 3151.08 3051.08 839.45
2371.92 3152.15 3052.15 839.545
2370.8 3153.21 3053.21 839.64
2369.7 3154.28 3054.28 839.735
2368.6 3155.35 3055.35 839.83
2367.52 3156.42 3056.42 839.925
2366.45 3157.48 3057.48 840.02
2365.38 3158.55 3058.55 840.115
2364.33 3159.62 3059.62 840.21
2363.29 3160.69 3060.69 840.305
2362.26 3161.75 3061.75 840.4
2361.24 3162.82 3062.82 840.495
2360.24 3163.89 3063.89 840.59
2359.24 3164.96 3064.96 840.685
2358.25 3166.03 3066.03 840.78
2357.27 3167.09 3067.09 840.875
2356.31 3168.16 3068.16 840.97
2355.35 3169.23 3069.23 841.065
2354.4 3170.3 3070.3 841.16
2353.47 3171.36 3071.36 841.255
2352.54 3172.43 3072.43 841.35
2351.63 3173.5 3073.5 841.445
2350.72 3174.57 3074.57 841.54
2349.83 3175.64 3075.64 841.635
2348.94 3176.7 3076.7 841.73
2348.07 3177.77 3077.77 841.825
2347.2 3178.84 3078.84 841.92
2346.34 3179.91 3079.91 842.015
2345.5 3180.97 3080.97 842.11
2344.66 3182.04 3082.04 842.205
2343.84 3183.11 3083.11 842.3
2343.02 3184.18 3084.18 842.395
2342.21 3185.24 3085.24 842.49
2341.41 3186.31 3086.31 842.585
2340.62 3187.38 3087.38 842.68
2339.84 3188.45 3088.45 842.775
2339.07 3189.52 3089.52 842.87
2338.31 3190.58 3090.58 842.965
2337.56 3191.65 3091.65 843.06
2336.82 3192.72 3092.72 843.155
2336.08 3193.79 3093.79 843.25
2335.36 3194.85 3094.85 843.345
2334.64 3195.92 3095.92 843.44
2333.94 3196.99 3096.99 843.535
2333.24 3198.06 3098.06 843.63
2332.55 3199.13 3099.13 843.725
2331.87 3200.19 3100.19 843.82
2331.2 3201.26 3101.26 843.915
2330.53 3202.33 3102.33 844.01
2329.88 3203.4 3103.4 844.105
2329.23 3204.46 3104.46 844.2
2328.6 3205.53 3105.53 844.295
2327.97 3206.6 3106.6 844.39
2327.35 3207.67 3107.67 844.485
2326.73 3208.73 3108.73 844.58
2326.13 3209.8 3109.8 844.675
2325.53 3210.87 3110.87 844.77
2324.94 3211.94 3111.94 844.865
2324.36 3213.01 3113.01 844.96
2323.79 3214.07 3114.07 845.055
2323.23 3215.14 3115.14 845.15
2322.67 3216.21 3116.21 845.245
2322.12 3217.28 3117.28 845.34
2321.58 3218.34 3118.34 845.435
2321.05 3219.41 3119.41 845.53
2320.52 3220.48 3120.48 845.625
2320.01 3221.55 3121.55 845.72
2319.5 3222.61 3122.61 845.815
2318.99 3223.68 3123.68 845.91
2318.5 3224.75 3124.75 846.005
2318.01 3225.82 3125.82 846.1
2317.53 3226.89 3126.89 846.195
2317.06 3227.95 3127.95 846.29
2316.59 3229.02 3129.02 846.385
2316.13 3230.09 3130.09 846.48
2315.68 3231.16 3131.16 846.575
2315.24 3232.22 3132.22 846.67
2314.8 3233.29 3133.29 846.765
2314.37 3234.36 3134.36 846.86
2313.95 3235.43 3135.43 846.955
2313.53 3236.5 3136.5 847.05
2313.12 3237.56 3137.56 847.145
2312.72 3238.63 3138.63 847.24
2312.32 3239.7 3139.7 847.335
2311.93 3240.77 3140.77 847.43
2311.55 3241.83 3141.83 847.525
2311.17 3242.9 3142.9 847.62
2310.8 3243.97 3143.97 847.715
2310.43 3245.04 3145.04 847.81
2310.08 3246.1 3146.1 847.905
2309.72 3247.17 3147.17 848
2309.38 3248.24 3148.24 848.095
2309.04 3249.31 3149.31 848.19
2308.71 3250.38 3150.38 848.285
2308.38 3251.44 3151.44 848.38
2308.06 3252.51 3152.51 848.475
2307.74 3253.58 3153.58 848.57
2307.44 3254.65 3154.65 848.665
2307.13 3255.71 3155.71 848.76
2306.83 3256.78 3156.78 848.855
2306.54 3257.85 3157.85 848.95
2306.26 3258.92 3158.92 849.045
2305.98 3259.99 3159.99 849.14
2305.7 3261.05 3161.05 849.235
2305.43 3262.12 3162.12 849.33
2305.17 3263.19 3163.19 849.425
2304.91 3264.26 3164.26 849.52
2304.66 3265.32 3165.32 849.615
2304.41 3266.39 3166.39 849.71
2304.17 3267.46 3167.46 849.805
2303.93 3268.53 3168.53 849.9
2303.7 3269.59 3169.59 849.995
2303.47 3270.66 3170.66 850.09
2303.25 3271.73 3171.73 850.185
2303.03 3272.8 3172.8 850.28
2302.82 3273.87 3173.87 850.375
2302.61 3274.93 3174.93 850.47
2302.41 3276 3176 850.565
2302.21 3277.07 3177.07 850.66
2302.01 3278.14 3178.14 850.755
2301.82 3279.2 3179.2 850.85
2301.64 3280.27 3180.27 850.945
2301.46 3281.34 3181.34 851.04
2301.29 3282.41 3182.41 851.135
2301.11 3283.48 3183.48 851.23
2300.95 3284.54 3184.54 851.325
2300.79 3285.61 3185.61 851.42
2300.63 3286.68 3186.68 851.515
2300.47 3287.75 3187.75 851.61
2300.32 3288.81 3188.81 851.705
2300.18 3289.88 3189.88 851.8
2300.04 3290.95 3190.95 851.895
2299.9 3292.02 3192.02 851.99
2299.76 3293.08 3193.08 852.085
2299.63 3294.15 3194.15 852.18
2299.51 3295.22 3195.22 852.275
2299.38 3296.29 3196.29 852.37
2299.27 3297.36 3197.36 852.465
2299.15 3298.42 3198.42 852.56
2299.04 3299.49 3199.49 852.655
2298.93 3300.56 3200.56 852.75
2298.83 3301.63 3201.63 852.845
2298.72 3302.69 3202.69 852.94
2298.63 3303.76 3203.76 853.035
2298.53 3304.83 3204.83 853.13
2298.44 3305.9 3205.9 853.225
2298.35 3306.97 3206.97 853.32
2298.27 3308.03 3208.03 853.415
2298.18 3309.1 3209.1 853.51
2298.1 3310.17 3210.17 853.605
2298.03 3311.24 3211.24 853.7
2297.95 3312.3 3212.3 853.795
2297.88 3313.37 3213.37 853.89
2297.82 3314.44 3214.44 853.985
2297.75 3315.51 3215.51 854.08
2297.69 3316.57 3216.57 854.175
2297.63 3317.64 3217.64 854.27
2297.57 3318.71 3218.71 854.365
2297.52 3319.78 3219.78 854.46
2297.46 3320.85 3220.85 854.555
2297.41 3321.91 3221.91 854.65
2297.37 3322.98 3222.98 854.745
2297.32 3324.05 3224.05 854.84
2297.28 3325.12 3225.12 854.935
2297.24 3326.18 3226.18 855.03
2297.2 3327.25 3227.25 855.125
2297.16 3328.32 3228.32 855.22
2297.13 3329.39 3229.39 855.315
2297.09 3330.45 3230.45 855.41
2297.06 3331.52 3231.52 855.505
2297.03 3332.59 3232.59 855.6
2297.01 3333.66 3233.66 855.695
2296.98 3334.73 3234.73 855.79
2296.96 3335.79 3235.79 855.885
2296.93 3336.86 3236.86 855.98
2296.91 3337.93 3237.93 856.075
2296.89 3339 3239 856.17
2296.88 3340.06 3240.06 856.265
2296.86 3341.13 3241.13 856.36
2296.84 3342.2 3242.2 856.455
2296.83 3343.27 3243.27 856.55
2296.82 3344.34 3244.34 856.645
2296.81 3345.4 3245.4 856.74
2296.8 3346.47 3246.47 856.835
2296.79 3347.54 3247.54 856.93
2296.78 3348.61 3248.61 857.025
2296.77 3349.67 3249.67 857.12
2296.77 3350.74 3250.74 857.215
2296.76 3351.81 3251.81 857.31
2296.75 3352.88 3252.88 857.405
2296.75 3353.94 3253.94 857.5
2296.75 3355.01 3255.01 857.595
2296.74 3356.08 3256.08 857.69
2296.74 3357.15 3257.15 857.785
2296.74 3358.22 3258.22 857.88
2296.74 3359.28 3259.28 857.975
2296.74 3360.35 3260.35 858.07
2296.74 3361.42 3261.42 858.165
2296.74 3362.49 3262.49 858.26
2296.74 3363.55 3263.55 858.355
2296.74 3364.62 3264.62 858.45
2296.74 3365.69 3265.69 858.545
2296.74 3366.76 3266.76 858.64
2296.74 3367.83 3267.83 858.735
2296.74 3368.89 3268.89 858.83
2296.74 3369.96 3269.96 858.925
2296.74 3371.03 3271.03 859.02
2296.74 3372.1 3272.1 859.115
2296.74 3373.16 3273.16 859.21
2296.74 3374.23 3274.23 859.305
2296.73 3375.3 3275.3 859.4
2296.73 3376.37 3276.37 859.495
2296.73 3377.43 3277.43 859.59
2296.73 3378.5 3278.5 859.685
2296.72 3379.57 3279.57 859.78
2296.72 3380.64 3280.64 859.875
2296.71 3381.71 3281.71 859.97
2296.71 3382.77 3282.77 860.065
2296.7 3383.84 3283.84 860.16
2296.7 3384.91 3284.91 860.255
2296.69 3385.98 3285.98 860.35
2296.68 3387.04 3287.04 860.445
2296.67 3388.11 3288.11 860.54
2296.66 3389.18 3289.18 860.635
2296.65 3390.25 3290.25 860.73
2296.64 3391.32 3291.32 860.825
2296.62 3392.38 3292.38 860.92
2296.61 3393.45 3293.45 861.015
2296.6 3394.52 3294.52 861.11
2296.58 3395.59 3295.59 861.205
2296.56 3396.65 3296.65 861.3
2296.55 3397.72 3297.72 861.395
2296.53 3398.79 3298.79 861.49
2296.51 3399.86 3299.86 861.585
2296.5 3400.92 3300.92 861.68
2296.48 3401.99 3301.99 861.775
2296.46 3403.06 3303.06 861.87
2296.43 3404.13 3304.13 861.965
2296.41 3405.2 3305.2 862.06
2296.39 3406.26 3306.26 862.155
2296.37 3407.33 3307.33 862.25
2296.34 3408.4 3308.4 862.345
2296.32 3409.47 3309.47 862.44
2296.3 3410.53 3310.53 862.535
2296.27 3411.6 3311.6 862.63
2296.24 3412.67 3312.67 862.725
2296.22 3413.74 3313.74 862.82
2296.19 3414.8 3314.8 862.915
2296.16 3415.87 3315.87 863.01
2296.13 3416.94 3316.94 863.105
2296.1 3418.01 3318.01 863.2
2296.07 3419.08 3319.08 863.295
2296.04 3420.14 3320.14 863.39
2296.01 3421.21 3321.21 863.485
2295.98 3422.28 3322.28 863.58
2295.94 3423.35 3323.35 863.675
2295.91 3424.41 3324.41 863.77
2295.88 3425.48 3325.48 863.865
2295.84 3426.55 3326.55 863.96
2295.81 3427.62 3327.62 864.055
2295.77 3428.69 3328.69 864.15
2295.73 3429.75 3329.75 864.245
2295.7 3430.82 3330.82 864.34
2295.66 3431.89 3331.89 864.435
2295.62 3432.96 3332.96 864.53
2295.58 3434.02 3334.02 864.625
2295.54 3435.09 3335.09 864.72
2295.5 3436.16 3336.16 864.815
2295.46 3437.23 3337.23 864.91
2295.42 3438.29 3338.29 865.005
2295.38 3439.36 3339.36 865.1
2295.33 3440.43 3340.43 865.195
2295.29 3441.5 3341.5 865.29
2295.25 3442.57 3342.57 865.385
2295.2 3443.63 3343.63 865.48
2295.16 3444.7 3344.7 865.575
2295.11 3445.77 3345.77 865.67
2295.07 3446.84 3346.84 865.765
2295.02 3447.9 3347.9 865.86
2294.97 3448.97 3348.97 865.955
2294.93 3450.04 3350.04 866.05
2294.88 3451.11 3351.11 866.145
2294.83 3452.18 3352.18 866.24
2294.78 3453.24 3353.24 866.335
2294.73 3454.31 3354.31 866.43
2294.68 3455.38 3355.38 866.525
2294.63 3456.45 3356.45 866.62
2294.58 3457.51 3357.51 866.715
2294.53 3458.58 3358.58 866.81
2294.48 3459.65 3359.65 866.905
2294.42 3460.72 3360.72 867
2294.37 3461.78 3361.78 867.095
2294.32 3462.85 3362.85 867.19
2294.26 3463.92 3363.92 867.285
2294.21 3464.99 3364.99 867.38
2294.15 3466.06 3366.06 867.475
2294.1 3467.12 3367.12 867.57
2294.04 3468.19 3368.19 867.665
2293.99 3469.26 3369.26 867.76
2293.93 3470.33 3370.33 867.855
2293.87 3471.39 3371.39 867.95
2293.81 3472.46 3372.46 868.045
2293.76 3473.53 3373.53 868.14
2293.7 3474.6 3374.6 868.235
2293.64 3475.67 3375.67 868.33
2293.58 3476.73 3376.73 868.425
2293.52 3477.8 3377.8 868.52
2293.46 3478.87 3378.87 868.615
2293.4 3479.94 3379.94 868.71
2293.34 3481 3381 868.805
2293.27 3482.07 3382.07 868.9
2293.21 3483.14 3383.14 868.995
2293.15 3484.21 3384.21 869.09
2293.09 3485.27 3385.27 869.185
2293.02 3486.34 3386.34 869.28
2292.96 3487.41 3387.41 869.375
2292.9 3488.48 3388.48 869.47
2292.83 3489.55 3389.55 869.565
2292.77 3490.61 3390.61 869.66
2292.7 3491.68 3391.68 869.755
2292.64 3492.75 3392.75 869.85
2292.57 3493.82 3393.82 869.945
2292.51 3494.88 3394.88 870.04
2292.44 3495.95 3395.95 870.135
2292.37 3497.02 3397.02 870.23
2292.31 3498.09 3398.09 870.325
2292.24 3499.15 3399.15 870.42
2292.17 3500.22 3400.22 870.515
2292.1 3501.29 3401.29 870.61
2292.03 3502.36 3402.36 870.705
2291.96 3503.43 3403.43 870.8
2291.9 3504.49 3404.49 870.895
2291.83 3505.56 3405.56 870.99
2291.76 3506.63 3406.63 871.085
2291.69 3507.7 3407.7 871.18
2291.62 3508.76 3408.76 871.275
2291.54 3509.83 3409.83 871.37
2291.47 3510.9 3410.9 871.465
2291.4 3511.97 3411.97 871.56
2291.33 3513.04 3413.04 871.655
2291.26 3514.1 3414.1 871.75
2291.19 3515.17 3415.17 871.845
2291.11 3516.24 3416.24 871.94
2291.04 3517.31 3417.31 872.035
2290.97 3518.37 3418.37 872.13
2290.9 3519.44 3419.44 872.225
2290.82 3520.51 3420.51 872.32
2290.75 3521.58 3421.58 872.415
2290.67 3522.64 3422.64 872.51
2290.6 3523.71 3423.71 872.605
2290.53 3524.78 3424.78 872.7
2290.45 3525.85 3425.85 872.795
2290.38 3526.92 3426.92 872.89
2290.3 3527.98 3427.98 872.985
2290.23 3529.05 3429.05 873.08
2290.15 3530.12 3430.12 873.175
2290.07 3531.19 3431.19 873.27
2290 3532.25 3432.25 873.365
2289.92 3533.32 3433.32 873.46
2289.85 3534.39 3434.39 873.555
2289.77 3535.46 3435.46 873.65
2289.69 3536.53 3436.53 873.745
2289.62 3537.59 3437.59 873.84
2289.54 3538.66 3438.66 873.935
2289.46 3539.73 3439.73 874.03
2289.38 3540.8 3440.8 874.125
2289.31 3541.86 3441.86 874.22
2289.23 3542.93 3442.93 874.315
2289.15 3544 3444 874.41
2289.07 3545.07 3445.07 874.505
2288.99 3546.13 3446.13 874.6
2288.92 3547.2 3447.2 874.695
2288.84 3548.27 3448.27 874.79
2288.76 3549.34 3449.34 874.885
2288.68 3550.41 3450.41 874.98
2288.6 3551.47 3451.47 875.075
2288.52 3552.54 3452.54 875.17
2288.44 3553.61 3453.61 875.265
2288.36 3554.68 3454.68 875.36
2288.28 3555.74 3455.74 875.455
2288.2 3556.81 3456.81 875.55
2288.12 3557.88 3457.88 875.645
2288.04 3558.95 3458.95 875.74
2287.96 3560.02 3460.02 875.835
2287.88 3561.08 3461.08 875.93
2287.8 3562.15 3462.15 876.025
2287.72 3563.22 3463.22 876.12
2287.64 3564.29 3464.29 876.215
2287.56 3565.35 3465.35 876.31
2287.48 3566.42 3466.42 876.405
2287.4 3567.49 3467.49 876.5
2287.32 3568.56 3468.56 876.595
2287.24 3569.62 3469.62 876.69
2287.16 3570.69 3470.69 876.785
2287.08 3571.76 3471.76 876.88
2287 3572.83 3472.83 876.975
2286.92 3573.9 3473.9 877.07
2286.84 3574.96 3474.96 877.165
2286.75 3576.03 3476.03 877.26
2286.67 3577.1 3477.1 877.355
2286.59 3578.17 3478.17 877.45
2286.51 3579.23 3479.23 877.545
2286.43 3580.3 3480.3 877.64
2286.35 3581.37 3481.37 877.735
2286.27 3582.44 3482.44 877.83
2286.19 3583.51 3483.51 877.925
2286.11 3584.57 3484.57 878.02
2286.02 3585.64 3485.64 878.115
2285.94 3586.71 3486.71 878.21
2285.86 3587.78 3487.78 878.305
2285.78 3588.84 3488.84 878.4
2285.7 3589.91 3489.91 878.495
2285.62 3590.98 3490.98 878.59
2285.54 3592.05 3492.05 878.685
2285.46 3593.11 3493.11 878.78
2285.38 3594.18 3494.18 878.875
2285.3 3595.25 3495.25 878.97
2285.21 3596.32 3496.32 879.065
2285.13 3597.39 3497.39 879.16
2285.05 3598.45 3498.45 879.255
2284.97 3599.52 3499.52 879.35
2284.89 3600.59 3500.59 879.445
2284.81 3601.66 3501.66 879.54
2284.73 3602.72 3502.72 879.635
2284.65 3603.79 3503.79 879.73
2284.57 3604.86 3504.86 879.825
2284.49 3605.93 3505.93 879.92
2284.41 3606.99 3506.99 880.015
2284.33 3608.06 3508.06 880.11
2284.25 3609.13 3509.13 880.205
2284.17 3610.2 3510.2 880.3
2284.09 3611.27 3511.27 880.395
2284.01 3612.33 3512.33 880.49
2283.93 3613.4 3513.4 880.585
2283.85 3614.47 3514.47 880.68
2283.77 3615.54 3515.54 880.775
2283.69 3616.6 3516.6 880.87
2283.61 3617.67 3517.67 880.965
2283.54 3618.74 3518.74 881.06
2283.46 3619.81 3519.81 881.155
2283.38 3620.88 3520.88 881.25
2283.3 3621.94 3521.94 881.345
2283.22 3623.01 3523.01 881.44
2283.15 3624.08 3524.08 881.535
2283.07 3625.15 3525.15 881.63
2282.99 3626.21 3526.21 881.725
2282.92 3627.28 3527.28 881.82
2282.84 3628.35 3528.35 881.915
2282.77 3629.42 3529.42 882.01
2282.69 3630.48 3530.48 882.105
2282.62 3631.55 3531.55 882.2
2282.55 3632.62 3532.62 882.295
2282.47 3633.69 3533.69 882.39
2282.4 3634.76 3534.76 882.485
2282.33 3635.82 3535.82 882.58
2282.26 3636.89 3536.89 882.675
2282.19 3637.96 3537.96 882.77
2282.12 3639.03 3539.03 882.865
2282.05 3640.09 3540.09 882.96
2281.98 3641.16 3541.16 883.055
2281.91 3642.23 3542.23 883.15
2281.84 3643.3 3543.3 883.245
2281.77 3644.37 3544.37 883.34
2281.7 3645.43 3545.43 883.435
2281.64 3646.5 3546.5 883.53
2281.57 3647.57 3547.57 883.625
2281.51 3648.64 3548.64 883.72
2281.44 3649.7 3549.7 883.815
2281.38 3650.77 3550.77 883.91
2281.32 3651.84 3551.84 884.005
2281.26 3652.91 3552.91 884.1
2281.19 3653.97 3553.97 884.195
2281.13 3655.04 3555.04 884.29
2281.07 3656.11 3556.11 884.385
2281.02 3657.18 3557.18 884.48
2280.96 3658.25 3558.25 884.575
2280.9 3659.31 3559.31 884.67
2280.85 3660.38 3560.38 884.765
2280.79 3661.45 3561.45 884.86
2280.74 3662.52 3562.52 884.955
2280.68 3663.58 3563.58 885.05
2280.63 3664.65 3564.65 885.145
2280.58 3665.72 3565.72 885.24
2280.53 3666.79 3566.79 885.335
2280.48 3667.86 3567.86 885.43
2280.43 3668.92 3568.92 885.525
2280.38 3669.99 3569.99 885.62
2280.34 3671.06 3571.06 885.715
2280.29 3672.13 3572.13 885.81
2280.25 3673.19 3573.19 885.905
2280.2 3674.26 3574.26 886
2280.16 3675.33 3575.33 886.095
2280.12 3676.4 3576.4 886.19
2280.08 3677.46 3577.46 886.285
2280.04 3678.53 3578.53 886.38
2280 3679.6 3579.6 886.475
2279.97 3680.67 3580.67 886.57
2279.93 3681.74 3581.74 886.665
2279.9 3682.8 3582.8 886.76
2279.87 3683.87 3583.87 886.855
2279.83 3684.94 3584.94 886.95
2279.8 3686.01 3586.01 887.045
2279.77 3687.07 3587.07 887.14
2279.75 3688.14 3588.14 887.235
2279.72 3689.21 3589.21 887.33
2279.7 3690.28 3590.28 887.425
2279.67 3691.34 3591.34 887.52
2279.65 3692.41 3592.41 887.615
2279.63 3693.48 3593.48 887.71
2279.61 3694.55 3594.55 887.805
2279.59 3695.62 3595.62 887.9
2279.57 3696.68 3596.68 887.995
2279.56 3697.75 3597.75 888.09
2279.55 3698.82 3598.82 888.185
2279.53 3699.89 3599.89 888.28
2279.52 3700.95 3600.95 888.375
2279.51 3702.02 3602.02 888.47
2279.51 3703.09 3603.09 888.565
2279.5 3704.16 3604.16 888.66
2279.49 3705.23 3605.23 888.755
2279.49 3706.29 3606.29 888.85
2279.49 3707.36 3607.36 888.945
2279.49 3708.43 3608.43 889.04
2279.49 3709.5 3609.5 889.135
2279.49 3710.56 3610.56 889.23
2279.5 3711.63 3611.63 889.325
2279.51 3712.7 3612.7 889.42
2279.51 3713.77 3613.77 889.515
2279.52 3714.83 3614.83 889.61
2279.54 3715.9 3615.9 889.705
2279.55 3716.97 3616.97 889.8
2279.56 3718.04 3618.04 889.895
2279.58 3719.11 3619.11 889.99
2279.6 3720.17 3620.17 890.085
2279.62 3721.24 3621.24 890.18
2279.64 3722.31 3622.31 890.275
2279.67 3723.38 3623.38 890.37
2279.69 3724.44 3624.44 890.465
2279.72 3725.51 3625.51 890.56
2279.75 3726.58 3626.58 890.655
2279.78 3727.65 3627.65 890.75
2279.81 3728.72 3628.72 890.845
2279.85 3729.78 3629.78 890.94
2279.89 3730.85 3630.85 891.035
2279.93 3731.92 3631.92 891.13
2279.97 3732.99 3632.99 891.225
2280.01 3734.05 3634.05 891.32
2280.06 3735.12 3635.12 891.415
2280.1 3736.19 3636.19 891.51
2280.15 3737.26 3637.26 891.605
2280.2 3738.32 3638.32 891.7
2280.26 3739.39 3639.39 891.795
2280.31 3740.46 3640.46 891.89
2280.37 3741.53 3641.53 891.985
2280.43 3742.6 3642.6 892.08
2280.49 3743.66 3643.66 892.175
2280.55 3744.73 3644.73 892.27
2280.62 3745.8 3645.8 892.365
2280.69 3746.87 3646.87 892.46
2280.76 3747.93 3647.93 892.555
2280.83 3749 3649 892.65
2280.91 3750.07 3650.07 892.745
2280.98 3751.14 3651.14 892.84
2281.06 3752.21 3652.21 892.935
2281.15 3753.27 3653.27 893.03
2281.23 3754.34 3654.34 893.125
2281.32 3755.41 3655.41 893.22
2281.4 3756.48 3656.48 893.315
2281.49 3757.54 3657.54 893.41
2281.59 3758.61 3658.61 893.505
2281.68 3759.68 3659.68 893.6
2281.78 3760.75 3660.75 893.695
2281.88 3761.81 3661.81 893.79
2281.98 3762.88 3662.88 893.885
2282.09 3763.95 3663.95 893.98
2282.2 3765.02 3665.02 894.075
2282.31 3766.09 3666.09 894.17
2282.42 3767.15 3667.15 894.265
2282.54 3768.22 3668.22 894.36
2282.65 3769.29 3669.29 894.455
2282.77 3770.36 3670.36 894.55
2282.9 3771.42 3671.42 894.645
2283.02 3772.49 3672.49 894.74
2283.15 3773.56 3673.56 894.835
2283.28 3774.63 3674.63 894.93
2283.41 3775.7 3675.7 895.025
2283.55 3776.76 3676.76 895.12
2283.69 3777.83 3677.83 895.215
2283.83 3778.9 3678.9 895.31
2283.97 3779.97 3679.97 895.405
2284.12 3781.03 3681.03 895.5
2284.27 3782.1 3682.1 895.595
2284.42 3783.17 3683.17 895.69
2284.57 3784.24 3684.24 895.785
2284.73 3785.3 3685.3 895.88
2284.89 3786.37 3686.37 895.975
2285.05 3787.44 3687.44 896.07
2285.22 3788.51 3688.51 896.165
2285.39 3789.58 3689.58 896.26
2285.56 3790.64 3690.64 896.355
2285.73 3791.71 3691.71 896.45
2285.91 3792.78 3692.78 896.545
2286.09 3793.85 3693.85 896.64
2286.27 3794.91 3694.91 896.735
2286.46 3795.98 3695.98 896.83
2286.65 3797.05 3697.05 896.925
2286.84 3798.12 3698.12 897.02
2287.03 3799.18 3699.18 897.115
2287.23 3800.25 3700.25 897.21
2287.43 3801.32 3701.32 897.305
2287.64 3802.39 3702.39 897.4
2287.84 3803.46 3703.46 897.495
2288.05 3804.52 3704.52 897.59
2288.27 3805.59 3705.59 897.685
2288.48 3806.66 3706.66 897.78
2288.7 3807.73 3707.73 897.875
2288.92 3808.79 3708.79 897.97
2289.15 3809.86 3709.86 898.065
2289.37 3810.93 3710.93 898.16
2289.61 3812 3712 898.255
2289.84 3813.07 3713.07 898.35
2290.08 3814.13 3714.13 898.445
2290.32 3815.2 3715.2 898.54
2290.56 3816.27 3716.27 898.635
2290.81 3817.34 3717.34 898.73
2291.06 3818.4 3718.4 898.825
2291.32 3819.47 3719.47 898.92
2291.57 3820.54 3720.54 899.015
2291.83 3821.61 3721.61 899.11
2292.1 3822.67 3722.67 899.205
2292.36 3823.74 3723.74 899.3
2292.64 3824.81 3724.81 899.395
2292.91 3825.88 3725.88 899.49
2293.19 3826.95 3726.95 899.585
2293.47 3828.01 3728.01 899.68
2293.75 3829.08 3729.08 899.775
2294.04 3830.15 3730.15 899.87
2294.33 3831.22 3731.22 899.965
2294.62 3832.28 3732.28 900.06
2294.92 3833.35 3733.35 900.155
2295.22 3834.42 3734.42 900.25
2295.53 3835.49 3735.49 900.345
2295.84 3836.56 3736.56 900.44
2296.15 3837.62 3737.62 900.535
2296.46 3838.69 3738.69 900.63
2296.78 3839.76 3739.76 900.725
2297.1 3840.83 3740.83 900.82
2297.43 3841.89 3741.89 900.915
2297.75 3842.96 3742.96 901.01
2298.08 3844.03 3744.03 901.105
2298.42 3845.1 3745.1 901.2
2298.75 3846.16 3746.16 901.295
2299.09 3847.23 3747.23 901.39
2299.44 3848.3 3748.3 901.485
2299.78 3849.37 3749.37 901.58
2300.13 3850.44 3750.44 901.675
2300.49 3851.5 3751.5 901.77
2300.84 3852.57 3752.57 901.865
2301.2 3853.64 3753.64 901.96
2301.56 3854.71 3754.71 902.055
2301.92 3855.77 3755.77 902.15
2302.29 3856.84 3756.84 902.245
2302.66 3857.91 3757.91 902.34
2303.03 3858.98 3758.98 902.435
2303.4 3860.05 3760.05 902.53
2303.78 3861.11 3761.11 902.625
2304.16 3862.18 3762.18 902.72
2304.54 3863.25 3763.25 902.815
2304.93 3864.32 3764.32 902.91
2305.32 3865.38 3765.38 903.005
2305.71 3866.45 3766.45 903.1
2306.1 3867.52 3767.52 903.195
2306.5 3868.59 3768.59 903.29
2306.89 3869.65 3769.65 903.385
2307.29 3870.72 3770.72 903.48
2307.7 3871.79 3771.79 903.575
2308.1 3872.86 3772.86 903.67
2308.51 3873.93 3773.93 903.765
2308.92 3874.99 3774.99 903.86
2309.33 3876.06 3776.06 903.955
2309.74 3877.13 3777.13 904.05
2310.16 3878.2 3778.2 904.145
2310.58 3879.26 3779.26 904.24
2311 3880.33 3780.33 904.335
2311.42 3881.4 3781.4 904.43
2311.85 3882.47 3782.47 904.525
2312.27 3883.53 3783.53 904.62
2312.7 3884.6 3784.6 904.715
2313.13 3885.67 3785.67 904.81
2313.57 3886.74 3786.74 904.905
2314 3887.81 3787.81 905
2314.44 3888.87 3788.87 905.095
2314.88 3889.94 3789.94 905.19
2315.32 3891.01 3791.01 905.285
2315.76 3892.08 3792.08 905.38
2316.21 3893.14 3793.14 905.475
2316.65 3894.21 3794.21 905.57
2317.1 3895.28 3795.28 905.665
2317.55 3896.35 3796.35 905.76
2318 3897.42 3797.42 905.855
2318.45 3898.48 3798.48 905.95
2318.91 3899.55 3799.55 906.045
2319.36 3900.62 3800.62 906.14
2319.82 3901.69 3801.69 906.235
2320.28 3902.75 3802.75 906.33
2320.74 3903.82 3803.82 906.425
2321.2 3904.89 3804.89 906.52
2321.67 3905.96 3805.96 906.615
2322.13 3907.02 3807.02 906.71
2322.6 3908.09 3808.09 906.805
2323.07 3909.16 3809.16 906.9
2323.54 3910.23 3810.23 906.995
2324.01 3911.3 3811.3 907.09
2324.48 3912.36 3812.36 907.185
2324.95 3913.43 3813.43 907.28
2325.43 3914.5 3814.5 907.375
2325.9 3915.57 3815.57 907.47
2326.38 3916.63 3816.63 907.565
2326.86 3917.7 3817.7 907.66
2327.34 3918.77 3818.77 907.755
2327.82 3919.84 3819.84 907.85
2328.3 3920.91 3820.91 907.945
2328.78 3921.97 3821.97 908.04
2329.27 3923.04 3823.04 908.135
2329.75 3924.11 3824.11 908.23
2330.23 3925.18 3825.18 908.325
2330.72 3926.24 3826.24 908.42
2331.21 3927.31 3827.31 908.515
2331.7 3928.38 3828.38 908.61
2332.18 3929.45 3829.45 908.705
2332.67 3930.51 3830.51 908.8
2333.16 3931.58 3831.58 908.895
2333.65 3932.65 3832.65 908.99
2334.15 3933.72 3833.72 909.085
2334.64 3934.79 3834.79 909.18
2335.13 3935.85 3835.85 909.275
2335.62 3936.92 3836.92 909.37
2336.12 3937.99 3837.99 909.465
2336.61 3939.06 3839.06 909.56
2337.11 3940.12 3840.12 909.655
2337.6 3941.19 3841.19 909.75
2338.1 3942.26 3842.26 909.845
2338.6 3943.33 3843.33 909.94
2339.09 3944.4 3844.4 910.035
2339.59 3945.46 3845.46 910.13
2340.09 3946.53 3846.53 910.225
2340.59 3947.6 3847.6 910.32
2341.09 3948.67 3848.67 910.415
2341.58 3949.73 3849.73 910.51
2342.08 3950.8 3850.8 910.605
2342.58 3951.87 3851.87 910.7
2343.08 3952.94 3852.94 910.795
2343.58 3954 3854 910.89
2344.08 3955.07 3855.07 910.985
2344.58 3956.14 3856.14 911.08
2345.08 3957.21 3857.21 911.175
2345.58 3958.28 3858.28 911.27
2346.08 3959.34 3859.34 911.365
2346.58 3960.41 3860.41 911.46
2347.08 3961.48 3861.48 911.555
2347.58 3962.55 3862.55 911.65
2348.08 3963.61 3863.61 911.745
2348.58 3964.68 3864.68 911.84
2349.08 3965.75 3865.75 911.935
2349.57 3966.82 3866.82 912.03
2350.07 3967.88 3867.88 912.125
2350.57 3968.95 3868.95 912.22
2351.07 3970.02 3870.02 912.315
2351.57 3971.09 3871.09 912.41
2352.07 3972.16 3872.16 912.505
2352.56 3973.22 3873.22 912.6
2353.06 3974.29 3874.29 912.695
2353.56 3975.36 3875.36 912.79
2354.05 3976.43 3876.43 912.885
2354.55 3977.49 3877.49 912.98
2355.04 3978.56 3878.56 913.075
2355.53 3979.63 3879.63 913.17
2356.03 3980.7 3880.7 913.265
2356.52 3981.77 3881.77 913.36
2357.01 3982.83 3882.83 913.455
2357.51 3983.9 3883.9 913.55
2358 3984.97 3884.97 913.645
2358.49 3986.04 3886.04 913.74
2358.98 3987.1 3887.1 913.835
2359.46 3988.17 3888.17 913.93
2359.95 3989.24 3889.24 914.025
2360.44 3990.31 3890.31 914.12
2360.93 3991.37 3891.37 914.215
2361.41 3992.44 3892.44 914.31
2361.9 3993.51 3893.51 914.405
2362.38 3994.58 3894.58 914.5
2362.86 3995.65 3895.65 914.595
2363.34 3996.71 3896.71 914.69
2363.82 3997.78 3897.78 914.785
2364.3 3998.85 3898.85 914.88
2364.78 3999.92 3899.92 914.975
2365.26 4000.98 3900.98 915.07
2365.73 4002.05 3902.05 915.165
2366.21 4003.12 3903.12 915.26
2366.68 4004.19 3904.19 915.355
2367.15 4005.26 3905.26 915.45
2367.62 4006.32 3906.32 915.545
2368.09 4007.39 3907.39 915.64
2368.56 4008.46 3908.46 915.735
2369.03 4009.53 3909.53 915.83
2369.49 4010.59 3910.59 915.925
2369.96 4011.66 3911.66 916.02
2370.42 4012.73 3912.73 916.115
2370.88 4013.8 3913.8 916.21
2371.34 4014.86 3914.86 916.305
2371.8 4015.93 3915.93 916.4
2372.25 4017 3917 916.495
2372.71 4018.07 3918.07 916.59
2373.16 4019.14 3919.14 916.685
2373.61 4020.2 3920.2 916.78
2374.06 4021.27 3921.27 916.875
2374.51 4022.34 3922.34 916.97
2374.96 4023.41 3923.41 917.065
2375.4 4024.47 3924.47 917.16
2375.85 4025.54 3925.54 917.255
2376.29 4026.61 3926.61 917.35
2376.73 4027.68 3927.68 917.445
2377.16 4028.75 3928.75 917.54
2377.6 4029.81 3929.81 917.635
2378.03 4030.88 3930.88 917.73
2378.46 4031.95 3931.95 917.825
2378.89 4033.02 3933.02 917.92
2379.32 4034.08 3934.08 918.015
2379.74 4035.15 3935.15 918.11
2380.17 4036.22 3936.22 918.205
2380.59 4037.29 3937.29 918.3
2381.01 4038.35 3938.35 918.395
2381.42 4039.42 3939.42 918.49
2381.84 4040.49 3940.49 918.585
2382.25 4041.56 3941.56 918.68
2382.66 4042.63 3942.63 918.775
2383.07 4043.69 3943.69 918.87
2383.47 4044.76 3944.76 918.965
2383.87 4045.83 3945.83 919.06
2384.27 4046.9 3946.9 919.155
2384.67 4047.96 3947.96 919.25
2385.07 4049.03 3949.03 919.345
2385.46 4050.1 3950.1 919.44
2385.85 4051.17 3951.17 919.535
2386.24 4052.24 3952.24 919.63
2386.62 4053.3 3953.3 919.725
2387.01 4054.37 3954.37 919.82
2387.39 4055.44 3955.44 919.915
2387.76 4056.51 3956.51 920.01
2388.14 4057.57 3957.57 920.105
2388.51 4058.64 3958.64 920.2
2388.88 4059.71 3959.71 920.295
2389.25 4060.78 3960.78 920.39
2389.61 4061.84 3961.84 920.485
2389.97 4062.91 3962.91 920.58
2390.33 4063.98 3963.98 920.675
2390.69 4065.05 3965.05 920.77
2391.04 4066.12 3966.12 920.865
2391.4 4067.18 3967.18 920.96
2391.74 4068.25 3968.25 921.055
2392.09 4069.32 3969.32 921.15
2392.44 4070.39 3970.39 921.245
2392.78 4071.45 3971.45 921.34
2393.12 4072.52 3972.52 921.435
2393.45 4073.59 3973.59 921.53
2393.79 4074.66 3974.66 921.625
2394.12 4075.72 3975.72 921.72
2394.45 4076.79 3976.79 921.815
2394.78 4077.86 3977.86 921.91
2395.1 4078.93 3978.93 922.005
2395.43 4080 3980 922.1
2395.75 4081.06 3981.06 922.195
2396.06 4082.13 3982.13 922.29
2396.38 4083.2 3983.2 922.385
2396.7 4084.27 3984.27 922.48
2397.01 4085.33 3985.33 922.575
2397.32 4086.4 3986.4 922.67
2397.62 4087.47 3987.47 922.765
2397.93 4088.54 3988.54 922.86
2398.23 4089.61 3989.61 922.955
2398.53 4090.67 3990.67 923.05
2398.83 4091.74 3991.74 923.145
2399.13 4092.81 3992.81 923.24
2399.43 4093.88 3993.88 923.335
2399.72 4094.94 3994.94 923.43
2400.01 4096.01 3996.01 923.525
2400.3 4097.08 3997.08 923.62
2400.59 4098.15 3998.15 923.715
2400.87 4099.21 3999.21 923.81
2401.16 4100.28 4000.28 923.905
2401.44 4101.35 4001.35 924
2401.72 4102.42 4002.42 924.095
2401.99 4103.49 4003.49 924.19
2402.27 4104.55 4004.55 924.285
2402.55 4105.62 4005.62 924.38
2402.82 4106.69 4006.69 924.475
2403.09 4107.76 4007.76 924.57
2403.36 4108.82 4008.82 924.665
2403.62 4109.89 4009.89 924.76
2403.89 4110.96 4010.96 924.855
2404.15 4112.03 4012.03 924.95
2404.42 4113.1 4013.1 925.045
2404.68 4114.16 4014.16 925.14
2404.93 4115.23 4015.23 925.235
2405.19 4116.3 4016.3 925.33
2405.45 4117.37 4017.37 925.425
2405.7 4118.43 4018.43 925.52
2405.95 4119.5 4019.5 925.615
2406.2 4120.57 4020.57 925.71
2406.45 4121.64 4021.64 925.805
2406.7 4122.7 4022.7 925.9
2406.95 4123.77 4023.77 925.995
2407.19 4124.84 4024.84 926.09
2407.44 4125.91 4025.91 926.185
2407.68 4126.98 4026.98 926.28
2407.92 4128.04 4028.04 926.375
2408.16 4129.11 4029.11 926.47
2408.4 4130.18 4030.18 926.565
2408.63 4131.25 4031.25 926.66
2408.87 4132.31 4032.31 926.755
2409.1 4133.38 4033.38 926.85
2409.34 4134.45 4034.45 926.945
2409.57 4135.52 4035.52 927.04
2409.8 4136.59 4036.59 927.135
2410.03 4137.65 4037.65 927.23
2410.25 4138.72 4038.72 927.325
2410.48 4139.79 4039.79 927.42
2410.71 4140.86 4040.86 927.515
2410.93 4141.92 4041.92 927.61
2411.15 4142.99 4042.99 927.705
2411.38 4144.06 4044.06 927.8
2411.6 4145.13 4045.13 927.895
2411.82 4146.19 4046.19 927.99
2412.03 4147.26 4047.26 928.085
2412.25 4148.33 4048.33 928.18
2412.47 4149.4 4049.4 928.275
2412.69 4150.47 4050.47 928.37
2412.9 4151.53 4051.53 928.465
2413.11 4152.6 4052.6 928.56
2413.33 4153.67 4053.67 928.655
2413.54 4154.74 4054.74 928.75
2413.75 4155.8 4055.8 928.845
2413.96 4156.87 4056.87 928.94
2414.17 4157.94 4057.94 929.035
2414.38 4159.01 4059.01 929.13
2414.59 4160.07 4060.07 929.225
2414.79 4161.14 4061.14 929.32
2415 4162.21 4062.21 929.415
2415.2 4163.28 4063.28 929.51
2415.41 4164.35 4064.35 929.605
2415.61 4165.41 4065.41 929.7
2415.81 4166.48 4066.48 929.795
2416.02 4167.55 4067.55 929.89
2416.22 4168.62 4068.62 929.985
2416.42 4169.68 4069.68 930.08
2416.62 4170.75 4070.75 930.175
2416.82 4171.82 4071.82 930.27
2417.02 4172.89 4072.89 930.365
2417.22 4173.96 4073.96 930.46
2417.42 4175.02 4075.02 930.555
2417.61 4176.09 4076.09 930.65
2417.81 4177.16 4077.16 930.745
2418.01 4178.23 4078.23 930.84
2418.2 4179.29 4079.29 930.935
2418.4 4180.36 4080.36 931.03
2418.6 4181.43 4081.43 931.125
2418.79 4182.5 4082.5 931.22
2418.99 4183.56 4083.56 931.315
2419.18 4184.63 4084.63 931.41
2419.37 4185.7 4085.7 931.505
2419.57 4186.77 4086.77 931.6
2419.76 4187.84 4087.84 931.695
2419.95 4188.9 4088.9 931.79
2420.15 4189.97 4089.97 931.885
2420.34 4191.04 4091.04 931.98
2420.53 4192.11 4092.11 932.075
2420.72 4193.17 4093.17 932.17
2420.91 4194.24 4094.24 932.265
2421.1 4195.31 4095.31 932.36
2421.3 4196.38 4096.38 932.455
2421.49 4197.45 4097.45 932.55
2421.68 4198.51 4098.51 932.645
2421.87 4199.58 4099.58 932.74
2422.06 4200.65 4100.65 932.835
2422.25 4201.72 4101.72 932.93
2422.44 4202.78 4102.78 933.025
2422.63 4203.85 4103.85 933.12
2422.82 4204.92 4104.92 933.215
2423.01 4205.99 4105.99 933.31
2423.2 4207.05 4107.05 933.405
2423.4 4208.12 4108.12 933.5
2423.59 4209.19 4109.19 933.595
2423.78 4210.26 4110.26 933.69
2423.97 4211.33 4111.33 933.785
2424.16 4212.39 4112.39 933.88
2424.35 4213.46 4113.46 933.975
2424.54 4214.53 4114.53 934.07
2424.73 4215.6 4115.6 934.165
2424.93 4216.66 4116.66 934.26
2425.12 4217.73 4117.73 934.355
2425.31 4218.8 4118.8 934.45
2425.5 4219.87 4119.87 934.545
2425.7 4220.94 4120.94 934.64
2425.89 4222 4122 934.735
2426.08 4223.07 4123.07 934.83
2426.28 4224.14 4124.14 934.925
2426.47 4225.21 4125.21 935.02
2426.67 4226.27 4126.27 935.115
2426.86 4227.34 4127.34 935.21
2427.06 4228.41 4128.41 935.305
2427.25 4229.48 4129.48 935.4
2427.45 4230.54 4130.54 935.495
2427.65 4231.61 4131.61 935.59
2427.84 4232.68 4132.68 935.685
2428.04 4233.75 4133.75 935.78
2428.24 4234.82 4134.82 935.875
2428.44 4235.88 4135.88 935.97
2428.64 4236.95 4136.95 936.065
2428.84 4238.02 4138.02 936.16
2429.04 4239.09 4139.09 936.255
2429.24 4240.15 4140.15 936.35
2429.44 4241.22 4141.22 936.445
2429.65 4242.29 4142.29 936.54
2429.85 4243.36 4143.36 936.635
2430.05 4244.42 4144.42 936.73
2430.26 4245.49 4145.49 936.825
2430.46 4246.56 4146.56 936.92
2430.67 4247.63 4147.63 937.015
2430.88 4248.7 4148.7 937.11
2431.08 4249.76 4149.76 937.205
2431.29 4250.83 4150.83 937.3
2431.5 4251.9 4151.9 937.395
2431.71 4252.97 4152.97 937.49
2431.93 4254.03 4154.03 937.585
2432.14 4255.1 4155.1 937.68
2432.35 4256.17 4156.17 937.775
2432.57 4257.24 4157.24 937.87
2432.78 4258.31 4158.31 937.965
2433 4259.37 4159.37 938.06
2433.21 4260.44 4160.44 938.155
2433.43 4261.51 4161.51 938.25
2433.65 4262.58 4162.58 938.345
2433.87 4263.64 4163.64 938.44
2434.09 4264.71 4164.71 938.535
2434.31 4265.78 4165.78 938.63
2434.54 4266.85 4166.85 938.725
2434.76 4267.91 4167.91 938.82
2434.99 4268.98 4168.98 938.915
2435.22 4270.05 4170.05 939.01
2435.44 4271.12 4171.12 939.105
2435.67 4272.19 4172.19 939.2
2435.9 4273.25 4173.25 939.295
2436.14 4274.32 4174.32 939.39
2436.37 4275.39 4175.39 939.485
2436.6 4276.46 4176.46 939.58
2436.84 4277.52 4177.52 939.675
2437.08 4278.59 4178.59 939.77
2437.32 4279.66 4179.66 939.865
2437.56 4280.73 4180.73 939.96
2437.8 4281.8 4181.8 940.055
2438.04 4282.86 4182.86 940.15
2438.28 4283.93 4183.93 940.245
2438.53 4285 4185 940.34
2438.78 4286.07 4186.07 940.435
2439.02 4287.13 4187.13 940.53
2439.27 4288.2 4188.2 940.625
2439.52 4289.27 4189.27 940.72
2439.78 4290.34 4190.34 940.815
2440.03 4291.4 4191.4 940.91
2440.28 4292.47 4192.47 941.005
2440.54 4293.54 4193.54 941.1
2440.8 4294.61 4194.61 941.195
2441.06 4295.68 4195.68 941.29
2441.32 4296.74 4196.74 941.385
2441.58 4297.81 4197.81 941.48
2441.84 4298.88 4198.88 941.575
2442.11 4299.95 4199.95 941.67
2442.37 4301.01 4201.01 941.765
2442.64 4302.08 4202.08 941.86
2442.91 4303.15 4203.15 941.955
2443.17 4304.22 4204.22 942.05
2443.44 4305.29 4205.29 942.145
2443.72 4306.35 4206.35 942.24
2443.99 4307.42 4207.42 942.335
2444.26 4308.49 4208.49 942.43
2444.54 4309.56 4209.56 942.525
2444.81 4310.62 4210.62 942.62
2445.09 4311.69 4211.69 942.715
2445.37 4312.76 4212.76 942.81
2445.65 4313.83 4213.83 942.905
2445.93 4314.89 4214.89 943
2446.21 4315.96 4215.96 943.095
2446.5 4317.03 4217.03 943.19
2446.78 4318.1 4218.1 943.285
2447.07 4319.17 4219.17 943.38
2447.36 4320.23 4220.23 943.475
2447.64 4321.3 4221.3 943.57
2447.93 4322.37 4222.37 943.665
2448.22 4323.44 4223.44 943.76
2448.51 4324.5 4224.5 943.855
2448.81 4325.57 4225.57 943.95
2449.1 4326.64 4226.64 944.045
2449.39 4327.71 4227.71 944.14
2449.69 4328.78 4228.78 944.235
2449.99 4329.84 4229.84 944.33
2450.29 4330.91 4230.91 944.425
2450.58 4331.98 4231.98 944.52
2450.88 4333.05 4233.05 944.615
2451.19 4334.11 4234.11 944.71
2451.49 4335.18 4235.18 944.805
2451.79 4336.25 4236.25 944.9
2452.1 4337.32 4237.32 944.995
2452.4 4338.38 4238.38 945.09
2452.71 4339.45 4239.45 945.185
2453.01 4340.52 4240.52 945.28
2453.32 4341.59 4241.59 945.375
2453.63 4342.66 4242.66 945.47
2453.94 4343.72 4243.72 945.565
2454.25 4344.79 4244.79 945.66
2454.56 4345.86 4245.86 945.755
2454.88 4346.93 4246.93 945.85
2455.19 4347.99 4247.99 945.945
2455.51 4349.06 4249.06 946.04
2455.82 4350.13 4250.13 946.135
2456.14 4351.2 4251.2 946.23
2456.46 4352.26 4252.26 946.325
2456.78 4353.33 4253.33 946.42
2457.1 4354.4 4254.4 946.515
2457.42 4355.47 4255.47 946.61
2457.74 4356.54 4256.54 946.705
2458.06 4357.6 4257.6 946.8
2458.38 4358.67 4258.67 946.895
2458.71 4359.74 4259.74 946.99
2459.03 4360.81 4260.81 947.085
2459.36 4361.87 4261.87 947.18
2459.69 4362.94 4262.94 947.275
2460.01 4364.01 4264.01 947.37
2460.34 4365.08 4265.08 947.465
2460.67 4366.15 4266.15 947.56
2461 4367.21 4267.21 947.655
2461.33 4368.28 4268.28 947.75
2461.66 4369.35 4269.35 947.845
2462 4370.42 4270.42 947.94
2462.33 4371.48 4271.48 948.035
2462.66 4372.55 4272.55 948.13
2463 4373.62 4273.62 948.225
2463.33 4374.69 4274.69 948.32
2463.67 4375.75 4275.75 948.415
2464.01 4376.82 4276.82 948.51
2464.34 4377.89 4277.89 948.605
2464.68 4378.96 4278.96 948.7
2465.02 4380.03 4280.03 948.795
2465.36 4381.09 4281.09 948.89
2465.7 4382.16 4282.16 948.985
2466.04 4383.23 4283.23 949.08
2466.39 4384.3 4284.3 949.175
2466.73 4385.36 4285.36 949.27
2467.07 4386.43 4286.43 949.365
2467.42 4387.5 4287.5 949.46
2467.76 4388.57 4288.57 949.555
2468.11 4389.64 4289.64 949.65
2468.45 4390.7 4290.7 949.745
2468.8 4391.77 4291.77 949.84
2469.15 4392.84 4292.84 949.935
2469.5 4393.91 4293.91 950.03
2469.85 4394.97 4294.97 950.125
2470.2 4396.04 4296.04 950.22
2470.55 4397.11 4297.11 950.315
2470.9 4398.18 4298.18 950.41
2471.25 4399.24 4299.24 950.505
2471.6 4400.31 4300.31 950.6
2471.95 4401.38 4301.38 950.695
2472.31 4402.45 4302.45 950.79
2472.66 4403.52 4303.52 950.885
2473.01 4404.58 4304.58 950.98
2473.37 4405.65 4305.65 951.075
2473.72 4406.72 4306.72 951.17
2474.08 4407.79 4307.79 951.265
2474.44 4408.85 4308.85 951.36
2474.79 4409.92 4309.92 951.455
2475.15 4410.99 4310.99 951.55
2475.51 4412.06 4312.06 951.645
2475.87 4413.13 4313.13 951.74
2476.23 4414.19 4314.19 951.835
2476.59 4415.26 4315.26 951.93
2476.95 4416.33 4316.33 952.025
2477.31 4417.4 4317.4 952.12
2477.67 4418.46 4318.46 952.215
2478.03 4419.53 4319.53 952.31
2478.39 4420.6 4320.6 952.405
2478.75 4421.67 4321.67 952.5
2479.12 4422.73 4322.73 952.595
2479.48 4423.8 4323.8 952.69
2479.84 4424.87 4324.87 952.785
2480.21 4425.94 4325.94 952.88
2480.57 4427.01 4327.01 952.975
2480.94 4428.07 4328.07 953.07
2481.3 4429.14 4329.14 953.165
2481.67 4430.21 4330.21 953.26
2482.04 4431.28 4331.28 953.355
2482.4 4432.34 4332.34 953.45
2482.77 4433.41 4333.41 953.545
2483.14 4434.48 4334.48 953.64
2483.51 4435.55 4335.55 953.735
2483.87 4436.61 4336.61 953.83
2484.24 4437.68 4337.68 953.925
2484.61 4438.75 4338.75 954.02
2484.98 4439.82 4339.82 954.115
2485.35 4440.89 4340.89 954.21
2485.72 4441.95 4341.95 954.305
2486.09 4443.02 4343.02 954.4
2486.46 4444.09 4344.09 954.495
2486.83 4445.16 4345.16 954.59
2487.2 4446.22 4346.22 954.685
2487.57 4447.29 4347.29 954.78
2487.94 4448.36 4348.36 954.875
2488.32 4449.43 4349.43 954.97
2488.69 4450.5 4350.5 955.065
2489.06 4451.56 4351.56 955.16
2489.43 4452.63 4352.63 955.255
2489.81 4453.7 4353.7 955.35
2490.18 4454.77 4354.77 955.445
2490.55 4455.83 4355.83 955.54
2490.93 4456.9 4356.9 955.635
2491.3 4457.97 4357.97 955.73
2491.67 4459.04 4359.04 955.825
2492.05 4460.1 4360.1 955.92
2492.42 4461.17 4361.17 956.015
2492.8 4462.24 4362.24 956.11
2493.17 4463.31 4363.31 956.205
2493.54 4464.38 4364.38 956.3
2493.92 4465.44 4365.44 956.395
2494.29 4466.51 4366.51 956.49
2494.67 4467.58 4367.58 956.585
2495.05 4468.65 4368.65 956.68
2495.42 4469.71 4369.71 956.775
2495.8 4470.78 4370.78 956.87
2496.17 4471.85 4371.85 956.965
2496.55 4472.92 4372.92 957.06
2496.92 4473.99 4373.99 957.155
2497.3 4475.05 4375.05 957.25
2497.68 4476.12 4376.12 957.345
2498.05 4477.19 4377.19 957.44
2498.43 4478.26 4378.26 957.535
2498.81 4479.32 4379.32 957.63
2499.18 4480.39 4380.39 957.725
2499.56 4481.46 4381.46 957.82
2499.93 4482.53 4382.53 957.915
2500.31 4483.59 4383.59 958.01
2500.69 4484.66 4384.66 958.105
2501.06 4485.73 4385.73 958.2
2501.44 4486.8 4386.8 958.295
2501.82 4487.87 4387.87 958.39
2502.19 4488.93 4388.93 958.485
2502.57 4490 4390 958.58
2502.95 4491.07 4391.07 958.675
2503.32 4492.14 4392.14 958.77
2503.7 4493.2 4393.2 958.865
2504.08 4494.27 4394.27 958.96
2504.45 4495.34 4395.34 959.055
2504.83 4496.41 4396.41 959.15
2505.21 4497.48 4397.48 959.245
2505.58 4498.54 4398.54 959.34
2505.96 4499.61 4399.61 959.435
2506.34 4500.68 4400.68 959.53
2506.71 4501.75 4401.75 959.625
2507.09 4502.81 4402.81 959.72
2507.46 4503.88 4403.88 959.815
2507.84 4504.95 4404.95 959.91
2508.22 4506.02 4406.02 960.005
2508.59 4507.08 4407.08 960.1
2508.97 4508.15 4408.15 960.195
2509.34 4509.22 4409.22 960.29
2509.72 4510.29 4410.29 960.385
2510.09 4511.36 4411.36 960.48
2510.47 4512.42 4412.42 960.575
2510.84 4513.49 4413.49 960.67
2511.22 4514.56 4414.56 960.765
2511.59 4515.63 4415.63 960.86
2511.97 4516.69 4416.69 960.955
2512.34 4517.76 4417.76 961.05
2512.71 4518.83 4418.83 961.145
2513.09 4519.9 4419.9 961.24
2513.46 4520.97 4420.97 961.335
2513.84 4522.03 4422.03 961.43
2514.21 4523.1 4423.1 961.525
2514.58 4524.17 4424.17 961.62
2514.96 4525.24 4425.24 961.715
2515.33 4526.3 4426.3 961.81
2515.7 4527.37 4427.37 961.905
2516.08 4528.44 4428.44 962
2516.45 4529.51 4429.51 962.095
2516.82 4530.57 4430.57 962.19
2517.2 4531.64 4431.64 962.285
2517.57 4532.71 4432.71 962.38
2517.94 4533.78 4433.78 962.475
2518.31 4534.85 4434.85 962.57
2518.69 4535.91 4435.91 962.665
2519.06 4536.98 4436.98 962.76
2519.43 4538.05 4438.05 962.855
2519.8 4539.12 4439.12 962.95
2520.17 4540.18 4440.18 963.045
2520.55 4541.25 4441.25 963.14
2520.92 4542.32 4442.32 963.235
2521.29 4543.39 4443.39 963.33
2521.66 4544.45 4444.45 963.425
2522.03 4545.52 4445.52 963.52
2522.4 4546.59 4446.59 963.615
2522.77 4547.66 4447.66 963.71
2523.15 4548.73 4448.73 963.805
2523.52 4549.79 4449.79 963.9
2523.89 4550.86 4450.86 963.995
2524.26 4551.93 4451.93 964.09
2524.63 4553 4453 964.185
2525 4554.06 4454.06 964.28
2525.37 4555.13 4455.13 964.375
2525.74 4556.2 4456.2 964.47
2526.11 4557.27 4457.27 964.565
2526.48 4558.34 4458.34 964.66
2526.85 4559.4 4459.4 964.755
2527.22 4560.47 4460.47 964.85
2527.59 4561.54 4461.54 964.945
2527.96 4562.61 4462.61 965.04
2528.33 4563.67 4463.67 965.135
2528.7 4564.74 4464.74 965.23
2529.07 4565.81 4465.81 965.325
2529.44 4566.88 4466.88 965.42
2529.81 4567.94 4467.94 965.515
2530.17 4569.01 4469.01 965.61
2530.54 4570.08 4470.08 965.705
2530.91 4571.15 4471.15 965.8
2531.28 4572.22 4472.22 965.895
2531.65 4573.28 4473.28 965.99
2532.02 4574.35 4474.35 966.085
2532.39 4575.42 4475.42 966.18
2532.75 4576.49 4476.49 966.275
2533.12 4577.55 4477.55 966.37
2533.49 4578.62 4478.62 966.465
2533.86 4579.69 4479.69 966.56
2534.23 4580.76 4480.76 966.655
2534.59 4581.83 4481.83 966.75
2534.96 4582.89 4482.89 966.845
2535.33 4583.96 4483.96 966.94
2535.7 4585.03 4485.03 967.035
2536.06 4586.1 4486.1 967.13
2536.43 4587.16 4487.16 967.225
2536.8 4588.23 4488.23 967.32
2537.16 4589.3 4489.3 967.415
2537.53 4590.37 4490.37 967.51
2537.9 4591.43 4491.43 967.605
2538.27 4592.5 4492.5 967.7
2538.63 4593.57 4493.57 967.795
2539 4594.64 4494.64 967.89
2539.36 4595.71 4495.71 967.985
2539.73 4596.77 4496.77 968.08
2540.1 4597.84 4497.84 968.175
2540.46 4598.91 4498.91 968.27
2540.83 4599.98 4499.98 968.365
2541.2 4601.04 4501.04 968.46
2541.56 4602.11 4502.11 968.555
2541.93 4603.18 4503.18 968.65
2542.29 4604.25 4504.25 968.745
2542.66 4605.32 4505.32 968.84
2543.02 4606.38 4506.38 968.935
2543.39 4607.45 4507.45 969.03
2543.75 4608.52 4508.52 969.125
2544.12 4609.59 4509.59 969.22
2544.48 4610.65 4510.65 969.315
2544.85 4611.72 4511.72 969.41
2545.21 4612.79 4512.79 969.505
2545.58 4613.86 4513.86 969.6
2545.94 4614.92 4514.92 969.695
2546.31 4615.99 4515.99 969.79
2546.67 4617.06 4517.06 969.885
2547.04 4618.13 4518.13 969.98
2547.4 4619.2 4519.2 970.075
2547.76 4620.26 4520.26 970.17
2548.13 4621.33 4521.33 970.265
2548.49 4622.4 4522.4 970.36
2548.86 4623.47 4523.47 970.455
2549.22 4624.53 4524.53 970.55
2549.58 4625.6 4525.6 970.645
2549.95 4626.67 4526.67 970.74
2550.31 4627.74 4527.74 970.835
2550.67 4628.8 4528.8 970.93
2551.04 4629.87 4529.87 971.025
2551.4 4630.94 4530.94 971.12
2551.76 4632.01 4532.01 971.215
2552.13 4633.08 4533.08 971.31
2552.49 4634.14 4534.14 971.405
2552.85 4635.21 4535.21 971.5
2553.22 4636.28 4536.28 971.595
2553.58 4637.35 4537.35 971.69
2553.94 4638.41 4538.41 971.785
2554.3 4639.48 4539.48 971.88
2554.67 4640.55 4540.55 971.975
2555.03 4641.62 4541.62 972.07
2555.39 4642.69 4542.69 972.165
2555.75 4643.75 4543.75 972.26
2556.11 4644.82 4544.82 972.355
2556.48 4645.89 4545.89 972.45
2556.84 4646.96 4546.96 972.545
2557.2 4648.02 4548.02 972.64
2557.56 4649.09 4549.09 972.735
2557.92 4650.16 4550.16 972.83
2558.28 4651.23 4551.23 972.925
2558.65 4652.29 4552.29 973.02
2559.01 4653.36 4553.36 973.115
2559.37 4654.43 4554.43 973.21
2559.73 4655.5 4555.5 973.305
2560.09 4656.57 4556.57 973.4
2560.45 4657.63 4557.63 973.495
2560.81 4658.7 4558.7 973.59
2561.17 4659.77 4559.77 973.685
2561.53 4660.84 4560.84 973.78
2561.89 4661.9 4561.9 973.875
2562.25 4662.97 4562.97 973.97
2562.62 4664.04 4564.04 974.065
2562.98 4665.11 4565.11 974.16
2563.34 4666.18 4566.18 974.255
2563.7 4667.24 4567.24 974.35
2564.06 4668.31 4568.31 974.445
2564.42 4669.38 4569.38 974.54
2564.78 4670.45 4570.45 974.635
2565.14 4671.51 4571.51 974.73
2565.5 4672.58 4572.58 974.825
2565.86 4673.65 4573.65 974.92
2566.22 4674.72 4574.72 975.015
2566.57 4675.78 4575.78 975.11
2566.93 4676.85 4576.85 975.205
2567.29 4677.92 4577.92 975.3
2567.65 4678.99 4578.99 975.395
2568.01 4680.06 4580.06 975.49
2568.37 4681.12 4581.12 975.585
2568.73 4682.19 4582.19 975.68
2569.09 4683.26 4583.26 975.775
2569.45 4684.33 4584.33 975.87
2569.81 4685.39 4585.39 975.965
2570.17 4686.46 4586.46 976.06
2570.52 4687.53 4587.53 976.155
2570.88 4688.6 4588.6 976.25
2571.24 4689.67 4589.67 976.345
2571.6 4690.73 4590.73 976.44
2571.96 4691.8 4591.8 976.535
2572.32 4692.87 4592.87 976.63
2572.67 4693.94 4593.94 976.725
2573.03 4695 4595 976.82
2573.39 4696.07 4596.07 976.915
2573.75 4697.14 4597.14 977.01
2574.11 4698.21 4598.21 977.105
2574.46 4699.27 4599.27 977.2
2574.82 4700.34 4600.34 977.295
2575.18 4701.41 4601.41 977.39
2575.54 4702.48 4602.48 977.485
2575.9 4703.55 4603.55 977.58
2576.25 4704.61 4604.61 977.675
2576.61 4705.68 4605.68 977.77
2576.97 4706.75 4606.75 977.865
2577.32 4707.82 4607.82 977.96
2577.68 4708.88 4608.88 978.055
2578.04 4709.95 4609.95 978.15
2578.4 4711.02 4611.02 978.245
2578.75 4712.09 4612.09 978.34
2579.11 4713.15 4613.15 978.435
2579.47 4714.22 4614.22 978.53
2579.82 4715.29 4615.29 978.625
2580.18 4716.36 4616.36 978.72
2580.54 4717.43 4617.43 978.815
2580.89 4718.49 4618.49 978.91
2581.25 4719.56 4619.56 979.005
2581.61 4720.63 4620.63 979.1
2581.96 4721.7 4621.7 979.195
2582.32 4722.76 4622.76 979.29
2582.67 4723.83 4623.83 979.385
2583.03 4724.9 4624.9 979.48
2583.39 4725.97 4625.97 979.575
2583.74 4727.04 4627.04 979.67
2584.1 4728.1 4628.1 979.765
2584.45 4729.17 4629.17 979.86
2584.81 4730.24 4630.24 979.955
2585.17 4731.31 4631.31 980.05
2585.52 4732.37 4632.37 980.145
2585.88 4733.44 4633.44 980.24
2586.23 4734.51 4634.51 980.335
2586.59 4735.58 4635.58 980.43
2586.94 4736.64 4636.64 980.525
2587.3 4737.71 4637.71 980.62
2587.65 4738.78 4638.78 980.715
2588.01 4739.85 4639.85 980.81
2588.36 4740.92 4640.92 980.905
2588.72 4741.98 4641.98 981
2589.07 4743.05 4643.05 981.095
2589.43 4744.12 4644.12 981.19
2589.78 4745.19 4645.19 981.285
2590.14 4746.25 4646.25 981.38
2590.49 4747.32 4647.32 981.475
2590.85 4748.39 4648.39 981.57
2591.2 4749.46 4649.46 981.665
2591.56 4750.53 4650.53 981.76
2591.91 4751.59 4651.59 981.855
2592.26 4752.66 4652.66 981.95
2592.62 4753.73 4653.73 982.045
2592.97 4754.8 4654.8 982.14
2593.33 4755.86 4655.86 982.235
2593.68 4756.93 4656.93 982.33
2594.03 4758 4658 982.425
2594.39 4759.07 4659.07 982.52
2594.74 4760.13 4660.13 982.615
2595.1 4761.2 4661.2 982.71
2595.45 4762.27 4662.27 982.805
2595.8 4763.34 4663.34 982.9
2596.16 4764.41 4664.41 982.995
2596.51 4765.47 4665.47 983.09
2596.86 4766.54 4666.54 983.185
2597.22 4767.61 4667.61 983.28
2597.57 4768.68 4668.68 983.375
2597.92 4769.74 4669.74 983.47
2598.28 4770.81 4670.81 983.565
2598.63 4771.88 4671.88 983.66
2598.98 4772.95 4672.95 983.755
2599.34 4774.02 4674.02 983.85
2599.69 4775.08 4675.08 983.945
2600.04 4776.15 4676.15 984.04
2600.4 4777.22 4677.22 984.135
2600.75 4778.29 4678.29 984.23
2601.1 4779.35 4679.35 984.325
2601.45 4780.42 4680.42 984.42
2601.81 4781.49 4681.49 984.515
2602.16 4782.56 4682.56 984.61
2602.51 4783.62 4683.62 984.705
2602.87 4784.69 4684.69 984.8
2603.22 4785.76 4685.76 984.895
2603.57 4786.83 4686.83 984.99
2603.92 4787.9 4687.9 985.085
2604.27 4788.96 4688.96 985.18
2604.63 4790.03 4690.03 985.275
2604.98 4791.1 4691.1 985.37
2605.33 4792.17 4692.17 985.465
2605.68 4793.23 4693.23 985.56
2606.04 4794.3 4694.3 985.655
2606.39 4795.37 4695.37 985.75
2606.74 4796.44 4696.44 985.845
2607.09 4797.51 4697.51 985.94
2607.44 4798.57 4698.57 986.035
2607.79 4799.64 4699.64 986.13
2608.15 4800.71 4700.71 986.225
2608.5 4801.78 4701.78 986.32
2608.85 4802.84 4702.84 986.415
2609.2 4803.91 4703.91 986.51
2609.55 4804.98 4704.98 986.605
2609.9 4806.05 4706.05 986.7
2610.26 4807.11 4707.11 986.795
2610.61 4808.18 4708.18 986.89
2610.96 4809.25 4709.25 986.985
2611.31 4810.32 4710.32 987.08
2611.66 4811.39 4711.39 987.175
2612.01 4812.45 4712.45 987.27
2612.36 4813.52 4713.52 987.365
2612.71 4814.59 4714.59 987.46
2613.07 4815.66 4715.66 987.555
2613.42 4816.72 4716.72 987.65
2613.77 4817.79 4717.79 987.745
2614.12 4818.86 4718.86 987.84
2614.47 4819.93 4719.93 987.935
2614.82 4820.99 4720.99 988.03
2615.17 4822.06 4722.06 988.125
2615.52 4823.13 4723.13 988.22
2615.87 4824.2 4724.2 988.315
2616.22 4825.27 4725.27 988.41
2616.57 4826.33 4726.33 988.505
2616.92 4827.4 4727.4 988.6
2617.27 4828.47 4728.47 988.695
2617.62 4829.54 4729.54 988.79
2617.97 4830.6 4730.6 988.885
2618.32 4831.67 4731.67 988.98
2618.67 4832.74 4732.74 989.075
2619.03 4833.81 4733.81 989.17
2619.38 4834.88 4734.88 989.265
2619.73 4835.94 4735.94 989.36
2620.08 4837.01 4737.01 989.455
2620.43 4838.08 4738.08 989.55
2620.78 4839.15 4739.15 989.645
2621.13 4840.21 4740.21 989.74
2621.48 4841.28 4741.28 989.835
2621.83 4842.35 4742.35 989.93
2622.18 4843.42 4743.42 990.025
2622.52 4844.48 4744.48 990.12
2622.87 4845.55 4745.55 990.215
2623.22 4846.62 4746.62 990.31
2623.57 4847.69 4747.69 990.405
2623.92 4848.76 4748.76 990.5
2624.27 4849.82 4749.82 990.595
2624.62 4850.89 4750.89 990.69
2624.97 4851.96 4751.96 990.785
2625.32 4853.03 4753.03 990.88
2625.67 4854.09 4754.09 990.975
2626.02 4855.16 4755.16 991.07
2626.37 4856.23 4756.23 991.165
2626.72 4857.3 4757.3 991.26
2627.07 4858.37 4758.37 991.355
2627.42 4859.43 4759.43 991.45
2627.77 4860.5 4760.5 991.545
2628.12 4861.57 4761.57 991.64
2628.46 4862.64 4762.64 991.735
2628.81 4863.7 4763.7 991.83
2629.16 4864.77 4764.77 991.925
2629.51 4865.84 4765.84 992.02
2629.86 4866.91 4766.91 992.115
2630.21 4867.97 4767.97 992.21
2630.56 4869.04 4769.04 992.305
2630.91 4870.11 4770.11 992.4
2631.26 4871.18 4771.18 992.495
2631.6 4872.25 4772.25 992.59
2631.95 4873.31 4773.31 992.685
2632.3 4874.38 4774.38 992.78
2632.65 4875.45 4775.45 992.875
2633 4876.52 4776.52 992.97
2633.35 4877.58 4777.58 993.065
2633.7 4878.65 4778.65 993.16
2634.05 4879.72 4779.72 993.255
2634.39 4880.79 4780.79 993.35
2634.74 4881.86 4781.86 993.445
2635.09 4882.92 4782.92 993.54
2635.44 4883.99 4783.99 993.635
2635.79 4885.06 4785.06 993.73
2636.14 4886.13 4786.13 993.825
2636.48 4887.19 4787.19 993.92
2636.83 4888.26 4788.26 994.015
2637.18 4889.33 4789.33 994.11
2637.53 4890.4 4790.4 994.205
2637.88 4891.46 4791.46 994.3
2638.22 4892.53 4792.53 994.395
2638.57 4893.6 4793.6 994.49
2638.92 4894.67 4794.67 994.585
2639.27 4895.74 4795.74 994.68
2639.62 4896.8 4796.8 994.775
2639.97 4897.87 4797.87 994.87
2640.31 4898.94 4798.94 994.965
2640.66 4900.01 4800.01 995.06
2641.01 4901.07 4801.07 995.155
2641.36 4902.14 4802.14 995.25
2641.7 4903.21 4803.21 995.345
2642.05 4904.28 4804.28 995.44
2642.4 4905.34 4805.34 995.535
2642.75 4906.41 4806.41 995.63
2643.1 4907.48 4807.48 995.725
2643.44 4908.55 4808.55 995.82
2643.79 4909.62 4809.62 995.915
2644.14 4910.68 4810.68 996.01
2644.49 4911.75 4811.75 996.105
2644.83 4912.82 4812.82 996.2
2645.18 4913.89 4813.89 996.295
2645.53 4914.95 4814.95 996.39
2645.88 4916.02 4816.02 996.485
2646.22 4917.09 4817.09 996.58
2646.57 4918.16 4818.16 996.675
2646.92 4919.23 4819.23 996.77
2647.27 4920.29 4820.29 996.865
2647.61 4921.36 4821.36 996.96
2647.96 4922.43 4822.43 997.055
2648.31 4923.5 4823.5 997.15
2648.66 4924.56 4824.56 997.245
2649 4925.63 4825.63 997.34
2649.35 4926.7 4826.7 997.435
2649.7 4927.77 4827.77 997.53
2650.04 4928.83 4828.83 997.625
2650.39 4929.9 4829.9 997.72
2650.74 4930.97 4830.97 997.815
2651.09 4932.04 4832.04 997.91
2651.43 4933.11 4833.11 998.005
2651.78 4934.17 4834.17 998.1
2652.13 4935.24 4835.24 998.195
2652.47 4936.31 4836.31 998.29
2652.82 4937.38 4837.38 998.385
2653.17 4938.44 4838.44 998.48
2653.52 4939.51 4839.51 998.575
2653.86 4940.58 4840.58 998.67
2654.21 4941.65 4841.65 998.765
2654.56 4942.72 4842.72 998.86
2654.9 4943.78 4843.78 998.955
2655.25 4944.85 4844.85 999.05
2655.6 4945.92 4845.92 999.145
2655.94 4946.99 4846.99 999.24
2656.29 4948.05 4848.05 999.335
2656.64 4949.12 4849.12 999.43
2656.98 4950.19 4850.19 999.525
2657.33 4951.26 4851.26 999.62
2657.68 4952.32 4852.32 999.715
2658.03 4953.39 4853.39 999.81
2658.37 4954.46 4854.46 999.905
2658.72 4955.53 4855.53 1000
