913.6 1413.45 1313.45 640
917.622 1415.33 1315.33 640.09
921.622 1417.22 1317.22 640.18
925.6 1419.1 1319.1 640.27
929.557 1420.98 1320.98 640.36
933.491 1422.86 1322.86 640.45
937.405 1424.74 1324.74 640.54
941.296 1426.62 1326.62 640.63
945.166 1428.5 1328.5 640.72
949.015 1430.38 1330.38 640.81
952.842 1432.27 1332.27 640.9
956.647 1434.15 1334.15 640.99
960.432 1436.03 1336.03 641.08
964.194 1437.91 1337.91 641.17
967.936 1439.79 1339.79 641.26
971.657 1441.67 1341.67 641.35
975.356 1443.55 1343.55 641.44
979.034 1445.44 1345.44 641.53
982.691 1447.32 1347.32 641.62
986.327 1449.2 1349.2 641.71
989.942 1451.08 1351.08 641.8
993.536 1452.96 1352.96 641.89
997.109 1454.84 1354.84 641.98
1000.66 1456.72 1356.72 642.07
1004.19 1458.61 1358.61 642.16
1007.7 1460.49 1360.49 642.25
1011.19 1462.37 1362.37 642.34
1014.66 1464.25 1364.25 642.43
1018.11 1466.13 1366.13 642.52
1021.54 1468.01 1368.01 642.61
1024.95 1469.89 1369.89 642.7
1028.33 1471.77 1371.77 642.79
1031.7 1473.66 1373.66 642.88
1035.05 1475.54 1375.54 642.97
1038.37 1477.42 1377.42 643.06
1041.68 1479.3 1379.3 643.15
1044.96 1481.18 1381.18 643.24
1048.23 1483.06 1383.06 643.33
1051.47 1484.94 1384.94 643.42
1054.7 1486.83 1386.83 643.51
1057.9 1488.71 1388.71 643.6
1061.09 1490.59 1390.59 643.69
1064.25 1492.47 1392.47 643.78
1067.4 1494.35 1394.35 643.87
1070.52 1496.23 1396.23 643.96
1073.62 1498.11 1398.11 644.05
1076.71 1499.99 1399.99 644.14
1079.78 1501.88 1401.88 644.23
1082.82 1503.76 1403.76 644.32
1085.85 1505.64 1405.64 644.41
1088.85 1507.52 1407.52 644.5
1091.84 1509.4 1409.4 644.59
1094.81 1511.28 1411.28 644.68
1097.76 1513.16 1413.16 644.77
1100.68 1515.05 1415.05 644.86
1103.59 1516.93 1416.93 644.95
1106.48 1518.81 1418.81 645.04
1109.35 1520.69 1420.69 645.13
1112.2 1522.57 1422.57 645.22
1115.04 1524.45 1424.45 645.31
1117.85 1526.33 1426.33 645.4
1120.64 1528.22 1428.22 645.49
1123.42 1530.1 1430.1 645.58
1126.17 1531.98 1431.98 645.67
1128.91 1533.86 1433.86 645.76
1131.63 1535.74 1435.74 645.85
1134.33 1537.62 1437.62 645.94
1137.01 1539.5 1439.5 646.03
1139.67 1541.38 1441.38 646.12
1142.31 1543.27 1443.27 646.21
1144.93 1545.15 1445.15 646.3
1147.54 1547.03 1447.03 646.39
1150.12 1548.91 1448.91 646.48
1152.69 1550.79 1450.79 646.57
1155.24 1552.67 1452.67 646.66
1157.77 1554.55 1454.55 646.75
1160.29 1556.44 1456.44 646.84
1162.78 1558.32 1458.32 646.93
1165.26 1560.2 1460.2 647.02
1167.71 1562.08 1462.08 647.11
1170.15 1563.96 1463.96 647.2
1172.57 1565.84 1465.84 647.29
1174.98 1567.72 1467.72 647.38
1177.36 1569.6 1469.6 647.47
1179.73 1571.49 1471.49 647.56
1182.08 1573.37 1473.37 647.65
1184.41 1575.25 1475.25 647.74
1186.72 1577.13 1477.13 647.83
1189.02 1579.01 1479.01 647.92
1191.3 1580.89 1480.89 648.01
1193.56 1582.77 1482.77 648.1
1195.8 1584.66 1484.66 648.19
1198.02 1586.54 1486.54 648.28
1200.23 1588.42 1488.42 648.37
1202.42 1590.3 1490.3 648.46
1204.59 1592.18 1492.18 648.55
1206.74 1594.06 1494.06 648.64
1208.88 1595.94 1495.94 648.73
1211 1597.83 1497.83 648.82
1213.1 1599.71 1499.71 648.91
1215.19 1601.59 1501.59 649
1217.25 1603.47 1503.47 649.09
1219.3 1605.35 1505.35 649.18
1221.34 1607.23 1507.23 649.27
1223.35 1609.11 1509.11 649.36
1225.35 1610.99 1510.99 649.45
1227.33 1612.88 1512.88 649.54
1229.3 1614.76 1514.76 649.63
1231.25 1616.64 1516.64 649.72
1233.18 1618.52 1518.52 649.81
1235.09 1620.4 1520.4 649.9
1236.99 1622.28 1522.28 649.99
1238.87 1624.16 1524.16 650.08
1240.73 1626.05 1526.05 650.17
1242.58 1627.93 1527.93 650.26
1244.41 1629.81 1529.81 650.35
1246.23 1631.69 1531.69 650.44
1248.02 1633.57 1533.57 650.53
1249.8 1635.45 1535.45 650.62
1251.57 1637.33 1537.33 650.71
1253.32 1639.21 1539.21 650.8
1255.05 1641.1 1541.1 650.89
1256.76 1642.98 1542.98 650.98
1258.46 1644.86 1544.86 651.07
1260.15 1646.74 1546.74 651.16
1261.81 1648.62 1548.62 651.25
1263.47 1650.5 1550.5 651.34
1265.1 1652.38 1552.38 651.43
1266.72 1654.27 1554.27 651.52
1268.32 1656.15 1556.15 651.61
1269.91 1658.03 1558.03 651.7
1271.48 1659.91 1559.91 651.79
1273.04 1661.79 1561.79 651.88
1274.58 1663.67 1563.67 651.97
1276.1 1665.55 1565.55 652.06
1277.61 1667.44 1567.44 652.15
1279.1 1669.32 1569.32 652.24
1280.58 1671.2 1571.2 652.33
1282.04 1673.08 1573.08 652.42
1283.48 1674.96 1574.96 652.51
1284.92 1676.84 1576.84 652.6
1286.33 1678.72 1578.72 652.69
1287.73 1680.6 1580.6 652.78
1289.11 1682.49 1582.49 652.87
1290.48 1684.37 1584.37 652.96
1291.84 1686.25 1586.25 653.05
1293.18 1688.13 1588.13 653.14
1294.5 1690.01 1590.01 653.23
1295.81 1691.89 1591.89 653.32
1297.1 1693.77 1593.77 653.41
1298.38 1695.66 1595.66 653.5
1299.64 1697.54 1597.54 653.59
1300.89 1699.42 1599.42 653.68
1302.13 1701.3 1601.3 653.77
1303.35 1703.18 1603.18 653.86
1304.55 1705.06 1605.06 653.95
1305.74 1706.94 1606.94 654.04
1306.91 1708.82 1608.82 654.13
1308.08 1710.71 1610.71 654.22
1309.22 1712.59 1612.59 654.31
1310.35 1714.47 1614.47 654.4
1311.47 1716.35 1616.35 654.49
1312.57 1718.23 1618.23 654.58
1313.66 1720.11 1620.11 654.67
1314.73 1721.99 1621.99 654.76
1315.79 1723.88 1623.88 654.85
1316.84 1725.76 1625.76 654.94
1317.87 1727.64 1627.64 655.03
1318.88 1729.52 1629.52 655.12
1319.89 1731.4 1631.4 655.21
1320.88 1733.28 1633.28 655.3
1321.85 1735.16 1635.16 655.39
1322.81 1737.05 1637.05 655.48
1323.76 1738.93 1638.93 655.57
1324.69 1740.81 1640.81 655.66
1325.61 1742.69 1642.69 655.75
1326.51 1744.57 1644.57 655.84
1327.4 1746.45 1646.45 655.93
1328.28 1748.33 1648.33 656.02
1329.15 1750.21 1650.21 656.11
1330 1752.1 1652.1 656.2
1330.83 1753.98 1653.98 656.29
1331.66 1755.86 1655.86 656.38
1332.47 1757.74 1657.74 656.47
1333.26 1759.62 1659.62 656.56
1334.05 1761.5 1661.5 656.65
1334.82 1763.38 1663.38 656.74
1335.57 1765.27 1665.27 656.83
1336.32 1767.15 1667.15 656.92
1337.05 1769.03 1669.03 657.01
1337.76 1770.91 1670.91 657.1
1338.47 1772.79 1672.79 657.19
1339.16 1774.67 1674.67 657.28
1339.83 1776.55 1676.55 657.37
1340.5 1778.43 1678.43 657.46
1341.15 1780.32 1680.32 657.55
1341.79 1782.2 1682.2 657.64
1342.42 1784.08 1684.08 657.73
1343.03 1785.96 1685.96 657.82
1343.63 1787.84 1687.84 657.91
1344.22 1789.72 1689.72 658
1344.79 1791.6 1691.6 658.09
1345.36 1793.49 1693.49 658.18
1345.91 1795.37 1695.37 658.27
1346.45 1797.25 1697.25 658.36
1346.97 1799.13 1699.13 658.45
1347.48 1801.01 1701.01 658.54
1347.98 1802.89 1702.89 658.63
1348.47 1804.77 1704.77 658.72
1348.95 1806.66 1706.66 658.81
1349.41 1808.54 1708.54 658.9
1349.86 1810.42 1710.42 658.99
1350.3 1812.3 1712.3 659.08
1350.73 1814.18 1714.18 659.17
1351.15 1816.06 1716.06 659.26
1351.55 1817.94 1717.94 659.35
1351.94 1819.82 1719.82 659.44
1352.32 1821.71 1721.71 659.53
1352.69 1823.59 1723.59 659.62
1353.05 1825.47 1725.47 659.71
1353.39 1827.35 1727.35 659.8
1353.72 1829.23 1729.23 659.89
1354.04 1831.11 1731.11 659.98
1354.35 1832.99 1732.99 660.07
1354.65 1834.88 1734.88 660.16
1354.94 1836.76 1736.76 660.25
1355.21 1838.64 1738.64 660.34
1355.48 1840.52 1740.52 660.43
1355.73 1842.4 1742.4 660.52
1355.97 1844.28 1744.28 660.61
1356.2 1846.16 1746.16 660.7
1356.41 1848.04 1748.04 660.79
1356.62 1849.93 1749.93 660.88
1356.82 1851.81 1751.81 660.97
1357 1853.69 1753.69 661.06
1357.18 1855.57 1755.57 661.15
1357.34 1857.45 1757.45 661.24
1357.49 1859.33 1759.33 661.33
1357.63 1861.21 1761.21 661.42
1357.76 1863.1 1763.1 661.51
1357.88 1864.98 1764.98 661.6
1357.99 1866.86 1766.86 661.69
1358.09 1868.74 1768.74 661.78
1358.17 1870.62 1770.62 661.87
1358.25 1872.5 1772.5 661.96
1358.31 1874.38 1774.38 662.05
1358.37 1876.27 1776.27 662.14
1358.41 1878.15 1778.15 662.23
1358.45 1880.03 1780.03 662.32
1358.47 1881.91 1781.91 662.41
1358.48 1883.79 1783.79 662.5
1358.49 1885.67 1785.67 662.59
1358.48 1887.55 1787.55 662.68
1358.46 1889.43 1789.43 662.77
1358.43 1891.32 1791.32 662.86
1358.4 1893.2 1793.2 662.95
1358.35 1895.08 1795.08 663.04
1358.29 1896.96 1796.96 663.13
1358.22 1898.84 1798.84 663.22
1358.14 1900.72 1800.72 663.31
1358.06 1902.6 1802.6 663.4
1357.96 1904.49 1804.49 663.49
1357.85 1906.37 1806.37 663.58
1357.73 1908.25 1808.25 663.67
1357.61 1910.13 1810.13 663.76
1357.47 1912.01 1812.01 663.85
1357.32 1913.89 1813.89 663.94
1357.17 1915.77 1815.77 664.03
1357 1917.65 1817.65 664.12
1356.83 1919.54 1819.54 664.21
1356.64 1921.42 1821.42 664.3
1356.45 1923.3 1823.3 664.39
1356.25 1925.18 1825.18 664.48
1356.04 1927.06 1827.06 664.57
1355.81 1928.94 1828.94 664.66
1355.58 1930.82 1830.82 664.75
1355.34 1932.71 1832.71 664.84
1355.09 1934.59 1834.59 664.93
1354.84 1936.47 1836.47 665.02
1354.57 1938.35 1838.35 665.11
1354.29 1940.23 1840.23 665.2
1354.01 1942.11 1842.11 665.29
1353.71 1943.99 1843.99 665.38
1353.41 1945.88 1845.88 665.47
1353.1 1947.76 1847.76 665.56
1352.78 1949.64 1849.64 665.65
1352.45 1951.52 1851.52 665.74
1352.11 1953.4 1853.4 665.83
1351.77 1955.28 1855.28 665.92
1351.41 1957.16 1857.16 666.01
1351.05 1959.04 1859.04 666.1
1350.68 1960.93 1860.93 666.19
1350.3 1962.81 1862.81 666.28
1349.91 1964.69 1864.69 666.37
1349.51 1966.57 1866.57 666.46
1349.11 1968.45 1868.45 666.55
1348.69 1970.33 1870.33 666.64
1348.27 1972.21 1872.21 666.73
1347.84 1974.1 1874.1 666.82
1347.4 1975.98 1875.98 666.91
1346.96 1977.86 1877.86 667
1346.5 1979.74 1879.74 667.09
1346.04 1981.62 1881.62 667.18
1345.57 1983.5 1883.5 667.27
1345.09 1985.38 1885.38 667.36
1344.61 1987.27 1887.27 667.45
1344.11 1989.15 1889.15 667.54
1343.61 1991.03 1891.03 667.63
1343.11 1992.91 1892.91 667.72
1342.59 1994.79 1894.79 667.81
1342.07 1996.67 1896.67 667.9
1341.53 1998.55 1898.55 667.99
1340.99 2000.43 1900.43 668.08
1340.45 2002.32 1902.32 668.17
1339.89 2004.2 1904.2 668.26
1339.33 2006.08 1906.08 668.35
1338.77 2007.96 1907.96 668.44
1338.19 2009.84 1909.84 668.53
1337.61 2011.72 1911.72 668.62
1337.02 2013.6 1913.6 668.71
1336.42 2015.49 1915.49 668.8
1335.82 2017.37 1917.37 668.89
1335.2 2019.25 1919.25 668.98
1334.59 2021.13 1921.13 669.07
1333.96 2023.01 1923.01 669.16
1333.33 2024.89 1924.89 669.25
1332.69 2026.77 1926.77 669.34
1332.04 2028.65 1928.65 669.43
1331.39 2030.54 1930.54 669.52
1330.73 2032.42 1932.42 669.61
1330.07 2034.3 1934.3 669.7
1329.39 2036.18 1936.18 669.79
1328.71 2038.06 1938.06 669.88
1328.03 2039.94 1939.94 669.97
1327.34 2041.82 1941.82 670.06
1326.64 2043.71 1943.71 670.15
1325.93 2045.59 1945.59 670.24
1325.22 2047.47 1947.47 670.33
1324.5 2049.35 1949.35 670.42
1323.78 2051.23 1951.23 670.51
1323.05 2053.11 1953.11 670.6
1322.31 2054.99 1954.99 670.69
1321.57 2056.88 1956.88 670.78
1320.82 2058.76 1958.76 670.87
1320.07 2060.64 1960.64 670.96
1319.31 2062.52 1962.52 671.05
1318.54 2064.4 1964.4 671.14
1317.77 2066.28 1966.28 671.23
1316.99 2068.16 1968.16 671.32
1316.21 2070.04 1970.04 671.41
1315.42 2071.93 1971.93 671.5
1314.63 2073.81 1973.81 671.59
1313.82 2075.69 1975.69 671.68
1313.02 2077.57 1977.57 671.77
1312.21 2079.45 1979.45 671.86
1311.39 2081.33 1981.33 671.95
1310.57 2083.21 1983.21 672.04
1309.74 2085.1 1985.1 672.13
1308.9 2086.98 1986.98 672.22
1308.06 2088.86 1988.86 672.31
1307.22 2090.74 1990.74 672.4
1306.37 2092.62 1992.62 672.49
1305.52 2094.5 1994.5 672.58
1304.66 2096.38 1996.38 672.67
1303.79 2098.26 1998.26 672.76
1302.92 2100.15 2000.15 672.85
1302.05 2102.03 2002.03 672.94
1301.17 2103.91 2003.91 673.03
1300.28 2105.79 2005.79 673.12
1299.39 2107.67 2007.67 673.21
1298.5 2109.55 2009.55 673.3
1297.6 2111.43 2011.43 673.39
1296.7 2113.32 2013.32 673.48
1295.79 2115.2 2015.2 673.57
1294.87 2117.08 2017.08 673.66
1293.96 2118.96 2018.96 673.75
1293.03 2120.84 2020.84 673.84
1292.11 2122.72 2022.72 673.93
1291.18 2124.6 2024.6 674.02
1290.24 2126.49 2026.49 674.11
1289.3 2128.37 2028.37 674.2
1288.35 2130.25 2030.25 674.29
1287.41 2132.13 2032.13 674.38
1286.45 2134.01 2034.01 674.47
1285.5 2135.89 2035.89 674.56
1284.54 2137.77 2037.77 674.65
1283.57 2139.65 2039.65 674.74
1282.6 2141.54 2041.54 674.83
1281.63 2143.42 2043.42 674.92
1280.65 2145.3 2045.3 675.01
1279.67 2147.18 2047.18 675.1
1278.69 2149.06 2049.06 675.19
1277.7 2150.94 2050.94 675.28
1276.7 2152.82 2052.82 675.37
1275.71 2154.71 2054.71 675.46
1274.71 2156.59 2056.59 675.55
1273.71 2158.47 2058.47 675.64
1272.7 2160.35 2060.35 675.73
1271.69 2162.23 2062.23 675.82
1270.67 2164.11 2064.11 675.91
1269.66 2165.99 2065.99 676
1268.64 2167.87 2067.87 676.09
1267.61 2169.76 2069.76 676.18
1266.58 2171.64 2071.64 676.27
1265.55 2173.52 2073.52 676.36
1264.52 2175.4 2075.4 676.45
1263.48 2177.28 2077.28 676.54
1262.44 2179.16 2079.16 676.63
1261.4 2181.04 2081.04 676.72
1260.35 2182.93 2082.93 676.81
1259.31 2184.81 2084.81 676.9
1258.25 2186.69 2086.69 676.99
1257.2 2188.57 2088.57 677.08
1256.14 2190.45 2090.45 677.17
1255.08 2192.33 2092.33 677.26
1254.02 2194.21 2094.21 677.35
1252.95 2196.1 2096.1 677.44
1251.88 2197.98 2097.98 677.53
1250.81 2199.86 2099.86 677.62
1249.74 2201.74 2101.74 677.71
1248.66 2203.62 2103.62 677.8
1247.58 2205.5 2105.5 677.89
1246.5 2207.38 2107.38 677.98
1245.42 2209.26 2109.26 678.07
1244.33 2211.15 2111.15 678.16
1243.25 2213.03 2113.03 678.25
1242.16 2214.91 2114.91 678.34
1241.06 2216.79 2116.79 678.43
1239.97 2218.67 2118.67 678.52
1238.87 2220.55 2120.55 678.61
1237.77 2222.43 2122.43 678.7
1236.67 2224.32 2124.32 678.79
1235.57 2226.2 2126.2 678.88
1234.47 2228.08 2128.08 678.97
1233.36 2229.96 2129.96 679.06
1232.25 2231.84 2131.84 679.15
1231.14 2233.72 2133.72 679.24
1230.03 2235.6 2135.6 679.33
1228.92 2237.48 2137.48 679.42
1227.8 2239.37 2139.37 679.51
1226.69 2241.25 2141.25 679.6
1225.57 2243.13 2143.13 679.69
1224.45 2245.01 2145.01 679.78
1223.33 2246.89 2146.89 679.87
1222.21 2248.77 2148.77 679.96
1221.08 2250.65 2150.65 680.05
1219.96 2252.54 2152.54 680.14
1218.83 2254.42 2154.42 680.23
1217.71 2256.3 2156.3 680.32
1216.58 2258.18 2158.18 680.41
1215.45 2260.06 2160.06 680.5
1214.32 2261.94 2161.94 680.59
1213.19 2263.82 2163.82 680.68
1212.05 2265.71 2165.71 680.77
1210.92 2267.59 2167.59 680.86
1209.79 2269.47 2169.47 680.95
1208.65 2271.35 2171.35 681.04
1207.51 2273.23 2173.23 681.13
1206.38 2275.11 2175.11 681.22
1205.24 2276.99 2176.99 681.31
1204.1 2278.87 2178.87 681.4
1202.96 2280.76 2180.76 681.49
1201.82 2282.64 2182.64 681.58
1200.68 2284.52 2184.52 681.67
1199.54 2286.4 2186.4 681.76
1198.4 2288.28 2188.28 681.85
1197.26 2290.16 2190.16 681.94
1196.12 2292.04 2192.04 682.03
1194.98 2293.93 2193.93 682.12
1193.84 2295.81 2195.81 682.21
1192.7 2297.69 2197.69 682.3
1191.55 2299.57 2199.57 682.39
1190.41 2301.45 2201.45 682.48
1189.27 2303.33 2203.33 682.57
1188.13 2305.21 2205.21 682.66
1186.98 2307.09 2207.09 682.75
1185.84 2308.98 2208.98 682.84
1184.7 2310.86 2210.86 682.93
1183.56 2312.74 2212.74 683.02
1182.42 2314.62 2214.62 683.11
1181.27 2316.5 2216.5 683.2
1180.13 2318.38 2218.38 683.29
1178.99 2320.26 2220.26 683.38
1177.85 2322.15 2222.15 683.47
1176.71 2324.03 2224.03 683.56
1175.57 2325.91 2225.91 683.65
1174.43 2327.79 2227.79 683.74
1173.3 2329.67 2229.67 683.83
1172.16 2331.55 2231.55 683.92
1171.02 2333.43 2233.43 684.01
1169.89 2335.32 2235.32 684.1
1168.75 2337.2 2237.2 684.19
1167.62 2339.08 2239.08 684.28
1166.48 2340.96 2240.96 684.37
1165.35 2342.84 2242.84 684.46
1164.22 2344.72 2244.72 684.55
1163.09 2346.6 2246.6 684.64
1161.96 2348.48 2248.48 684.73
1160.83 2350.37 2250.37 684.82
1159.7 2352.25 2252.25 684.91
1158.58 2354.13 2254.13 685
1157.45 2356.01 2256.01 685.09
1156.33 2357.89 2257.89 685.18
1155.21 2359.77 2259.77 685.27
1154.08 2361.65 2261.65 685.36
1152.97 2363.54 2263.54 685.45
1151.85 2365.42 2265.42 685.54
1150.73 2367.3 2267.3 685.63
1149.62 2369.18 2269.18 685.72
1148.5 2371.06 2271.06 685.81
1147.39 2372.94 2272.94 685.9
1146.28 2374.82 2274.82 685.99
1145.17 2376.7 2276.7 686.08
1144.07 2378.59 2278.59 686.17
1142.96 2380.47 2280.47 686.26
1141.86 2382.35 2282.35 686.35
1140.76 2384.23 2284.23 686.44
1139.66 2386.11 2286.11 686.53
1138.56 2387.99 2287.99 686.62
1137.47 2389.87 2289.87 686.71
1136.38 2391.76 2291.76 686.8
1135.29 2393.64 2293.64 686.89
1134.2 2395.52 2295.52 686.98
1133.11 2397.4 2297.4 687.07
1132.03 2399.28 2299.28 687.16
1130.95 2401.16 2301.16 687.25
1129.87 2403.04 2303.04 687.34
1128.79 2404.93 2304.93 687.43
1127.72 2406.81 2306.81 687.52
1126.65 2408.69 2308.69 687.61
1125.58 2410.57 2310.57 687.7
1124.52 2412.45 2312.45 687.79
1123.45 2414.33 2314.33 687.88
1122.39 2416.21 2316.21 687.97
1121.33 2418.09 2318.09 688.06
1120.28 2419.98 2319.98 688.15
1119.23 2421.86 2321.86 688.24
1118.18 2423.74 2323.74 688.33
1117.13 2425.62 2325.62 688.42
1116.09 2427.5 2327.5 688.51
1115.05 2429.38 2329.38 688.6
1114.01 2431.26 2331.26 688.69
1112.98 2433.15 2333.15 688.78
1111.95 2435.03 2335.03 688.87
1110.92 2436.91 2336.91 688.96
1109.89 2438.79 2338.79 689.05
1108.87 2440.67 2340.67 689.14
1107.86 2442.55 2342.55 689.23
1106.84 2444.43 2344.43 689.32
1105.83 2446.31 2346.31 689.41
1104.82 2448.2 2348.2 689.5
1103.82 2450.08 2350.08 689.59
1102.82 2451.96 2351.96 689.68
1101.82 2453.84 2353.84 689.77
1100.83 2455.72 2355.72 689.86
1099.84 2457.6 2357.6 689.95
1098.86 2459.48 2359.48 690.04
1097.88 2461.37 2361.37 690.13
1096.9 2463.25 2363.25 690.22
1095.93 2465.13 2365.13 690.31
1094.96 2467.01 2367.01 690.4
1093.99 2468.89 2368.89 690.49
1093.03 2470.77 2370.77 690.58
1092.07 2472.65 2372.65 690.67
1091.12 2474.54 2374.54 690.76
1090.17 2476.42 2376.42 690.85
1089.23 2478.3 2378.3 690.94
1088.29 2480.18 2380.18 691.03
1087.35 2482.06 2382.06 691.12
1086.42 2483.94 2383.94 691.21
1085.49 2485.82 2385.82 691.3
1084.57 2487.7 2387.7 691.39
1083.65 2489.59 2389.59 691.48
1082.74 2491.47 2391.47 691.57
1081.83 2493.35 2393.35 691.66
1080.93 2495.23 2395.23 691.75
1080.03 2497.11 2397.11 691.84
1079.13 2498.99 2398.99 691.93
1078.24 2500.87 2400.87 692.02
1077.36 2502.76 2402.76 692.11
1076.48 2504.64 2404.64 692.2
1075.6 2506.52 2406.52 692.29
1074.73 2508.4 2408.4 692.38
1073.87 2510.28 2410.28 692.47
1073.01 2512.16 2412.16 692.56
1072.15 2514.04 2414.04 692.65
1071.3 2515.92 2415.92 692.74
1070.46 2517.81 2417.81 692.83
1069.62 2519.69 2419.69 692.92
1068.78 2521.57 2421.57 693.01
1067.95 2523.45 2423.45 693.1
1067.13 2525.33 2425.33 693.19
1066.31 2527.21 2427.21 693.28
1065.5 2529.09 2429.09 693.37
1064.7 2530.98 2430.98 693.46
1063.89 2532.86 2432.86 693.55
1063.1 2534.74 2434.74 693.64
1062.31 2536.62 2436.62 693.73
1061.52 2538.5 2438.5 693.82
1060.75 2540.38 2440.38 693.91
1059.97 2542.26 2442.26 694
1059.21 2544.15 2444.15 694.09
1058.45 2546.03 2446.03 694.18
1057.69 2547.91 2447.91 694.27
1056.94 2549.79 2449.79 694.36
1056.2 2551.67 2451.67 694.45
1055.47 2553.55 2453.55 694.54
1054.73 2555.43 2455.43 694.63
1054.01 2557.31 2457.31 694.72
1053.29 2559.2 2459.2 694.81
1052.58 2561.08 2461.08 694.9
1051.88 2562.96 2462.96 694.99
1051.18 2564.84 2464.84 695.08
1050.48 2566.72 2466.72 695.17
1049.8 2568.6 2468.6 695.26
1049.12 2570.48 2470.48 695.35
1048.45 2572.37 2472.37 695.44
1047.78 2574.25 2474.25 695.53
1047.12 2576.13 2476.13 695.62
1046.47 2578.01 2478.01 695.71
1045.82 2579.89 2479.89 695.8
1045.18 2581.77 2481.77 695.89
1044.55 2583.65 2483.65 695.98
1043.92 2585.53 2485.53 696.07
1043.31 2587.42 2487.42 696.16
1042.69 2589.3 2489.3 696.25
1042.09 2591.18 2491.18 696.34
1041.49 2593.06 2493.06 696.43
1040.9 2594.94 2494.94 696.52
1040.32 2596.82 2496.82 696.61
1039.74 2598.7 2498.7 696.7
1039.17 2600.59 2500.59 696.79
1038.61 2602.47 2502.47 696.88
1038.06 2604.35 2504.35 696.97
1037.51 2606.23 2506.23 697.06
1036.97 2608.11 2508.11 697.15
1036.44 2609.99 2509.99 697.24
1035.92 2611.87 2511.87 697.33
1035.4 2613.76 2513.76 697.42
1034.89 2615.64 2515.64 697.51
1034.39 2617.52 2517.52 697.6
1033.9 2619.4 2519.4 697.69
1033.41 2621.28 2521.28 697.78
1032.93 2623.16 2523.16 697.87
1032.46 2625.04 2525.04 697.96
1032 2626.92 2526.92 698.05
1031.54 2628.81 2528.81 698.14
1031.1 2630.69 2530.69 698.23
1030.66 2632.57 2532.57 698.32
1030.23 2634.45 2534.45 698.41
1029.81 2636.33 2536.33 698.5
1029.39 2638.21 2538.21 698.59
1028.99 2640.09 2540.09 698.68
1028.59 2641.98 2541.98 698.77
1028.2 2643.86 2543.86 698.86
1027.82 2645.74 2545.74 698.95
1027.45 2647.62 2547.62 699.04
1027.09 2649.5 2549.5 699.13
1026.73 2651.38 2551.38 699.22
1026.38 2653.26 2553.26 699.31
1026.05 2655.14 2555.14 699.4
1025.72 2657.03 2557.03 699.49
1025.4 2658.91 2558.91 699.58
1025.08 2660.79 2560.79 699.67
1024.78 2662.67 2562.67 699.76
1024.49 2664.55 2564.55 699.85
1024.2 2666.43 2566.43 699.94
1023.92 2668.31 2568.31 700.03
1023.66 2670.2 2570.2 700.12
1023.4 2672.08 2572.08 700.21
1023.15 2673.96 2573.96 700.3
1022.91 2675.84 2575.84 700.39
1022.68 2677.72 2577.72 700.48
1022.45 2679.6 2579.6 700.57
1022.24 2681.48 2581.48 700.66
1022.04 2683.37 2583.37 700.75
1021.84 2685.25 2585.25 700.84
1021.66 2687.13 2587.13 700.93
1021.48 2689.01 2589.01 701.02
1021.32 2690.89 2590.89 701.11
1021.16 2692.77 2592.77 701.2
1021.02 2694.65 2594.65 701.29
1020.88 2696.53 2596.53 701.38
1020.75 2698.42 2598.42 701.47
1020.63 2700.3 2600.3 701.56
1020.53 2702.18 2602.18 701.65
1020.43 2704.06 2604.06 701.74
1020.34 2705.94 2605.94 701.83
1020.26 2707.82 2607.82 701.92
1020.19 2709.7 2609.7 702.01
1020.13 2711.59 2611.59 702.1
1020.08 2713.47 2613.47 702.19
1020.05 2715.35 2615.35 702.28
1020.02 2717.23 2617.23 702.37
1020 2719.11 2619.11 702.46
1019.99 2720.99 2620.99 702.55
1019.99 2722.87 2622.87 702.64
1020.01 2724.76 2624.76 702.73
1020.03 2726.64 2626.64 702.82
1020.06 2728.52 2628.52 702.91
1020.11 2730.4 2630.4 703
1020.16 2732.28 2632.28 703.09
1020.23 2734.16 2634.16 703.18
1020.3 2736.04 2636.04 703.27
1020.39 2737.92 2637.92 703.36
1020.49 2739.81 2639.81 703.45
1020.59 2741.69 2641.69 703.54
1020.71 2743.57 2643.57 703.63
1020.84 2745.45 2645.45 703.72
1020.98 2747.33 2647.33 703.81
1021.13 2749.21 2649.21 703.9
1021.29 2751.09 2651.09 703.99
1021.47 2752.98 2652.98 704.08
1021.65 2754.86 2654.86 704.17
1021.85 2756.74 2656.74 704.26
1022.05 2758.62 2658.62 704.35
1022.27 2760.5 2660.5 704.44
1022.5 2762.38 2662.38 704.53
1022.74 2764.26 2664.26 704.62
1022.99 2766.14 2666.14 704.71
1023.25 2768.03 2668.03 704.8
1023.53 2769.91 2669.91 704.89
1023.81 2771.79 2671.79 704.98
1024.11 2773.67 2673.67 705.07
1024.42 2775.55 2675.55 705.16
1024.74 2777.43 2677.43 705.25
1025.07 2779.31 2679.31 705.34
1025.42 2781.2 2681.2 705.43
1025.77 2783.08 2683.08 705.52
1026.14 2784.96 2684.96 705.61
1026.52 2786.84 2686.84 705.7
1026.91 2788.72 2688.72 705.79
1027.31 2790.6 2690.6 705.88
1027.73 2792.48 2692.48 705.97
1028.15 2794.37 2694.37 706.06
1028.59 2796.25 2696.25 706.15
1029.04 2798.13 2698.13 706.24
1029.51 2800.01 2700.01 706.33
1029.98 2801.89 2701.89 706.42
1030.47 2803.77 2703.77 706.51
1030.97 2805.65 2705.65 706.6
1031.48 2807.53 2707.53 706.69
1032.01 2809.42 2709.42 706.78
1032.54 2811.3 2711.3 706.87
1033.09 2813.18 2713.18 706.96
1033.66 2815.06 2715.06 707.05
1034.23 2816.94 2716.94 707.14
1034.82 2818.82 2718.82 707.23
1035.42 2820.7 2720.7 707.32
1036.03 2822.59 2722.59 707.41
1036.66 2824.47 2724.47 707.5
1037.29 2826.35 2726.35 707.59
1037.95 2828.23 2728.23 707.68
1038.61 2830.11 2730.11 707.77
1039.29 2831.99 2731.99 707.86
1039.98 2833.87 2733.87 707.95
1040.68 2835.75 2735.75 708.04
1041.4 2837.64 2737.64 708.13
1042.13 2839.52 2739.52 708.22
1042.87 2841.4 2741.4 708.31
1043.62 2843.28 2743.28 708.4
1044.39 2845.16 2745.16 708.49
1045.18 2847.04 2747.04 708.58
1045.97 2848.92 2748.92 708.67
1046.78 2850.81 2750.81 708.76
1047.6 2852.69 2752.69 708.85
1048.44 2854.57 2754.57 708.94
1049.29 2856.45 2756.45 709.03
1050.15 2858.33 2758.33 709.12
1051.03 2860.21 2760.21 709.21
1051.92 2862.09 2762.09 709.3
1052.82 2863.98 2763.98 709.39
1053.74 2865.86 2765.86 709.48
1054.68 2867.74 2767.74 709.57
1055.62 2869.62 2769.62 709.66
1056.58 2871.5 2771.5 709.75
1057.55 2873.38 2773.38 709.84
1058.54 2875.26 2775.26 709.93
1059.54 2877.14 2777.14 710.02
1060.56 2879.03 2779.03 710.11
1061.59 2880.91 2780.91 710.2
1062.63 2882.79 2782.79 710.29
1063.69 2884.67 2784.67 710.38
1064.77 2886.55 2786.55 710.47
1065.85 2888.43 2788.43 710.56
1066.95 2890.31 2790.31 710.65
1068.07 2892.2 2792.2 710.74
1069.2 2894.08 2794.08 710.83
1070.35 2895.96 2795.96 710.92
1071.51 2897.84 2797.84 711.01
1072.68 2899.72 2799.72 711.1
1073.87 2901.6 2801.6 711.19
1075.07 2903.48 2803.48 711.28
1076.29 2905.36 2805.36 711.37
1077.52 2907.25 2807.25 711.46
1078.77 2909.13 2809.13 711.55
1080.03 2911.01 2811.01 711.64
1081.31 2912.89 2812.89 711.73
1082.6 2914.77 2814.77 711.82
1083.91 2916.65 2816.65 711.91
1085.24 2918.53 2818.53 712
1086.57 2920.42 2820.42 712.09
1087.93 2922.3 2822.3 712.18
1089.29 2924.18 2824.18 712.27
1090.68 2926.06 2826.06 712.36
1092.08 2927.94 2827.94 712.45
1093.49 2929.82 2829.82 712.54
1094.92 2931.7 2831.7 712.63
1096.37 2933.59 2833.59 712.72
1097.83 2935.47 2835.47 712.81
1099.3 2937.35 2837.35 712.9
1100.8 2939.23 2839.23 712.99
1102.3 2941.11 2841.11 713.08
1103.83 2942.99 2842.99 713.17
1105.36 2944.87 2844.87 713.26
1106.92 2946.75 2846.75 713.35
1108.49 2948.64 2848.64 713.44
1110.08 2950.52 2850.52 713.53
1111.68 2952.4 2852.4 713.62
1113.3 2954.28 2854.28 713.71
1114.93 2956.16 2856.16 713.8
1116.58 2958.04 2858.04 713.89
1118.25 2959.92 2859.92 713.98
1119.93 2961.81 2861.81 714.07
1121.63 2963.69 2863.69 714.16
1123.34 2965.57 2865.57 714.25
1125.07 2967.45 2867.45 714.34
1126.82 2969.33 2869.33 714.43
1128.59 2971.21 2871.21 714.52
1130.37 2973.09 2873.09 714.61
1132.16 2974.97 2874.97 714.7
1133.98 2976.86 2876.86 714.79
1135.81 2978.74 2878.74 714.88
1137.65 2980.62 2880.62 714.97
1139.52 2982.5 2882.5 715.06
1141.4 2984.38 2884.38 715.15
1143.29 2986.26 2886.26 715.24
1145.21 2988.14 2888.14 715.33
1147.14 2990.03 2890.03 715.42
1149.08 2991.91 2891.91 715.51
1151.05 2993.79 2893.79 715.6
1153.03 2995.67 2895.67 715.69
1155.03 2997.55 2897.55 715.78
1157.04 2999.43 2899.43 715.87
1159.07 3001.31 2901.31 715.96
1161.12 3003.2 2903.2 716.05
1163.19 3005.08 2905.08 716.14
1165.27 3006.96 2906.96 716.23
1167.37 3008.84 2908.84 716.32
1169.49 3010.72 2910.72 716.41
1171.63 3012.6 2912.6 716.5
1173.78 3014.48 2914.48 716.59
1175.95 3016.36 2916.36 716.68
1178.14 3018.25 2918.25 716.77
1180.35 3020.13 2920.13 716.86
1182.57 3022.01 2922.01 716.95
1184.81 3023.89 2923.89 717.04
1187.07 3025.77 2925.77 717.13
1189.35 3027.65 2927.65 717.22
1191.64 3029.53 2929.53 717.31
1193.95 3031.42 2931.42 717.4
1196.28 3033.3 2933.3 717.49
1198.63 3035.18 2935.18 717.58
1201 3037.06 2937.06 717.67
1203.38 3038.94 2938.94 717.76
1205.78 3040.82 2940.82 717.85
1208.2 3042.7 2942.7 717.94
1210.64 3044.58 2944.58 718.03
1213.1 3046.47 2946.47 718.12
1215.57 3048.35 2948.35 718.21
1218.07 3050.23 2950.23 718.3
1220.58 3052.11 2952.11 718.39
1223.11 3053.99 2953.99 718.48
1225.66 3055.87 2955.87 718.57
1228.22 3057.75 2957.75 718.66
1230.81 3059.64 2959.64 718.75
1233.41 3061.52 2961.52 718.84
1236.04 3063.4 2963.4 718.93
1238.68 3065.28 2965.28 719.02
1241.34 3067.16 2967.16 719.11
1244.02 3069.04 2969.04 719.2
1246.72 3070.92 2970.92 719.29
1249.43 3072.81 2972.81 719.38
1252.17 3074.69 2974.69 719.47
1254.92 3076.57 2976.57 719.56
1257.7 3078.45 2978.45 719.65
1260.49 3080.33 2980.33 719.74
1263.3 3082.21 2982.21 719.83
1266.13 3084.09 2984.09 719.92
1268.98 3085.97 2985.97 720.01
1271.85 3087.86 2987.86 720.1
1274.74 3089.74 2989.74 720.19
1277.65 3091.62 2991.62 720.28
1280.57 3093.5 2993.5 720.37
1283.52 3095.38 2995.38 720.46
1286.48 3097.26 2997.26 720.55
1289.47 3099.14 2999.14 720.64
1292.47 3101.03 3001.03 720.73
1295.49 3102.91 3002.91 720.82
1298.52 3104.79 3004.79 720.91
1301.58 3106.67 3006.67 721
1304.65 3108.55 3008.55 721.09
1307.75 3110.43 3010.43 721.18
1310.86 3112.31 3012.31 721.27
1313.98 3114.19 3014.19 721.36
1317.13 3116.08 3016.08 721.45
1320.29 3117.96 3017.96 721.54
1323.47 3119.84 3019.84 721.63
1326.67 3121.72 3021.72 721.72
1329.89 3123.6 3023.6 721.81
1333.12 3125.48 3025.48 721.9
1336.37 3127.36 3027.36 721.99
1339.63 3129.25 3029.25 722.08
1342.92 3131.13 3031.13 722.17
1346.22 3133.01 3033.01 722.26
1349.53 3134.89 3034.89 722.35
1352.87 3136.77 3036.77 722.44
1356.22 3138.65 3038.65 722.53
1359.58 3140.53 3040.53 722.62
1362.96 3142.42 3042.42 722.71
1366.36 3144.3 3044.3 722.8
1369.78 3146.18 3046.18 722.89
1373.21 3148.06 3048.06 722.98
1376.65 3149.94 3049.94 723.07
1380.11 3151.82 3051.82 723.16
1383.59 3153.7 3053.7 723.25
1387.08 3155.58 3055.58 723.34
1390.59 3157.47 3057.47 723.43
1394.12 3159.35 3059.35 723.52
1397.66 3161.23 3061.23 723.61
1401.21 3163.11 3063.11 723.7
1404.78 3164.99 3064.99 723.79
1408.36 3166.87 3066.87 723.88
1411.96 3168.75 3068.75 723.97
1415.57 3170.64 3070.64 724.06
1419.2 3172.52 3072.52 724.15
1422.84 3174.4 3074.4 724.24
1426.5 3176.28 3076.28 724.33
1430.17 3178.16 3078.16 724.42
1433.86 3180.04 3080.04 724.51
1437.56 3181.92 3081.92 724.6
1441.27 3183.8 3083.8 724.69
1445 3185.69 3085.69 724.78
1448.74 3187.57 3087.57 724.87
1452.49 3189.45 3089.45 724.96
1456.26 3191.33 3091.33 725.05
1460.04 3193.21 3093.21 725.14
1463.84 3195.09 3095.09 725.23
1467.65 3196.97 3096.97 725.32
1471.47 3198.86 3098.86 725.41
1475.3 3200.74 3100.74 725.5
1479.15 3202.62 3102.62 725.59
1483.01 3204.5 3104.5 725.68
1486.88 3206.38 3106.38 725.77
1490.77 3208.26 3108.26 725.86
1494.67 3210.14 3110.14 725.95
1498.58 3212.03 3112.03 726.04
1502.5 3213.91 3113.91 726.13
1506.44 3215.79 3115.79 726.22
1510.38 3217.67 3117.67 726.31
1514.34 3219.55 3119.55 726.4
1518.31 3221.43 3121.43 726.49
1522.3 3223.31 3123.31 726.58
1526.29 3225.19 3125.19 726.67
1530.3 3227.08 3127.08 726.76
1534.32 3228.96 3128.96 726.85
1538.35 3230.84 3130.84 726.94
1542.39 3232.72 3132.72 727.03
1546.44 3234.6 3134.6 727.12
1550.5 3236.48 3136.48 727.21
1554.57 3238.36 3138.36 727.3
1558.66 3240.25 3140.25 727.39
1562.75 3242.13 3142.13 727.48
1566.86 3244.01 3144.01 727.57
1570.98 3245.89 3145.89 727.66
1575.1 3247.77 3147.77 727.75
1579.24 3249.65 3149.65 727.84
1583.39 3251.53 3151.53 727.93
1587.55 3253.41 3153.41 728.02
1591.72 3255.3 3155.3 728.11
1595.89 3257.18 3157.18 728.2
1600.08 3259.06 3159.06 728.29
1604.28 3260.94 3160.94 728.38
1608.49 3262.82 3162.82 728.47
1612.7 3264.7 3164.7 728.56
1616.93 3266.58 3166.58 728.65
1621.17 3268.47 3168.47 728.74
1625.41 3270.35 3170.35 728.83
1629.66 3272.23 3172.23 728.92
1633.93 3274.11 3174.11 729.01
1638.2 3275.99 3175.99 729.1
1642.48 3277.87 3177.87 729.19
1646.77 3279.75 3179.75 729.28
1651.07 3281.64 3181.64 729.37
1655.38 3283.52 3183.52 729.46
1659.69 3285.4 3185.4 729.55
1664.01 3287.28 3187.28 729.64
1668.35 3289.16 3189.16 729.73
1672.69 3291.04 3191.04 729.82
1677.03 3292.92 3192.92 729.91
1681.39 3294.8 3194.8 730
1685.75 3296.69 3196.69 730.09
1690.12 3298.57 3198.57 730.18
1694.5 3300.45 3200.45 730.27
1698.89 3302.33 3202.33 730.36
1703.28 3304.21 3204.21 730.45
1707.68 3306.09 3206.09 730.54
1712.09 3307.97 3207.97 730.63
1716.51 3309.86 3209.86 730.72
1720.93 3311.74 3211.74 730.81
1725.36 3313.62 3213.62 730.9
1729.79 3315.5 3215.5 730.99
1734.23 3317.38 3217.38 731.08
1738.68 3319.26 3219.26 731.17
1743.14 3321.14 3221.14 731.26
1747.6 3323.02 3223.02 731.35
1752.07 3324.91 3224.91 731.44
1756.54 3326.79 3226.79 731.53
1761.02 3328.67 3228.67 731.62
1765.51 3330.55 3230.55 731.71
1770 3332.43 3232.43 731.8
1774.5 3334.31 3234.31 731.89
1779 3336.19 3236.19 731.98
1783.51 3338.08 3238.08 732.07
1788.03 3339.96 3239.96 732.16
1792.55 3341.84 3241.84 732.25
1797.07 3343.72 3243.72 732.34
1801.6 3345.6 3245.6 732.43
1806.14 3347.48 3247.48 732.52
1810.68 3349.36 3249.36 732.61
1815.22 3351.25 3251.25 732.7
1819.77 3353.13 3253.13 732.79
1824.32 3355.01 3255.01 732.88
1828.88 3356.89 3256.89 732.97
1833.45 3358.77 3258.77 733.06
1838.01 3360.65 3260.65 733.15
1842.58 3362.53 3262.53 733.24
1847.16 3364.41 3264.41 733.33
1851.74 3366.3 3266.3 733.42
1856.32 3368.18 3268.18 733.51
1860.91 3370.06 3270.06 733.6
1865.5 3371.94 3271.94 733.69
1870.1 3373.82 3273.82 733.78
1874.69 3375.7 3275.7 733.87
1879.29 3377.58 3277.58 733.96
1883.9 3379.47 3279.47 734.05
1888.51 3381.35 3281.35 734.14
1893.12 3383.23 3283.23 734.23
1897.73 3385.11 3285.11 734.32
1902.35 3386.99 3286.99 734.41
1906.97 3388.87 3288.87 734.5
1911.59 3390.75 3290.75 734.59
1916.21 3392.64 3292.64 734.68
1920.84 3394.52 3294.52 734.77
1925.47 3396.4 3296.4 734.86
1930.1 3398.28 3298.28 734.95
1934.74 3400.16 3300.16 735.04
1939.37 3402.04 3302.04 735.13
1944.01 3403.92 3303.92 735.22
1948.65 3405.8 3305.8 735.31
1953.29 3407.69 3307.69 735.4
1957.93 3409.57 3309.57 735.49
1962.58 3411.45 3311.45 735.58
1967.22 3413.33 3313.33 735.67
1971.87 3415.21 3315.21 735.76
1976.52 3417.09 3317.09 735.85
1981.17 3418.97 3318.97 735.94
1985.82 3420.86 3320.86 736.03
1990.47 3422.74 3322.74 736.12
1995.12 3424.62 3324.62 736.21
1999.77 3426.5 3326.5 736.3
2004.43 3428.38 3328.38 736.39
2009.08 3430.26 3330.26 736.48
2013.74 3432.14 3332.14 736.57
2018.39 3434.02 3334.02 736.66
2023.04 3435.91 3335.91 736.75
2027.7 3437.79 3337.79 736.84
2032.35 3439.67 3339.67 736.93
2037.01 3441.55 3341.55 737.02
2041.66 3443.43 3343.43 737.11
2046.32 3445.31 3345.31 737.2
2050.97 3447.19 3347.19 737.29
2055.62 3449.08 3349.08 737.38
2060.28 3450.96 3350.96 737.47
2064.93 3452.84 3352.84 737.56
2069.58 3454.72 3354.72 737.65
2074.23 3456.6 3356.6 737.74
2078.88 3458.48 3358.48 737.83
2083.53 3460.36 3360.36 737.92
2088.17 3462.25 3362.25 738.01
2092.82 3464.13 3364.13 738.1
2097.46 3466.01 3366.01 738.19
2102.1 3467.89 3367.89 738.28
2106.74 3469.77 3369.77 738.37
2111.38 3471.65 3371.65 738.46
2116.02 3473.53 3373.53 738.55
2120.65 3475.41 3375.41 738.64
2125.29 3477.3 3377.3 738.73
2129.92 3479.18 3379.18 738.82
2134.54 3481.06 3381.06 738.91
2139.17 3482.94 3382.94 739
2143.79 3484.82 3384.82 739.09
2148.41 3486.7 3386.7 739.18
2153.03 3488.58 3388.58 739.27
2157.65 3490.47 3390.47 739.36
2162.26 3492.35 3392.35 739.45
2166.87 3494.23 3394.23 739.54
2171.47 3496.11 3396.11 739.63
2176.08 3497.99 3397.99 739.72
2180.68 3499.87 3399.87 739.81
2185.27 3501.75 3401.75 739.9
2189.86 3503.63 3403.63 739.99
2194.45 3505.52 3405.52 740.08
2199.04 3507.4 3407.4 740.17
2203.62 3509.28 3409.28 740.26
2208.2 3511.16 3411.16 740.35
2212.77 3513.04 3413.04 740.44
2217.34 3514.92 3414.92 740.53
2221.91 3516.8 3416.8 740.62
2226.47 3518.69 3418.69 740.71
2231.02 3520.57 3420.57 740.8
2235.57 3522.45 3422.45 740.89
2240.12 3524.33 3424.33 740.98
2244.66 3526.21 3426.21 741.07
2249.2 3528.09 3428.09 741.16
2253.73 3529.97 3429.97 741.25
2258.26 3531.86 3431.86 741.34
2262.78 3533.74 3433.74 741.43
2267.3 3535.62 3435.62 741.52
2271.81 3537.5 3437.5 741.61
2276.32 3539.38 3439.38 741.7
2280.82 3541.26 3441.26 741.79
2285.31 3543.14 3443.14 741.88
2289.8 3545.02 3445.02 741.97
2294.28 3546.91 3446.91 742.06
2298.76 3548.79 3448.79 742.15
2303.23 3550.67 3450.67 742.24
2307.7 3552.55 3452.55 742.33
2312.15 3554.43 3454.43 742.42
2316.61 3556.31 3456.31 742.51
2321.05 3558.19 3458.19 742.6
2325.49 3560.08 3460.08 742.69
2329.92 3561.96 3461.96 742.78
2334.35 3563.84 3463.84 742.87
2338.77 3565.72 3465.72 742.96
2343.18 3567.6 3467.6 743.05
2347.58 3569.48 3469.48 743.14
2351.98 3571.36 3471.36 743.23
2356.37 3573.24 3473.24 743.32
2360.75 3575.13 3475.13 743.41
2365.13 3577.01 3477.01 743.5
2369.49 3578.89 3478.89 743.59
2373.85 3580.77 3480.77 743.68
2378.2 3582.65 3482.65 743.77
2382.55 3584.53 3484.53 743.86
2386.88 3586.41 3486.41 743.95
2391.21 3588.3 3488.3 744.04
2395.53 3590.18 3490.18 744.13
2399.84 3592.06 3492.06 744.22
2404.14 3593.94 3493.94 744.31
2408.43 3595.82 3495.82 744.4
2412.72 3597.7 3497.7 744.49
2417 3599.58 3499.58 744.58
2421.26 3601.47 3501.47 744.67
2425.52 3603.35 3503.35 744.76
2429.77 3605.23 3505.23 744.85
2434.01 3607.11 3507.11 744.94
2438.24 3608.99 3508.99 745.03
2442.46 3610.87 3510.87 745.12
2446.67 3612.75 3512.75 745.21
2450.88 3614.63 3514.63 745.3
2455.07 3616.52 3516.52 745.39
2459.25 3618.4 3518.4 745.48
2463.42 3620.28 3520.28 745.57
2467.59 3622.16 3522.16 745.66
2471.74 3624.04 3524.04 745.75
2475.88 3625.92 3525.92 745.84
2480.01 3627.8 3527.8 745.93
2484.14 3629.69 3529.69 746.02
2488.25 3631.57 3531.57 746.11
2492.35 3633.45 3533.45 746.2
2496.44 3635.33 3535.33 746.29
2500.52 3637.21 3537.21 746.38
2504.58 3639.09 3539.09 746.47
2508.64 3640.97 3540.97 746.56
2512.69 3642.85 3542.85 746.65
2516.72 3644.74 3544.74 746.74
2520.74 3646.62 3546.62 746.83
2524.76 3648.5 3548.5 746.92
2528.76 3650.38 3550.38 747.01
2532.75 3652.26 3552.26 747.1
2536.72 3654.14 3554.14 747.19
2540.69 3656.02 3556.02 747.28
2544.64 3657.91 3557.91 747.37
2548.58 3659.79 3559.79 747.46
2552.51 3661.67 3561.67 747.55
2556.43 3663.55 3563.55 747.64
2560.33 3665.43 3565.43 747.73
2564.22 3667.31 3567.31 747.82
2568.1 3669.19 3569.19 747.91
2571.97 3671.08 3571.08 748
2575.82 3672.96 3572.96 748.09
2579.66 3674.84 3574.84 748.18
2583.49 3676.72 3576.72 748.27
2587.3 3678.6 3578.6 748.36
2591.1 3680.48 3580.48 748.45
2594.89 3682.36 3582.36 748.54
2598.67 3684.24 3584.24 748.63
2602.43 3686.13 3586.13 748.72
2606.17 3688.01 3588.01 748.81
2609.91 3689.89 3589.89 748.9
2613.63 3691.77 3591.77 748.99
2617.33 3693.65 3593.65 749.08
2621.03 3695.53 3595.53 749.17
2624.7 3697.41 3597.41 749.26
2628.37 3699.3 3599.3 749.35
2632.02 3701.18 3601.18 749.44
2635.65 3703.06 3603.06 749.53
2639.27 3704.94 3604.94 749.62
2642.88 3706.82 3606.82 749.71
2646.47 3708.7 3608.7 749.8
2650.04 3710.58 3610.58 749.89
2653.6 3712.46 3612.46 749.98
2657.15 3714.35 3614.35 750.07
2660.68 3716.23 3616.23 750.16
2664.2 3718.11 3618.11 750.25
2667.7 3719.99 3619.99 750.34
2671.18 3721.87 3621.87 750.43
2674.65 3723.75 3623.75 750.52
2678.1 3725.63 3625.63 750.61
2681.54 3727.52 3627.52 750.7
2684.96 3729.4 3629.4 750.79
2688.37 3731.28 3631.28 750.88
2691.76 3733.16 3633.16 750.97
2695.13 3735.04 3635.04 751.06
2698.49 3736.92 3636.92 751.15
2701.83 3738.8 3638.8 751.24
2705.15 3740.69 3640.69 751.33
2708.46 3742.57 3642.57 751.42
2711.75 3744.45 3644.45 751.51
2715.03 3746.33 3646.33 751.6
2718.28 3748.21 3648.21 751.69
2721.52 3750.09 3650.09 751.78
2724.75 3751.97 3651.97 751.87
2727.95 3753.85 3653.85 751.96
2731.14 3755.74 3655.74 752.05
2734.31 3757.62 3657.62 752.14
2737.47 3759.5 3659.5 752.23
2740.6 3761.38 3661.38 752.32
2743.72 3763.26 3663.26 752.41
2746.82 3765.14 3665.14 752.5
2749.9 3767.02 3667.02 752.59
2752.97 3768.91 3668.91 752.68
2756.01 3770.79 3670.79 752.77
2759.04 3772.67 3672.67 752.86
2762.05 3774.55 3674.55 752.95
2765.04 3776.43 3676.43 753.04
2768.02 3778.31 3678.31 753.13
2770.97 3780.19 3680.19 753.22
2773.91 3782.07 3682.07 753.31
2776.82 3783.96 3683.96 753.4
2779.72 3785.84 3685.84 753.49
2782.6 3787.72 3687.72 753.58
2785.46 3789.6 3689.6 753.67
2788.3 3791.48 3691.48 753.76
2791.12 3793.36 3693.36 753.85
2793.92 3795.24 3695.24 753.94
2796.7 3797.13 3697.13 754.03
2799.46 3799.01 3699.01 754.12
2802.2 3800.89 3700.89 754.21
2804.92 3802.77 3702.77 754.3
2807.63 3804.65 3704.65 754.39
2810.31 3806.53 3706.53 754.48
2812.97 3808.41 3708.41 754.57
2815.61 3810.3 3710.3 754.66
2818.23 3812.18 3712.18 754.75
2820.83 3814.06 3714.06 754.84
2823.41 3815.94 3715.94 754.93
2825.97 3817.82 3717.82 755.02
2828.51 3819.7 3719.7 755.11
2831.03 3821.58 3721.58 755.2
2833.52 3823.46 3723.46 755.29
2836 3825.35 3725.35 755.38
2838.45 3827.23 3727.23 755.47
2840.89 3829.11 3729.11 755.56
2843.3 3830.99 3730.99 755.65
2845.69 3832.87 3732.87 755.74
2848.05 3834.75 3734.75 755.83
2850.4 3836.63 3736.63 755.92
2852.72 3838.52 3738.52 756.01
2855.03 3840.4 3740.4 756.1
2857.31 3842.28 3742.28 756.19
2859.57 3844.16 3744.16 756.28
2861.8 3846.04 3746.04 756.37
2864.02 3847.92 3747.92 756.46
2866.21 3849.8 3749.8 756.55
2868.37 3851.68 3751.68 756.64
2870.52 3853.57 3753.57 756.73
2872.64 3855.45 3755.45 756.82
2874.74 3857.33 3757.33 756.91
2876.82 3859.21 3759.21 757
2878.88 3861.09 3761.09 757.09
2880.91 3862.97 3762.97 757.18
2882.91 3864.85 3764.85 757.27
2884.9 3866.74 3766.74 757.36
2886.86 3868.62 3768.62 757.45
2888.8 3870.5 3770.5 757.54
2890.71 3872.38 3772.38 757.63
2892.6 3874.26 3774.26 757.72
2894.46 3876.14 3776.14 757.81
2896.31 3878.02 3778.02 757.9
2898.12 3879.91 3779.91 757.99
2899.92 3881.79 3781.79 758.08
2901.69 3883.67 3783.67 758.17
2903.43 3885.55 3785.55 758.26
2905.15 3887.43 3787.43 758.35
2906.85 3889.31 3789.31 758.44
2908.52 3891.19 3791.19 758.53
2910.16 3893.07 3793.07 758.62
2911.78 3894.96 3794.96 758.71
2913.38 3896.84 3796.84 758.8
2914.95 3898.72 3798.72 758.89
2916.5 3900.6 3800.6 758.98
2918.02 3902.48 3802.48 759.07
2919.51 3904.36 3804.36 759.16
2920.98 3906.24 3806.24 759.25
2922.42 3908.13 3808.13 759.34
2923.84 3910.01 3810.01 759.43
2925.23 3911.89 3811.89 759.52
2926.6 3913.77 3813.77 759.61
2927.94 3915.65 3815.65 759.7
2929.25 3917.53 3817.53 759.79
2930.54 3919.41 3819.41 759.88
2931.8 3921.29 3821.29 759.97
2933.03 1023 923 760.06 PIT
2934.24 1023 923 760.15 PIT
2935.42 1023 923 760.24 PIT
2936.58 1023 923 760.33 PIT
2937.71 1023 923 760.42 PIT
2938.81 1023 923 760.51 PIT
2939.89 1023 923 760.6 PIT
2940.94 1023 923 760.69 PIT
2941.96 1023 923 760.78 PIT
2942.96 1023 923 760.87 PIT
2943.94 1023 923 760.96 PIT
2944.88 1023 923 761.05 PIT
2945.81 1023 923 761.14 PIT
2946.7 1023 923 761.23 PIT
2947.58 1023 923 761.32 PIT
2948.42 1023 923 761.41 PIT
2949.24 1023 923 761.5 PIT
2950.04 1023 923 761.59 PIT
2950.81 1023 923 761.68 PIT
2951.56 1023 923 761.77 PIT
2952.28 1023 923 761.86 PIT
2952.98 1023 923 761.95 PIT
2953.65 1023 923 762.04 PIT
2954.3 1023 923 762.13 PIT
2954.92 1023 923 762.22 PIT
2955.52 1023 923 762.31 PIT
2956.09 1023 923 762.4 PIT
2956.64 1023 923 762.49 PIT
2957.17 1023 923 762.58 PIT
2957.67 1023 923 762.67 PIT
2958.15 1023 923 762.76 PIT
2958.6 1023 923 762.85 PIT
2959.03 1023 923 762.94 PIT
2959.44 1023 923 763.03 PIT
2959.82 1023 923 763.12 PIT
2960.18 1023 923 763.21 PIT
2960.52 1023 923 763.3 PIT
2960.83 1023 923 763.39 PIT
2961.12 1023 923 763.48 PIT
2961.39 1023 923 763.57 PIT
2961.63 1023 923 763.66 PIT
2961.86 1023 923 763.75 PIT
2962.05 1023 923 763.84 PIT
2962.23 1023 923 763.93 PIT
2962.38 1023 923 764.02 PIT
2962.51 1023 923 764.11 PIT
2962.62 1023 923 764.2 PIT
2962.7 1023 923 764.29 PIT
2962.76 1023 923 764.38 PIT
2962.8 1023 923 764.47 PIT
2962.82 1023 923 764.56 PIT
2962.82 1023 923 764.65 PIT
2962.79 1023 923 764.74 PIT
2962.74 1023 923 764.83 PIT
2962.67 1023 923 764.92 PIT
2962.58 1023 923 765.01 PIT
2962.47 1023 923 765.1 PIT
2962.33 1023 923 765.19 PIT
2962.17 1023 923 765.28 PIT
2962 1023 923 765.37 PIT
2961.8 1023 923 765.46 PIT
2961.58 1023 923 765.55 PIT
2961.33 1023 923 765.64 PIT
2961.07 1023 923 765.73 PIT
2960.79 1023 923 765.82 PIT
2960.48 1023 923 765.91 PIT
2960.16 1023 923 766 PIT
2959.81 1023 923 766.09 PIT
2959.44 1023 923 766.18 PIT
2959.05 1023 923 766.27 PIT
2958.65 1023 923 766.36 PIT
2958.22 1023 923 766.45 PIT
2957.77 1023 923 766.54 PIT
2957.3 1023 923 766.63 PIT
2956.81 1023 923 766.72 PIT
2956.3 1023 923 766.81 PIT
2955.77 1023 923 766.9 PIT
2955.22 1023 923 766.99 PIT
2954.66 1023 923 767.08 PIT
2954.07 1023 923 767.17 PIT
2953.46 1023 923 767.26 PIT
2952.83 1023 923 767.35 PIT
2952.18 1023 923 767.44 PIT
2951.52 1023 923 767.53 PIT
2950.83 1023 923 767.62 PIT
2950.13 1023 923 767.71 PIT
2949.4 1023 923 767.8 PIT
2948.66 1023 923 767.89 PIT
2947.9 1023 923 767.98 PIT
2947.12 1023 923 768.07 PIT
2946.32 1023 923 768.16 PIT
2945.5 1023 923 768.25 PIT
2944.67 1023 923 768.34 PIT
2943.81 1023 923 768.43 PIT
2942.94 1023 923 768.52 PIT
2942.05 1023 923 768.61 PIT
2941.14 1023 923 768.7 PIT
2940.21 1023 923 768.79 PIT
2939.26 1023 923 768.88 PIT
2938.3 1023 923 768.97 PIT
2937.32 1023 923 769.06 PIT
2936.32 1023 923 769.15 PIT
2935.3 1023 923 769.24 PIT
2934.27 1023 923 769.33 PIT
2933.22 1023 923 769.42 PIT
2932.15 1023 923 769.51 PIT
2931.06 1023 923 769.6 PIT
2929.95 1023 923 769.69 PIT
2928.83 1023 923 769.78 PIT
2927.69 1023 923 769.87 PIT
2926.54 1023 923 769.96 PIT
2925.37 1023 923 770.05 PIT
2924.18 1023 923 770.14 PIT
2922.97 1023 923 770.23 PIT
2921.75 1023 923 770.32 PIT
2920.51 1023 923 770.41 PIT
2919.26 1023 923 770.5 PIT
2917.98 1023 923 770.59 PIT
2916.7 1023 923 770.68 PIT
2915.39 1023 923 770.77 PIT
2914.07 1023 923 770.86 PIT
2912.73 1023 923 770.95 PIT
2911.38 1023 923 771.04 PIT
2910.01 1023 923 771.13 PIT
2908.63 1023 923 771.22 PIT
2907.23 1023 923 771.31 PIT
2905.81 1023 923 771.4 PIT
2904.38 1023 923 771.49 PIT
2902.94 1023 923 771.58 PIT
2901.48 1023 923 771.67 PIT
2900 1023 923 771.76 PIT
2898.51 1023 923 771.85 PIT
2897 1023 923 771.94 PIT
2895.48 1023 923 772.03 PIT
2893.94 1023 923 772.12 PIT
2892.39 1023 923 772.21 PIT
2890.82 1023 923 772.3 PIT
2889.24 1023 923 772.39 PIT
2887.64 1023 923 772.48 PIT
2886.03 1023 923 772.57 PIT
2884.41 1023 923 772.66 PIT
2882.77 1023 923 772.75 PIT
2881.12 1023 923 772.84 PIT
2879.45 1023 923 772.93 PIT
2877.77 1023 923 773.02 PIT
2876.07 1023 923 773.11 PIT
2874.37 1023 923 773.2 PIT
2872.64 1023 923 773.29 PIT
2870.91 1023 923 773.38 PIT
2869.16 1023 923 773.47 PIT
2867.39 1023 923 773.56 PIT
2865.62 1023 923 773.65 PIT
2863.83 1023 923 773.74 PIT
2862.02 1023 923 773.83 PIT
2860.21 1023 923 773.92 PIT
2858.38 1023 923 774.01 PIT
2856.53 1023 923 774.1 PIT
2854.68 1023 923 774.19 PIT
2852.81 1023 923 774.28 PIT
2850.93 1023 923 774.37 PIT
2849.03 1023 923 774.46 PIT
2847.13 1023 923 774.55 PIT
2845.21 1023 923 774.64 PIT
2843.28 1023 923 774.73 PIT
2841.33 1023 923 774.82 PIT
2839.38 1023 923 774.91 PIT
2837.41 1023 923 775 PIT
2835.43 1023 923 775.09 PIT
2833.44 1023 923 775.18 PIT
2831.43 1023 923 775.27 PIT
2829.42 1023 923 775.36 PIT
2827.39 1023 923 775.45 PIT
2825.35 1023 923 775.54 PIT
2823.3 1023 923 775.63 PIT
2821.24 1023 923 775.72 PIT
2819.17 1023 923 775.81 PIT
2817.08 1023 923 775.9 PIT
2814.99 1023 923 775.99 PIT
2812.88 1023 923 776.08 PIT
2810.76 1023 923 776.17 PIT
2808.64 1023 923 776.26 PIT
2806.5 1023 923 776.35 PIT
2804.35 1023 923 776.44 PIT
2802.19 1023 923 776.53 PIT
2800.02 1023 923 776.62 PIT
2797.83 1023 923 776.71 PIT
2795.64 1023 923 776.8 PIT
2793.44 1023 923 776.89 PIT
2791.23 1023 923 776.98 PIT
2789 1023 923 777.07 PIT
2786.77 1023 923 777.16 PIT
2784.53 1023 923 777.25 PIT
2782.28 1023 923 777.34 PIT
2780.01 1023 923 777.43 PIT
2777.74 1023 923 777.52 PIT
2775.46 1023 923 777.61 PIT
2773.17 1023 923 777.7 PIT
2770.87 1023 923 777.79 PIT
2768.56 1023 923 777.88 PIT
2766.24 1023 923 777.97 PIT
2763.91 1023 923 778.06 PIT
2761.58 1023 923 778.15 PIT
2759.23 1023 923 778.24 PIT
2756.87 1023 923 778.33 PIT
2754.51 1023 923 778.42 PIT
2752.14 1023 923 778.51 PIT
2749.76 1023 923 778.6 PIT
2747.37 1023 923 778.69 PIT
2744.97 1023 923 778.78 PIT
2742.56 1023 923 778.87 PIT
2740.15 1023 923 778.96 PIT
2737.72 1023 923 779.05 PIT
2735.29 1023 923 779.14 PIT
2732.85 1023 923 779.23 PIT
2730.41 1023 923 779.32 PIT
2727.95 1023 923 779.41 PIT
2725.49 1023 923 779.5 PIT
2723.02 1023 923 779.59 PIT
2720.54 1023 923 779.68 PIT
2718.05 1023 923 779.77 PIT
2715.56 1023 923 779.86 PIT
2713.06 1023 923 779.95 PIT
2710.55 1023 923 780.04 PIT
2708.04 1023 923 780.13 PIT
2705.52 1023 923 780.22 PIT
2702.99 1023 923 780.31 PIT
2700.45 1023 923 780.4 PIT
2697.91 1023 923 780.49 PIT
2695.36 1023 923 780.58 PIT
2692.8 1023 923 780.67 PIT
2690.24 1023 923 780.76 PIT
2687.67 1023 923 780.85 PIT
2685.1 1023 923 780.94 PIT
2682.52 1023 923 781.03 PIT
2679.93 1023 923 781.12 PIT
2677.33 1023 923 781.21 PIT
2674.73 1023 923 781.3 PIT
2672.13 1023 923 781.39 PIT
2669.52 1023 923 781.48 PIT
2666.9 1023 923 781.57 PIT
2664.27 1023 923 781.66 PIT
2661.65 1023 923 781.75 PIT
2659.01 1023 923 781.84 PIT
2656.37 1023 923 781.93 PIT
2653.73 1023 923 782.02 PIT
2651.08 1023 923 782.11 PIT
2648.42 1023 923 782.2 PIT
2645.76 1023 923 782.29 PIT
2643.09 1023 923 782.38 PIT
2640.42 1023 923 782.47 PIT
2637.75 1023 923 782.56 PIT
2635.07 1023 923 782.65 PIT
2632.38 1023 923 782.74 PIT
2629.69 1023 923 782.83 PIT
2627 1023 923 782.92 PIT
2624.3 1023 923 783.01 PIT
2621.6 1023 923 783.1 PIT
2618.89 1023 923 783.19 PIT
2616.18 1023 923 783.28 PIT
2613.47 1023 923 783.37 PIT
2610.75 1023 923 783.46 PIT
2608.03 1023 923 783.55 PIT
2605.3 1023 923 783.64 PIT
2602.57 1023 923 783.73 PIT
2599.84 1023 923 783.82 PIT
2597.1 1023 923 783.91 PIT
2594.36 1023 923 784 PIT
2591.62 1023 923 784.09 PIT
2588.87 1023 923 784.18 PIT
2586.12 1023 923 784.27 PIT
2583.37 1023 923 784.36 PIT
2580.61 1023 923 784.45 PIT
2577.85 1023 923 784.54 PIT
2575.09 1023 923 784.63 PIT
2572.32 1023 923 784.72 PIT
2569.56 1023 923 784.81 PIT
2566.79 1023 923 784.9 PIT
2564.01 1023 923 784.99 PIT
2561.24 1023 923 785.08 PIT
2558.46 1023 923 785.17 PIT
2555.68 1023 923 785.26 PIT
2552.9 1023 923 785.35 PIT
2550.12 1023 923 785.44 PIT
2547.33 1023 923 785.53 PIT
2544.54 1023 923 785.62 PIT
2541.76 1023 923 785.71 PIT
2538.96 1023 923 785.8 PIT
2536.17 1023 923 785.89 PIT
2533.38 1023 923 785.98 PIT
2530.58 1023 923 786.07 PIT
2527.79 1023 923 786.16 PIT
2524.99 1023 923 786.25 PIT
2522.19 1023 923 786.34 PIT
2519.39 1023 923 786.43 PIT
2516.59 1023 923 786.52 PIT
2513.79 1023 923 786.61 PIT
2510.98 1023 923 786.7 PIT
2508.18 1023 923 786.79 PIT
2505.38 1023 923 786.88 PIT
2502.57 1023 923 786.97 PIT
2499.77 1023 923 787.06 PIT
2496.96 1023 923 787.15 PIT
2494.15 1023 923 787.24 PIT
2491.35 1023 923 787.33 PIT
2488.54 1023 923 787.42 PIT
2485.74 1023 923 787.51 PIT
2482.93 1023 923 787.6 PIT
2480.12 1023 923 787.69 PIT
2477.32 1023 923 787.78 PIT
2474.51 1023 923 787.87 PIT
2471.71 1023 923 787.96 PIT
2468.9 1023 923 788.05 PIT
2466.1 1023 923 788.14 PIT
2463.3 1023 923 788.23 PIT
2460.49 1023 923 788.32 PIT
2457.69 1023 923 788.41 PIT
2454.89 1023 923 788.5 PIT
2452.09 1023 923 788.59 PIT
2449.29 1023 923 788.68 PIT
2446.5 1023 923 788.77 PIT
2443.7 1023 923 788.86 PIT
2440.9 1023 923 788.95 PIT
2438.11 1023 923 789.04 PIT
2435.32 1023 923 789.13 PIT
2432.53 1023 923 789.22 PIT
2429.74 1023 923 789.31 PIT
2426.95 1023 923 789.4 PIT
2424.17 1023 923 789.49 PIT
2421.39 1023 923 789.58 PIT
2418.6 1023 923 789.67 PIT
2415.83 1023 923 789.76 PIT
2413.05 1023 923 789.85 PIT
2410.28 1023 923 789.94 PIT
2407.5 1023 923 790.03 PIT
2404.73 1023 923 790.12 PIT
2401.97 1023 923 790.21 PIT
2399.2 1023 923 790.3 PIT
2396.44 1023 923 790.39 PIT
2393.68 1023 923 790.48 PIT
2390.93 1023 923 790.57 PIT
2388.18 1023 923 790.66 PIT
2385.43 1023 923 790.75 PIT
2382.68 1023 923 790.84 PIT
2379.94 1023 923 790.93 PIT
2377.2 1023 923 791.02 PIT
2374.46 1023 923 791.11 PIT
2371.73 1023 923 791.2 PIT
2369 1023 923 791.29 PIT
2366.27 1023 923 791.38 PIT
2363.55 1023 923 791.47 PIT
2360.84 1023 923 791.56 PIT
2358.12 1023 923 791.65 PIT
2355.41 1023 923 791.74 PIT
2352.71 1023 923 791.83 PIT
2350.01 1023 923 791.92 PIT
2347.31 1023 923 792.01 PIT
2344.62 1023 923 792.1 PIT
2341.93 1023 923 792.19 PIT
2339.24 1023 923 792.28 PIT
2336.57 1023 923 792.37 PIT
2333.89 1023 923 792.46 PIT
2331.22 1023 923 792.55 PIT
2328.56 1023 923 792.64 PIT
2325.9 1023 923 792.73 PIT
2323.25 1023 923 792.82 PIT
2320.6 1023 923 792.91 PIT
2317.95 1023 923 793 PIT
2315.31 1023 923 793.09 PIT
2312.68 1023 923 793.18 PIT
2310.05 1023 923 793.27 PIT
2307.43 1023 923 793.36 PIT
2304.82 1023 923 793.45 PIT
2302.21 1023 923 793.54 PIT
2299.6 1023 923 793.63 PIT
2297 1023 923 793.72 PIT
2294.41 1023 923 793.81 PIT
2291.82 1023 923 793.9 PIT
2289.24 1023 923 793.99 PIT
2286.67 1023 923 794.08 PIT
2284.1 1023 923 794.17 PIT
2281.54 1023 923 794.26 PIT
2278.99 1023 923 794.35 PIT
2276.44 1023 923 794.44 PIT
2273.9 1023 923 794.53 PIT
2271.37 1023 923 794.62 PIT
2268.84 1023 923 794.71 PIT
2266.32 1023 923 794.8 PIT
2263.81 1023 923 794.89 PIT
2261.3 1023 923 794.98 PIT
2258.8 1023 923 795.07 PIT
2256.31 1023 923 795.16 PIT
2253.83 1023 923 795.25 PIT
2251.35 1023 923 795.34 PIT
2248.88 1023 923 795.43 PIT
2246.42 1023 923 795.52 PIT
2243.97 1023 923 795.61 PIT
2241.52 1023 923 795.7 PIT
2239.09 1023 923 795.79 PIT
2236.66 1023 923 795.88 PIT
2234.24 1023 923 795.97 PIT
2231.82 1023 923 796.06 PIT
2229.42 1023 923 796.15 PIT
2227.02 1023 923 796.24 PIT
2224.64 1023 923 796.33 PIT
2222.26 1023 923 796.42 PIT
2219.89 1023 923 796.51 PIT
2217.53 1023 923 796.6 PIT
2215.17 1023 923 796.69 PIT
2212.83 1023 923 796.78 PIT
2210.5 1023 923 796.87 PIT
2208.17 1023 923 796.96 PIT
2205.85 1023 923 797.05 PIT
2203.55 1023 923 797.14 PIT
2201.25 1023 923 797.23 PIT
2198.96 1023 923 797.32 PIT
2196.68 1023 923 797.41 PIT
2194.41 1023 923 797.5 PIT
2192.15 1023 923 797.59 PIT
2189.9 1023 923 797.68 PIT
2187.66 1023 923 797.77 PIT
2185.43 1023 923 797.86 PIT
2183.21 1023 923 797.95 PIT
2181 1023 923 798.04 PIT
2178.8 1023 923 798.13 PIT
2176.61 1023 923 798.22 PIT
2174.44 1023 923 798.31 PIT
2172.27 1023 923 798.4 PIT
2170.11 1023 923 798.49 PIT
2167.96 1023 923 798.58 PIT
2165.83 1023 923 798.67 PIT
2163.7 1023 923 798.76 PIT
2161.59 1023 923 798.85 PIT
2159.48 1023 923 798.94 PIT
2157.39 1023 923 799.03 PIT
2155.31 1023 923 799.12 PIT
2153.24 1023 923 799.21 PIT
2151.18 1023 923 799.3 PIT
2149.13 1023 923 799.39 PIT
2147.1 1023 923 799.48 PIT
2145.07 1023 923 799.57 PIT
2143.06 1023 923 799.66 PIT
2141.06 1023 923 799.75 PIT
2139.07 1023 923 799.84 PIT
2137.1 1023 923 799.93 PIT
2135.13 1023 923 800.02 PIT
2133.18 1023 923 800.11 PIT
2131.24 1023 923 800.2 PIT
2129.31 1023 923 800.29 PIT
2127.39 1023 923 800.38 PIT
2125.49 1023 923 800.47 PIT
2123.6 1023 923 800.56 PIT
2121.72 1023 923 800.65 PIT
2119.85 1023 923 800.74 PIT
2117.99 1023 923 800.83 PIT
2116.15 1023 923 800.92 PIT
2114.31 1023 923 801.01 PIT
2112.49 1023 923 801.1 PIT
2110.68 1023 923 801.19 PIT
2108.89 1023 923 801.28 PIT
2107.1 1023 923 801.37 PIT
2105.33 1023 923 801.46 PIT
2103.56 1023 923 801.55 PIT
2101.81 1023 923 801.64 PIT
2100.07 1023 923 801.73 PIT
2098.35 1023 923 801.82 PIT
2096.63 1023 923 801.91 PIT
2094.92 1023 923 802 PIT
2093.23 1023 923 802.09 PIT
2091.55 1023 923 802.18 PIT
2089.88 1023 923 802.27 PIT
2088.22 1023 923 802.36 PIT
2086.57 1023 923 802.45 PIT
2084.94 1023 923 802.54 PIT
2083.31 1023 923 802.63 PIT
2081.7 1023 923 802.72 PIT
2080.09 1023 923 802.81 PIT
2078.5 1023 923 802.9 PIT
2076.92 1023 923 802.99 PIT
2075.35 1023 923 803.08 PIT
2073.79 1023 923 803.17 PIT
2072.25 1023 923 803.26 PIT
2070.71 1023 923 803.35 PIT
2069.19 1023 923 803.44 PIT
2067.67 1023 923 803.53 PIT
2066.17 1023 923 803.62 PIT
2064.68 1023 923 803.71 PIT
2063.2 1023 923 803.8 PIT
2061.73 1023 923 803.89 PIT
2060.27 1023 923 803.98 PIT
2058.82 1023 923 804.07 PIT
2057.38 1023 923 804.16 PIT
2055.95 1023 923 804.25 PIT
2054.54 1023 923 804.34 PIT
2053.13 1023 923 804.43 PIT
2051.74 1023 923 804.52 PIT
2050.35 1023 923 804.61 PIT
2048.98 1023 923 804.7 PIT
2047.62 1023 923 804.79 PIT
2046.26 1023 923 804.88 PIT
2044.92 1023 923 804.97 PIT
2043.59 1023 923 805.06 PIT
2042.27 1023 923 805.15 PIT
2040.96 1023 923 805.24 PIT
2039.66 1023 923 805.33 PIT
2038.37 1023 923 805.42 PIT
2037.09 1023 923 805.51 PIT
2035.82 1023 923 805.6 PIT
2034.56 1023 923 805.69 PIT
2033.32 1023 923 805.78 PIT
2032.08 1023 923 805.87 PIT
2030.85 1023 923 805.96 PIT
2029.63 1023 923 806.05 PIT
2028.42 1023 923 806.14 PIT
2027.23 1023 923 806.23 PIT
2026.04 1023 923 806.32 PIT
2024.86 1023 923 806.41 PIT
2023.69 1023 923 806.5 PIT
2022.54 1023 923 806.59 PIT
2021.39 1023 923 806.68 PIT
2020.25 1023 923 806.77 PIT
2019.12 1023 923 806.86 PIT
2018.01 1023 923 806.95 PIT
2016.9 1023 923 807.04 PIT
2015.8 1023 923 807.13 PIT
2014.71 1023 923 807.22 PIT
2013.63 1023 923 807.31 PIT
2012.57 1023 923 807.4 PIT
2011.51 1023 923 807.49 PIT
2010.46 1023 923 807.58 PIT
2009.42 1023 923 807.67 PIT
2008.39 1023 923 807.76 PIT
2007.37 1023 923 807.85 PIT
2006.36 1023 923 807.94 PIT
2005.36 1023 923 808.03 PIT
2004.36 1023 923 808.12 PIT
2003.38 1023 923 808.21 PIT
2002.41 1023 923 808.3 PIT
2001.44 1023 923 808.39 PIT
2000.49 1023 923 808.48 PIT
1999.55 1023 923 808.57 PIT
1998.61 1023 923 808.66 PIT
1997.68 1023 923 808.75 PIT
1996.77 1023 923 808.84 PIT
1995.86 1023 923 808.93 PIT
1994.96 1023 923 809.02 PIT
1994.07 1023 923 809.11 PIT
1993.19 1023 923 809.2 PIT
1992.32 1023 923 809.29 PIT
1991.46 1023 923 809.38 PIT
1990.61 1023 923 809.47 PIT
1989.76 1023 923 809.56 PIT
1988.93 1023 923 809.65 PIT
1988.1 1023 923 809.74 PIT
1987.28 1023 923 809.83 PIT
1986.48 1023 923 809.92 PIT
1985.68 1023 923 810.01 PIT
1984.89 1023 923 810.1 PIT
1984.11 1023 923 810.19 PIT
1983.33 1023 923 810.28 PIT
1982.57 1023 923 810.37 PIT
1981.81 1023 923 810.46 PIT
1981.07 1023 923 810.55 PIT
1980.33 1023 923 810.64 PIT
1979.6 1023 923 810.73 PIT
1978.88 1023 923 810.82 PIT
1978.17 1023 923 810.91 PIT
1977.47 1023 923 811 PIT
1976.77 1023 923 811.09 PIT
1976.08 1023 923 811.18 PIT
1975.41 1023 923 811.27 PIT
1974.74 1023 923 811.36 PIT
1974.08 1023 923 811.45 PIT
1973.42 1023 923 811.54 PIT
1972.78 1023 923 811.63 PIT
1972.14 1023 923 811.72 PIT
1971.52 1023 923 811.81 PIT
1970.9 1023 923 811.9 PIT
1970.29 1023 923 811.99 PIT
1969.68 1023 923 812.08 PIT
1969.09 1023 923 812.17 PIT
1968.5 1023 923 812.26 PIT
1967.92 1023 923 812.35 PIT
1967.35 1023 923 812.44 PIT
1966.79 1023 923 812.53 PIT
1966.24 1023 923 812.62 PIT
1965.69 1023 923 812.71 PIT
1965.15 1023 923 812.8 PIT
1964.62 1023 923 812.89 PIT
1964.1 1023 923 812.98 PIT
1963.58 1023 923 813.07 PIT
1963.08 1023 923 813.16 PIT
1962.58 1023 923 813.25 PIT
1962.09 1023 923 813.34 PIT
1961.61 1023 923 813.43 PIT
1961.13 1023 923 813.52 PIT
1960.66 1023 923 813.61 PIT
1960.2 1023 923 813.7 PIT
1959.75 1023 923 813.79 PIT
1959.3 1023 923 813.88 PIT
1958.87 1023 923 813.97 PIT
1958.44 1023 923 814.06 PIT
1958.02 1023 923 814.15 PIT
1957.6 1023 923 814.24 PIT
1957.19 1023 923 814.33 PIT
1956.79 1023 923 814.42 PIT
1956.4 1023 923 814.51 PIT
1956.02 1023 923 814.6 PIT
1955.64 1023 923 814.69 PIT
1955.27 1023 923 814.78 PIT
1954.91 1023 923 814.87 PIT
1954.55 1023 923 814.96 PIT
1954.2 1023 923 815.05 PIT
1953.86 1023 923 815.14 PIT
1953.53 1023 923 815.23 PIT
1953.2 1023 923 815.32 PIT
1952.88 1023 923 815.41 PIT
1952.57 1023 923 815.5 PIT
1952.26 1023 923 815.59 PIT
1951.96 1023 923 815.68 PIT
1951.67 1023 923 815.77 PIT
1951.39 1023 923 815.86 PIT
1951.11 1023 923 815.95 PIT
1950.84 1023 923 816.04 PIT
1950.57 1023 923 816.13 PIT
1950.32 1023 923 816.22 PIT
1950.07 1023 923 816.31 PIT
1949.82 1023 923 816.4 PIT
1949.59 1023 923 816.49 PIT
1949.36 1023 923 816.58 PIT
1949.13 1023 923 816.67 PIT
1948.92 1023 923 816.76 PIT
1948.71 1023 923 816.85 PIT
1948.5 1023 923 816.94 PIT
1948.31 1023 923 817.03 PIT
1948.12 1023 923 817.12 PIT
1947.93 1023 923 817.21 PIT
1947.76 1023 923 817.3 PIT
1947.59 1023 923 817.39 PIT
1947.42 1023 923 817.48 PIT
1947.27 1023 923 817.57 PIT
1947.11 1023 923 817.66 PIT
1946.97 1023 923 817.75 PIT
1946.83 1023 923 817.84 PIT
1946.7 1023 923 817.93 PIT
1946.57 1023 923 818.02 PIT
1946.45 1023 923 818.11 PIT
1946.34 1023 923 818.2 PIT
1946.23 1023 923 818.29 PIT
1946.13 1023 923 818.38 PIT
1946.04 1023 923 818.47 PIT
1945.95 1023 923 818.56 PIT
1945.86 1023 923 818.65 PIT
1945.79 1023 923 818.74 PIT
1945.72 1023 923 818.83 PIT
1945.65 1023 923 818.92 PIT
1945.59 1023 923 819.01 PIT
1945.54 1023 923 819.1 PIT
1945.49 1023 923 819.19 PIT
1945.45 1023 923 819.28 PIT
1945.42 1023 923 819.37 PIT
1945.39 1023 923 819.46 PIT
1945.36 1023 923 819.55 PIT
1945.34 1023 923 819.64 PIT
1945.33 1023 923 819.73 PIT
1945.32 1023 923 819.82 PIT
1945.32 1023 923 819.91 PIT
1945.33 1023 923 820 PIT
1945.34 1023 923 820.09 PIT
1945.35 1023 923 820.18 PIT
1945.37 1023 923 820.27 PIT
1945.4 1023 923 820.36 PIT
1945.43 1023 923 820.45 PIT
1945.47 1023 923 820.54 PIT
1945.51 1023 923 820.63 PIT
1945.56 1023 923 820.72 PIT
1945.62 1023 923 820.81 PIT
1945.68 1023 923 820.9 PIT
1945.74 1023 923 820.99 PIT
1945.81 1023 923 821.08 PIT
1945.89 1023 923 821.17 PIT
1945.97 1023 923 821.26 PIT
1946.05 1023 923 821.35 PIT
1946.14 1023 923 821.44 PIT
1946.24 1023 923 821.53 PIT
1946.34 1023 923 821.62 PIT
1946.44 1023 923 821.71 PIT
1946.55 1023 923 821.8 PIT
1946.67 1023 923 821.89 PIT
1946.79 1023 923 821.98 PIT
1946.92 1023 923 822.07 PIT
1947.05 1023 923 822.16 PIT
1947.18 1023 923 822.25 PIT
1947.32 1023 923 822.34 PIT
1947.47 1023 923 822.43 PIT
1947.62 1023 923 822.52 PIT
1947.77 1023 923 822.61 PIT
1947.93 1023 923 822.7 PIT
1948.1 1023 923 822.79 PIT
1948.27 1023 923 822.88 PIT
1948.44 1023 923 822.97 PIT
1948.62 1023 923 823.06 PIT
1948.8 1023 923 823.15 PIT
1948.99 1023 923 823.24 PIT
1949.18 1023 923 823.33 PIT
1949.38 1023 923 823.42 PIT
1949.58 1023 923 823.51 PIT
1949.78 1023 923 823.6 PIT
1949.99 1023 923 823.69 PIT
1950.21 1023 923 823.78 PIT
1950.43 1023 923 823.87 PIT
1950.65 1023 923 823.96 PIT
1950.88 1023 923 824.05 PIT
1951.11 1023 923 824.14 PIT
1951.34 1023 923 824.23 PIT
1951.58 1023 923 824.32 PIT
1951.83 1023 923 824.41 PIT
1952.08 1023 923 824.5 PIT
1952.33 1023 923 824.59 PIT
1952.59 1023 923 824.68 PIT
1952.85 1023 923 824.77 PIT
1953.11 1023 923 824.86 PIT
1953.38 1023 923 824.95 PIT
1953.65 1023 923 825.04 PIT
1953.93 1023 923 825.13 PIT
1954.21 1023 923 825.22 PIT
1954.49 1023 923 825.31 PIT
1954.78 1023 923 825.4 PIT
1955.07 1023 923 825.49 PIT
1955.37 1023 923 825.58 PIT
1955.67 1023 923 825.67 PIT
1955.97 1023 923 825.76 PIT
1956.28 1023 923 825.85 PIT
1956.59 1023 923 825.94 PIT
1956.91 1023 923 826.03 PIT
1957.22 1023 923 826.12 PIT
1957.55 1023 923 826.21 PIT
1957.87 1023 923 826.3 PIT
1958.2 1023 923 826.39 PIT
1958.53 1023 923 826.48 PIT
1958.87 1023 923 826.57 PIT
1959.21 1023 923 826.66 PIT
1959.55 1023 923 826.75 PIT
1959.9 1023 923 826.84 PIT
1960.24 1023 923 826.93 PIT
1960.6 1023 923 827.02 PIT
1960.95 1023 923 827.11 PIT
1961.31 1023 923 827.2 PIT
1961.68 1023 923 827.29 PIT
1962.04 1023 923 827.38 PIT
1962.41 1023 923 827.47 PIT
1962.78 1023 923 827.56 PIT
1963.16 1023 923 827.65 PIT
1963.54 1023 923 827.74 PIT
1963.92 1023 923 827.83 PIT
1964.3 1023 923 827.92 PIT
1964.69 1023 923 828.01 PIT
1965.08 1023 923 828.1 PIT
1965.47 1023 923 828.19 PIT
1965.87 1023 923 828.28 PIT
1966.27 1023 923 828.37 PIT
1966.67 1023 923 828.46 PIT
1967.08 1023 923 828.55 PIT
1967.48 1023 923 828.64 PIT
1967.89 1023 923 828.73 PIT
1968.31 1023 923 828.82 PIT
1968.72 1023 923 828.91 PIT
1969.14 1023 923 829 PIT
1969.56 1023 923 829.09 PIT
1969.99 1023 923 829.18 PIT
1970.41 1023 923 829.27 PIT
1970.84 1023 923 829.36 PIT
1971.27 1023 923 829.45 PIT
1971.71 1023 923 829.54 PIT
1972.15 1023 923 829.63 PIT
1972.58 1023 923 829.72 PIT
1973.03 1023 923 829.81 PIT
1973.47 1023 923 829.9 PIT
1973.92 1023 923 829.99 PIT
1974.36 1023 923 830.08 PIT
1974.82 1023 923 830.17 PIT
1975.27 1023 923 830.26 PIT
1975.72 1023 923 830.35 PIT
1976.18 1023 923 830.44 PIT
1976.64 1023 923 830.53 PIT
1977.1 1023 923 830.62 PIT
1977.57 1023 923 830.71 PIT
1978.03 1023 923 830.8 PIT
1978.5 1023 923 830.89 PIT
1978.97 1023 923 830.98 PIT
1979.45 1023 923 831.07 PIT
1979.92 1023 923 831.16 PIT
1980.4 1023 923 831.25 PIT
1980.87 1023 923 831.34 PIT
1981.35 1023 923 831.43 PIT
1981.84 1023 923 831.52 PIT
1982.32 1023 923 831.61 PIT
1982.81 1023 923 831.7 PIT
1983.29 1023 923 831.79 PIT
1983.78 1023 923 831.88 PIT
1984.27 1023 923 831.97 PIT
1984.77 1023 923 832.06 PIT
1985.26 1023 923 832.15 PIT
1985.76 1023 923 832.24 PIT
1986.25 1023 923 832.33 PIT
1986.75 1023 923 832.42 PIT
1987.25 1023 923 832.51 PIT
1987.76 1023 923 832.6 PIT
1988.26 1023 923 832.69 PIT
1988.76 1023 923 832.78 PIT
1989.27 1023 923 832.87 PIT
1989.78 1023 923 832.96 PIT
1990.29 1023 923 833.05 PIT
1990.8 1023 923 833.14 PIT
1991.31 1023 923 833.23 PIT
1991.82 1023 923 833.32 PIT
1992.34 1023 923 833.41 PIT
1992.85 1023 923 833.5 PIT
1993.37 1023 923 833.59 PIT
1993.89 1023 923 833.68 PIT
1994.41 1023 923 833.77 PIT
1994.93 1023 923 833.86 PIT
1995.45 1023 923 833.95 PIT
1995.97 1023 923 834.04 PIT
1996.49 1023 923 834.13 PIT
1997.02 1023 923 834.22 PIT
1997.54 1023 923 834.31 PIT
1998.07 1023 923 834.4 PIT
1998.6 1023 923 834.49 PIT
1999.12 1023 923 834.58 PIT
1999.65 1023 923 834.67 PIT
2000.18 1023 923 834.76 PIT
2000.71 1023 923 834.85 PIT
2001.24 1023 923 834.94 PIT
2001.78 1023 923 835.03 PIT
2002.31 1023 923 835.12 PIT
2002.84 1023 923 835.21 PIT
2003.38 1023 923 835.3 PIT
2003.91 1023 923 835.39 PIT
2004.45 1023 923 835.48 PIT
2004.98 1023 923 835.57 PIT
2005.52 1023 923 835.66 PIT
2006.05 1023 923 835.75 PIT
2006.59 1023 923 835.84 PIT
2007.13 1023 923 835.93 PIT
2007.67 1023 923 836.02 PIT
2008.2 1023 923 836.11 PIT
2008.74 1023 923 836.2 PIT
2009.28 1023 923 836.29 PIT
2009.82 1023 923 836.38 PIT
2010.36 1023 923 836.47 PIT
2010.9 1023 923 836.56 PIT
2011.44 1023 923 836.65 PIT
2011.98 1023 923 836.74 PIT
2012.52 1023 923 836.83 PIT
2013.06 1023 923 836.92 PIT
2013.6 1023 923 837.01 PIT
2014.14 1023 923 837.1 PIT
2014.68 1023 923 837.19 PIT
2015.22 1023 923 837.28 PIT
2015.76 1023 923 837.37 PIT
2016.3 1023 923 837.46 PIT
2016.84 1023 923 837.55 PIT
2017.38 1023 923 837.64 PIT
2017.92 1023 923 837.73 PIT
2018.46 1023 923 837.82 PIT
2019 1023 923 837.91 PIT
2019.54 1023 923 838 PIT
2020.08 1023 923 838.09 PIT
2020.62 1023 923 838.18 PIT
2021.15 1023 923 838.27 PIT
2021.69 1023 923 838.36 PIT
2022.23 1023 923 838.45 PIT
2022.77 1023 923 838.54 PIT
2023.3 1023 923 838.63 PIT
2023.84 1023 923 838.72 PIT
2024.37 1023 923 838.81 PIT
2024.91 1023 923 838.9 PIT
2025.44 1023 923 838.99 PIT
2025.98 1023 923 839.08 PIT
2026.51 1023 923 839.17 PIT
2027.04 1023 923 839.26 PIT
2027.58 1023 923 839.35 PIT
2028.11 1023 923 839.44 PIT
2028.64 1023 923 839.53 PIT
2029.17 1023 923 839.62 PIT
2029.7 1023 923 839.71 PIT
2030.22 1023 923 839.8 PIT
2030.75 1023 923 839.89 PIT
2031.28 1023 923 839.98 PIT
2031.8 1023 923 840.07 PIT
2032.33 1023 923 840.16 PIT
2032.85 1023 923 840.25 PIT
2033.37 1023 923 840.34 PIT
2033.89 1023 923 840.43 PIT
2034.41 1023 923 840.52 PIT
2034.93 1023 923 840.61 PIT
2035.45 1023 923 840.7 PIT
2035.97 1023 923 840.79 PIT
2036.49 1023 923 840.88 PIT
2037 1023 923 840.97 PIT
2037.52 1023 923 841.06 PIT
2038.03 1023 923 841.15 PIT
2038.55 1023 923 841.24 PIT
2039.06 1023 923 841.33 PIT
2039.57 1023 923 841.42 PIT
2040.08 1023 923 841.51 PIT
2040.59 1023 923 841.6 PIT
2041.1 1023 923 841.69 PIT
2041.61 1023 923 841.78 PIT
2042.12 1023 923 841.87 PIT
2042.62 1023 923 841.96 PIT
2043.13 1023 923 842.05 PIT
2043.63 1023 923 842.14 PIT
2044.14 1023 923 842.23 PIT
2044.64 1023 923 842.32 PIT
2045.14 1023 923 842.41 PIT
2045.65 1023 923 842.5 PIT
2046.15 1023 923 842.59 PIT
2046.65 1023 923 842.68 PIT
2047.14 1023 923 842.77 PIT
2047.64 1023 923 842.86 PIT
2048.14 1023 923 842.95 PIT
2048.64 1023 923 843.04 PIT
2049.13 1023 923 843.13 PIT
2049.63 1023 923 843.22 PIT
2050.12 1023 923 843.31 PIT
2050.62 1023 923 843.4 PIT
2051.11 1023 923 843.49 PIT
2051.6 1023 923 843.58 PIT
2052.09 1023 923 843.67 PIT
2052.58 1023 923 843.76 PIT
2053.07 1023 923 843.85 PIT
2053.56 1023 923 843.94 PIT
2054.05 1023 923 844.03 PIT
2054.53 1023 923 844.12 PIT
2055.02 1023 923 844.21 PIT
2055.51 1023 923 844.3 PIT
2055.99 1023 923 844.39 PIT
2056.48 1023 923 844.48 PIT
2056.96 1023 923 844.57 PIT
2057.44 1023 923 844.66 PIT
2057.92 1023 923 844.75 PIT
2058.4 1023 923 844.84 PIT
2058.88 1023 923 844.93 PIT
2059.36 1023 923 845.02 PIT
2059.84 1023 923 845.11 PIT
2060.32 1023 923 845.2 PIT
2060.8 1023 923 845.29 PIT
2061.28 1023 923 845.38 PIT
2061.75 1023 923 845.47 PIT
2062.23 1023 923 845.56 PIT
2062.7 1023 923 845.65 PIT
2063.18 1023 923 845.74 PIT
2063.65 1023 923 845.83 PIT
2064.12 1023 923 845.92 PIT
2064.59 1023 923 846.01 PIT
2065.07 1023 923 846.1 PIT
2065.54 1023 923 846.19 PIT
2066.01 1023 923 846.28 PIT
2066.48 1023 923 846.37 PIT
2066.94 1023 923 846.46 PIT
2067.41 1023 923 846.55 PIT
2067.88 1023 923 846.64 PIT
2068.35 1023 923 846.73 PIT
2068.81 1023 923 846.82 PIT
2069.28 1023 923 846.91 PIT
2069.74 1023 923 847 PIT
2070.21 1023 923 847.09 PIT
2070.67 1023 923 847.18 PIT
2071.13 1023 923 847.27 PIT
2071.59 1023 923 847.36 PIT
2072.06 1023 923 847.45 PIT
2072.52 1023 923 847.54 PIT
2072.98 1023 923 847.63 PIT
2073.44 1023 923 847.72 PIT
2073.9 1023 923 847.81 PIT
2074.35 1023 923 847.9 PIT
2074.81 1023 923 847.99 PIT
2075.27 1023 923 848.08 PIT
2075.73 1023 923 848.17 PIT
2076.18 1023 923 848.26 PIT
2076.64 1023 923 848.35 PIT
2077.09 1023 923 848.44 PIT
2077.55 1023 923 848.53 PIT
2078 1023 923 848.62 PIT
2078.45 1023 923 848.71 PIT
2078.9 1023 923 848.8 PIT
2079.36 1023 923 848.89 PIT
2079.81 1023 923 848.98 PIT
2080.26 1023 923 849.07 PIT
2080.71 1023 923 849.16 PIT
2081.16 1023 923 849.25 PIT
2081.61 1023 923 849.34 PIT
2082.06 1023 923 849.43 PIT
2082.5 1023 923 849.52 PIT
2082.95 1023 923 849.61 PIT
2083.4 1023 923 849.7 PIT
2083.85 1023 923 849.79 PIT
2084.29 1023 923 849.88 PIT
2084.74 1023 923 849.97 PIT
2085.18 1023 923 850.06 PIT
2085.63 1023 923 850.15 PIT
2086.07 1023 923 850.24 PIT
2086.51 1023 923 850.33 PIT
2086.96 1023 923 850.42 PIT
2087.4 1023 923 850.51 PIT
2087.84 1023 923 850.6 PIT
2088.28 1023 923 850.69 PIT
2088.72 1023 923 850.78 PIT
2089.16 1023 923 850.87 PIT
2089.6 1023 923 850.96 PIT
2090.04 1023 923 851.05 PIT
2090.48 1023 923 851.14 PIT
2090.92 1023 923 851.23 PIT
2091.36 1023 923 851.32 PIT
2091.8 1023 923 851.41 PIT
2092.23 1023 923 851.5 PIT
2092.67 1023 923 851.59 PIT
2093.11 1023 923 851.68 PIT
2093.54 1023 923 851.77 PIT
2093.98 1023 923 851.86 PIT
2094.41 1023 923 851.95 PIT
2094.85 1023 923 852.04 PIT
2095.28 1023 923 852.13 PIT
2095.71 1023 923 852.22 PIT
2096.15 1023 923 852.31 PIT
2096.58 1023 923 852.4 PIT
2097.01 1023 923 852.49 PIT
2097.44 1023 923 852.58 PIT
2097.87 1023 923 852.67 PIT
2098.31 1023 923 852.76 PIT
2098.74 1023 923 852.85 PIT
2099.17 1023 923 852.94 PIT
2099.6 1023 923 853.03 PIT
2100.03 1023 923 853.12 PIT
2100.45 1023 923 853.21 PIT
2100.88 1023 923 853.3 PIT
2101.31 1023 923 853.39 PIT
2101.74 1023 923 853.48 PIT
2102.17 1023 923 853.57 PIT
2102.59 1023 923 853.66 PIT
2103.02 1023 923 853.75 PIT
2103.45 1023 923 853.84 PIT
2103.87 1023 923 853.93 PIT
2104.3 1023 923 854.02 PIT
2104.72 1023 923 854.11 PIT
2105.15 1023 923 854.2 PIT
2105.57 1023 923 854.29 PIT
2106 1023 923 854.38 PIT
2106.42 1023 923 854.47 PIT
2106.85 1023 923 854.56 PIT
2107.27 1023 923 854.65 PIT
2107.69 1023 923 854.74 PIT
2108.11 1023 923 854.83 PIT
2108.54 1023 923 854.92 PIT
2108.96 1023 923 855.01 PIT
2109.38 1023 923 855.1 PIT
2109.8 1023 923 855.19 PIT
2110.22 1023 923 855.28 PIT
2110.64 1023 923 855.37 PIT
2111.06 1023 923 855.46 PIT
2111.48 1023 923 855.55 PIT
2111.9 1023 923 855.64 PIT
2112.32 1023 923 855.73 PIT
2112.74 1023 923 855.82 PIT
2113.16 1023 923 855.91 PIT
2113.58 1023 923 856 PIT
2114 1023 923 856.09 PIT
2114.42 1023 923 856.18 PIT
2114.84 1023 923 856.27 PIT
2115.25 1023 923 856.36 PIT
2115.67 1023 923 856.45 PIT
2116.09 1023 923 856.54 PIT
2116.51 1023 923 856.63 PIT
2116.92 1023 923 856.72 PIT
2117.34 1023 923 856.81 PIT
2117.76 1023 923 856.9 PIT
2118.17 1023 923 856.99 PIT
2118.59 1023 923 857.08 PIT
2119 1023 923 857.17 PIT
2119.42 1023 923 857.26 PIT
2119.83 1023 923 857.35 PIT
2120.25 1023 923 857.44 PIT
2120.66 1023 923 857.53 PIT
2121.08 1023 923 857.62 PIT
2121.49 1023 923 857.71 PIT
2121.91 1023 923 857.8 PIT
2122.32 1023 923 857.89 PIT
2122.73 1023 923 857.98 PIT
2123.15 1023 923 858.07 PIT
2123.56 1023 923 858.16 PIT
2123.97 1023 923 858.25 PIT
2124.39 1023 923 858.34 PIT
2124.8 1023 923 858.43 PIT
2125.21 1023 923 858.52 PIT
2125.62 1023 923 858.61 PIT
2126.04 1023 923 858.7 PIT
2126.45 1023 923 858.79 PIT
2126.86 1023 923 858.88 PIT
2127.27 1023 923 858.97 PIT
2127.68 1023 923 859.06 PIT
2128.1 1023 923 859.15 PIT
2128.51 1023 923 859.24 PIT
2128.92 1023 923 859.33 PIT
2129.33 1023 923 859.42 PIT
2129.74 1023 923 859.51 PIT
2130.15 1023 923 859.6 PIT
2130.56 1023 923 859.69 PIT
2130.97 1023 923 859.78 PIT
2131.38 1023 923 859.87 PIT
2131.79 1023 923 859.96 PIT
2132.2 1023 923 860.05 PIT
2132.61 1023 923 860.14 PIT
2133.02 1023 923 860.23 PIT
2133.43 1023 923 860.32 PIT
2133.84 1023 923 860.41 PIT
2134.25 1023 923 860.5 PIT
2134.66 1023 923 860.59 PIT
2135.07 1023 923 860.68 PIT
2135.48 1023 923 860.77 PIT
2135.89 1023 923 860.86 PIT
2136.3 1023 923 860.95 PIT
2136.71 1023 923 861.04 PIT
2137.12 1023 923 861.13 PIT
2137.53 1023 923 861.22 PIT
2137.94 1023 923 861.31 PIT
2138.35 1023 923 861.4 PIT
2138.76 1023 923 861.49 PIT
2139.17 1023 923 861.58 PIT
2139.57 1023 923 861.67 PIT
2139.98 1023 923 861.76 PIT
2140.39 1023 923 861.85 PIT
2140.8 1023 923 861.94 PIT
2141.21 1023 923 862.03 PIT
2141.62 1023 923 862.12 PIT
2142.03 1023 923 862.21 PIT
2142.44 1023 923 862.3 PIT
2142.85 1023 923 862.39 PIT
2143.25 1023 923 862.48 PIT
2143.66 1023 923 862.57 PIT
2144.07 1023 923 862.66 PIT
2144.48 1023 923 862.75 PIT
2144.89 1023 923 862.84 PIT
2145.3 1023 923 862.93 PIT
2145.71 1023 923 863.02 PIT
2146.12 1023 923 863.11 PIT
2146.53 1023 923 863.2 PIT
2146.93 1023 923 863.29 PIT
2147.34 1023 923 863.38 PIT
2147.75 1023 923 863.47 PIT
2148.16 1023 923 863.56 PIT
2148.57 1023 923 863.65 PIT
2148.98 1023 923 863.74 PIT
2149.39 1023 923 863.83 PIT
2149.8 1023 923 863.92 PIT
2150.21 1023 923 864.01 PIT
2150.62 1023 923 864.1 PIT
2151.03 1023 923 864.19 PIT
2151.43 1023 923 864.28 PIT
2151.84 1023 923 864.37 PIT
2152.25 1023 923 864.46 PIT
2152.66 1023 923 864.55 PIT
2153.07 1023 923 864.64 PIT
2153.48 1023 923 864.73 PIT
2153.89 1023 923 864.82 PIT
2154.3 1023 923 864.91 PIT
2154.71 1023 923 865 PIT
2155.12 1023 923 865.09 PIT
2155.53 1023 923 865.18 PIT
2155.94 1023 923 865.27 PIT
2156.35 1023 923 865.36 PIT
2156.77 1023 923 865.45 PIT
2157.18 1023 923 865.54 PIT
2157.59 1023 923 865.63 PIT
2158 1023 923 865.72 PIT
2158.41 1023 923 865.81 PIT
2158.82 1023 923 865.9 PIT
2159.23 1023 923 865.99 PIT
2159.64 1023 923 866.08 PIT
2160.06 1023 923 866.17 PIT
2160.47 1023 923 866.26 PIT
2160.88 1023 923 866.35 PIT
2161.29 1023 923 866.44 PIT
2161.7 1023 923 866.53 PIT
2162.12 1023 923 866.62 PIT
2162.53 1023 923 866.71 PIT
2162.94 1023 923 866.8 PIT
2163.35 1023 923 866.89 PIT
2163.77 1023 923 866.98 PIT
2164.18 1023 923 867.07 PIT
2164.59 1023 923 867.16 PIT
2165.01 1023 923 867.25 PIT
2165.42 1023 923 867.34 PIT
2165.84 1023 923 867.43 PIT
2166.25 1023 923 867.52 PIT
2166.67 1023 923 867.61 PIT
2167.08 1023 923 867.7 PIT
2167.49 1023 923 867.79 PIT
2167.91 1023 923 867.88 PIT
2168.33 1023 923 867.97 PIT
2168.74 1023 923 868.06 PIT
2169.16 1023 923 868.15 PIT
2169.57 1023 923 868.24 PIT
2169.99 1023 923 868.33 PIT
2170.41 1023 923 868.42 PIT
2170.82 1023 923 868.51 PIT
2171.24 1023 923 868.6 PIT
2171.66 1023 923 868.69 PIT
2172.07 1023 923 868.78 PIT
2172.49 1023 923 868.87 PIT
2172.91 1023 923 868.96 PIT
2173.33 1023 923 869.05 PIT
2173.75 1023 923 869.14 PIT
2174.17 1023 923 869.23 PIT
2174.59 1023 923 869.32 PIT
2175 1023 923 869.41 PIT
2175.42 1023 923 869.5 PIT
2175.84 1023 923 869.59 PIT
2176.26 1023 923 869.68 PIT
2176.69 1023 923 869.77 PIT
2177.11 1023 923 869.86 PIT
2177.53 1023 923 869.95 PIT
2177.95 1023 923 870.04 PIT
2178.37 1023 923 870.13 PIT
2178.79 1023 923 870.22 PIT
2179.21 1023 923 870.31 PIT
2179.64 1023 923 870.4 PIT
2180.06 1023 923 870.49 PIT
2180.48 1023 923 870.58 PIT
2180.91 1023 923 870.67 PIT
2181.33 1023 923 870.76 PIT
2181.76 1023 923 870.85 PIT
2182.18 1023 923 870.94 PIT
2182.61 1023 923 871.03 PIT
2183.03 1023 923 871.12 PIT
2183.46 1023 923 871.21 PIT
2183.88 1023 923 871.3 PIT
2184.31 1023 923 871.39 PIT
2184.74 1023 923 871.48 PIT
2185.16 1023 923 871.57 PIT
2185.59 1023 923 871.66 PIT
2186.02 1023 923 871.75 PIT
2186.45 1023 923 871.84 PIT
2186.88 1023 923 871.93 PIT
2187.31 1023 923 872.02 PIT
2187.74 1023 923 872.11 PIT
2188.17 1023 923 872.2 PIT
2188.6 1023 923 872.29 PIT
2189.03 1023 923 872.38 PIT
2189.46 1023 923 872.47 PIT
2189.89 1023 923 872.56 PIT
2190.32 1023 923 872.65 PIT
2190.75 1023 923 872.74 PIT
2191.19 1023 923 872.83 PIT
2191.62 1023 923 872.92 PIT
2192.05 1023 923 873.01 PIT
2192.49 1023 923 873.1 PIT
2192.92 1023 923 873.19 PIT
2193.36 1023 923 873.28 PIT
2193.79 1023 923 873.37 PIT
2194.23 1023 923 873.46 PIT
2194.66 1023 923 873.55 PIT
2195.1 1023 923 873.64 PIT
2195.54 1023 923 873.73 PIT
2195.97 1023 923 873.82 PIT
2196.41 1023 923 873.91 PIT
2196.85 1023 923 874 PIT
2197.29 1023 923 874.09 PIT
2197.73 1023 923 874.18 PIT
2198.17 1023 923 874.27 PIT
2198.61 1023 923 874.36 PIT
2199.05 1023 923 874.45 PIT
2199.49 1023 923 874.54 PIT
2199.94 1023 923 874.63 PIT
2200.38 1023 923 874.72 PIT
2200.82 1023 923 874.81 PIT
2201.26 1023 923 874.9 PIT
2201.71 1023 923 874.99 PIT
2202.15 1023 923 875.08 PIT
2202.6 1023 923 875.17 PIT
2203.04 1023 923 875.26 PIT
2203.49 1023 923 875.35 PIT
2203.94 1023 923 875.44 PIT
2204.38 1023 923 875.53 PIT
2204.83 1023 923 875.62 PIT
2205.28 1023 923 875.71 PIT
2205.73 1023 923 875.8 PIT
2206.18 1023 923 875.89 PIT
2206.63 1023 923 875.98 PIT
2207.08 1023 923 876.07 PIT
2207.53 1023 923 876.16 PIT
2207.98 1023 923 876.25 PIT
2208.43 1023 923 876.34 PIT
2208.88 1023 923 876.43 PIT
2209.34 1023 923 876.52 PIT
2209.79 1023 923 876.61 PIT
2210.25 1023 923 876.7 PIT
2210.7 1023 923 876.79 PIT
2211.16 1023 923 876.88 PIT
2211.61 1023 923 876.97 PIT
2212.07 1023 923 877.06 PIT
2212.53 1023 923 877.15 PIT
2212.98 1023 923 877.24 PIT
2213.44 1023 923 877.33 PIT
2213.9 1023 923 877.42 PIT
2214.36 1023 923 877.51 PIT
2214.82 1023 923 877.6 PIT
2215.28 1023 923 877.69 PIT
2215.74 1023 923 877.78 PIT
2216.21 1023 923 877.87 PIT
2216.67 1023 923 877.96 PIT
2217.13 1023 923 878.05 PIT
2217.6 1023 923 878.14 PIT
2218.06 1023 923 878.23 PIT
2218.53 1023 923 878.32 PIT
2218.99 1023 923 878.41 PIT
2219.46 1023 923 878.5 PIT
2219.93 1023 923 878.59 PIT
2220.4 1023 923 878.68 PIT
2220.86 1023 923 878.77 PIT
2221.33 1023 923 878.86 PIT
2221.8 1023 923 878.95 PIT
2222.27 1023 923 879.04 PIT
2222.75 1023 923 879.13 PIT
2223.22 1023 923 879.22 PIT
2223.69 1023 923 879.31 PIT
2224.16 1023 923 879.4 PIT
2224.64 1023 923 879.49 PIT
2225.11 1023 923 879.58 PIT
2225.59 1023 923 879.67 PIT
2226.06 1023 923 879.76 PIT
2226.54 1023 923 879.85 PIT
2227.02 1023 923 879.94 PIT
2227.5 1023 923 880.03 PIT
2227.98 1023 923 880.12 PIT
2228.46 1023 923 880.21 PIT
2228.94 1023 923 880.3 PIT
2229.42 1023 923 880.39 PIT
2229.9 1023 923 880.48 PIT
2230.38 1023 923 880.57 PIT
2230.87 1023 923 880.66 PIT
2231.35 1023 923 880.75 PIT
2231.84 1023 923 880.84 PIT
2232.32 1023 923 880.93 PIT
2232.81 1023 923 881.02 PIT
2233.29 1023 923 881.11 PIT
2233.78 1023 923 881.2 PIT
2234.27 1023 923 881.29 PIT
2234.76 1023 923 881.38 PIT
2235.25 1023 923 881.47 PIT
2235.74 1023 923 881.56 PIT
2236.23 1023 923 881.65 PIT
2236.72 1023 923 881.74 PIT
2237.21 1023 923 881.83 PIT
2237.71 1023 923 881.92 PIT
2238.2 1023 923 882.01 PIT
2238.7 1023 923 882.1 PIT
2239.19 1023 923 882.19 PIT
2239.69 1023 923 882.28 PIT
2240.18 1023 923 882.37 PIT
2240.68 1023 923 882.46 PIT
2241.18 1023 923 882.55 PIT
2241.68 1023 923 882.64 PIT
2242.18 1023 923 882.73 PIT
2242.68 1023 923 882.82 PIT
2243.18 1023 923 882.91 PIT
2243.68 1023 923 883 PIT
2244.18 1023 923 883.09 PIT
2244.68 1023 923 883.18 PIT
2245.18 1023 923 883.27 PIT
2245.69 1023 923 883.36 PIT
2246.19 1023 923 883.45 PIT
2246.7 1023 923 883.54 PIT
2247.2 1023 923 883.63 PIT
2247.71 1023 923 883.72 PIT
2248.22 1023 923 883.81 PIT
2248.72 1023 923 883.9 PIT
2249.23 1023 923 883.99 PIT
2249.74 1023 923 884.08 PIT
2250.25 1023 923 884.17 PIT
2250.76 1023 923 884.26 PIT
2251.27 1023 923 884.35 PIT
2251.78 1023 923 884.44 PIT
2252.29 1023 923 884.53 PIT
2252.8 1023 923 884.62 PIT
2253.32 1023 923 884.71 PIT
2253.83 1023 923 884.8 PIT
2254.35 1023 923 884.89 PIT
2254.86 1023 923 884.98 PIT
2255.38 1023 923 885.07 PIT
2255.89 1023 923 885.16 PIT
2256.41 1023 923 885.25 PIT
2256.93 1023 923 885.34 PIT
2257.44 1023 923 885.43 PIT
2257.96 1023 923 885.52 PIT
2258.48 1023 923 885.61 PIT
2259 1023 923 885.7 PIT
2259.52 1023 923 885.79 PIT
2260.04 1023 923 885.88 PIT
2260.56 1023 923 885.97 PIT
2261.09 1023 923 886.06 PIT
2261.61 1023 923 886.15 PIT
2262.13 1023 923 886.24 PIT
2262.65 1023 923 886.33 PIT
2263.18 1023 923 886.42 PIT
2263.7 1023 923 886.51 PIT
2264.23 1023 923 886.6 PIT
2264.76 1023 923 886.69 PIT
2265.28 1023 923 886.78 PIT
2265.81 1023 923 886.87 PIT
2266.34 1023 923 886.96 PIT
2266.86 1023 923 887.05 PIT
2267.39 1023 923 887.14 PIT
2267.92 1023 923 887.23 PIT
2268.45 1023 923 887.32 PIT
2268.98 1023 923 887.41 PIT
2269.51 1023 923 887.5 PIT
2270.05 1023 923 887.59 PIT
2270.58 1023 923 887.68 PIT
2271.11 1023 923 887.77 PIT
2271.64 1023 923 887.86 PIT
2272.18 1023 923 887.95 PIT
2272.71 1023 923 888.04 PIT
2273.25 1023 923 888.13 PIT
2273.78 1023 923 888.22 PIT
2274.32 1023 923 888.31 PIT
2274.85 1023 923 888.4 PIT
2275.39 1023 923 888.49 PIT
2275.93 1023 923 888.58 PIT
2276.47 1023 923 888.67 PIT
2277 1023 923 888.76 PIT
2277.54 1023 923 888.85 PIT
2278.08 1023 923 888.94 PIT
2278.62 1023 923 889.03 PIT
2279.16 1023 923 889.12 PIT
2279.7 1023 923 889.21 PIT
2280.24 1023 923 889.3 PIT
2280.79 1023 923 889.39 PIT
2281.33 1023 923 889.48 PIT
2281.87 1023 923 889.57 PIT
2282.42 1023 923 889.66 PIT
2282.96 1023 923 889.75 PIT
2283.5 1023 923 889.84 PIT
2284.05 1023 923 889.93 PIT
2284.59 1023 923 890.02 PIT
2285.14 1023 923 890.11 PIT
2285.69 1023 923 890.2 PIT
2286.23 1023 923 890.29 PIT
2286.78 1023 923 890.38 PIT
2287.33 1023 923 890.47 PIT
2287.88 1023 923 890.56 PIT
2288.43 1023 923 890.65 PIT
2288.98 1023 923 890.74 PIT
2289.52 1023 923 890.83 PIT
2290.07 1023 923 890.92 PIT
2290.63 1023 923 891.01 PIT
2291.18 1023 923 891.1 PIT
2291.73 1023 923 891.19 PIT
2292.28 1023 923 891.28 PIT
2292.83 1023 923 891.37 PIT
2293.39 1023 923 891.46 PIT
2293.94 1023 923 891.55 PIT
2294.49 1023 923 891.64 PIT
2295.05 1023 923 891.73 PIT
2295.6 1023 923 891.82 PIT
2296.16 1023 923 891.91 PIT
2296.71 1023 923 892 PIT
2297.27 1023 923 892.09 PIT
2297.83 1023 923 892.18 PIT
2298.38 1023 923 892.27 PIT
2298.94 1023 923 892.36 PIT
2299.5 1023 923 892.45 PIT
2300.06 1023 923 892.54 PIT
2300.61 1023 923 892.63 PIT
2301.17 1023 923 892.72 PIT
2301.73 1023 923 892.81 PIT
2302.29 1023 923 892.9 PIT
2302.85 1023 923 892.99 PIT
2303.41 1023 923 893.08 PIT
2303.98 1023 923 893.17 PIT
2304.54 1023 923 893.26 PIT
2305.1 1023 923 893.35 PIT
2305.66 1023 923 893.44 PIT
2306.22 1023 923 893.53 PIT
2306.79 1023 923 893.62 PIT
2307.35 1023 923 893.71 PIT
2307.91 1023 923 893.8 PIT
2308.48 1023 923 893.89 PIT
2309.04 1023 923 893.98 PIT
2309.61 1023 923 894.07 PIT
2310.17 1023 923 894.16 PIT
2310.74 1023 923 894.25 PIT
2311.31 1023 923 894.34 PIT
2311.87 1023 923 894.43 PIT
2312.44 1023 923 894.52 PIT
2313.01 1023 923 894.61 PIT
2313.58 1023 923 894.7 PIT
2314.14 1023 923 894.79 PIT
2314.71 1023 923 894.88 PIT
2315.28 1023 923 894.97 PIT
2315.85 1023 923 895.06 PIT
2316.42 1023 923 895.15 PIT
2316.99 1023 923 895.24 PIT
2317.56 1023 923 895.33 PIT
2318.13 1023 923 895.42 PIT
2318.7 1023 923 895.51 PIT
2319.28 1023 923 895.6 PIT
2319.85 1023 923 895.69 PIT
2320.42 1023 923 895.78 PIT
2320.99 1023 923 895.87 PIT
2321.57 1023 923 895.96 PIT
2322.14 1023 923 896.05 PIT
2322.71 1023 923 896.14 PIT
2323.29 1023 923 896.23 PIT
2323.86 1023 923 896.32 PIT
2324.44 1023 923 896.41 PIT
2325.01 1023 923 896.5 PIT
2325.59 1023 923 896.59 PIT
2326.16 1023 923 896.68 PIT
2326.74 1023 923 896.77 PIT
2327.31 1023 923 896.86 PIT
2327.89 1023 923 896.95 PIT
2328.47 1023 923 897.04 PIT
2329.04 1023 923 897.13 PIT
2329.62 1023 923 897.22 PIT
2330.2 1023 923 897.31 PIT
2330.78 1023 923 897.4 PIT
2331.36 1023 923 897.49 PIT
2331.94 1023 923 897.58 PIT
2332.51 1023 923 897.67 PIT
2333.09 1023 923 897.76 PIT
2333.67 1023 923 897.85 PIT
2334.25 1023 923 897.94 PIT
2334.83 1023 923 898.03 PIT
2335.42 1023 923 898.12 PIT
2336 1023 923 898.21 PIT
2336.58 1023 923 898.3 PIT
2337.16 1023 923 898.39 PIT
2337.74 1023 923 898.48 PIT
2338.32 1023 923 898.57 PIT
2338.91 1023 923 898.66 PIT
2339.49 1023 923 898.75 PIT
2340.07 1023 923 898.84 PIT
2340.65 1023 923 898.93 PIT
2341.24 1023 923 899.02 PIT
2341.82 1023 923 899.11 PIT
2342.41 1023 923 899.2 PIT
2342.99 1023 923 899.29 PIT
2343.58 1023 923 899.38 PIT
2344.16 1023 923 899.47 PIT
2344.75 1023 923 899.56 PIT
2345.33 1023 923 899.65 PIT
2345.92 1023 923 899.74 PIT
2346.5 1023 923 899.83 PIT
2347.09 1023 923 899.92 PIT
2347.68 1023 923 900.01 PIT
2348.26 1023 923 900.1 PIT
2348.85 1023 923 900.19 PIT
2349.44 1023 923 900.28 PIT
2350.02 1023 923 900.37 PIT
2350.61 1023 923 900.46 PIT
2351.2 1023 923 900.55 PIT
2351.79 1023 923 900.64 PIT
2352.38 1023 923 900.73 PIT
2352.96 1023 923 900.82 PIT
2353.55 1023 923 900.91 PIT
2354.14 1023 923 901 PIT
2354.73 1023 923 901.09 PIT
2355.32 1023 923 901.18 PIT
2355.91 1023 923 901.27 PIT
2356.5 1023 923 901.36 PIT
2357.09 1023 923 901.45 PIT
2357.68 1023 923 901.54 PIT
2358.27 1023 923 901.63 PIT
2358.86 1023 923 901.72 PIT
2359.46 1023 923 901.81 PIT
2360.05 1023 923 901.9 PIT
2360.64 1023 923 901.99 PIT
2361.23 1023 923 902.08 PIT
2361.82 1023 923 902.17 PIT
2362.41 1023 923 902.26 PIT
2363.01 1023 923 902.35 PIT
2363.6 1023 923 902.44 PIT
2364.19 1023 923 902.53 PIT
2364.78 1023 923 902.62 PIT
2365.38 1023 923 902.71 PIT
2365.97 1023 923 902.8 PIT
2366.56 1023 923 902.89 PIT
2367.16 1023 923 902.98 PIT
2367.75 1023 923 903.07 PIT
2368.35 1023 923 903.16 PIT
2368.94 1023 923 903.25 PIT
2369.54 1023 923 903.34 PIT
2370.13 1023 923 903.43 PIT
2370.72 1023 923 903.52 PIT
2371.32 1023 923 903.61 PIT
2371.91 1023 923 903.7 PIT
2372.51 1023 923 903.79 PIT
2373.11 1023 923 903.88 PIT
2373.7 1023 923 903.97 PIT
2374.3 1023 923 904.06 PIT
2374.89 1023 923 904.15 PIT
2375.49 1023 923 904.24 PIT
2376.08 1023 923 904.33 PIT
2376.68 1023 923 904.42 PIT
2377.28 1023 923 904.51 PIT
2377.87 1023 923 904.6 PIT
2378.47 1023 923 904.69 PIT
2379.07 1023 923 904.78 PIT
2379.67 1023 923 904.87 PIT
2380.26 1023 923 904.96 PIT
2380.86 1023 923 905.05 PIT
2381.46 1023 923 905.14 PIT
2382.05 1023 923 905.23 PIT
2382.65 1023 923 905.32 PIT
2383.25 1023 923 905.41 PIT
2383.85 1023 923 905.5 PIT
2384.45 1023 923 905.59 PIT
2385.04 1023 923 905.68 PIT
2385.64 1023 923 905.77 PIT
2386.24 1023 923 905.86 PIT
2386.84 1023 923 905.95 PIT
2387.44 1023 923 906.04 PIT
2388.04 1023 923 906.13 PIT
2388.64 1023 923 906.22 PIT
2389.24 1023 923 906.31 PIT
2389.84 1023 923 906.4 PIT
2390.43 1023 923 906.49 PIT
2391.03 1023 923 906.58 PIT
2391.63 1023 923 906.67 PIT
2392.23 1023 923 906.76 PIT
2392.83 1023 923 906.85 PIT
2393.43 1023 923 906.94 PIT
2394.03 1023 923 907.03 PIT
2394.63 1023 923 907.12 PIT
2395.23 1023 923 907.21 PIT
2395.83 1023 923 907.3 PIT
2396.43 1023 923 907.39 PIT
2397.03 1023 923 907.48 PIT
2397.63 1023 923 907.57 PIT
2398.23 1023 923 907.66 PIT
2398.83 1023 923 907.75 PIT
2399.43 1023 923 907.84 PIT
2400.03 1023 923 907.93 PIT
2400.64 1023 923 908.02 PIT
2401.24 1023 923 908.11 PIT
2401.84 1023 923 908.2 PIT
2402.44 1023 923 908.29 PIT
2403.04 1023 923 908.38 PIT
2403.64 1023 923 908.47 PIT
2404.24 1023 923 908.56 PIT
2404.84 1023 923 908.65 PIT
2405.44 1023 923 908.74 PIT
2406.04 1023 923 908.83 PIT
2406.65 1023 923 908.92 PIT
2407.25 1023 923 909.01 PIT
2407.85 1023 923 909.1 PIT
2408.45 1023 923 909.19 PIT
2409.05 1023 923 909.28 PIT
2409.65 1023 923 909.37 PIT
2410.25 1023 923 909.46 PIT
2410.86 1023 923 909.55 PIT
2411.46 1023 923 909.64 PIT
2412.06 1023 923 909.73 PIT
2412.66 1023 923 909.82 PIT
2413.26 1023 923 909.91 PIT
2413.86 1023 923 910 PIT
2414.47 1023 923 910.09 PIT
2415.07 1023 923 910.18 PIT
2415.67 1023 923 910.27 PIT
2416.27 1023 923 910.36 PIT
2416.87 1023 923 910.45 PIT
2417.47 1023 923 910.54 PIT
2418.08 1023 923 910.63 PIT
2418.68 1023 923 910.72 PIT
2419.28 1023 923 910.81 PIT
2419.88 1023 923 910.9 PIT
2420.48 1023 923 910.99 PIT
2421.08 1023 923 911.08 PIT
2421.69 1023 923 911.17 PIT
2422.29 1023 923 911.26 PIT
2422.89 1023 923 911.35 PIT
2423.49 1023 923 911.44 PIT
2424.09 1023 923 911.53 PIT
2424.69 1023 923 911.62 PIT
2425.3 1023 923 911.71 PIT
2425.9 1023 923 911.8 PIT
2426.5 1023 923 911.89 PIT
2427.1 1023 923 911.98 PIT
2427.7 1023 923 912.07 PIT
2428.3 1023 923 912.16 PIT
2428.9 1023 923 912.25 PIT
2429.51 1023 923 912.34 PIT
2430.11 1023 923 912.43 PIT
2430.71 1023 923 912.52 PIT
2431.31 1023 923 912.61 PIT
2431.91 1023 923 912.7 PIT
2432.51 1023 923 912.79 PIT
2433.11 1023 923 912.88 PIT
2433.72 1023 923 912.97 PIT
2434.32 1023 923 913.06 PIT
2434.92 1023 923 913.15 PIT
2435.52 1023 923 913.24 PIT
2436.12 1023 923 913.33 PIT
2436.72 1023 923 913.42 PIT
2437.32 1023 923 913.51 PIT
2437.92 1023 923 913.6 PIT
2438.52 1023 923 913.69 PIT
2439.12 1023 923 913.78 PIT
2439.72 1023 923 913.87 PIT
2440.32 1023 923 913.96 PIT
2440.92 1023 923 914.05 PIT
2441.52 1023 923 914.14 PIT
2442.12 1023 923 914.23 PIT
2442.72 1023 923 914.32 PIT
2443.33 1023 923 914.41 PIT
2443.93 1023 923 914.5 PIT
2444.52 1023 923 914.59 PIT
2445.12 1023 923 914.68 PIT
2445.72 1023 923 914.77 PIT
2446.32 1023 923 914.86 PIT
2446.92 1023 923 914.95 PIT
2447.52 1023 923 915.04 PIT
2448.12 1023 923 915.13 PIT
2448.72 1023 923 915.22 PIT
2449.32 1023 923 915.31 PIT
2449.92 1023 923 915.4 PIT
2450.52 1023 923 915.49 PIT
2451.12 1023 923 915.58 PIT
2451.72 1023 923 915.67 PIT
2452.31 1023 923 915.76 PIT
2452.91 1023 923 915.85 PIT
2453.51 1023 923 915.94 PIT
2454.11 1023 923 916.03 PIT
2454.71 1023 923 916.12 PIT
2455.31 1023 923 916.21 PIT
2455.9 1023 923 916.3 PIT
2456.5 1023 923 916.39 PIT
2457.1 1023 923 916.48 PIT
2457.7 1023 923 916.57 PIT
2458.29 1023 923 916.66 PIT
2458.89 1023 923 916.75 PIT
2459.49 1023 923 916.84 PIT
2460.09 1023 923 916.93 PIT
2460.68 1023 923 917.02 PIT
2461.28 1023 923 917.11 PIT
2461.87 1023 923 917.2 PIT
2462.47 1023 923 917.29 PIT
2463.07 1023 923 917.38 PIT
2463.66 1023 923 917.47 PIT
2464.26 1023 923 917.56 PIT
2464.85 1023 923 917.65 PIT
2465.45 1023 923 917.74 PIT
2466.05 1023 923 917.83 PIT
2466.64 1023 923 917.92 PIT
2467.24 1023 923 918.01 PIT
2467.83 1023 923 918.1 PIT
2468.43 1023 923 918.19 PIT
2469.02 1023 923 918.28 PIT
2469.61 1023 923 918.37 PIT
2470.21 1023 923 918.46 PIT
2470.8 1023 923 918.55 PIT
2471.4 1023 923 918.64 PIT
2471.99 1023 923 918.73 PIT
2472.58 1023 923 918.82 PIT
2473.18 1023 923 918.91 PIT
2473.77 1023 923 919 PIT
2474.36 1023 923 919.09 PIT
2474.96 1023 923 919.18 PIT
2475.55 1023 923 919.27 PIT
2476.14 1023 923 919.36 PIT
2476.73 1023 923 919.45 PIT
2477.32 1023 923 919.54 PIT
2477.92 1023 923 919.63 PIT
2478.51 1023 923 919.72 PIT
2479.1 1023 923 919.81 PIT
2479.69 1023 923 919.9 PIT
2480.28 1023 923 919.99 PIT
2480.87 1023 923 920.08 PIT
2481.46 1023 923 920.17 PIT
2482.05 1023 923 920.26 PIT
2482.64 1023 923 920.35 PIT
2483.23 1023 923 920.44 PIT
2483.82 1023 923 920.53 PIT
2484.41 1023 923 920.62 PIT
2485 1023 923 920.71 PIT
2485.59 1023 923 920.8 PIT
2486.18 1023 923 920.89 PIT
2486.77 1023 923 920.98 PIT
2487.35 1023 923 921.07 PIT
2487.94 1023 923 921.16 PIT
2488.53 1023 923 921.25 PIT
2489.12 1023 923 921.34 PIT
2489.7 1023 923 921.43 PIT
2490.29 1023 923 921.52 PIT
2490.88 1023 923 921.61 PIT
2491.47 1023 923 921.7 PIT
2492.05 1023 923 921.79 PIT
2492.64 1023 923 921.88 PIT
2493.22 1023 923 921.97 PIT
2493.81 1023 923 922.06 PIT
2494.4 1023 923 922.15 PIT
2494.98 1023 923 922.24 PIT
2495.57 1023 923 922.33 PIT
2496.15 1023 923 922.42 PIT
2496.74 1023 923 922.51 PIT
2497.32 1023 923 922.6 PIT
2497.9 1023 923 922.69 PIT
2498.49 1023 923 922.78 PIT
2499.07 1023 923 922.87 PIT
2499.65 1023 923 922.96 PIT
2500.24 1023 923 923.05 PIT
2500.82 1023 923 923.14 PIT
2501.4 1023 923 923.23 PIT
2501.99 1023 923 923.32 PIT
2502.57 1023 923 923.41 PIT
2503.15 1023 923 923.5 PIT
2503.73 1023 923 923.59 PIT
2504.31 1023 923 923.68 PIT
2504.9 1023 923 923.77 PIT
2505.48 1023 923 923.86 PIT
2506.06 1023 923 923.95 PIT
2506.64 1023 923 924.04 PIT
2507.22 1023 923 924.13 PIT
2507.8 1023 923 924.22 PIT
2508.38 1023 923 924.31 PIT
2508.96 1023 923 924.4 PIT
2509.54 1023 923 924.49 PIT
2510.12 1023 923 924.58 PIT
2510.7 1023 923 924.67 PIT
2511.27 1023 923 924.76 PIT
2511.85 1023 923 924.85 PIT
2512.43 1023 923 924.94 PIT
2513.01 1023 923 925.03 PIT
2513.59 1023 923 925.12 PIT
2514.16 1023 923 925.21 PIT
2514.74 1023 923 925.3 PIT
2515.32 1023 923 925.39 PIT
2515.89 1023 923 925.48 PIT
2516.47 1023 923 925.57 PIT
2517.05 1023 923 925.66 PIT
2517.62 1023 923 925.75 PIT
2518.2 1023 923 925.84 PIT
2518.77 1023 923 925.93 PIT
2519.35 1023 923 926.02 PIT
2519.92 1023 923 926.11 PIT
2520.5 1023 923 926.2 PIT
2521.07 1023 923 926.29 PIT
2521.65 1023 923 926.38 PIT
2522.22 1023 923 926.47 PIT
2522.79 1023 923 926.56 PIT
2523.37 1023 923 926.65 PIT
2523.94 1023 923 926.74 PIT
2524.51 1023 923 926.83 PIT
2525.09 1023 923 926.92 PIT
2525.66 1023 923 927.01 PIT
2526.23 1023 923 927.1 PIT
2526.8 1023 923 927.19 PIT
2527.37 1023 923 927.28 PIT
2527.95 1023 923 927.37 PIT
2528.52 1023 923 927.46 PIT
2529.09 1023 923 927.55 PIT
2529.66 1023 923 927.64 PIT
2530.23 1023 923 927.73 PIT
2530.8 1023 923 927.82 PIT
2531.37 1023 923 927.91 PIT
2531.94 1023 923 928 PIT
2532.51 1023 923 928.09 PIT
2533.08 1023 923 928.18 PIT
2533.64 1023 923 928.27 PIT
2534.21 1023 923 928.36 PIT
2534.78 1023 923 928.45 PIT
2535.35 1023 923 928.54 PIT
2535.92 1023 923 928.63 PIT
2536.48 1023 923 928.72 PIT
2537.05 1023 923 928.81 PIT
2537.62 1023 923 928.9 PIT
2538.18 1023 923 928.99 PIT
2538.75 1023 923 929.08 PIT
2539.32 1023 923 929.17 PIT
2539.88 1023 923 929.26 PIT
2540.45 1023 923 929.35 PIT
2541.01 1023 923 929.44 PIT
2541.58 1023 923 929.53 PIT
2542.14 1023 923 929.62 PIT
2542.71 1023 923 929.71 PIT
2543.27 1023 923 929.8 PIT
2543.83 1023 923 929.89 PIT
2544.4 1023 923 929.98 PIT
2544.96 1023 923 930.07 PIT
2545.52 1023 923 930.16 PIT
2546.08 1023 923 930.25 PIT
2546.65 1023 923 930.34 PIT
2547.21 1023 923 930.43 PIT
2547.77 1023 923 930.52 PIT
2548.33 1023 923 930.61 PIT
2548.89 1023 923 930.7 PIT
2549.45 1023 923 930.79 PIT
2550.02 1023 923 930.88 PIT
2550.58 1023 923 930.97 PIT
2551.14 1023 923 931.06 PIT
2551.7 1023 923 931.15 PIT
2552.25 1023 923 931.24 PIT
2552.81 1023 923 931.33 PIT
2553.37 1023 923 931.42 PIT
2553.93 1023 923 931.51 PIT
2554.49 1023 923 931.6 PIT
2555.05 1023 923 931.69 PIT
2555.61 1023 923 931.78 PIT
2556.16 1023 923 931.87 PIT
2556.72 1023 923 931.96 PIT
2557.28 1023 923 932.05 PIT
2557.83 1023 923 932.14 PIT
2558.39 1023 923 932.23 PIT
2558.95 1023 923 932.32 PIT
2559.5 1023 923 932.41 PIT
2560.06 1023 923 932.5 PIT
2560.61 1023 923 932.59 PIT
2561.17 1023 923 932.68 PIT
2561.72 1023 923 932.77 PIT
2562.28 1023 923 932.86 PIT
2562.83 1023 923 932.95 PIT
2563.38 1023 923 933.04 PIT
2563.94 1023 923 933.13 PIT
2564.49 1023 923 933.22 PIT
2565.04 1023 923 933.31 PIT
2565.59 1023 923 933.4 PIT
2566.15 1023 923 933.49 PIT
2566.7 1023 923 933.58 PIT
2567.25 1023 923 933.67 PIT
2567.8 1023 923 933.76 PIT
2568.35 1023 923 933.85 PIT
2568.9 1023 923 933.94 PIT
2569.45 1023 923 934.03 PIT
2570 1023 923 934.12 PIT
2570.55 1023 923 934.21 PIT
2571.1 1023 923 934.3 PIT
2571.65 1023 923 934.39 PIT
2572.2 1023 923 934.48 PIT
2572.75 1023 923 934.57 PIT
2573.3 1023 923 934.66 PIT
2573.84 1023 923 934.75 PIT
2574.39 1023 923 934.84 PIT
2574.94 1023 923 934.93 PIT
2575.49 1023 923 935.02 PIT
2576.03 1023 923 935.11 PIT
2576.58 1023 923 935.2 PIT
2577.12 1023 923 935.29 PIT
2577.67 1023 923 935.38 PIT
2578.22 1023 923 935.47 PIT
2578.76 1023 923 935.56 PIT
2579.31 1023 923 935.65 PIT
2579.85 1023 923 935.74 PIT
2580.39 1023 923 935.83 PIT
2580.94 1023 923 935.92 PIT
2581.48 1023 923 936.01 PIT
2582.02 1023 923 936.1 PIT
2582.57 1023 923 936.19 PIT
2583.11 1023 923 936.28 PIT
2583.65 1023 923 936.37 PIT
2584.19 1023 923 936.46 PIT
2584.73 1023 923 936.55 PIT
2585.28 1023 923 936.64 PIT
2585.82 1023 923 936.73 PIT
2586.36 1023 923 936.82 PIT
2586.9 1023 923 936.91 PIT
2587.44 1023 923 937 PIT
2587.98 1023 923 937.09 PIT
2588.52 1023 923 937.18 PIT
2589.05 1023 923 937.27 PIT
2589.59 1023 923 937.36 PIT
2590.13 1023 923 937.45 PIT
2590.67 1023 923 937.54 PIT
2591.21 1023 923 937.63 PIT
2591.74 1023 923 937.72 PIT
2592.28 1023 923 937.81 PIT
2592.82 1023 923 937.9 PIT
2593.35 1023 923 937.99 PIT
2593.89 1023 923 938.08 PIT
2594.43 1023 923 938.17 PIT
2594.96 1023 923 938.26 PIT
2595.5 1023 923 938.35 PIT
2596.03 1023 923 938.44 PIT
2596.57 1023 923 938.53 PIT
2597.1 1023 923 938.62 PIT
2597.63 1023 923 938.71 PIT
2598.17 1023 923 938.8 PIT
2598.7 1023 923 938.89 PIT
2599.23 1023 923 938.98 PIT
2599.76 1023 923 939.07 PIT
2600.3 1023 923 939.16 PIT
2600.83 1023 923 939.25 PIT
2601.36 1023 923 939.34 PIT
2601.89 1023 923 939.43 PIT
2602.42 1023 923 939.52 PIT
2602.95 1023 923 939.61 PIT
2603.48 1023 923 939.7 PIT
2604.01 1023 923 939.79 PIT
2604.54 1023 923 939.88 PIT
2605.07 1023 923 939.97 PIT
2605.6 1023 923 940.06 PIT
2606.12 1023 923 940.15 PIT
2606.65 1023 923 940.24 PIT
2607.18 1023 923 940.33 PIT
2607.71 1023 923 940.42 PIT
2608.23 1023 923 940.51 PIT
2608.76 1023 923 940.6 PIT
2609.29 1023 923 940.69 PIT
2609.81 1023 923 940.78 PIT
2610.34 1023 923 940.87 PIT
2610.86 1023 923 940.96 PIT
2611.39 1023 923 941.05 PIT
2611.91 1023 923 941.14 PIT
2612.44 1023 923 941.23 PIT
2612.96 1023 923 941.32 PIT
2613.48 1023 923 941.41 PIT
2614.01 1023 923 941.5 PIT
2614.53 1023 923 941.59 PIT
2615.05 1023 923 941.68 PIT
2615.57 1023 923 941.77 PIT
2616.09 1023 923 941.86 PIT
2616.62 1023 923 941.95 PIT
2617.14 1023 923 942.04 PIT
2617.66 1023 923 942.13 PIT
2618.18 1023 923 942.22 PIT
2618.7 1023 923 942.31 PIT
2619.22 1023 923 942.4 PIT
2619.73 1023 923 942.49 PIT
2620.25 1023 923 942.58 PIT
2620.77 1023 923 942.67 PIT
2621.29 1023 923 942.76 PIT
2621.81 1023 923 942.85 PIT
2622.32 1023 923 942.94 PIT
2622.84 1023 923 943.03 PIT
2623.36 1023 923 943.12 PIT
2623.87 1023 923 943.21 PIT
2624.39 1023 923 943.3 PIT
2624.9 1023 923 943.39 PIT
2625.42 1023 923 943.48 PIT
2625.93 1023 923 943.57 PIT
2626.45 1023 923 943.66 PIT
2626.96 1023 923 943.75 PIT
2627.48 1023 923 943.84 PIT
2627.99 1023 923 943.93 PIT
2628.5 1023 923 944.02 PIT
2629.01 1023 923 944.11 PIT
2629.53 1023 923 944.2 PIT
2630.04 1023 923 944.29 PIT
2630.55 1023 923 944.38 PIT
2631.06 1023 923 944.47 PIT
2631.57 1023 923 944.56 PIT
2632.08 1023 923 944.65 PIT
2632.59 1023 923 944.74 PIT
2633.1 1023 923 944.83 PIT
2633.61 1023 923 944.92 PIT
2634.12 1023 923 945.01 PIT
2634.63 1023 923 945.1 PIT
2635.13 1023 923 945.19 PIT
2635.64 1023 923 945.28 PIT
2636.15 1023 923 945.37 PIT
2636.66 1023 923 945.46 PIT
2637.16 1023 923 945.55 PIT
2637.67 1023 923 945.64 PIT
2638.17 1023 923 945.73 PIT
2638.68 1023 923 945.82 PIT
2639.19 1023 923 945.91 PIT
2639.69 1023 923 946 PIT
2640.19 1023 923 946.09 PIT
2640.7 1023 923 946.18 PIT
2641.2 1023 923 946.27 PIT
2641.7 1023 923 946.36 PIT
2642.21 1023 923 946.45 PIT
2642.71 1023 923 946.54 PIT
2643.21 1023 923 946.63 PIT
2643.71 1023 923 946.72 PIT
2644.21 1023 923 946.81 PIT
2644.71 1023 923 946.9 PIT
2645.21 1023 923 946.99 PIT
2645.71 1023 923 947.08 PIT
2646.21 1023 923 947.17 PIT
2646.71 1023 923 947.26 PIT
2647.21 1023 923 947.35 PIT
2647.71 1023 923 947.44 PIT
2648.21 1023 923 947.53 PIT
2648.71 1023 923 947.62 PIT
2649.2 1023 923 947.71 PIT
2649.7 1023 923 947.8 PIT
2650.2 1023 923 947.89 PIT
2650.69 1023 923 947.98 PIT
2651.19 1023 923 948.07 PIT
2651.68 1023 923 948.16 PIT
2652.18 1023 923 948.25 PIT
2652.67 1023 923 948.34 PIT
2653.17 1023 923 948.43 PIT
2653.66 1023 923 948.52 PIT
2654.15 1023 923 948.61 PIT
2654.65 1023 923 948.7 PIT
2655.14 1023 923 948.79 PIT
2655.63 1023 923 948.88 PIT
2656.12 1023 923 948.97 PIT
2656.61 1023 923 949.06 PIT
2657.1 1023 923 949.15 PIT
2657.59 1023 923 949.24 PIT
2658.08 1023 923 949.33 PIT
2658.57 1023 923 949.42 PIT
2659.06 1023 923 949.51 PIT
2659.55 1023 923 949.6 PIT
2660.04 1023 923 949.69 PIT
2660.53 1023 923 949.78 PIT
2661.02 1023 923 949.87 PIT
2661.5 1023 923 949.96 PIT
2661.99 1023 923 950.05 PIT
2662.48 1023 923 950.14 PIT
2662.96 1023 923 950.23 PIT
2663.45 1023 923 950.32 PIT
2663.93 1023 923 950.41 PIT
2664.42 1023 923 950.5 PIT
2664.9 1023 923 950.59 PIT
2665.38 1023 923 950.68 PIT
2665.87 1023 923 950.77 PIT
2666.35 1023 923 950.86 PIT
2666.83 1023 923 950.95 PIT
2667.32 1023 923 951.04 PIT
2667.8 1023 923 951.13 PIT
2668.28 1023 923 951.22 PIT
2668.76 1023 923 951.31 PIT
2669.24 1023 923 951.4 PIT
2669.72 1023 923 951.49 PIT
2670.2 1023 923 951.58 PIT
2670.68 1023 923 951.67 PIT
2671.16 1023 923 951.76 PIT
2671.64 1023 923 951.85 PIT
2672.12 1023 923 951.94 PIT
2672.59 1023 923 952.03 PIT
2673.07 1023 923 952.12 PIT
2673.55 1023 923 952.21 PIT
2674.02 1023 923 952.3 PIT
2674.5 1023 923 952.39 PIT
2674.97 1023 923 952.48 PIT
2675.45 1023 923 952.57 PIT
2675.92 1023 923 952.66 PIT
2676.4 1023 923 952.75 PIT
2676.87 1023 923 952.84 PIT
2677.35 1023 923 952.93 PIT
2677.82 1023 923 953.02 PIT
2678.29 1023 923 953.11 PIT
2678.76 1023 923 953.2 PIT
2679.23 1023 923 953.29 PIT
2679.71 1023 923 953.38 PIT
2680.18 1023 923 953.47 PIT
2680.65 1023 923 953.56 PIT
2681.12 1023 923 953.65 PIT
2681.59 1023 923 953.74 PIT
2682.06 1023 923 953.83 PIT
2682.52 1023 923 953.92 PIT
2682.99 1023 923 954.01 PIT
2683.46 1023 923 954.1 PIT
2683.93 1023 923 954.19 PIT
2684.39 1023 923 954.28 PIT
2684.86 1023 923 954.37 PIT
2685.33 1023 923 954.46 PIT
2685.79 1023 923 954.55 PIT
2686.26 1023 923 954.64 PIT
2686.72 1023 923 954.73 PIT
2687.19 1023 923 954.82 PIT
2687.65 1023 923 954.91 PIT
2688.11 1023 923 955 PIT
2688.58 1023 923 955.09 PIT
2689.04 1023 923 955.18 PIT
2689.5 1023 923 955.27 PIT
2689.96 1023 923 955.36 PIT
2690.42 1023 923 955.45 PIT
2690.89 1023 923 955.54 PIT
2691.35 1023 923 955.63 PIT
2691.81 1023 923 955.72 PIT
2692.26 1023 923 955.81 PIT
2692.72 1023 923 955.9 PIT
2693.18 1023 923 955.99 PIT
2693.64 1023 923 956.08 PIT
2694.1 1023 923 956.17 PIT
2694.55 1023 923 956.26 PIT
2695.01 1023 923 956.35 PIT
2695.47 1023 923 956.44 PIT
2695.92 1023 923 956.53 PIT
2696.38 1023 923 956.62 PIT
2696.83 1023 923 956.71 PIT
2697.29 1023 923 956.8 PIT
2697.74 1023 923 956.89 PIT
2698.2 1023 923 956.98 PIT
2698.65 1023 923 957.07 PIT
2699.1 1023 923 957.16 PIT
2699.55 1023 923 957.25 PIT
2700.01 1023 923 957.34 PIT
2700.46 1023 923 957.43 PIT
2700.91 1023 923 957.52 PIT
2701.36 1023 923 957.61 PIT
2701.81 1023 923 957.7 PIT
2702.26 1023 923 957.79 PIT
2702.71 1023 923 957.88 PIT
2703.16 1023 923 957.97 PIT
2703.6 1023 923 958.06 PIT
2704.05 1023 923 958.15 PIT
2704.5 1023 923 958.24 PIT
2704.94 1023 923 958.33 PIT
2705.39 1023 923 958.42 PIT
2705.84 1023 923 958.51 PIT
2706.28 1023 923 958.6 PIT
2706.73 1023 923 958.69 PIT
2707.17 1023 923 958.78 PIT
2707.62 1023 923 958.87 PIT
2708.06 1023 923 958.96 PIT
2708.5 1023 923 959.05 PIT
2708.94 1023 923 959.14 PIT
2709.39 1023 923 959.23 PIT
2709.83 1023 923 959.32 PIT
2710.27 1023 923 959.41 PIT
2710.71 1023 923 959.5 PIT
2711.15 1023 923 959.59 PIT
2711.59 1023 923 959.68 PIT
2712.03 1023 923 959.77 PIT
2712.47 1023 923 959.86 PIT
2712.91 1023 923 959.95 PIT
2713.34 1023 923 960.04 PIT
2713.78 1023 923 960.13 PIT
2714.22 1023 923 960.22 PIT
2714.65 1023 923 960.31 PIT
2715.09 1023 923 960.4 PIT
2715.53 1023 923 960.49 PIT
2715.96 1023 923 960.58 PIT
2716.39 1023 923 960.67 PIT
2716.83 1023 923 960.76 PIT
2717.26 1023 923 960.85 PIT
2717.7 1023 923 960.94 PIT
2718.13 1023 923 961.03 PIT
2718.56 1023 923 961.12 PIT
2718.99 1023 923 961.21 PIT
2719.42 1023 923 961.3 PIT
2719.85 1023 923 961.39 PIT
2720.28 1023 923 961.48 PIT
2720.71 1023 923 961.57 PIT
2721.14 1023 923 961.66 PIT
2721.57 1023 923 961.75 PIT
2722 1023 923 961.84 PIT
2722.43 1023 923 961.93 PIT
2722.85 1023 923 962.02 PIT
2723.28 1023 923 962.11 PIT
2723.71 1023 923 962.2 PIT
2724.13 1023 923 962.29 PIT
2724.56 1023 923 962.38 PIT
2724.98 1023 923 962.47 PIT
2725.41 1023 923 962.56 PIT
2725.83 1023 923 962.65 PIT
2726.26 1023 923 962.74 PIT
2726.68 1023 923 962.83 PIT
2727.1 1023 923 962.92 PIT
2727.52 1023 923 963.01 PIT
2727.94 1023 923 963.1 PIT
2728.36 1023 923 963.19 PIT
2728.79 1023 923 963.28 PIT
2729.2 1023 923 963.37 PIT
2729.62 1023 923 963.46 PIT
2730.04 1023 923 963.55 PIT
2730.46 1023 923 963.64 PIT
2730.88 1023 923 963.73 PIT
2731.3 1023 923 963.82 PIT
2731.71 1023 923 963.91 PIT
2732.13 1023 923 964 PIT
2732.55 1023 923 964.09 PIT
2732.96 1023 923 964.18 PIT
2733.38 1023 923 964.27 PIT
2733.79 1023 923 964.36 PIT
2734.21 1023 923 964.45 PIT
2734.62 1023 923 964.54 PIT
2735.03 1023 923 964.63 PIT
2735.44 1023 923 964.72 PIT
2735.86 1023 923 964.81 PIT
2736.27 1023 923 964.9 PIT
2736.68 1023 923 964.99 PIT
2737.09 1023 923 965.08 PIT
2737.5 1023 923 965.17 PIT
2737.91 1023 923 965.26 PIT
2738.32 1023 923 965.35 PIT
2738.73 1023 923 965.44 PIT
2739.13 1023 923 965.53 PIT
2739.54 1023 923 965.62 PIT
2739.95 1023 923 965.71 PIT
2740.35 1023 923 965.8 PIT
2740.76 1023 923 965.89 PIT
2741.16 1023 923 965.98 PIT
2741.57 1023 923 966.07 PIT
2741.97 1023 923 966.16 PIT
2742.38 1023 923 966.25 PIT
2742.78 1023 923 966.34 PIT
2743.18 1023 923 966.43 PIT
2743.59 1023 923 966.52 PIT
2743.99 1023 923 966.61 PIT
2744.39 1023 923 966.7 PIT
2744.79 1023 923 966.79 PIT
2745.19 1023 923 966.88 PIT
2745.59 1023 923 966.97 PIT
2745.99 1023 923 967.06 PIT
2746.39 1023 923 967.15 PIT
2746.79 1023 923 967.24 PIT
2747.18 1023 923 967.33 PIT
2747.58 1023 923 967.42 PIT
2747.98 1023 923 967.51 PIT
2748.37 1023 923 967.6 PIT
2748.77 1023 923 967.69 PIT
2749.16 1023 923 967.78 PIT
2749.56 1023 923 967.87 PIT
2749.95 1023 923 967.96 PIT
2750.35 1023 923 968.05 PIT
2750.74 1023 923 968.14 PIT
2751.13 1023 923 968.23 PIT
2751.52 1023 923 968.32 PIT
2751.91 1023 923 968.41 PIT
2752.3 1023 923 968.5 PIT
2752.69 1023 923 968.59 PIT
2753.08 1023 923 968.68 PIT
2753.47 1023 923 968.77 PIT
2753.86 1023 923 968.86 PIT
2754.25 1023 923 968.95 PIT
2754.64 1023 923 969.04 PIT
2755.02 1023 923 969.13 PIT
2755.41 1023 923 969.22 PIT
2755.8 1023 923 969.31 PIT
2756.18 1023 923 969.4 PIT
2756.57 1023 923 969.49 PIT
2756.95 1023 923 969.58 PIT
2757.34 1023 923 969.67 PIT
2757.72 1023 923 969.76 PIT
2758.1 1023 923 969.85 PIT
2758.48 1023 923 969.94 PIT
2758.87 1023 923 970.03 PIT
2759.25 1023 923 970.12 PIT
2759.63 1023 923 970.21 PIT
2760.01 1023 923 970.3 PIT
2760.39 1023 923 970.39 PIT
2760.77 1023 923 970.48 PIT
2761.15 1023 923 970.57 PIT
2761.52 1023 923 970.66 PIT
2761.9 1023 923 970.75 PIT
2762.28 1023 923 970.84 PIT
2762.65 1023 923 970.93 PIT
2763.03 1023 923 971.02 PIT
2763.41 1023 923 971.11 PIT
2763.78 1023 923 971.2 PIT
2764.15 1023 923 971.29 PIT
2764.53 1023 923 971.38 PIT
2764.9 1023 923 971.47 PIT
2765.27 1023 923 971.56 PIT
2765.65 1023 923 971.65 PIT
2766.02 1023 923 971.74 PIT
2766.39 1023 923 971.83 PIT
2766.76 1023 923 971.92 PIT
2767.13 1023 923 972.01 PIT
2767.5 1023 923 972.1 PIT
2767.87 1023 923 972.19 PIT
2768.23 1023 923 972.28 PIT
2768.6 1023 923 972.37 PIT
2768.97 1023 923 972.46 PIT
2769.33 1023 923 972.55 PIT
2769.7 1023 923 972.64 PIT
2770.07 1023 923 972.73 PIT
2770.43 1023 923 972.82 PIT
2770.79 1023 923 972.91 PIT
2771.16 1023 923 973 PIT
2771.52 1023 923 973.09 PIT
2771.88 1023 923 973.18 PIT
2772.25 1023 923 973.27 PIT
2772.61 1023 923 973.36 PIT
2772.97 1023 923 973.45 PIT
2773.33 1023 923 973.54 PIT
2773.69 1023 923 973.63 PIT
2774.05 1023 923 973.72 PIT
2774.41 1023 923 973.81 PIT
2774.76 1023 923 973.9 PIT
2775.12 1023 923 973.99 PIT
2775.48 1023 923 974.08 PIT
2775.84 1023 923 974.17 PIT
2776.19 1023 923 974.26 PIT
2776.55 1023 923 974.35 PIT
2776.9 1023 923 974.44 PIT
2777.26 1023 923 974.53 PIT
2777.61 1023 923 974.62 PIT
2777.96 1023 923 974.71 PIT
2778.31 1023 923 974.8 PIT
2778.67 1023 923 974.89 PIT
2779.02 1023 923 974.98 PIT
2779.37 1023 923 975.07 PIT
2779.72 1023 923 975.16 PIT
2780.07 1023 923 975.25 PIT
2780.42 1023 923 975.34 PIT
2780.77 1023 923 975.43 PIT
2781.11 1023 923 975.52 PIT
2781.46 1023 923 975.61 PIT
2781.81 1023 923 975.7 PIT
2782.15 1023 923 975.79 PIT
2782.5 1023 923 975.88 PIT
2782.84 1023 923 975.97 PIT
2783.19 1023 923 976.06 PIT
2783.53 1023 923 976.15 PIT
2783.88 1023 923 976.24 PIT
2784.22 1023 923 976.33 PIT
2784.56 1023 923 976.42 PIT
2784.9 1023 923 976.51 PIT
2785.24 1023 923 976.6 PIT
2785.58 1023 923 976.69 PIT
2785.92 1023 923 976.78 PIT
2786.26 1023 923 976.87 PIT
2786.6 1023 923 976.96 PIT
2786.94 1023 923 977.05 PIT
2787.28 1023 923 977.14 PIT
2787.61 1023 923 977.23 PIT
2787.95 1023 923 977.32 PIT
2788.29 1023 923 977.41 PIT
2788.62 1023 923 977.5 PIT
2788.96 1023 923 977.59 PIT
2789.29 1023 923 977.68 PIT
2789.62 1023 923 977.77 PIT
2789.96 1023 923 977.86 PIT
2790.29 1023 923 977.95 PIT
2790.62 1023 923 978.04 PIT
2790.95 1023 923 978.13 PIT
2791.28 1023 923 978.22 PIT
2791.61 1023 923 978.31 PIT
2791.94 1023 923 978.4 PIT
2792.27 1023 923 978.49 PIT
2792.6 1023 923 978.58 PIT
2792.92 1023 923 978.67 PIT
2793.25 1023 923 978.76 PIT
2793.58 1023 923 978.85 PIT
2793.9 1023 923 978.94 PIT
2794.23 1023 923 979.03 PIT
2794.55 1023 923 979.12 PIT
2794.88 1023 923 979.21 PIT
2795.2 1023 923 979.3 PIT
2795.52 1023 923 979.39 PIT
2795.84 1023 923 979.48 PIT
2796.17 1023 923 979.57 PIT
2796.49 1023 923 979.66 PIT
2796.81 1023 923 979.75 PIT
2797.13 1023 923 979.84 PIT
2797.45 1023 923 979.93 PIT
2797.76 1023 923 980.02 PIT
2798.08 1023 923 980.11 PIT
2798.4 1023 923 980.2 PIT
2798.72 1023 923 980.29 PIT
2799.03 1023 923 980.38 PIT
2799.35 1023 923 980.47 PIT
2799.66 1023 923 980.56 PIT
2799.98 1023 923 980.65 PIT
2800.29 1023 923 980.74 PIT
2800.6 1023 923 980.83 PIT
2800.92 1023 923 980.92 PIT
2801.23 1023 923 981.01 PIT
2801.54 1023 923 981.1 PIT
2801.85 1023 923 981.19 PIT
2802.16 1023 923 981.28 PIT
2802.47 1023 923 981.37 PIT
2802.78 1023 923 981.46 PIT
2803.09 1023 923 981.55 PIT
2803.39 1023 923 981.64 PIT
2803.7 1023 923 981.73 PIT
2804.01 1023 923 981.82 PIT
2804.31 1023 923 981.91 PIT
2804.62 1023 923 982 PIT
2804.92 1023 923 982.09 PIT
2805.23 1023 923 982.18 PIT
2805.53 1023 923 982.27 PIT
2805.83 1023 923 982.36 PIT
2806.13 1023 923 982.45 PIT
2806.44 1023 923 982.54 PIT
2806.74 1023 923 982.63 PIT
2807.04 1023 923 982.72 PIT
2807.34 1023 923 982.81 PIT
2807.64 1023 923 982.9 PIT
2807.93 1023 923 982.99 PIT
2808.23 1023 923 983.08 PIT
2808.53 1023 923 983.17 PIT
2808.82 1023 923 983.26 PIT
2809.12 1023 923 983.35 PIT
2809.42 1023 923 983.44 PIT
2809.71 1023 923 983.53 PIT
2810 1023 923 983.62 PIT
2810.3 1023 923 983.71 PIT
2810.59 1023 923 983.8 PIT
2810.88 1023 923 983.89 PIT
2811.17 1023 923 983.98 PIT
2811.46 1023 923 984.07 PIT
2811.76 1023 923 984.16 PIT
2812.04 1023 923 984.25 PIT
2812.33 1023 923 984.34 PIT
2812.62 1023 923 984.43 PIT
2812.91 1023 923 984.52 PIT
2813.2 1023 923 984.61 PIT
2813.48 1023 923 984.7 PIT
2813.77 1023 923 984.79 PIT
2814.05 1023 923 984.88 PIT
2814.34 1023 923 984.97 PIT
2814.62 1023 923 985.06 PIT
2814.91 1023 923 985.15 PIT
2815.19 1023 923 985.24 PIT
2815.47 1023 923 985.33 PIT
2815.75 1023 923 985.42 PIT
2816.03 1023 923 985.51 PIT
2816.31 1023 923 985.6 PIT
2816.59 1023 923 985.69 PIT
2816.87 1023 923 985.78 PIT
2817.15 1023 923 985.87 PIT
2817.43 1023 923 985.96 PIT
2817.7 1023 923 986.05 PIT
2817.98 1023 923 986.14 PIT
2818.26 1023 923 986.23 PIT
2818.53 1023 923 986.32 PIT
2818.8 1023 923 986.41 PIT
2819.08 1023 923 986.5 PIT
2819.35 1023 923 986.59 PIT
2819.62 1023 923 986.68 PIT
2819.9 1023 923 986.77 PIT
2820.17 1023 923 986.86 PIT
2820.44 1023 923 986.95 PIT
2820.71 1023 923 987.04 PIT
2820.98 1023 923 987.13 PIT
2821.24 1023 923 987.22 PIT
2821.51 1023 923 987.31 PIT
2821.78 1023 923 987.4 PIT
2822.05 1023 923 987.49 PIT
2822.31 1023 923 987.58 PIT
2822.58 1023 923 987.67 PIT
2822.84 1023 923 987.76 PIT
2823.11 1023 923 987.85 PIT
2823.37 1023 923 987.94 PIT
2823.63 1023 923 988.03 PIT
2823.89 1023 923 988.12 PIT
2824.15 1023 923 988.21 PIT
2824.42 1023 923 988.3 PIT
2824.68 1023 923 988.39 PIT
2824.93 1023 923 988.48 PIT
2825.19 1023 923 988.57 PIT
2825.45 1023 923 988.66 PIT
2825.71 1023 923 988.75 PIT
2825.97 1023 923 988.84 PIT
2826.22 1023 923 988.93 PIT
2826.48 1023 923 989.02 PIT
2826.73 1023 923 989.11 PIT
2826.99 1023 923 989.2 PIT
2827.24 1023 923 989.29 PIT
2827.49 1023 923 989.38 PIT
2827.74 1023 923 989.47 PIT
2828 1023 923 989.56 PIT
2828.25 1023 923 989.65 PIT
2828.5 1023 923 989.74 PIT
2828.75 1023 923 989.83 PIT
2829 1023 923 989.92 PIT
2829.24 1023 923 990.01 PIT
2829.49 1023 923 990.1 PIT
2829.74 1023 923 990.19 PIT
2829.98 1023 923 990.28 PIT
2830.23 1023 923 990.37 PIT
2830.47 1023 923 990.46 PIT
2830.72 1023 923 990.55 PIT
2830.96 1023 923 990.64 PIT
2831.2 1023 923 990.73 PIT
2831.45 1023 923 990.82 PIT
2831.69 1023 923 990.91 PIT
2831.93 1023 923 991 PIT
2832.17 1023 923 991.09 PIT
2832.41 1023 923 991.18 PIT
2832.65 1023 923 991.27 PIT
2832.88 1023 923 991.36 PIT
2833.12 1023 923 991.45 PIT
2833.36 1023 923 991.54 PIT
2833.6 1023 923 991.63 PIT
2833.83 1023 923 991.72 PIT
2834.07 1023 923 991.81 PIT
2834.3 1023 923 991.9 PIT
2834.53 1023 923 991.99 PIT
2834.77 1023 923 992.08 PIT
2835 1023 923 992.17 PIT
2835.23 1023 923 992.26 PIT
2835.46 1023 923 992.35 PIT
2835.69 1023 923 992.44 PIT
2835.92 1023 923 992.53 PIT
2836.15 1023 923 992.62 PIT
2836.37 1023 923 992.71 PIT
2836.6 1023 923 992.8 PIT
2836.83 1023 923 992.89 PIT
2837.05 1023 923 992.98 PIT
2837.28 1023 923 993.07 PIT
2837.5 1023 923 993.16 PIT
2837.73 1023 923 993.25 PIT
2837.95 1023 923 993.34 PIT
2838.17 1023 923 993.43 PIT
2838.39 1023 923 993.52 PIT
2838.62 1023 923 993.61 PIT
2838.84 1023 923 993.7 PIT
2839.06 1023 923 993.79 PIT
2839.27 1023 923 993.88 PIT
2839.49 1023 923 993.97 PIT
2839.71 1023 923 994.06 PIT
2839.93 1023 923 994.15 PIT
2840.14 1023 923 994.24 PIT
2840.36 1023 923 994.33 PIT
2840.57 1023 923 994.42 PIT
2840.79 1023 923 994.51 PIT
2841 1023 923 994.6 PIT
2841.21 1023 923 994.69 PIT
2841.43 1023 923 994.78 PIT
2841.64 1023 923 994.87 PIT
2841.85 1023 923 994.96 PIT
2842.06 1023 923 995.05 PIT
2842.27 1023 923 995.14 PIT
2842.48 1023 923 995.23 PIT
2842.68 1023 923 995.32 PIT
2842.89 1023 923 995.41 PIT
2843.1 1023 923 995.5 PIT
2843.3 1023 923 995.59 PIT
2843.51 1023 923 995.68 PIT
2843.71 1023 923 995.77 PIT
2843.92 1023 923 995.86 PIT
2844.12 1023 923 995.95 PIT
2844.32 1023 923 996.04 PIT
2844.52 1023 923 996.13 PIT
2844.72 1023 923 996.22 PIT
2844.92 1023 923 996.31 PIT
2845.12 1023 923 996.4 PIT
2845.32 1023 923 996.49 PIT
2845.52 1023 923 996.58 PIT
2845.72 1023 923 996.67 PIT
2845.91 1023 923 996.76 PIT
2846.11 1023 923 996.85 PIT
2846.3 1023 923 996.94 PIT
2846.5 1023 923 997.03 PIT
2846.69 1023 923 997.12 PIT
2846.88 1023 923 997.21 PIT
2847.08 1023 923 997.3 PIT
2847.27 1023 923 997.39 PIT
2847.46 1023 923 997.48 PIT
2847.65 1023 923 997.57 PIT
2847.84 1023 923 997.66 PIT
2848.03 1023 923 997.75 PIT
2848.22 1023 923 997.84 PIT
2848.4 1023 923 997.93 PIT
2848.59 1023 923 998.02 PIT
2848.77 1023 923 998.11 PIT
2848.96 1023 923 998.2 PIT
2849.14 1023 923 998.29 PIT
2849.33 1023 923 998.38 PIT
2849.51 1023 923 998.47 PIT
2849.69 1023 923 998.56 PIT
2849.87 1023 923 998.65 PIT
2850.06 1023 923 998.74 PIT
2850.24 1023 923 998.83 PIT
2850.41 1023 923 998.92 PIT
2850.59 1023 923 999.01 PIT
2850.77 1023 923 999.1 PIT
2850.95 1023 923 999.19 PIT
2851.12 1023 923 999.28 PIT
2851.3 1023 923 999.37 PIT
2851.48 1023 923 999.46 PIT
2851.65 1023 923 999.55 PIT
2851.82 1023 923 999.64 PIT
2852 1023 923 999.73 PIT
2852.17 1023 923 999.82 PIT
2852.34 1023 923 999.91 PIT
2852.51 1023 923 1000 PIT
