631.813 1013.88 913.876 600
643.308 1013.88 913.879 600.1
654.754 1013.88 913.883 600.2
666.15 1013.89 913.886 600.3
677.497 1013.89 913.89 600.4
688.795 1013.89 913.893 600.5
700.044 1013.9 913.897 600.6
711.244 1013.9 913.9 600.7
722.395 1013.9 913.904 600.8
733.498 1013.91 913.907 600.9
744.552 1013.91 913.911 601
755.557 1013.91 913.914 601.1
766.514 1013.92 913.918 601.2
777.423 1013.92 913.921 601.3
788.283 1013.92 913.925 601.4
799.095 1013.93 913.928 601.5
809.859 1013.93 913.932 601.6
820.575 1013.94 913.935 601.7
831.243 1013.94 913.939 601.8
841.863 1013.94 913.942 601.9
852.435 1013.95 913.946 602
862.959 1013.95 913.949 602.1
873.436 1013.95 913.953 602.2
883.865 1013.96 913.956 602.3
894.247 1013.96 913.96 602.4
904.582 1013.96 913.963 602.5
914.869 1013.97 913.967 602.6
925.109 1013.97 913.97 602.7
935.302 1013.97 913.974 602.8
945.447 1013.98 913.977 602.9
955.546 1013.98 913.981 603
965.598 1013.98 913.984 603.1
975.603 1013.99 913.988 603.2
985.562 1013.99 913.991 603.3
995.473 1014 913.995 603.4
1005.34 1014 913.999 603.5
1015.16 1014 914.002 603.6
1024.93 1014.01 914.006 603.7
1034.66 1014.01 914.009 603.8
1044.34 1014.01 914.013 603.9
1053.97 1014.02 914.016 604
1063.56 1014.02 914.02 604.1
1073.1 1014.02 914.023 604.2
1082.6 1014.03 914.027 604.3
1092.05 1014.03 914.03 604.4
1101.45 1014.03 914.034 604.5
1110.81 1014.04 914.037 604.6
1120.12 1014.04 914.041 604.7
1129.39 1014.04 914.044 604.8
1138.61 1014.05 914.048 604.9
1147.79 1014.05 914.051 605
1156.92 1014.05 914.055 605.1
1166.01 1014.06 914.058 605.2
1175.05 1014.06 914.062 605.3
1184.05 1014.07 914.065 605.4
1193 1014.07 914.069 605.5
1201.9 1014.07 914.072 605.6
1210.77 1014.08 914.076 605.7
1219.58 1014.08 914.079 605.8
1228.36 1014.08 914.083 605.9
1237.09 1014.09 914.086 606
1245.77 1014.09 914.09 606.1
1254.41 1014.09 914.093 606.2
1263.01 1014.1 914.097 606.3
1271.56 1014.1 914.1 606.4
1280.07 1014.1 914.104 606.5
1288.53 1014.11 914.107 606.6
1296.95 1014.11 914.111 606.7
1305.33 1014.11 914.114 606.8
1313.66 1014.12 914.118 606.9
1321.95 1014.12 914.121 607
1330.19 1014.12 914.125 607.1
1338.39 1014.13 914.128 607.2
1346.55 1014.13 914.132 607.3
1354.67 1014.14 914.135 607.4
1362.74 1014.14 914.139 607.5
1370.77 1014.14 914.142 607.6
1378.76 1014.15 914.146 607.7
1386.7 1014.15 914.15 607.8
1394.6 1014.15 914.153 607.9
1402.46 1014.16 914.157 608
1410.27 1014.16 914.16 608.1
1418.04 1014.16 914.164 608.2
1425.77 1014.17 914.167 608.3
1433.46 1014.17 914.171 608.4
1441.1 1014.17 914.174 608.5
1448.7 1014.18 914.178 608.6
1456.26 1014.18 914.181 608.7
1463.78 1014.18 914.185 608.8
1471.26 1014.19 914.188 608.9
1478.69 1014.19 914.192 609
1486.08 1014.2 914.195 609.1
1493.43 1014.2 914.199 609.2
1500.74 1014.2 914.202 609.3
1508.01 1014.21 914.206 609.4
1515.24 1014.21 914.209 609.5
1522.42 1014.21 914.213 609.6
1529.56 1014.22 914.216 609.7
1536.66 1014.22 914.22 609.8
1543.72 1014.22 914.223 609.9
1550.74 1014.23 914.227 610
1557.72 1014.23 914.23 610.1
1564.66 1014.23 914.234 610.2
1571.55 1014.24 914.237 610.3
1578.41 1014.24 914.241 610.4
1585.22 1014.24 914.244 610.5
1592 1014.25 914.248 610.6
1598.73 1014.25 914.251 610.7
1605.43 1014.25 914.255 610.8
1612.08 1014.26 914.258 610.9
1618.69 1014.26 914.262 611
1625.26 1014.27 914.265 611.1
1631.79 1014.27 914.269 611.2
1638.29 1014.27 914.272 611.3
1644.74 1014.28 914.276 611.4
1651.15 1014.28 914.279 611.5
1657.52 1014.28 914.283 611.6
1663.86 1014.29 914.286 611.7
1670.15 1014.29 914.29 611.8
1676.4 1014.29 914.293 611.9
1682.62 1014.3 914.297 612
1688.79 1014.3 914.3 612.1
1694.93 1014.3 914.304 612.2
1701.03 1014.31 914.308 612.3
1707.08 1014.31 914.311 612.4
1713.1 1014.31 914.315 612.5
1719.08 1014.32 914.318 612.6
1725.02 1014.32 914.322 612.7
1730.92 1014.33 914.325 612.8
1736.79 1014.33 914.329 612.9
1742.61 1014.33 914.332 613
1748.4 1014.34 914.336 613.1
1754.14 1014.34 914.339 613.2
1759.85 1014.34 914.343 613.3
1765.52 1014.35 914.346 613.4
1771.16 1014.35 914.35 613.5
1776.75 1014.35 914.353 613.6
1782.31 1014.36 914.357 613.7
1787.83 1014.36 914.36 613.8
1793.31 1014.36 914.364 613.9
1798.75 1014.37 914.367 614
1804.16 1014.37 914.371 614.1
1809.52 1014.37 914.374 614.2
1814.85 1014.38 914.378 614.3
1820.15 1014.38 914.381 614.4
1825.4 1014.38 914.385 614.5
1830.62 1014.39 914.388 614.6
1835.8 1014.39 914.392 614.7
1840.95 1014.4 914.395 614.8
1846.05 1014.4 914.399 614.9
1851.12 1014.4 914.402 615
1856.16 1014.41 914.406 615.1
1861.15 1014.41 914.409 615.2
1866.11 1014.41 914.413 615.3
1871.04 1014.42 914.416 615.4
1875.92 1014.42 914.42 615.5
1880.77 1014.42 914.423 615.6
1885.59 1014.43 914.427 615.7
1890.36 1014.43 914.43 615.8
1895.1 1014.43 914.434 615.9
1899.81 1014.44 914.437 616
1904.48 1014.44 914.441 616.1
1909.11 1014.44 914.444 616.2
1913.71 1014.45 914.448 616.3
1918.27 1014.45 914.451 616.4
1922.8 1014.45 914.455 616.5
1927.29 1014.46 914.458 616.6
1931.74 1014.46 914.462 616.7
1936.16 1014.47 914.466 616.8
1940.55 1014.47 914.469 616.9
1944.89 1014.47 914.473 617
1949.21 1014.48 914.476 617.1
1953.49 1014.48 914.48 617.2
1957.73 1014.48 914.483 617.3
1961.94 1014.49 914.487 617.4
1966.11 1014.49 914.49 617.5
1970.25 1014.49 914.494 617.6
1974.36 1014.5 914.497 617.7
1978.43 1014.5 914.501 617.8
1982.46 1014.5 914.504 617.9
1986.46 1014.51 914.508 618
1990.43 1014.51 914.511 618.1
1994.36 1014.51 914.515 618.2
1998.26 1014.52 914.518 618.3
2002.12 1014.52 914.522 618.4
2005.95 1014.53 914.525 618.5
2009.75 1014.53 914.529 618.6
2013.51 1014.53 914.532 618.7
2017.24 1014.54 914.536 618.8
2020.93 1014.54 914.539 618.9
2024.59 1014.54 914.543 619
2028.22 1014.55 914.546 619.1
2031.82 1014.55 914.55 619.2
2035.38 1014.55 914.553 619.3
2038.91 1014.56 914.557 619.4
2042.4 1014.56 914.56 619.5
2045.86 1014.56 914.564 619.6
2049.29 1014.57 914.567 619.7
2052.68 1014.57 914.571 619.8
2056.05 1014.57 914.574 619.9
2059.38 1014.58 914.578 620
2062.67 1014.58 914.581 620.1
2065.94 1014.58 914.585 620.2
2069.17 1014.59 914.588 620.3
2072.37 1014.59 914.592 620.4
2075.54 1014.6 914.595 620.5
2078.67 1014.6 914.599 620.6
2081.78 1014.6 914.602 620.7
2084.85 1014.61 914.606 620.8
2087.89 1014.61 914.609 620.9
2090.89 1014.61 914.613 621
2093.87 1014.62 914.616 621.1
2096.81 1014.62 914.62 621.2
2099.72 1014.62 914.624 621.3
2102.6 1014.63 914.627 621.4
2105.45 1014.63 914.631 621.5
2108.27 1014.63 914.634 621.6
2111.05 1014.64 914.638 621.7
2113.81 1014.64 914.641 621.8
2116.53 1014.64 914.645 621.9
2119.22 1014.65 914.648 622
2121.88 1014.65 914.652 622.1
2124.52 1014.66 914.655 622.2
2127.11 1014.66 914.659 622.3
2129.68 1014.66 914.662 622.4
2132.22 1014.67 914.666 622.5
2134.73 1014.67 914.669 622.6
2137.21 1014.67 914.673 622.7
2139.65 1014.68 914.676 622.8
2142.07 1014.68 914.68 622.9
2144.46 1014.68 914.683 623
2146.81 1014.69 914.687 623.1
2149.14 1014.69 914.69 623.2
2151.43 1014.69 914.694 623.3
2153.7 1014.7 914.697 623.4
2155.93 1014.7 914.701 623.5
2158.14 1014.7 914.704 623.6
2160.32 1014.71 914.708 623.7
2162.46 1014.71 914.711 623.8
2164.58 1014.71 914.715 623.9
2166.67 1014.72 914.718 624
2168.73 1014.72 914.722 624.1
2170.76 1014.73 914.725 624.2
2172.76 1014.73 914.729 624.3
2174.73 1014.73 914.732 624.4
2176.67 1014.74 914.736 624.5
2178.59 1014.74 914.739 624.6
2180.47 1014.74 914.743 624.7
2182.33 1014.75 914.746 624.8
2184.15 1014.75 914.75 624.9
2185.95 1014.75 914.753 625
2187.72 1014.76 914.757 625.1
2189.46 1014.76 914.76 625.2
2191.18 1014.76 914.764 625.3
2192.86 1014.77 914.767 625.4
2194.52 1014.77 914.771 625.5
2196.15 1014.77 914.775 625.6
2197.75 1014.78 914.778 625.7
2199.32 1014.78 914.782 625.8
2200.87 1014.79 914.785 625.9
2202.39 1014.79 914.789 626
2203.87 1014.79 914.792 626.1
2205.34 1014.8 914.796 626.2
2206.77 1014.8 914.799 626.3
2208.18 1014.8 914.803 626.4
2209.56 1014.81 914.806 626.5
2210.91 1014.81 914.81 626.6
2212.24 1014.81 914.813 626.7
2213.54 1014.82 914.817 626.8
2214.81 1014.82 914.82 626.9
2216.05 1014.82 914.824 627
2217.27 1014.83 914.827 627.1
2218.46 1014.83 914.831 627.2
2219.63 1014.83 914.834 627.3
2220.76 1014.84 914.838 627.4
2221.88 1014.84 914.841 627.5
2222.96 1014.84 914.845 627.6
2224.02 1014.85 914.848 627.7
2225.05 1014.85 914.852 627.8
2226.06 1014.86 914.855 627.9
2227.04 1014.86 914.859 628
2227.99 1014.86 914.862 628.1
2228.92 1014.87 914.866 628.2
2229.82 1014.87 914.869 628.3
2230.7 1014.87 914.873 628.4
2231.55 1014.88 914.876 628.5
2232.38 1014.88 914.88 628.6
2233.18 1014.88 914.883 628.7
2233.95 1014.89 914.887 628.8
2234.7 1014.89 914.89 628.9
2235.42 1014.89 914.894 629
2236.12 1014.9 914.897 629.1
2236.8 1014.9 914.901 629.2
2237.45 1014.9 914.904 629.3
2238.07 1014.91 914.908 629.4
2238.67 1014.91 914.911 629.5
2239.24 1014.91 914.915 629.6
2239.79 1014.92 914.918 629.7
2240.32 1014.92 914.922 629.8
2240.82 1014.93 914.925 629.9
2241.3 1014.93 914.929 630
2241.75 1014.93 914.933 630.1
2242.18 1014.94 914.936 630.2
2242.58 1014.94 914.94 630.3
2242.96 1014.94 914.943 630.4
2243.31 1014.95 914.947 630.5
2243.65 1014.95 914.95 630.6
2243.95 1014.95 914.954 630.7
2244.24 1014.96 914.957 630.8
2244.5 1014.96 914.961 630.9
2244.74 1014.96 914.964 631
2244.95 1014.97 914.968 631.1
2245.14 1014.97 914.971 631.2
2245.31 1014.97 914.975 631.3
2245.45 1014.98 914.978 631.4
2245.57 1014.98 914.982 631.5
2245.67 1014.99 914.985 631.6
2245.74 1014.99 914.989 631.7
2245.79 1014.99 914.992 631.8
2245.82 1015 914.996 631.9
2245.83 1015 914.999 632
2245.81 1015 915.003 632.1
2245.77 1015.01 915.006 632.2
2245.71 1015.01 915.01 632.3
2245.63 1015.01 915.013 632.4
2245.52 1015.02 915.017 632.5
2245.39 1015.02 915.02 632.6
2245.24 1015.02 915.024 632.7
2245.07 1015.03 915.027 632.8
2244.87 1015.03 915.031 632.9
2244.66 1015.03 915.034 633
2244.42 1015.04 915.038 633.1
2244.16 1015.04 915.041 633.2
2243.88 1015.04 915.045 633.3
2243.57 1015.05 915.048 633.4
2243.25 1015.05 915.052 633.5
2242.9 1015.06 915.055 633.6
2242.53 1015.06 915.059 633.7
2242.15 1015.06 915.062 633.8
2241.74 1015.07 915.066 633.9
2241.3 1015.07 915.069 634
2240.85 1015.07 915.073 634.1
2240.38 1015.08 915.076 634.2
2239.89 1015.08 915.08 634.3
2239.37 1015.08 915.083 634.4
2238.84 1015.09 915.087 634.5
2238.28 1015.09 915.091 634.6
2237.71 1015.09 915.094 634.7
2237.11 1015.1 915.098 634.8
2236.49 1015.1 915.101 634.9
2235.86 1015.1 915.105 635
2235.2 1015.11 915.108 635.1
2234.52 1015.11 915.112 635.2
2233.82 1015.12 915.115 635.3
2233.11 1015.12 915.119 635.4
2232.37 1015.12 915.122 635.5
2231.61 1015.13 915.126 635.6
2230.84 1015.13 915.129 635.7
2230.04 1015.13 915.133 635.8
2229.23 1015.14 915.136 635.9
2228.39 1015.14 915.14 636
2227.54 1015.14 915.143 636.1
2226.67 1015.15 915.147 636.2
2225.77 1015.15 915.15 636.3
2224.86 1015.15 915.154 636.4
2223.93 1015.16 915.157 636.5
2222.98 1015.16 915.161 636.6
2222.02 1015.16 915.164 636.7
2221.03 1015.17 915.168 636.8
2220.02 1015.17 915.171 636.9
2219 1015.17 915.175 637
2217.96 1015.18 915.178 637.1
2216.9 1015.18 915.182 637.2
2215.82 1015.19 915.185 637.3
2214.72 1015.19 915.189 637.4
2213.61 1015.19 915.192 637.5
2212.47 1015.2 915.196 637.6
2211.32 1015.2 915.199 637.7
2210.15 1015.2 915.203 637.8
2208.97 1015.21 915.206 637.9
2207.76 1015.21 915.21 638
2206.54 1015.21 915.213 638.1
2205.3 1015.22 915.217 638.2
2204.04 1015.22 915.22 638.3
2202.77 1015.22 915.224 638.4
2201.47 1015.23 915.227 638.5
2200.17 1015.23 915.231 638.6
2198.84 1015.23 915.234 638.7
2197.5 1015.24 915.238 638.8
2196.14 1015.24 915.241 638.9
2194.76 1015.25 915.245 639
2193.36 1015.25 915.249 639.1
2191.95 1015.25 915.252 639.2
2190.53 1015.26 915.256 639.3
2189.08 1015.26 915.259 639.4
2187.62 1015.26 915.263 639.5
2186.15 1015.27 915.266 639.6
2184.65 1015.27 915.27 639.7
2183.14 1015.27 915.273 639.8
2181.62 1015.28 915.277 639.9
2180.08 1023 923 640 PIT
2178.52 1023 923 640.1 PIT
2176.95 1023 923 640.2 PIT
2175.36 1023 923 640.3 PIT
2173.75 1023 923 640.4 PIT
2172.13 1023 923 640.5 PIT
2170.5 1023 923 640.6 PIT
2168.85 1023 923 640.7 PIT
2167.18 1023 923 640.8 PIT
2165.5 1023 923 640.9 PIT
2163.8 1023 923 641 PIT
2162.09 1023 923 641.1 PIT
2160.36 1023 923 641.2 PIT
2158.62 1023 923 641.3 PIT
2156.86 1023 923 641.4 PIT
2155.09 1023 923 641.5 PIT
2153.3 1023 923 641.6 PIT
2151.5 1023 923 641.7 PIT
2149.69 1023 923 641.8 PIT
2147.86 1023 923 641.9 PIT
2146.01 1023 923 642 PIT
2144.15 1023 923 642.1 PIT
2142.28 1023 923 642.2 PIT
2140.39 1023 923 642.3 PIT
2138.49 1023 923 642.4 PIT
2136.58 1023 923 642.5 PIT
2134.65 1023 923 642.6 PIT
2132.71 1023 923 642.7 PIT
2130.75 1023 923 642.8 PIT
2128.78 1023 923 642.9 PIT
2126.8 1023 923 643 PIT
2124.8 1023 923 643.1 PIT
2122.79 1023 923 643.2 PIT
2120.76 1023 923 643.3 PIT
2118.73 1023 923 643.4 PIT
2116.68 1023 923 643.5 PIT
2114.61 1023 923 643.6 PIT
2112.54 1023 923 643.7 PIT
2110.45 1023 923 643.8 PIT
2108.35 1023 923 643.9 PIT
2106.23 1023 923 644 PIT
2104.11 1023 923 644.1 PIT
2101.97 1023 923 644.2 PIT
2099.82 1023 923 644.3 PIT
2097.65 1023 923 644.4 PIT
2095.48 1023 923 644.5 PIT
2093.29 1023 923 644.6 PIT
2091.09 1023 923 644.7 PIT
2088.87 1023 923 644.8 PIT
2086.65 1023 923 644.9 PIT
2084.41 1023 923 645 PIT
2082.16 1023 923 645.1 PIT
2079.9 1023 923 645.2 PIT
2077.63 1023 923 645.3 PIT
2075.35 1023 923 645.4 PIT
2073.05 1023 923 645.5 PIT
2070.75 1023 923 645.6 PIT
2068.43 1023 923 645.7 PIT
2066.1 1023 923 645.8 PIT
2063.76 1023 923 645.9 PIT
2061.41 1023 923 646 PIT
2059.05 1023 923 646.1 PIT
2056.68 1023 923 646.2 PIT
2054.29 1023 923 646.3 PIT
2051.9 1023 923 646.4 PIT
2049.49 1023 923 646.5 PIT
2047.08 1023 923 646.6 PIT
2044.65 1023 923 646.7 PIT
2042.22 1023 923 646.8 PIT
2039.77 1023 923 646.9 PIT
2037.32 1023 923 647 PIT
2034.85 1023 923 647.1 PIT
2032.37 1023 923 647.2 PIT
2029.89 1023 923 647.3 PIT
2027.39 1023 923 647.4 PIT
2024.88 1023 923 647.5 PIT
2022.37 1023 923 647.6 PIT
2019.84 1023 923 647.7 PIT
2017.31 1023 923 647.8 PIT
2014.76 1023 923 647.9 PIT
2012.21 1023 923 648 PIT
2009.65 1023 923 648.1 PIT
2007.08 1023 923 648.2 PIT
2004.49 1023 923 648.3 PIT
2001.9 1023 923 648.4 PIT
1999.3 1023 923 648.5 PIT
1996.7 1023 923 648.6 PIT
1994.08 1023 923 648.7 PIT
1991.45 1023 923 648.8 PIT
1988.82 1023 923 648.9 PIT
1986.18 1023 923 649 PIT
1983.53 1023 923 649.1 PIT
1980.87 1023 923 649.2 PIT
1978.2 1023 923 649.3 PIT
1975.52 1023 923 649.4 PIT
1972.84 1023 923 649.5 PIT
1970.15 1023 923 649.6 PIT
1967.45 1023 923 649.7 PIT
1964.74 1023 923 649.8 PIT
1962.03 1023 923 649.9 PIT
1959.3 1023 923 650 PIT
1956.57 1023 923 650.1 PIT
1953.83 1023 923 650.2 PIT
1951.09 1023 923 650.3 PIT
1948.33 1023 923 650.4 PIT
1945.57 1023 923 650.5 PIT
1942.81 1023 923 650.6 PIT
1940.03 1023 923 650.7 PIT
1937.25 1023 923 650.8 PIT
1934.46 1023 923 650.9 PIT
1931.67 1023 923 651 PIT
1928.87 1023 923 651.1 PIT
1926.06 1023 923 651.2 PIT
1923.24 1023 923 651.3 PIT
1920.42 1023 923 651.4 PIT
1917.59 1023 923 651.5 PIT
1914.76 1023 923 651.6 PIT
1911.92 1023 923 651.7 PIT
1909.07 1023 923 651.8 PIT
1906.21 1023 923 651.9 PIT
1903.36 1023 923 652 PIT
1900.49 1023 923 652.1 PIT
1897.62 1023 923 652.2 PIT
1894.74 1023 923 652.3 PIT
1891.86 1023 923 652.4 PIT
1888.97 1023 923 652.5 PIT
1886.08 1023 923 652.6 PIT
1883.18 1023 923 652.7 PIT
1880.28 1023 923 652.8 PIT
1877.37 1023 923 652.9 PIT
1874.45 1023 923 653 PIT
1871.53 1023 923 653.1 PIT
1868.61 1023 923 653.2 PIT
1865.68 1023 923 653.3 PIT
1862.74 1023 923 653.4 PIT
1859.8 1023 923 653.5 PIT
1856.86 1023 923 653.6 PIT
1853.91 1023 923 653.7 PIT
1850.96 1023 923 653.8 PIT
1848 1023 923 653.9 PIT
1845.04 1023 923 654 PIT
1842.07 1023 923 654.1 PIT
1839.1 1023 923 654.2 PIT
1836.13 1023 923 654.3 PIT
1833.15 1023 923 654.4 PIT
1830.17 1023 923 654.5 PIT
1827.18 1023 923 654.6 PIT
1824.19 1023 923 654.7 PIT
1821.2 1023 923 654.8 PIT
1818.2 1023 923 654.9 PIT
1815.2 1023 923 655 PIT
1812.2 1023 923 655.1 PIT
1809.19 1023 923 655.2 PIT
1806.18 1023 923 655.3 PIT
1803.16 1023 923 655.4 PIT
1800.15 1023 923 655.5 PIT
1797.13 1023 923 655.6 PIT
1794.1 1023 923 655.7 PIT
1791.08 1023 923 655.8 PIT
1788.05 1023 923 655.9 PIT
1785.02 1023 923 656 PIT
1781.99 1023 923 656.1 PIT
1778.95 1023 923 656.2 PIT
1775.91 1023 923 656.3 PIT
1772.87 1023 923 656.4 PIT
1769.83 1023 923 656.5 PIT
1766.78 1023 923 656.6 PIT
1763.73 1023 923 656.7 PIT
1760.68 1023 923 656.8 PIT
1757.63 1023 923 656.9 PIT
1754.58 1023 923 657 PIT
1751.52 1023 923 657.1 PIT
1748.47 1023 923 657.2 PIT
1745.41 1023 923 657.3 PIT
1742.35 1023 923 657.4 PIT
1739.29 1023 923 657.5 PIT
1736.23 1023 923 657.6 PIT
1733.16 1023 923 657.7 PIT
1730.1 1023 923 657.8 PIT
1727.03 1023 923 657.9 PIT
1723.97 1023 923 658 PIT
1720.9 1023 923 658.1 PIT
1717.83 1023 923 658.2 PIT
1714.76 1023 923 658.3 PIT
1711.69 1023 923 658.4 PIT
1708.62 1023 923 658.5 PIT
1705.55 1023 923 658.6 PIT
1702.48 1023 923 658.7 PIT
1699.41 1023 923 658.8 PIT
1696.33 1023 923 658.9 PIT
1693.26 1023 923 659 PIT
1690.19 1023 923 659.1 PIT
1687.12 1023 923 659.2 PIT
1684.04 1023 923 659.3 PIT
1680.97 1023 923 659.4 PIT
1677.9 1023 923 659.5 PIT
1674.83 1023 923 659.6 PIT
1671.76 1023 923 659.7 PIT
1668.69 1023 923 659.8 PIT
1665.62 1023 923 659.9 PIT
1662.55 1023 923 660 PIT
1659.48 1023 923 660.1 PIT
1656.41 1023 923 660.2 PIT
1653.35 1023 923 660.3 PIT
1650.28 1023 923 660.4 PIT
1647.22 1023 923 660.5 PIT
1644.15 1023 923 660.6 PIT
1641.09 1023 923 660.7 PIT
1638.03 1023 923 660.8 PIT
1634.97 1023 923 660.9 PIT
1631.91 1023 923 661 PIT
1628.86 1023 923 661.1 PIT
1625.8 1023 923 661.2 PIT
1622.75 1023 923 661.3 PIT
1619.7 1023 923 661.4 PIT
1616.65 1023 923 661.5 PIT
1613.6 1023 923 661.6 PIT
1610.56 1023 923 661.7 PIT
1607.51 1023 923 661.8 PIT
1604.47 1023 923 661.9 PIT
1601.44 1023 923 662 PIT
1598.4 1023 923 662.1 PIT
1595.37 1023 923 662.2 PIT
1592.34 1023 923 662.3 PIT
1589.31 1023 923 662.4 PIT
1586.28 1023 923 662.5 PIT
1583.26 1023 923 662.6 PIT
1580.24 1023 923 662.7 PIT
1577.23 1023 923 662.8 PIT
1574.21 1023 923 662.9 PIT
1571.2 1023 923 663 PIT
1568.2 1023 923 663.1 PIT
1565.19 1023 923 663.2 PIT
1562.19 1023 923 663.3 PIT
1559.2 1023 923 663.4 PIT
1556.2 1023 923 663.5 PIT
1553.21 1023 923 663.6 PIT
1550.23 1023 923 663.7 PIT
1547.25 1023 923 663.8 PIT
1544.27 1023 923 663.9 PIT
1541.3 1023 923 664 PIT
1538.33 1023 923 664.1 PIT
1535.36 1023 923 664.2 PIT
1532.4 1023 923 664.3 PIT
1529.44 1023 923 664.4 PIT
1526.49 1023 923 664.5 PIT
1523.54 1023 923 664.6 PIT
1520.6 1023 923 664.7 PIT
1517.66 1023 923 664.8 PIT
1514.73 1023 923 664.9 PIT
1511.8 1023 923 665 PIT
1508.87 1023 923 665.1 PIT
1505.96 1023 923 665.2 PIT
1503.04 1023 923 665.3 PIT
1500.13 1023 923 665.4 PIT
1497.23 1023 923 665.5 PIT
1494.33 1023 923 665.6 PIT
1491.44 1023 923 665.7 PIT
1488.55 1023 923 665.8 PIT
1485.67 1023 923 665.9 PIT
1482.8 1023 923 666 PIT
1479.93 1023 923 666.1 PIT
1477.06 1023 923 666.2 PIT
1474.2 1023 923 666.3 PIT
1471.35 1023 923 666.4 PIT
1468.51 1023 923 666.5 PIT
1465.67 1023 923 666.6 PIT
1462.83 1023 923 666.7 PIT
1460.01 1023 923 666.8 PIT
1457.19 1023 923 666.9 PIT
1454.37 1023 923 667 PIT
1451.56 1023 923 667.1 PIT
1448.76 1023 923 667.2 PIT
1445.97 1023 923 667.3 PIT
1443.18 1023 923 667.4 PIT
1440.4 1023 923 667.5 PIT
1437.63 1023 923 667.6 PIT
1434.86 1023 923 667.7 PIT
1432.1 1023 923 667.8 PIT
1429.35 1023 923 667.9 PIT
1426.61 1023 923 668 PIT
1423.87 1023 923 668.1 PIT
1421.14 1023 923 668.2 PIT
1418.42 1023 923 668.3 PIT
1415.7 1023 923 668.4 PIT
1413 1023 923 668.5 PIT
1410.3 1023 923 668.6 PIT
1407.61 1023 923 668.7 PIT
1404.93 1023 923 668.8 PIT
1402.25 1023 923 668.9 PIT
1399.59 1023 923 669 PIT
1396.93 1023 923 669.1 PIT
1394.28 1023 923 669.2 PIT
1391.64 1023 923 669.3 PIT
1389.01 1023 923 669.4 PIT
1386.38 1023 923 669.5 PIT
1383.77 1023 923 669.6 PIT
1381.16 1023 923 669.7 PIT
1378.56 1023 923 669.8 PIT
1375.98 1023 923 669.9 PIT
1373.4 1023 923 670 PIT
1370.83 1023 923 670.1 PIT
1368.26 1023 923 670.2 PIT
1365.71 1023 923 670.3 PIT
1363.17 1023 923 670.4 PIT
1360.64 1023 923 670.5 PIT
1358.11 1023 923 670.6 PIT
1355.6 1023 923 670.7 PIT
1353.1 1023 923 670.8 PIT
1350.6 1023 923 670.9 PIT
1348.12 1023 923 671 PIT
1345.64 1023 923 671.1 PIT
1343.18 1023 923 671.2 PIT
1340.72 1023 923 671.3 PIT
1338.28 1023 923 671.4 PIT
1335.85 1023 923 671.5 PIT
1333.42 1023 923 671.6 PIT
1331.01 1023 923 671.7 PIT
1328.61 1023 923 671.8 PIT
1326.21 1023 923 671.9 PIT
1323.83 1023 923 672 PIT
1321.46 1023 923 672.1 PIT
1319.1 1023 923 672.2 PIT
1316.75 1023 923 672.3 PIT
1314.42 1023 923 672.4 PIT
1312.09 1023 923 672.5 PIT
1309.77 1023 923 672.6 PIT
1307.47 1023 923 672.7 PIT
1305.18 1023 923 672.8 PIT
1302.9 1023 923 672.9 PIT
1300.63 1023 923 673 PIT
1298.37 1023 923 673.1 PIT
1296.12 1023 923 673.2 PIT
1293.89 1023 923 673.3 PIT
1291.67 1023 923 673.4 PIT
1289.46 1023 923 673.5 PIT
1287.26 1023 923 673.6 PIT
1285.07 1023 923 673.7 PIT
1282.9 1023 923 673.8 PIT
1280.73 1023 923 673.9 PIT
1278.58 1023 923 674 PIT
1276.45 1023 923 674.1 PIT
1274.32 1023 923 674.2 PIT
1272.21 1023 923 674.3 PIT
1270.11 1023 923 674.4 PIT
1268.03 1023 923 674.5 PIT
1265.95 1023 923 674.6 PIT
1263.89 1023 923 674.7 PIT
1261.84 1023 923 674.8 PIT
1259.81 1023 923 674.9 PIT
1257.79 1023 923 675 PIT
1255.78 1023 923 675.1 PIT
1253.79 1023 923 675.2 PIT
1251.81 1023 923 675.3 PIT
1249.84 1023 923 675.4 PIT
1247.88 1023 923 675.5 PIT
1245.94 1023 923 675.6 PIT
1244.02 1023 923 675.7 PIT
1242.1 1023 923 675.8 PIT
1240.21 1023 923 675.9 PIT
1238.32 1023 923 676 PIT
1236.45 1023 923 676.1 PIT
1234.6 1023 923 676.2 PIT
1232.75 1023 923 676.3 PIT
1230.93 1023 923 676.4 PIT
1229.11 1023 923 676.5 PIT
1227.31 1023 923 676.6 PIT
1225.53 1023 923 676.7 PIT
1223.76 1023 923 676.8 PIT
1222.01 1023 923 676.9 PIT
1220.27 1023 923 677 PIT
1218.54 1023 923 677.1 PIT
1216.83 1023 923 677.2 PIT
1215.14 1023 923 677.3 PIT
1213.46 1023 923 677.4 PIT
1211.8 1023 923 677.5 PIT
1210.15 1023 923 677.6 PIT
1208.52 1023 923 677.7 PIT
1206.9 1023 923 677.8 PIT
1205.3 1023 923 677.9 PIT
1203.71 1023 923 678 PIT
1202.14 1023 923 678.1 PIT
1200.59 1023 923 678.2 PIT
1199.05 1023 923 678.3 PIT
1197.53 1023 923 678.4 PIT
1196.02 1023 923 678.5 PIT
1194.53 1023 923 678.6 PIT
1193.06 1023 923 678.7 PIT
1191.6 1023 923 678.8 PIT
1190.16 1023 923 678.9 PIT
1188.74 1023 923 679 PIT
1187.33 1023 923 679.1 PIT
1185.94 1023 923 679.2 PIT
1184.56 1023 923 679.3 PIT
1183.21 1023 923 679.4 PIT
1181.87 1023 923 679.5 PIT
1180.54 1023 923 679.6 PIT
1179.24 1023 923 679.7 PIT
1177.95 1023 923 679.8 PIT
1176.68 1023 923 679.9 PIT
1175.42 1023 923 680 PIT
1174.19 1023 923 680.1 PIT
1172.97 1023 923 680.2 PIT
1171.77 1023 923 680.3 PIT
1170.58 1023 923 680.4 PIT
1169.41 1023 923 680.5 PIT
1168.26 1023 923 680.6 PIT
1167.13 1023 923 680.7 PIT
1166.02 1023 923 680.8 PIT
1164.92 1023 923 680.9 PIT
1163.84 1023 923 681 PIT
1162.77 1023 923 681.1 PIT
1161.72 1023 923 681.2 PIT
1160.69 1023 923 681.3 PIT
1159.68 1023 923 681.4 PIT
1158.68 1023 923 681.5 PIT
1157.7 1023 923 681.6 PIT
1156.73 1023 923 681.7 PIT
1155.78 1023 923 681.8 PIT
1154.85 1023 923 681.9 PIT
1153.94 1023 923 682 PIT
1153.04 1023 923 682.1 PIT
1152.15 1023 923 682.2 PIT
1151.29 1023 923 682.3 PIT
1150.44 1023 923 682.4 PIT
1149.6 1023 923 682.5 PIT
1148.78 1023 923 682.6 PIT
1147.98 1023 923 682.7 PIT
1147.19 1023 923 682.8 PIT
1146.42 1023 923 682.9 PIT
1145.67 1023 923 683 PIT
1144.93 1023 923 683.1 PIT
1144.2 1023 923 683.2 PIT
1143.5 1023 923 683.3 PIT
1142.8 1023 923 683.4 PIT
1142.13 1023 923 683.5 PIT
1141.46 1023 923 683.6 PIT
1140.82 1023 923 683.7 PIT
1140.19 1023 923 683.8 PIT
1139.57 1023 923 683.9 PIT
1138.97 1023 923 684 PIT
1138.38 1023 923 684.1 PIT
1137.81 1023 923 684.2 PIT
1137.26 1023 923 684.3 PIT
1136.72 1023 923 684.4 PIT
1136.19 1023 923 684.5 PIT
1135.68 1023 923 684.6 PIT
1135.19 1023 923 684.7 PIT
1134.7 1023 923 684.8 PIT
1134.24 1023 923 684.9 PIT
1133.79 1023 923 685 PIT
1133.35 1023 923 685.1 PIT
1132.92 1023 923 685.2 PIT
1132.52 1023 923 685.3 PIT
1132.12 1023 923 685.4 PIT
1131.74 1023 923 685.5 PIT
1131.38 1023 923 685.6 PIT
1131.03 1023 923 685.7 PIT
1130.69 1023 923 685.8 PIT
1130.36 1023 923 685.9 PIT
1130.06 1023 923 686 PIT
1129.76 1023 923 686.1 PIT
1129.48 1023 923 686.2 PIT
1129.21 1023 923 686.3 PIT
1128.96 1023 923 686.4 PIT
1128.72 1023 923 686.5 PIT
1128.49 1023 923 686.6 PIT
1128.28 1023 923 686.7 PIT
1128.08 1023 923 686.8 PIT
1127.89 1023 923 686.9 PIT
1127.72 1023 923 687 PIT
1127.56 1023 923 687.1 PIT
1127.42 1023 923 687.2 PIT
1127.28 1023 923 687.3 PIT
1127.17 1023 923 687.4 PIT
1127.06 1023 923 687.5 PIT
1126.97 1023 923 687.6 PIT
1126.89 1023 923 687.7 PIT
1126.82 1023 923 687.8 PIT
1126.77 1023 923 687.9 PIT
1126.72 1023 923 688 PIT
1126.7 1023 923 688.1 PIT
1126.68 1023 923 688.2 PIT
1126.68 1023 923 688.3 PIT
1126.69 1023 923 688.4 PIT
1126.71 1023 923 688.5 PIT
1126.74 1023 923 688.6 PIT
1126.79 1023 923 688.7 PIT
1126.85 1023 923 688.8 PIT
1126.92 1023 923 688.9 PIT
1127.01 1023 923 689 PIT
1127.1 1023 923 689.1 PIT
1127.21 1023 923 689.2 PIT
1127.33 1023 923 689.3 PIT
1127.46 1023 923 689.4 PIT
1127.61 1023 923 689.5 PIT
1127.76 1023 923 689.6 PIT
1127.93 1023 923 689.7 PIT
1128.11 1023 923 689.8 PIT
1128.3 1023 923 689.9 PIT
1128.51 1023 923 690 PIT
1128.72 1023 923 690.1 PIT
1128.95 1023 923 690.2 PIT
1129.19 1023 923 690.3 PIT
1129.44 1023 923 690.4 PIT
1129.7 1023 923 690.5 PIT
1129.97 1023 923 690.6 PIT
1130.25 1023 923 690.7 PIT
1130.55 1023 923 690.8 PIT
1130.85 1023 923 690.9 PIT
1131.17 1023 923 691 PIT
1131.5 1023 923 691.1 PIT
1131.84 1023 923 691.2 PIT
1132.19 1023 923 691.3 PIT
1132.55 1023 923 691.4 PIT
1132.92 1023 923 691.5 PIT
1133.3 1023 923 691.6 PIT
1133.69 1023 923 691.7 PIT
1134.1 1023 923 691.8 PIT
1134.51 1023 923 691.9 PIT
1134.94 1023 923 692 PIT
1135.37 1023 923 692.1 PIT
1135.82 1023 923 692.2 PIT
1136.27 1023 923 692.3 PIT
1136.74 1023 923 692.4 PIT
1137.21 1023 923 692.5 PIT
1137.7 1023 923 692.6 PIT
1138.2 1023 923 692.7 PIT
1138.7 1023 923 692.8 PIT
1139.22 1023 923 692.9 PIT
1139.75 1023 923 693 PIT
1140.28 1023 923 693.1 PIT
1140.83 1023 923 693.2 PIT
1141.38 1023 923 693.3 PIT
1141.95 1023 923 693.4 PIT
1142.52 1023 923 693.5 PIT
1143.11 1023 923 693.6 PIT
1143.7 1023 923 693.7 PIT
1144.31 1023 923 693.8 PIT
1144.92 1023 923 693.9 PIT
1145.54 1023 923 694 PIT
1146.17 1023 923 694.1 PIT
1146.81 1023 923 694.2 PIT
1147.46 1023 923 694.3 PIT
1148.12 1023 923 694.4 PIT
1148.79 1023 923 694.5 PIT
1149.47 1023 923 694.6 PIT
1150.15 1023 923 694.7 PIT
1150.85 1023 923 694.8 PIT
1151.55 1023 923 694.9 PIT
1152.26 1023 923 695 PIT
1152.98 1023 923 695.1 PIT
1153.71 1023 923 695.2 PIT
1154.45 1023 923 695.3 PIT
1155.2 1023 923 695.4 PIT
1155.95 1023 923 695.5 PIT
1156.72 1023 923 695.6 PIT
1157.49 1023 923 695.7 PIT
1158.27 1023 923 695.8 PIT
1159.06 1023 923 695.9 PIT
1159.85 1023 923 696 PIT
1160.66 1023 923 696.1 PIT
1161.47 1023 923 696.2 PIT
1162.29 1023 923 696.3 PIT
1163.12 1023 923 696.4 PIT
1163.96 1023 923 696.5 PIT
1164.8 1023 923 696.6 PIT
1165.65 1023 923 696.7 PIT
1166.51 1023 923 696.8 PIT
1167.38 1023 923 696.9 PIT
1168.25 1023 923 697 PIT
1169.13 1023 923 697.1 PIT
1170.02 1023 923 697.2 PIT
1170.92 1023 923 697.3 PIT
1171.83 1023 923 697.4 PIT
1172.74 1023 923 697.5 PIT
1173.66 1023 923 697.6 PIT
1174.58 1023 923 697.7 PIT
1175.52 1023 923 697.8 PIT
1176.46 1023 923 697.9 PIT
1177.4 1023 923 698 PIT
1178.36 1023 923 698.1 PIT
1179.32 1023 923 698.2 PIT
1180.29 1023 923 698.3 PIT
1181.26 1023 923 698.4 PIT
1182.24 1023 923 698.5 PIT
1183.23 1023 923 698.6 PIT
1184.22 1023 923 698.7 PIT
1185.22 1023 923 698.8 PIT
1186.23 1023 923 698.9 PIT
1187.25 1023 923 699 PIT
1188.27 1023 923 699.1 PIT
1189.29 1023 923 699.2 PIT
1190.32 1023 923 699.3 PIT
1191.36 1023 923 699.4 PIT
1192.41 1023 923 699.5 PIT
1193.46 1023 923 699.6 PIT
1194.52 1023 923 699.7 PIT
1195.58 1023 923 699.8 PIT
1196.65 1023 923 699.9 PIT
1197.72 1023 923 700 PIT
1198.8 1023 923 700.1 PIT
1199.89 1023 923 700.2 PIT
1200.98 1023 923 700.3 PIT
1202.08 1023 923 700.4 PIT
1203.18 1023 923 700.5 PIT
1204.29 1023 923 700.6 PIT
1205.4 1023 923 700.7 PIT
1206.52 1023 923 700.8 PIT
1207.64 1023 923 700.9 PIT
1208.77 1023 923 701 PIT
1209.91 1023 923 701.1 PIT
1211.05 1023 923 701.2 PIT
1212.19 1023 923 701.3 PIT
1213.34 1023 923 701.4 PIT
1214.5 1023 923 701.5 PIT
1215.65 1023 923 701.6 PIT
1216.82 1023 923 701.7 PIT
1217.99 1023 923 701.8 PIT
1219.16 1023 923 701.9 PIT
1220.34 1023 923 702 PIT
1221.52 1023 923 702.1 PIT
1222.71 1023 923 702.2 PIT
1223.9 1023 923 702.3 PIT
1225.1 1023 923 702.4 PIT
1226.3 1023 923 702.5 PIT
1227.5 1023 923 702.6 PIT
1228.71 1023 923 702.7 PIT
1229.93 1023 923 702.8 PIT
1231.14 1023 923 702.9 PIT
1232.37 1023 923 703 PIT
1233.59 1023 923 703.1 PIT
1234.82 1023 923 703.2 PIT
1236.05 1023 923 703.3 PIT
1237.29 1023 923 703.4 PIT
1238.53 1023 923 703.5 PIT
1239.78 1023 923 703.6 PIT
1241.02 1023 923 703.7 PIT
1242.28 1023 923 703.8 PIT
1243.53 1023 923 703.9 PIT
1244.79 1023 923 704 PIT
1246.05 1023 923 704.1 PIT
1247.32 1023 923 704.2 PIT
1248.59 1023 923 704.3 PIT
1249.86 1023 923 704.4 PIT
1251.13 1023 923 704.5 PIT
1252.41 1023 923 704.6 PIT
1253.69 1023 923 704.7 PIT
1254.98 1023 923 704.8 PIT
1256.26 1023 923 704.9 PIT
1257.55 1023 923 705 PIT
1258.85 1023 923 705.1 PIT
1260.14 1023 923 705.2 PIT
1261.44 1023 923 705.3 PIT
1262.74 1023 923 705.4 PIT
1264.05 1023 923 705.5 PIT
1265.35 1023 923 705.6 PIT
1266.66 1023 923 705.7 PIT
1267.97 1023 923 705.8 PIT
1269.29 1023 923 705.9 PIT
1270.6 1023 923 706 PIT
1271.92 1023 923 706.1 PIT
1273.24 1023 923 706.2 PIT
1274.56 1023 923 706.3 PIT
1275.89 1023 923 706.4 PIT
1277.21 1023 923 706.5 PIT
1278.54 1023 923 706.6 PIT
1279.87 1023 923 706.7 PIT
1281.2 1023 923 706.8 PIT
1282.54 1023 923 706.9 PIT
1283.87 1023 923 707 PIT
1285.21 1023 923 707.1 PIT
1286.55 1023 923 707.2 PIT
1287.89 1023 923 707.3 PIT
1289.23 1023 923 707.4 PIT
1290.57 1023 923 707.5 PIT
1291.92 1023 923 707.6 PIT
1293.26 1023 923 707.7 PIT
1294.61 1023 923 707.8 PIT
1295.96 1023 923 707.9 PIT
1297.3 1023 923 708 PIT
1298.65 1023 923 708.1 PIT
1300.01 1023 923 708.2 PIT
1301.36 1023 923 708.3 PIT
1302.71 1023 923 708.4 PIT
1304.07 1023 923 708.5 PIT
1305.42 1023 923 708.6 PIT
1306.78 1023 923 708.7 PIT
1308.13 1023 923 708.8 PIT
1309.49 1023 923 708.9 PIT
1310.84 1023 923 709 PIT
1312.2 1023 923 709.1 PIT
1313.56 1023 923 709.2 PIT
1314.92 1023 923 709.3 PIT
1316.28 1023 923 709.4 PIT
1317.64 1023 923 709.5 PIT
1319 1023 923 709.6 PIT
1320.35 1023 923 709.7 PIT
1321.71 1023 923 709.8 PIT
1323.07 1023 923 709.9 PIT
1324.43 1023 923 710 PIT
1325.79 1023 923 710.1 PIT
1327.15 1023 923 710.2 PIT
1328.51 1023 923 710.3 PIT
1329.87 1023 923 710.4 PIT
1331.23 1023 923 710.5 PIT
1332.58 1023 923 710.6 PIT
1333.94 1023 923 710.7 PIT
1335.3 1023 923 710.8 PIT
1336.65 1023 923 710.9 PIT
1338.01 1023 923 711 PIT
1339.36 1023 923 711.1 PIT
1340.72 1023 923 711.2 PIT
1342.07 1023 923 711.3 PIT
1343.42 1023 923 711.4 PIT
1344.77 1023 923 711.5 PIT
1346.12 1023 923 711.6 PIT
1347.47 1023 923 711.7 PIT
1348.82 1023 923 711.8 PIT
1350.17 1023 923 711.9 PIT
1351.52 1023 923 712 PIT
1352.86 1023 923 712.1 PIT
1354.2 1023 923 712.2 PIT
1355.54 1023 923 712.3 PIT
1356.88 1023 923 712.4 PIT
1358.22 1023 923 712.5 PIT
1359.56 1023 923 712.6 PIT
1360.9 1023 923 712.7 PIT
1362.23 1023 923 712.8 PIT
1363.56 1023 923 712.9 PIT
1364.89 1023 923 713 PIT
1366.22 1023 923 713.1 PIT
1367.55 1023 923 713.2 PIT
1368.87 1023 923 713.3 PIT
1370.19 1023 923 713.4 PIT
1371.51 1023 923 713.5 PIT
1372.83 1023 923 713.6 PIT
1374.15 1023 923 713.7 PIT
1375.46 1023 923 713.8 PIT
1376.77 1023 923 713.9 PIT
1378.08 1023 923 714 PIT
1379.39 1023 923 714.1 PIT
1380.69 1023 923 714.2 PIT
1381.99 1023 923 714.3 PIT
1383.29 1023 923 714.4 PIT
1384.59 1023 923 714.5 PIT
1385.88 1023 923 714.6 PIT
1387.17 1023 923 714.7 PIT
1388.46 1023 923 714.8 PIT
1389.75 1023 923 714.9 PIT
1391.03 1023 923 715 PIT
1392.31 1023 923 715.1 PIT
1393.58 1023 923 715.2 PIT
1394.85 1023 923 715.3 PIT
1396.12 1023 923 715.4 PIT
1397.39 1023 923 715.5 PIT
1398.65 1023 923 715.6 PIT
1399.91 1023 923 715.7 PIT
1401.17 1023 923 715.8 PIT
1402.42 1023 923 715.9 PIT
1403.67 1023 923 716 PIT
1404.91 1023 923 716.1 PIT
1406.15 1023 923 716.2 PIT
1407.39 1023 923 716.3 PIT
1408.63 1023 923 716.4 PIT
1409.86 1023 923 716.5 PIT
1411.08 1023 923 716.6 PIT
1412.3 1023 923 716.7 PIT
1413.52 1023 923 716.8 PIT
1414.74 1023 923 716.9 PIT
1415.94 1023 923 717 PIT
1417.15 1023 923 717.1 PIT
1418.35 1023 923 717.2 PIT
1419.55 1023 923 717.3 PIT
1420.74 1023 923 717.4 PIT
1421.93 1023 923 717.5 PIT
1423.11 1023 923 717.6 PIT
1424.29 1023 923 717.7 PIT
1425.47 1023 923 717.8 PIT
1426.64 1023 923 717.9 PIT
1427.8 1023 923 718 PIT
1428.96 1023 923 718.1 PIT
1430.12 1023 923 718.2 PIT
1431.27 1023 923 718.3 PIT
1432.41 1023 923 718.4 PIT
1433.55 1023 923 718.5 PIT
1434.69 1023 923 718.6 PIT
1435.82 1023 923 718.7 PIT
1436.94 1023 923 718.8 PIT
1438.06 1023 923 718.9 PIT
1439.17 1023 923 719 PIT
1440.28 1023 923 719.1 PIT
1441.39 1023 923 719.2 PIT
1442.49 1023 923 719.3 PIT
1443.58 1023 923 719.4 PIT
1444.66 1023 923 719.5 PIT
1445.74 1023 923 719.6 PIT
1446.82 1023 923 719.7 PIT
1447.89 1023 923 719.8 PIT
1448.95 1023 923 719.9 PIT
1450.01 1023 923 720 PIT
1451.06 1023 923 720.1 PIT
1452.11 1023 923 720.2 PIT
1453.15 1023 923 720.3 PIT
1454.18 1023 923 720.4 PIT
1455.21 1023 923 720.5 PIT
1456.23 1023 923 720.6 PIT
1457.25 1023 923 720.7 PIT
1458.26 1023 923 720.8 PIT
1459.26 1023 923 720.9 PIT
1460.26 1023 923 721 PIT
1461.25 1023 923 721.1 PIT
1462.24 1023 923 721.2 PIT
1463.22 1023 923 721.3 PIT
1464.2 1023 923 721.4 PIT
1465.17 1023 923 721.5 PIT
1466.13 1023 923 721.6 PIT
1467.09 1023 923 721.7 PIT
1468.04 1023 923 721.8 PIT
1468.99 1023 923 721.9 PIT
1469.93 1023 923 722 PIT
1470.87 1023 923 722.1 PIT
1471.8 1023 923 722.2 PIT
1472.72 1023 923 722.3 PIT
1473.64 1023 923 722.4 PIT
1474.56 1023 923 722.5 PIT
1475.46 1023 923 722.6 PIT
1476.37 1023 923 722.7 PIT
1477.26 1023 923 722.8 PIT
1478.16 1023 923 722.9 PIT
1479.04 1023 923 723 PIT
1479.92 1023 923 723.1 PIT
1480.8 1023 923 723.2 PIT
1481.67 1023 923 723.3 PIT
1482.53 1023 923 723.4 PIT
1483.39 1023 923 723.5 PIT
1484.24 1023 923 723.6 PIT
1485.09 1023 923 723.7 PIT
1485.94 1023 923 723.8 PIT
1486.77 1023 923 723.9 PIT
1487.61 1023 923 724 PIT
1488.43 1023 923 724.1 PIT
1489.25 1023 923 724.2 PIT
1490.07 1023 923 724.3 PIT
1490.88 1023 923 724.4 PIT
1491.69 1023 923 724.5 PIT
1492.49 1023 923 724.6 PIT
1493.29 1023 923 724.7 PIT
1494.08 1023 923 724.8 PIT
1494.86 1023 923 724.9 PIT
1495.64 1023 923 725 PIT
1496.42 1023 923 725.1 PIT
1497.19 1023 923 725.2 PIT
1497.95 1023 923 725.3 PIT
1498.71 1023 923 725.4 PIT
1499.47 1023 923 725.5 PIT
1500.22 1023 923 725.6 PIT
1500.96 1023 923 725.7 PIT
1501.7 1023 923 725.8 PIT
1502.44 1023 923 725.9 PIT
1503.17 1023 923 726 PIT
1503.9 1023 923 726.1 PIT
1504.62 1023 923 726.2 PIT
1505.33 1023 923 726.3 PIT
1506.04 1023 923 726.4 PIT
1506.75 1023 923 726.5 PIT
1507.45 1023 923 726.6 PIT
1508.15 1023 923 726.7 PIT
1508.84 1023 923 726.8 PIT
1509.52 1023 923 726.9 PIT
1510.21 1023 923 727 PIT
1510.88 1023 923 727.1 PIT
1511.55 1023 923 727.2 PIT
1512.22 1023 923 727.3 PIT
1512.89 1023 923 727.4 PIT
1513.54 1023 923 727.5 PIT
1514.2 1023 923 727.6 PIT
1514.85 1023 923 727.7 PIT
1515.49 1023 923 727.8 PIT
1516.13 1023 923 727.9 PIT
1516.77 1023 923 728 PIT
1517.4 1023 923 728.1 PIT
1518.02 1023 923 728.2 PIT
1518.65 1023 923 728.3 PIT
1519.26 1023 923 728.4 PIT
1519.88 1023 923 728.5 PIT
1520.48 1023 923 728.6 PIT
1521.09 1023 923 728.7 PIT
1521.69 1023 923 728.8 PIT
1522.28 1023 923 728.9 PIT
1522.87 1023 923 729 PIT
1523.46 1023 923 729.1 PIT
1524.04 1023 923 729.2 PIT
1524.62 1023 923 729.3 PIT
1525.19 1023 923 729.4 PIT
1525.76 1023 923 729.5 PIT
1526.32 1023 923 729.6 PIT
1526.88 1023 923 729.7 PIT
1527.44 1023 923 729.8 PIT
1527.99 1023 923 729.9 PIT
1528.54 1023 923 730 PIT
1529.08 1023 923 730.1 PIT
1529.62 1023 923 730.2 PIT
1530.16 1023 923 730.3 PIT
1530.69 1023 923 730.4 PIT
1531.21 1023 923 730.5 PIT
1531.73 1023 923 730.6 PIT
1532.25 1023 923 730.7 PIT
1532.77 1023 923 730.8 PIT
1533.28 1023 923 730.9 PIT
1533.78 1023 923 731 PIT
1534.29 1023 923 731.1 PIT
1534.78 1023 923 731.2 PIT
1535.28 1023 923 731.3 PIT
1535.77 1023 923 731.4 PIT
1536.25 1023 923 731.5 PIT
1536.74 1023 923 731.6 PIT
1537.21 1023 923 731.7 PIT
1537.69 1023 923 731.8 PIT
1538.16 1023 923 731.9 PIT
1538.62 1023 923 732 PIT
1539.09 1023 923 732.1 PIT
1539.55 1023 923 732.2 PIT
1540 1023 923 732.3 PIT
1540.45 1023 923 732.4 PIT
1540.9 1023 923 732.5 PIT
1541.34 1023 923 732.6 PIT
1541.78 1023 923 732.7 PIT
1542.22 1023 923 732.8 PIT
1542.65 1023 923 732.9 PIT
1543.08 1023 923 733 PIT
1543.51 1023 923 733.1 PIT
1543.93 1023 923 733.2 PIT
1544.34 1023 923 733.3 PIT
1544.76 1023 923 733.4 PIT
1545.17 1023 923 733.5 PIT
1545.58 1023 923 733.6 PIT
1545.98 1023 923 733.7 PIT
1546.38 1023 923 733.8 PIT
1546.77 1023 923 733.9 PIT
1547.17 1023 923 734 PIT
1547.56 1023 923 734.1 PIT
1547.94 1023 923 734.2 PIT
1548.32 1023 923 734.3 PIT
1548.7 1023 923 734.4 PIT
1549.08 1023 923 734.5 PIT
1549.45 1023 923 734.6 PIT
1549.82 1023 923 734.7 PIT
1550.18 1023 923 734.8 PIT
1550.55 1023 923 734.9 PIT
1550.9 1023 923 735 PIT
1551.26 1023 923 735.1 PIT
1551.61 1023 923 735.2 PIT
1551.96 1023 923 735.3 PIT
1552.3 1023 923 735.4 PIT
1552.65 1023 923 735.5 PIT
1552.99 1023 923 735.6 PIT
1553.32 1023 923 735.7 PIT
1553.65 1023 923 735.8 PIT
1553.98 1023 923 735.9 PIT
1554.31 1023 923 736 PIT
1554.63 1023 923 736.1 PIT
1554.95 1023 923 736.2 PIT
1555.27 1023 923 736.3 PIT
1555.58 1023 923 736.4 PIT
1555.89 1023 923 736.5 PIT
1556.2 1023 923 736.6 PIT
1556.5 1023 923 736.7 PIT
1556.8 1023 923 736.8 PIT
1557.1 1023 923 736.9 PIT
1557.4 1023 923 737 PIT
1557.69 1023 923 737.1 PIT
1557.98 1023 923 737.2 PIT
1558.26 1023 923 737.3 PIT
1558.55 1023 923 737.4 PIT
1558.83 1023 923 737.5 PIT
1559.11 1023 923 737.6 PIT
1559.38 1023 923 737.7 PIT
1559.65 1023 923 737.8 PIT
1559.92 1023 923 737.9 PIT
1560.19 1023 923 738 PIT
1560.45 1023 923 738.1 PIT
1560.71 1023 923 738.2 PIT
1560.97 1023 923 738.3 PIT
1561.22 1023 923 738.4 PIT
1561.48 1023 923 738.5 PIT
1561.73 1023 923 738.6 PIT
1561.97 1023 923 738.7 PIT
1562.22 1023 923 738.8 PIT
1562.46 1023 923 738.9 PIT
1562.7 1023 923 739 PIT
1562.93 1023 923 739.1 PIT
1563.17 1023 923 739.2 PIT
1563.4 1023 923 739.3 PIT
1563.63 1023 923 739.4 PIT
1563.85 1023 923 739.5 PIT
1564.08 1023 923 739.6 PIT
1564.3 1023 923 739.7 PIT
1564.52 1023 923 739.8 PIT
1564.73 1023 923 739.9 PIT
1564.95 1023 923 740 PIT
1565.16 1023 923 740.1 PIT
1565.37 1023 923 740.2 PIT
1565.57 1023 923 740.3 PIT
1565.78 1023 923 740.4 PIT
1565.98 1023 923 740.5 PIT
1566.18 1023 923 740.6 PIT
1566.37 1023 923 740.7 PIT
1566.57 1023 923 740.8 PIT
1566.76 1023 923 740.9 PIT
1566.95 1023 923 741 PIT
1567.14 1023 923 741.1 PIT
1567.32 1023 923 741.2 PIT
1567.5 1023 923 741.3 PIT
1567.69 1023 923 741.4 PIT
1567.86 1023 923 741.5 PIT
1568.04 1023 923 741.6 PIT
1568.22 1023 923 741.7 PIT
1568.39 1023 923 741.8 PIT
1568.56 1023 923 741.9 PIT
1568.73 1023 923 742 PIT
1568.89 1023 923 742.1 PIT
1569.05 1023 923 742.2 PIT
1569.22 1023 923 742.3 PIT
1569.38 1023 923 742.4 PIT
1569.53 1023 923 742.5 PIT
1569.69 1023 923 742.6 PIT
1569.84 1023 923 742.7 PIT
1569.99 1023 923 742.8 PIT
1570.14 1023 923 742.9 PIT
1570.29 1023 923 743 PIT
1570.44 1023 923 743.1 PIT
1570.58 1023 923 743.2 PIT
1570.72 1023 923 743.3 PIT
1570.86 1023 923 743.4 PIT
1571 1023 923 743.5 PIT
1571.14 1023 923 743.6 PIT
1571.27 1023 923 743.7 PIT
1571.41 1023 923 743.8 PIT
1571.54 1023 923 743.9 PIT
1571.67 1023 923 744 PIT
1571.79 1023 923 744.1 PIT
1571.92 1023 923 744.2 PIT
1572.04 1023 923 744.3 PIT
1572.17 1023 923 744.4 PIT
1572.29 1023 923 744.5 PIT
1572.41 1023 923 744.6 PIT
1572.52 1023 923 744.7 PIT
1572.64 1023 923 744.8 PIT
1572.76 1023 923 744.9 PIT
1572.87 1023 923 745 PIT
1572.98 1023 923 745.1 PIT
1573.09 1023 923 745.2 PIT
1573.2 1023 923 745.3 PIT
1573.3 1023 923 745.4 PIT
1573.41 1023 923 745.5 PIT
1573.51 1023 923 745.6 PIT
1573.61 1023 923 745.7 PIT
1573.71 1023 923 745.8 PIT
1573.81 1023 923 745.9 PIT
1573.91 1023 923 746 PIT
1574.01 1023 923 746.1 PIT
1574.1 1023 923 746.2 PIT
1574.2 1023 923 746.3 PIT
1574.29 1023 923 746.4 PIT
1574.38 1023 923 746.5 PIT
1574.47 1023 923 746.6 PIT
1574.56 1023 923 746.7 PIT
1574.65 1023 923 746.8 PIT
1574.73 1023 923 746.9 PIT
1574.82 1023 923 747 PIT
1574.9 1023 923 747.1 PIT
1574.98 1023 923 747.2 PIT
1575.06 1023 923 747.3 PIT
1575.14 1023 923 747.4 PIT
1575.22 1023 923 747.5 PIT
1575.3 1023 923 747.6 PIT
1575.38 1023 923 747.7 PIT
1575.45 1023 923 747.8 PIT
1575.53 1023 923 747.9 PIT
1575.6 1023 923 748 PIT
1575.67 1023 923 748.1 PIT
1575.75 1023 923 748.2 PIT
1575.82 1023 923 748.3 PIT
1575.89 1023 923 748.4 PIT
1575.95 1023 923 748.5 PIT
1576.02 1023 923 748.6 PIT
1576.09 1023 923 748.7 PIT
1576.15 1023 923 748.8 PIT
1576.22 1023 923 748.9 PIT
1576.28 1023 923 749 PIT
1576.35 1023 923 749.1 PIT
1576.41 1023 923 749.2 PIT
1576.47 1023 923 749.3 PIT
1576.53 1023 923 749.4 PIT
1576.59 1023 923 749.5 PIT
1576.65 1023 923 749.6 PIT
1576.71 1023 923 749.7 PIT
1576.76 1023 923 749.8 PIT
1576.82 1023 923 749.9 PIT
1576.88 1023 923 750 PIT
1576.93 1023 923 750.1 PIT
1576.99 1023 923 750.2 PIT
1577.04 1023 923 750.3 PIT
1577.09 1023 923 750.4 PIT
1577.15 1023 923 750.5 PIT
1577.2 1023 923 750.6 PIT
1577.25 1023 923 750.7 PIT
1577.3 1023 923 750.8 PIT
1577.35 1023 923 750.9 PIT
1577.4 1023 923 751 PIT
1577.45 1023 923 751.1 PIT
1577.5 1023 923 751.2 PIT
1577.55 1023 923 751.3 PIT
1577.6 1023 923 751.4 PIT
1577.65 1023 923 751.5 PIT
1577.69 1023 923 751.6 PIT
1577.74 1023 923 751.7 PIT
1577.79 1023 923 751.8 PIT
1577.83 1023 923 751.9 PIT
1577.88 1023 923 752 PIT
1577.92 1023 923 752.1 PIT
1577.97 1023 923 752.2 PIT
1578.01 1023 923 752.3 PIT
1578.06 1023 923 752.4 PIT
1578.1 1023 923 752.5 PIT
1578.15 1023 923 752.6 PIT
1578.19 1023 923 752.7 PIT
1578.23 1023 923 752.8 PIT
1578.28 1023 923 752.9 PIT
1578.32 1023 923 753 PIT
1578.36 1023 923 753.1 PIT
1578.41 1023 923 753.2 PIT
1578.45 1023 923 753.3 PIT
1578.49 1023 923 753.4 PIT
1578.54 1023 923 753.5 PIT
1578.58 1023 923 753.6 PIT
1578.62 1023 923 753.7 PIT
1578.66 1023 923 753.8 PIT
1578.71 1023 923 753.9 PIT
1578.75 1023 923 754 PIT
1578.79 1023 923 754.1 PIT
1578.83 1023 923 754.2 PIT
1578.88 1023 923 754.3 PIT
1578.92 1023 923 754.4 PIT
1578.96 1023 923 754.5 PIT
1579 1023 923 754.6 PIT
1579.05 1023 923 754.7 PIT
1579.09 1023 923 754.8 PIT
1579.13 1023 923 754.9 PIT
1579.18 1023 923 755 PIT
1579.22 1023 923 755.1 PIT
1579.26 1023 923 755.2 PIT
1579.31 1023 923 755.3 PIT
1579.35 1023 923 755.4 PIT
1579.4 1023 923 755.5 PIT
1579.44 1023 923 755.6 PIT
1579.49 1023 923 755.7 PIT
1579.53 1023 923 755.8 PIT
1579.58 1023 923 755.9 PIT
1579.63 1023 923 756 PIT
1579.67 1023 923 756.1 PIT
1579.72 1023 923 756.2 PIT
1579.77 1023 923 756.3 PIT
1579.82 1023 923 756.4 PIT
1579.86 1023 923 756.5 PIT
1579.91 1023 923 756.6 PIT
1579.96 1023 923 756.7 PIT
1580.01 1023 923 756.8 PIT
1580.06 1023 923 756.9 PIT
1580.11 1023 923 757 PIT
1580.16 1023 923 757.1 PIT
1580.22 1023 923 757.2 PIT
1580.27 1023 923 757.3 PIT
1580.32 1023 923 757.4 PIT
1580.38 1023 923 757.5 PIT
1580.43 1023 923 757.6 PIT
1580.49 1023 923 757.7 PIT
1580.54 1023 923 757.8 PIT
1580.6 1023 923 757.9 PIT
1580.66 1023 923 758 PIT
1580.71 1023 923 758.1 PIT
1580.77 1023 923 758.2 PIT
1580.83 1023 923 758.3 PIT
1580.89 1023 923 758.4 PIT
1580.95 1023 923 758.5 PIT
1581.01 1023 923 758.6 PIT
1581.08 1023 923 758.7 PIT
1581.14 1023 923 758.8 PIT
1581.2 1023 923 758.9 PIT
1581.27 1023 923 759 PIT
1581.34 1023 923 759.1 PIT
1581.4 1023 923 759.2 PIT
1581.47 1023 923 759.3 PIT
1581.54 1023 923 759.4 PIT
1581.61 1023 923 759.5 PIT
1581.68 1023 923 759.6 PIT
1581.75 1023 923 759.7 PIT
1581.83 1023 923 759.8 PIT
1581.9 1023 923 759.9 PIT
1581.98 1023 923 760 PIT
1582.05 1023 923 760.1 PIT
1582.13 1023 923 760.2 PIT
1582.21 1023 923 760.3 PIT
1582.29 1023 923 760.4 PIT
1582.37 1023 923 760.5 PIT
1582.45 1023 923 760.6 PIT
1582.53 1023 923 760.7 PIT
1582.61 1023 923 760.8 PIT
1582.7 1023 923 760.9 PIT
1582.78 1023 923 761 PIT
1582.87 1023 923 761.1 PIT
1582.96 1023 923 761.2 PIT
1583.05 1023 923 761.3 PIT
1583.14 1023 923 761.4 PIT
1583.23 1023 923 761.5 PIT
1583.32 1023 923 761.6 PIT
1583.41 1023 923 761.7 PIT
1583.51 1023 923 761.8 PIT
1583.6 1023 923 761.9 PIT
1583.7 1023 923 762 PIT
1583.8 1023 923 762.1 PIT
1583.89 1023 923 762.2 PIT
1583.99 1023 923 762.3 PIT
1584.09 1023 923 762.4 PIT
1584.19 1023 923 762.5 PIT
1584.3 1023 923 762.6 PIT
1584.4 1023 923 762.7 PIT
1584.5 1023 923 762.8 PIT
1584.61 1023 923 762.9 PIT
1584.71 1023 923 763 PIT
1584.82 1023 923 763.1 PIT
1584.93 1023 923 763.2 PIT
1585.04 1023 923 763.3 PIT
1585.15 1023 923 763.4 PIT
1585.26 1023 923 763.5 PIT
1585.37 1023 923 763.6 PIT
1585.48 1023 923 763.7 PIT
1585.59 1023 923 763.8 PIT
1585.71 1023 923 763.9 PIT
1585.82 1023 923 764 PIT
1585.94 1023 923 764.1 PIT
1586.06 1023 923 764.2 PIT
1586.18 1023 923 764.3 PIT
1586.29 1023 923 764.4 PIT
1586.41 1023 923 764.5 PIT
1586.54 1023 923 764.6 PIT
1586.66 1023 923 764.7 PIT
1586.78 1023 923 764.8 PIT
1586.9 1023 923 764.9 PIT
1587.03 1023 923 765 PIT
1587.15 1023 923 765.1 PIT
1587.28 1023 923 765.2 PIT
1587.41 1023 923 765.3 PIT
1587.53 1023 923 765.4 PIT
1587.66 1023 923 765.5 PIT
1587.79 1023 923 765.6 PIT
1587.92 1023 923 765.7 PIT
1588.05 1023 923 765.8 PIT
1588.19 1023 923 765.9 PIT
1588.32 1023 923 766 PIT
1588.45 1023 923 766.1 PIT
1588.59 1023 923 766.2 PIT
1588.72 1023 923 766.3 PIT
1588.86 1023 923 766.4 PIT
1589 1023 923 766.5 PIT
1589.14 1023 923 766.6 PIT
1589.28 1023 923 766.7 PIT
1589.42 1023 923 766.8 PIT
1589.56 1023 923 766.9 PIT
1589.7 1023 923 767 PIT
1589.84 1023 923 767.1 PIT
1589.98 1023 923 767.2 PIT
1590.13 1023 923 767.3 PIT
1590.27 1023 923 767.4 PIT
1590.42 1023 923 767.5 PIT
1590.56 1023 923 767.6 PIT
1590.71 1023 923 767.7 PIT
1590.86 1023 923 767.8 PIT
1591.01 1023 923 767.9 PIT
1591.16 1023 923 768 PIT
1591.31 1023 923 768.1 PIT
1591.46 1023 923 768.2 PIT
1591.61 1023 923 768.3 PIT
1591.76 1023 923 768.4 PIT
1591.91 1023 923 768.5 PIT
1592.07 1023 923 768.6 PIT
1592.22 1023 923 768.7 PIT
1592.38 1023 923 768.8 PIT
1592.53 1023 923 768.9 PIT
1592.69 1023 923 769 PIT
1592.85 1023 923 769.1 PIT
1593.01 1023 923 769.2 PIT
1593.17 1023 923 769.3 PIT
1593.33 1023 923 769.4 PIT
1593.49 1023 923 769.5 PIT
1593.65 1023 923 769.6 PIT
1593.81 1023 923 769.7 PIT
1593.97 1023 923 769.8 PIT
1594.14 1023 923 769.9 PIT
1594.3 1023 923 770 PIT
1594.47 1023 923 770.1 PIT
1594.63 1023 923 770.2 PIT
1594.8 1023 923 770.3 PIT
1594.96 1023 923 770.4 PIT
1595.13 1023 923 770.5 PIT
1595.3 1023 923 770.6 PIT
1595.47 1023 923 770.7 PIT
1595.64 1023 923 770.8 PIT
1595.81 1023 923 770.9 PIT
1595.98 1023 923 771 PIT
1596.15 1023 923 771.1 PIT
1596.32 1023 923 771.2 PIT
1596.5 1023 923 771.3 PIT
1596.67 1023 923 771.4 PIT
1596.84 1023 923 771.5 PIT
1597.02 1023 923 771.6 PIT
1597.19 1023 923 771.7 PIT
1597.37 1023 923 771.8 PIT
1597.55 1023 923 771.9 PIT
1597.72 1023 923 772 PIT
1597.9 1023 923 772.1 PIT
1598.08 1023 923 772.2 PIT
1598.26 1023 923 772.3 PIT
1598.44 1023 923 772.4 PIT
1598.62 1023 923 772.5 PIT
1598.8 1023 923 772.6 PIT
1598.98 1023 923 772.7 PIT
1599.16 1023 923 772.8 PIT
1599.35 1023 923 772.9 PIT
1599.53 1023 923 773 PIT
1599.71 1023 923 773.1 PIT
1599.9 1023 923 773.2 PIT
1600.08 1023 923 773.3 PIT
1600.27 1023 923 773.4 PIT
1600.45 1023 923 773.5 PIT
1600.64 1023 923 773.6 PIT
1600.83 1023 923 773.7 PIT
1601.02 1023 923 773.8 PIT
1601.2 1023 923 773.9 PIT
1601.39 1023 923 774 PIT
1601.58 1023 923 774.1 PIT
1601.77 1023 923 774.2 PIT
1601.96 1023 923 774.3 PIT
1602.15 1023 923 774.4 PIT
1602.35 1023 923 774.5 PIT
1602.54 1023 923 774.6 PIT
1602.73 1023 923 774.7 PIT
1602.92 1023 923 774.8 PIT
1603.12 1023 923 774.9 PIT
1603.31 1023 923 775 PIT
1603.51 1023 923 775.1 PIT
1603.7 1023 923 775.2 PIT
1603.9 1023 923 775.3 PIT
1604.09 1023 923 775.4 PIT
1604.29 1023 923 775.5 PIT
1604.49 1023 923 775.6 PIT
1604.68 1023 923 775.7 PIT
1604.88 1023 923 775.8 PIT
1605.08 1023 923 775.9 PIT
1605.28 1023 923 776 PIT
1605.48 1023 923 776.1 PIT
1605.68 1023 923 776.2 PIT
1605.88 1023 923 776.3 PIT
1606.08 1023 923 776.4 PIT
1606.28 1023 923 776.5 PIT
1606.48 1023 923 776.6 PIT
1606.68 1023 923 776.7 PIT
1606.89 1023 923 776.8 PIT
1607.09 1023 923 776.9 PIT
1607.29 1023 923 777 PIT
1607.5 1023 923 777.1 PIT
1607.7 1023 923 777.2 PIT
1607.91 1023 923 777.3 PIT
1608.11 1023 923 777.4 PIT
1608.32 1023 923 777.5 PIT
1608.52 1023 923 777.6 PIT
1608.73 1023 923 777.7 PIT
1608.94 1023 923 777.8 PIT
1609.14 1023 923 777.9 PIT
1609.35 1023 923 778 PIT
1609.56 1023 923 778.1 PIT
1609.77 1023 923 778.2 PIT
1609.98 1023 923 778.3 PIT
1610.18 1023 923 778.4 PIT
1610.39 1023 923 778.5 PIT
1610.6 1023 923 778.6 PIT
1610.81 1023 923 778.7 PIT
1611.02 1023 923 778.8 PIT
1611.24 1023 923 778.9 PIT
1611.45 1023 923 779 PIT
1611.66 1023 923 779.1 PIT
1611.87 1023 923 779.2 PIT
1612.08 1023 923 779.3 PIT
1612.29 1023 923 779.4 PIT
1612.51 1023 923 779.5 PIT
1612.72 1023 923 779.6 PIT
1612.93 1023 923 779.7 PIT
1613.15 1023 923 779.8 PIT
1613.36 1023 923 779.9 PIT
1613.58 1023 923 780 PIT
1613.79 1023 923 780.1 PIT
1614.01 1023 923 780.2 PIT
1614.22 1023 923 780.3 PIT
1614.44 1023 923 780.4 PIT
1614.65 1023 923 780.5 PIT
1614.87 1023 923 780.6 PIT
1615.09 1023 923 780.7 PIT
1615.3 1023 923 780.8 PIT
1615.52 1023 923 780.9 PIT
1615.74 1023 923 781 PIT
1615.96 1023 923 781.1 PIT
1616.17 1023 923 781.2 PIT
1616.39 1023 923 781.3 PIT
1616.61 1023 923 781.4 PIT
1616.83 1023 923 781.5 PIT
1617.05 1023 923 781.6 PIT
1617.27 1023 923 781.7 PIT
1617.49 1023 923 781.8 PIT
1617.71 1023 923 781.9 PIT
1617.93 1023 923 782 PIT
1618.15 1023 923 782.1 PIT
1618.37 1023 923 782.2 PIT
1618.59 1023 923 782.3 PIT
1618.81 1023 923 782.4 PIT
1619.03 1023 923 782.5 PIT
1619.25 1023 923 782.6 PIT
1619.47 1023 923 782.7 PIT
1619.69 1023 923 782.8 PIT
1619.92 1023 923 782.9 PIT
1620.14 1023 923 783 PIT
1620.36 1023 923 783.1 PIT
1620.58 1023 923 783.2 PIT
1620.81 1023 923 783.3 PIT
1621.03 1023 923 783.4 PIT
1621.25 1023 923 783.5 PIT
1621.47 1023 923 783.6 PIT
1621.7 1023 923 783.7 PIT
1621.92 1023 923 783.8 PIT
1622.15 1023 923 783.9 PIT
1622.37 1023 923 784 PIT
1622.59 1023 923 784.1 PIT
1622.82 1023 923 784.2 PIT
1623.04 1023 923 784.3 PIT
1623.27 1023 923 784.4 PIT
1623.49 1023 923 784.5 PIT
1623.72 1023 923 784.6 PIT
1623.94 1023 923 784.7 PIT
1624.17 1023 923 784.8 PIT
1624.39 1023 923 784.9 PIT
1624.62 1023 923 785 PIT
1624.84 1023 923 785.1 PIT
1625.07 1023 923 785.2 PIT
1625.29 1023 923 785.3 PIT
1625.52 1023 923 785.4 PIT
1625.74 1023 923 785.5 PIT
1625.97 1023 923 785.6 PIT
1626.2 1023 923 785.7 PIT
1626.42 1023 923 785.8 PIT
1626.65 1023 923 785.9 PIT
1626.87 1023 923 786 PIT
1627.1 1023 923 786.1 PIT
1627.33 1023 923 786.2 PIT
1627.55 1023 923 786.3 PIT
1627.78 1023 923 786.4 PIT
1628.01 1023 923 786.5 PIT
1628.23 1023 923 786.6 PIT
1628.46 1023 923 786.7 PIT
1628.69 1023 923 786.8 PIT
1628.91 1023 923 786.9 PIT
1629.14 1023 923 787 PIT
1629.37 1023 923 787.1 PIT
1629.59 1023 923 787.2 PIT
1629.82 1023 923 787.3 PIT
1630.05 1023 923 787.4 PIT
1630.27 1023 923 787.5 PIT
1630.5 1023 923 787.6 PIT
1630.73 1023 923 787.7 PIT
1630.95 1023 923 787.8 PIT
1631.18 1023 923 787.9 PIT
1631.41 1023 923 788 PIT
1631.64 1023 923 788.1 PIT
1631.86 1023 923 788.2 PIT
1632.09 1023 923 788.3 PIT
1632.32 1023 923 788.4 PIT
1632.54 1023 923 788.5 PIT
1632.77 1023 923 788.6 PIT
1633 1023 923 788.7 PIT
1633.22 1023 923 788.8 PIT
1633.45 1023 923 788.9 PIT
1633.68 1023 923 789 PIT
1633.91 1023 923 789.1 PIT
1634.13 1023 923 789.2 PIT
1634.36 1023 923 789.3 PIT
1634.59 1023 923 789.4 PIT
1634.81 1023 923 789.5 PIT
1635.04 1023 923 789.6 PIT
1635.27 1023 923 789.7 PIT
1635.49 1023 923 789.8 PIT
1635.72 1023 923 789.9 PIT
1635.94 1023 923 790 PIT
1636.17 1023 923 790.1 PIT
1636.4 1023 923 790.2 PIT
1636.62 1023 923 790.3 PIT
1636.85 1023 923 790.4 PIT
1637.07 1023 923 790.5 PIT
1637.3 1023 923 790.6 PIT
1637.53 1023 923 790.7 PIT
1637.75 1023 923 790.8 PIT
1637.98 1023 923 790.9 PIT
1638.2 1023 923 791 PIT
1638.43 1023 923 791.1 PIT
1638.65 1023 923 791.2 PIT
1638.88 1023 923 791.3 PIT
1639.1 1023 923 791.4 PIT
1639.33 1023 923 791.5 PIT
1639.55 1023 923 791.6 PIT
1639.78 1023 923 791.7 PIT
1640 1023 923 791.8 PIT
1640.23 1023 923 791.9 PIT
1640.45 1023 923 792 PIT
1640.67 1023 923 792.1 PIT
1640.9 1023 923 792.2 PIT
1641.12 1023 923 792.3 PIT
1641.34 1023 923 792.4 PIT
1641.57 1023 923 792.5 PIT
1641.79 1023 923 792.6 PIT
1642.01 1023 923 792.7 PIT
1642.24 1023 923 792.8 PIT
1642.46 1023 923 792.9 PIT
1642.68 1023 923 793 PIT
1642.9 1023 923 793.1 PIT
1643.12 1023 923 793.2 PIT
1643.35 1023 923 793.3 PIT
1643.57 1023 923 793.4 PIT
1643.79 1023 923 793.5 PIT
1644.01 1023 923 793.6 PIT
1644.23 1023 923 793.7 PIT
1644.45 1023 923 793.8 PIT
1644.67 1023 923 793.9 PIT
1644.89 1023 923 794 PIT
1645.11 1023 923 794.1 PIT
1645.33 1023 923 794.2 PIT
1645.55 1023 923 794.3 PIT
1645.77 1023 923 794.4 PIT
1645.99 1023 923 794.5 PIT
1646.21 1023 923 794.6 PIT
1646.43 1023 923 794.7 PIT
1646.65 1023 923 794.8 PIT
1646.86 1023 923 794.9 PIT
1647.08 1023 923 795 PIT
1647.3 1023 923 795.1 PIT
1647.52 1023 923 795.2 PIT
1647.73 1023 923 795.3 PIT
1647.95 1023 923 795.4 PIT
1648.17 1023 923 795.5 PIT
1648.38 1023 923 795.6 PIT
1648.6 1023 923 795.7 PIT
1648.81 1023 923 795.8 PIT
1649.03 1023 923 795.9 PIT
1649.24 1023 923 796 PIT
1649.46 1023 923 796.1 PIT
1649.67 1023 923 796.2 PIT
1649.89 1023 923 796.3 PIT
1650.1 1023 923 796.4 PIT
1650.31 1023 923 796.5 PIT
1650.53 1023 923 796.6 PIT
1650.74 1023 923 796.7 PIT
1650.95 1023 923 796.8 PIT
1651.16 1023 923 796.9 PIT
1651.37 1023 923 797 PIT
1651.59 1023 923 797.1 PIT
1651.8 1023 923 797.2 PIT
1652.01 1023 923 797.3 PIT
1652.22 1023 923 797.4 PIT
1652.43 1023 923 797.5 PIT
1652.64 1023 923 797.6 PIT
1652.85 1023 923 797.7 PIT
1653.05 1023 923 797.8 PIT
1653.26 1023 923 797.9 PIT
1653.47 1023 923 798 PIT
1653.68 1023 923 798.1 PIT
1653.88 1023 923 798.2 PIT
1654.09 1023 923 798.3 PIT
1654.3 1023 923 798.4 PIT
1654.5 1023 923 798.5 PIT
1654.71 1023 923 798.6 PIT
1654.91 1023 923 798.7 PIT
1655.12 1023 923 798.8 PIT
1655.32 1023 923 798.9 PIT
1655.53 1023 923 799 PIT
1655.73 1023 923 799.1 PIT
1655.93 1023 923 799.2 PIT
1656.14 1023 923 799.3 PIT
1656.34 1023 923 799.4 PIT
1656.54 1023 923 799.5 PIT
1656.74 1023 923 799.6 PIT
1656.94 1023 923 799.7 PIT
1657.14 1023 923 799.8 PIT
1657.34 1023 923 799.9 PIT
1657.54 1023 923 800 PIT
1657.74 1023 923 800.1 PIT
1657.94 1023 923 800.2 PIT
1658.14 1023 923 800.3 PIT
1658.34 1023 923 800.4 PIT
1658.53 1023 923 800.5 PIT
1658.73 1023 923 800.6 PIT
1658.93 1023 923 800.7 PIT
1659.12 1023 923 800.8 PIT
1659.32 1023 923 800.9 PIT
1659.51 1023 923 801 PIT
1659.71 1023 923 801.1 PIT
1659.9 1023 923 801.2 PIT
1660.1 1023 923 801.3 PIT
1660.29 1023 923 801.4 PIT
1660.48 1023 923 801.5 PIT
1660.67 1023 923 801.6 PIT
1660.87 1023 923 801.7 PIT
1661.06 1023 923 801.8 PIT
1661.25 1023 923 801.9 PIT
1661.44 1023 923 802 PIT
1661.63 1023 923 802.1 PIT
1661.82 1023 923 802.2 PIT
1662.01 1023 923 802.3 PIT
1662.2 1023 923 802.4 PIT
1662.38 1023 923 802.5 PIT
1662.57 1023 923 802.6 PIT
1662.76 1023 923 802.7 PIT
1662.95 1023 923 802.8 PIT
1663.13 1023 923 802.9 PIT
1663.32 1023 923 803 PIT
1663.51 1023 923 803.1 PIT
1663.69 1023 923 803.2 PIT
1663.88 1023 923 803.3 PIT
1664.06 1023 923 803.4 PIT
1664.25 1023 923 803.5 PIT
1664.43 1023 923 803.6 PIT
1664.61 1023 923 803.7 PIT
1664.8 1023 923 803.8 PIT
1664.98 1023 923 803.9 PIT
1665.16 1023 923 804 PIT
1665.35 1023 923 804.1 PIT
1665.53 1023 923 804.2 PIT
1665.71 1023 923 804.3 PIT
1665.89 1023 923 804.4 PIT
1666.07 1023 923 804.5 PIT
1666.25 1023 923 804.6 PIT
1666.43 1023 923 804.7 PIT
1666.61 1023 923 804.8 PIT
1666.79 1023 923 804.9 PIT
1666.97 1023 923 805 PIT
1667.14 1023 923 805.1 PIT
1667.32 1023 923 805.2 PIT
1667.5 1023 923 805.3 PIT
1667.68 1023 923 805.4 PIT
1667.85 1023 923 805.5 PIT
1668.03 1023 923 805.6 PIT
1668.21 1023 923 805.7 PIT
1668.38 1023 923 805.8 PIT
1668.56 1023 923 805.9 PIT
1668.73 1023 923 806 PIT
1668.91 1023 923 806.1 PIT
1669.08 1023 923 806.2 PIT
1669.26 1023 923 806.3 PIT
1669.43 1023 923 806.4 PIT
1669.6 1023 923 806.5 PIT
1669.78 1023 923 806.6 PIT
1669.95 1023 923 806.7 PIT
1670.12 1023 923 806.8 PIT
1670.29 1023 923 806.9 PIT
1670.46 1023 923 807 PIT
1670.64 1023 923 807.1 PIT
1670.81 1023 923 807.2 PIT
1670.98 1023 923 807.3 PIT
1671.15 1023 923 807.4 PIT
1671.32 1023 923 807.5 PIT
1671.49 1023 923 807.6 PIT
1671.66 1023 923 807.7 PIT
1671.82 1023 923 807.8 PIT
1671.99 1023 923 807.9 PIT
1672.16 1023 923 808 PIT
1672.33 1023 923 808.1 PIT
1672.5 1023 923 808.2 PIT
1672.67 1023 923 808.3 PIT
1672.83 1023 923 808.4 PIT
1673 1023 923 808.5 PIT
1673.17 1023 923 808.6 PIT
1673.33 1023 923 808.7 PIT
1673.5 1023 923 808.8 PIT
1673.66 1023 923 808.9 PIT
1673.83 1023 923 809 PIT
1673.99 1023 923 809.1 PIT
1674.16 1023 923 809.2 PIT
1674.32 1023 923 809.3 PIT
1674.49 1023 923 809.4 PIT
1674.65 1023 923 809.5 PIT
1674.81 1023 923 809.6 PIT
1674.98 1023 923 809.7 PIT
1675.14 1023 923 809.8 PIT
1675.3 1023 923 809.9 PIT
1675.47 1023 923 810 PIT
1675.63 1023 923 810.1 PIT
1675.79 1023 923 810.2 PIT
1675.95 1023 923 810.3 PIT
1676.11 1023 923 810.4 PIT
1676.27 1023 923 810.5 PIT
1676.43 1023 923 810.6 PIT
1676.59 1023 923 810.7 PIT
1676.75 1023 923 810.8 PIT
1676.91 1023 923 810.9 PIT
1677.07 1023 923 811 PIT
1677.23 1023 923 811.1 PIT
1677.39 1023 923 811.2 PIT
1677.55 1023 923 811.3 PIT
1677.71 1023 923 811.4 PIT
1677.87 1023 923 811.5 PIT
1678.03 1023 923 811.6 PIT
1678.18 1023 923 811.7 PIT
1678.34 1023 923 811.8 PIT
1678.5 1023 923 811.9 PIT
1678.66 1023 923 812 PIT
1678.81 1023 923 812.1 PIT
1678.97 1023 923 812.2 PIT
1679.13 1023 923 812.3 PIT
1679.28 1023 923 812.4 PIT
1679.44 1023 923 812.5 PIT
1679.6 1023 923 812.6 PIT
1679.75 1023 923 812.7 PIT
1679.91 1023 923 812.8 PIT
1680.06 1023 923 812.9 PIT
1680.22 1023 923 813 PIT
1680.37 1023 923 813.1 PIT
1680.53 1023 923 813.2 PIT
1680.68 1023 923 813.3 PIT
1680.83 1023 923 813.4 PIT
1680.99 1023 923 813.5 PIT
1681.14 1023 923 813.6 PIT
1681.29 1023 923 813.7 PIT
1681.45 1023 923 813.8 PIT
1681.6 1023 923 813.9 PIT
1681.75 1023 923 814 PIT
1681.91 1023 923 814.1 PIT
1682.06 1023 923 814.2 PIT
1682.21 1023 923 814.3 PIT
1682.36 1023 923 814.4 PIT
1682.51 1023 923 814.5 PIT
1682.67 1023 923 814.6 PIT
1682.82 1023 923 814.7 PIT
1682.97 1023 923 814.8 PIT
1683.12 1023 923 814.9 PIT
1683.27 1023 923 815 PIT
1683.42 1023 923 815.1 PIT
1683.57 1023 923 815.2 PIT
1683.72 1023 923 815.3 PIT
1683.87 1023 923 815.4 PIT
1684.02 1023 923 815.5 PIT
1684.17 1023 923 815.6 PIT
1684.32 1023 923 815.7 PIT
1684.47 1023 923 815.8 PIT
1684.62 1023 923 815.9 PIT
1684.77 1023 923 816 PIT
1684.92 1023 923 816.1 PIT
1685.07 1023 923 816.2 PIT
1685.21 1023 923 816.3 PIT
1685.36 1023 923 816.4 PIT
1685.51 1023 923 816.5 PIT
1685.66 1023 923 816.6 PIT
1685.81 1023 923 816.7 PIT
1685.95 1023 923 816.8 PIT
1686.1 1023 923 816.9 PIT
1686.25 1023 923 817 PIT
1686.4 1023 923 817.1 PIT
1686.54 1023 923 817.2 PIT
1686.69 1023 923 817.3 PIT
1686.84 1023 923 817.4 PIT
1686.98 1023 923 817.5 PIT
1687.13 1023 923 817.6 PIT
1687.28 1023 923 817.7 PIT
1687.42 1023 923 817.8 PIT
1687.57 1023 923 817.9 PIT
1687.72 1023 923 818 PIT
1687.86 1023 923 818.1 PIT
1688.01 1023 923 818.2 PIT
1688.15 1023 923 818.3 PIT
1688.3 1023 923 818.4 PIT
1688.44 1023 923 818.5 PIT
1688.59 1023 923 818.6 PIT
1688.74 1023 923 818.7 PIT
1688.88 1023 923 818.8 PIT
1689.03 1023 923 818.9 PIT
1689.17 1023 923 819 PIT
1689.31 1023 923 819.1 PIT
1689.46 1023 923 819.2 PIT
1689.6 1023 923 819.3 PIT
1689.75 1023 923 819.4 PIT
1689.89 1023 923 819.5 PIT
1690.04 1023 923 819.6 PIT
1690.18 1023 923 819.7 PIT
1690.32 1023 923 819.8 PIT
1690.47 1023 923 819.9 PIT
1690.61 1023 923 820 PIT
1690.76 1023 923 820.1 PIT
1690.9 1023 923 820.2 PIT
1691.04 1023 923 820.3 PIT
1691.19 1023 923 820.4 PIT
1691.33 1023 923 820.5 PIT
1691.47 1023 923 820.6 PIT
1691.62 1023 923 820.7 PIT
1691.76 1023 923 820.8 PIT
1691.9 1023 923 820.9 PIT
1692.05 1023 923 821 PIT
1692.19 1023 923 821.1 PIT
1692.33 1023 923 821.2 PIT
1692.47 1023 923 821.3 PIT
1692.62 1023 923 821.4 PIT
1692.76 1023 923 821.5 PIT
1692.9 1023 923 821.6 PIT
1693.05 1023 923 821.7 PIT
1693.19 1023 923 821.8 PIT
1693.33 1023 923 821.9 PIT
1693.47 1023 923 822 PIT
1693.61 1023 923 822.1 PIT
1693.76 1023 923 822.2 PIT
1693.9 1023 923 822.3 PIT
1694.04 1023 923 822.4 PIT
1694.18 1023 923 822.5 PIT
1694.33 1023 923 822.6 PIT
1694.47 1023 923 822.7 PIT
1694.61 1023 923 822.8 PIT
1694.75 1023 923 822.9 PIT
1694.89 1023 923 823 PIT
1695.04 1023 923 823.1 PIT
1695.18 1023 923 823.2 PIT
1695.32 1023 923 823.3 PIT
1695.46 1023 923 823.4 PIT
1695.6 1023 923 823.5 PIT
1695.74 1023 923 823.6 PIT
1695.89 1023 923 823.7 PIT
1696.03 1023 923 823.8 PIT
1696.17 1023 923 823.9 PIT
1696.31 1023 923 824 PIT
1696.45 1023 923 824.1 PIT
1696.59 1023 923 824.2 PIT
1696.74 1023 923 824.3 PIT
1696.88 1023 923 824.4 PIT
1697.02 1023 923 824.5 PIT
1697.16 1023 923 824.6 PIT
1697.3 1023 923 824.7 PIT
1697.44 1023 923 824.8 PIT
1697.58 1023 923 824.9 PIT
1697.73 1023 923 825 PIT
1697.87 1023 923 825.1 PIT
1698.01 1023 923 825.2 PIT
1698.15 1023 923 825.3 PIT
1698.29 1023 923 825.4 PIT
1698.43 1023 923 825.5 PIT
1698.57 1023 923 825.6 PIT
1698.72 1023 923 825.7 PIT
1698.86 1023 923 825.8 PIT
1699 1023 923 825.9 PIT
1699.14 1023 923 826 PIT
1699.28 1023 923 826.1 PIT
1699.42 1023 923 826.2 PIT
1699.57 1023 923 826.3 PIT
1699.71 1023 923 826.4 PIT
1699.85 1023 923 826.5 PIT
1699.99 1023 923 826.6 PIT
1700.13 1023 923 826.7 PIT
1700.27 1023 923 826.8 PIT
1700.42 1023 923 826.9 PIT
1700.56 1023 923 827 PIT
1700.7 1023 923 827.1 PIT
1700.84 1023 923 827.2 PIT
1700.98 1023 923 827.3 PIT
1701.13 1023 923 827.4 PIT
1701.27 1023 923 827.5 PIT
1701.41 1023 923 827.6 PIT
1701.55 1023 923 827.7 PIT
1701.69 1023 923 827.8 PIT
1701.84 1023 923 827.9 PIT
1701.98 1023 923 828 PIT
1702.12 1023 923 828.1 PIT
1702.26 1023 923 828.2 PIT
1702.41 1023 923 828.3 PIT
1702.55 1023 923 828.4 PIT
1702.69 1023 923 828.5 PIT
1702.83 1023 923 828.6 PIT
1702.98 1023 923 828.7 PIT
1703.12 1023 923 828.8 PIT
1703.26 1023 923 828.9 PIT
1703.41 1023 923 829 PIT
1703.55 1023 923 829.1 PIT
1703.69 1023 923 829.2 PIT
1703.84 1023 923 829.3 PIT
1703.98 1023 923 829.4 PIT
1704.12 1023 923 829.5 PIT
1704.27 1023 923 829.6 PIT
1704.41 1023 923 829.7 PIT
1704.55 1023 923 829.8 PIT
1704.7 1023 923 829.9 PIT
1704.84 1023 923 830 PIT
1704.98 1023 923 830.1 PIT
1705.13 1023 923 830.2 PIT
1705.27 1023 923 830.3 PIT
1705.42 1023 923 830.4 PIT
1705.56 1023 923 830.5 PIT
1705.71 1023 923 830.6 PIT
1705.85 1023 923 830.7 PIT
1705.99 1023 923 830.8 PIT
1706.14 1023 923 830.9 PIT
1706.28 1023 923 831 PIT
1706.43 1023 923 831.1 PIT
1706.57 1023 923 831.2 PIT
1706.72 1023 923 831.3 PIT
1706.86 1023 923 831.4 PIT
1707.01 1023 923 831.5 PIT
1707.16 1023 923 831.6 PIT
1707.3 1023 923 831.7 PIT
1707.45 1023 923 831.8 PIT
1707.59 1023 923 831.9 PIT
1707.74 1023 923 832 PIT
1707.88 1023 923 832.1 PIT
1708.03 1023 923 832.2 PIT
1708.18 1023 923 832.3 PIT
1708.32 1023 923 832.4 PIT
1708.47 1023 923 832.5 PIT
1708.62 1023 923 832.6 PIT
1708.76 1023 923 832.7 PIT
1708.91 1023 923 832.8 PIT
1709.06 1023 923 832.9 PIT
1709.21 1023 923 833 PIT
1709.35 1023 923 833.1 PIT
1709.5 1023 923 833.2 PIT
1709.65 1023 923 833.3 PIT
1709.8 1023 923 833.4 PIT
1709.95 1023 923 833.5 PIT
1710.09 1023 923 833.6 PIT
1710.24 1023 923 833.7 PIT
1710.39 1023 923 833.8 PIT
1710.54 1023 923 833.9 PIT
1710.69 1023 923 834 PIT
1710.84 1023 923 834.1 PIT
1710.99 1023 923 834.2 PIT
1711.14 1023 923 834.3 PIT
1711.29 1023 923 834.4 PIT
1711.44 1023 923 834.5 PIT
1711.59 1023 923 834.6 PIT
1711.74 1023 923 834.7 PIT
1711.89 1023 923 834.8 PIT
1712.04 1023 923 834.9 PIT
1712.19 1023 923 835 PIT
1712.34 1023 923 835.1 PIT
1712.49 1023 923 835.2 PIT
1712.64 1023 923 835.3 PIT
1712.79 1023 923 835.4 PIT
1712.95 1023 923 835.5 PIT
1713.1 1023 923 835.6 PIT
1713.25 1023 923 835.7 PIT
1713.4 1023 923 835.8 PIT
1713.55 1023 923 835.9 PIT
1713.71 1023 923 836 PIT
1713.86 1023 923 836.1 PIT
1714.01 1023 923 836.2 PIT
1714.17 1023 923 836.3 PIT
1714.32 1023 923 836.4 PIT
1714.47 1023 923 836.5 PIT
1714.63 1023 923 836.6 PIT
1714.78 1023 923 836.7 PIT
1714.94 1023 923 836.8 PIT
1715.09 1023 923 836.9 PIT
1715.25 1023 923 837 PIT
1715.4 1023 923 837.1 PIT
1715.56 1023 923 837.2 PIT
1715.71 1023 923 837.3 PIT
1715.87 1023 923 837.4 PIT
1716.02 1023 923 837.5 PIT
1716.18 1023 923 837.6 PIT
1716.34 1023 923 837.7 PIT
1716.49 1023 923 837.8 PIT
1716.65 1023 923 837.9 PIT
1716.81 1023 923 838 PIT
1716.96 1023 923 838.1 PIT
1717.12 1023 923 838.2 PIT
1717.28 1023 923 838.3 PIT
1717.44 1023 923 838.4 PIT
1717.6 1023 923 838.5 PIT
1717.75 1023 923 838.6 PIT
1717.91 1023 923 838.7 PIT
1718.07 1023 923 838.8 PIT
1718.23 1023 923 838.9 PIT
1718.39 1023 923 839 PIT
1718.55 1023 923 839.1 PIT
1718.71 1023 923 839.2 PIT
1718.87 1023 923 839.3 PIT
1719.03 1023 923 839.4 PIT
1719.19 1023 923 839.5 PIT
1719.36 1023 923 839.6 PIT
1719.52 1023 923 839.7 PIT
1719.68 1023 923 839.8 PIT
1719.84 1023 923 839.9 PIT
1720 1023 923 840 PIT
1720.17 1023 923 840.1 PIT
1720.33 1023 923 840.2 PIT
1720.49 1023 923 840.3 PIT
1720.65 1023 923 840.4 PIT
1720.82 1023 923 840.5 PIT
1720.98 1023 923 840.6 PIT
1721.15 1023 923 840.7 PIT
1721.31 1023 923 840.8 PIT
1721.48 1023 923 840.9 PIT
1721.64 1023 923 841 PIT
1721.81 1023 923 841.1 PIT
1721.97 1023 923 841.2 PIT
1722.14 1023 923 841.3 PIT
1722.31 1023 923 841.4 PIT
1722.47 1023 923 841.5 PIT
1722.64 1023 923 841.6 PIT
1722.81 1023 923 841.7 PIT
1722.98 1023 923 841.8 PIT
1723.14 1023 923 841.9 PIT
1723.31 1023 923 842 PIT
1723.48 1023 923 842.1 PIT
1723.65 1023 923 842.2 PIT
1723.82 1023 923 842.3 PIT
1723.99 1023 923 842.4 PIT
1724.16 1023 923 842.5 PIT
1724.33 1023 923 842.6 PIT
1724.5 1023 923 842.7 PIT
1724.68 1023 923 842.8 PIT
1724.85 1023 923 842.9 PIT
1725.02 1023 923 843 PIT
1725.19 1023 923 843.1 PIT
1725.37 1023 923 843.2 PIT
1725.54 1023 923 843.3 PIT
1725.71 1023 923 843.4 PIT
1725.89 1023 923 843.5 PIT
1726.06 1023 923 843.6 PIT
1726.24 1023 923 843.7 PIT
1726.41 1023 923 843.8 PIT
1726.59 1023 923 843.9 PIT
1726.77 1023 923 844 PIT
1726.94 1023 923 844.1 PIT
1727.12 1023 923 844.2 PIT
1727.3 1023 923 844.3 PIT
1727.48 1023 923 844.4 PIT
1727.66 1023 923 844.5 PIT
1727.83 1023 923 844.6 PIT
1728.01 1023 923 844.7 PIT
1728.19 1023 923 844.8 PIT
1728.37 1023 923 844.9 PIT
1728.56 1023 923 845 PIT
1728.74 1023 923 845.1 PIT
1728.92 1023 923 845.2 PIT
1729.1 1023 923 845.3 PIT
1729.28 1023 923 845.4 PIT
1729.47 1023 923 845.5 PIT
1729.65 1023 923 845.6 PIT
1729.84 1023 923 845.7 PIT
1730.02 1023 923 845.8 PIT
1730.21 1023 923 845.9 PIT
1730.39 1023 923 846 PIT
1730.58 1023 923 846.1 PIT
1730.77 1023 923 846.2 PIT
1730.95 1023 923 846.3 PIT
1731.14 1023 923 846.4 PIT
1731.33 1023 923 846.5 PIT
1731.52 1023 923 846.6 PIT
1731.71 1023 923 846.7 PIT
1731.9 1023 923 846.8 PIT
1732.09 1023 923 846.9 PIT
1732.28 1023 923 847 PIT
1732.47 1023 923 847.1 PIT
1732.66 1023 923 847.2 PIT
1732.86 1023 923 847.3 PIT
1733.05 1023 923 847.4 PIT
1733.24 1023 923 847.5 PIT
1733.44 1023 923 847.6 PIT
1733.63 1023 923 847.7 PIT
1733.83 1023 923 847.8 PIT
1734.02 1023 923 847.9 PIT
1734.22 1023 923 848 PIT
1734.42 1023 923 848.1 PIT
1734.62 1023 923 848.2 PIT
1734.82 1023 923 848.3 PIT
1735.01 1023 923 848.4 PIT
1735.21 1023 923 848.5 PIT
1735.41 1023 923 848.6 PIT
1735.62 1023 923 848.7 PIT
1735.82 1023 923 848.8 PIT
1736.02 1023 923 848.9 PIT
1736.22 1023 923 849 PIT
1736.43 1023 923 849.1 PIT
1736.63 1023 923 849.2 PIT
1736.83 1023 923 849.3 PIT
1737.04 1023 923 849.4 PIT
1737.25 1023 923 849.5 PIT
1737.45 1023 923 849.6 PIT
1737.66 1023 923 849.7 PIT
1737.87 1023 923 849.8 PIT
1738.08 1023 923 849.9 PIT
1738.29 1023 923 850 PIT
1738.5 1023 923 850.1 PIT
1738.71 1023 923 850.2 PIT
1738.92 1023 923 850.3 PIT
1739.13 1023 923 850.4 PIT
1739.34 1023 923 850.5 PIT
1739.56 1023 923 850.6 PIT
1739.77 1023 923 850.7 PIT
1739.98 1023 923 850.8 PIT
1740.2 1023 923 850.9 PIT
1740.42 1023 923 851 PIT
1740.63 1023 923 851.1 PIT
1740.85 1023 923 851.2 PIT
1741.07 1023 923 851.3 PIT
1741.29 1023 923 851.4 PIT
1741.51 1023 923 851.5 PIT
1741.73 1023 923 851.6 PIT
1741.95 1023 923 851.7 PIT
1742.17 1023 923 851.8 PIT
1742.39 1023 923 851.9 PIT
1742.62 1023 923 852 PIT
1742.84 1023 923 852.1 PIT
1743.06 1023 923 852.2 PIT
1743.29 1023 923 852.3 PIT
1743.52 1023 923 852.4 PIT
1743.74 1023 923 852.5 PIT
1743.97 1023 923 852.6 PIT
1744.2 1023 923 852.7 PIT
1744.43 1023 923 852.8 PIT
1744.66 1023 923 852.9 PIT
1744.89 1023 923 853 PIT
1745.12 1023 923 853.1 PIT
1745.35 1023 923 853.2 PIT
1745.59 1023 923 853.3 PIT
1745.82 1023 923 853.4 PIT
1746.06 1023 923 853.5 PIT
1746.29 1023 923 853.6 PIT
1746.53 1023 923 853.7 PIT
1746.77 1023 923 853.8 PIT
1747 1023 923 853.9 PIT
1747.24 1023 923 854 PIT
1747.48 1023 923 854.1 PIT
1747.72 1023 923 854.2 PIT
1747.96 1023 923 854.3 PIT
1748.21 1023 923 854.4 PIT
1748.45 1023 923 854.5 PIT
1748.69 1023 923 854.6 PIT
1748.94 1023 923 854.7 PIT
1749.18 1023 923 854.8 PIT
1749.43 1023 923 854.9 PIT
1749.68 1023 923 855 PIT
1749.92 1023 923 855.1 PIT
1750.17 1023 923 855.2 PIT
1750.42 1023 923 855.3 PIT
1750.67 1023 923 855.4 PIT
1750.92 1023 923 855.5 PIT
1751.18 1023 923 855.6 PIT
1751.43 1023 923 855.7 PIT
1751.68 1023 923 855.8 PIT
1751.94 1023 923 855.9 PIT
1752.2 1023 923 856 PIT
1752.45 1023 923 856.1 PIT
1752.71 1023 923 856.2 PIT
1752.97 1023 923 856.3 PIT
1753.23 1023 923 856.4 PIT
1753.49 1023 923 856.5 PIT
1753.75 1023 923 856.6 PIT
1754.01 1023 923 856.7 PIT
1754.28 1023 923 856.8 PIT
1754.54 1023 923 856.9 PIT
1754.8 1023 923 857 PIT
1755.07 1023 923 857.1 PIT
1755.34 1023 923 857.2 PIT
1755.6 1023 923 857.3 PIT
1755.87 1023 923 857.4 PIT
1756.14 1023 923 857.5 PIT
1756.41 1023 923 857.6 PIT
1756.69 1023 923 857.7 PIT
1756.96 1023 923 857.8 PIT
1757.23 1023 923 857.9 PIT
1757.51 1023 923 858 PIT
1757.78 1023 923 858.1 PIT
1758.06 1023 923 858.2 PIT
1758.34 1023 923 858.3 PIT
1758.61 1023 923 858.4 PIT
1758.89 1023 923 858.5 PIT
1759.17 1023 923 858.6 PIT
1759.46 1023 923 858.7 PIT
1759.74 1023 923 858.8 PIT
1760.02 1023 923 858.9 PIT
1760.31 1023 923 859 PIT
1760.59 1023 923 859.1 PIT
1760.88 1023 923 859.2 PIT
1761.16 1023 923 859.3 PIT
1761.45 1023 923 859.4 PIT
1761.74 1023 923 859.5 PIT
1762.03 1023 923 859.6 PIT
1762.32 1023 923 859.7 PIT
1762.62 1023 923 859.8 PIT
1762.91 1023 923 859.9 PIT
1763.21 1023 923 860 PIT
1763.5 1023 923 860.1 PIT
1763.8 1023 923 860.2 PIT
1764.1 1023 923 860.3 PIT
1764.4 1023 923 860.4 PIT
1764.7 1023 923 860.5 PIT
1765 1023 923 860.6 PIT
1765.3 1023 923 860.7 PIT
1765.6 1023 923 860.8 PIT
1765.91 1023 923 860.9 PIT
1766.21 1023 923 861 PIT
1766.52 1023 923 861.1 PIT
1766.82 1023 923 861.2 PIT
1767.13 1023 923 861.3 PIT
1767.44 1023 923 861.4 PIT
1767.75 1023 923 861.5 PIT
1768.07 1023 923 861.6 PIT
1768.38 1023 923 861.7 PIT
1768.69 1023 923 861.8 PIT
1769.01 1023 923 861.9 PIT
1769.32 1023 923 862 PIT
1769.64 1023 923 862.1 PIT
1769.96 1023 923 862.2 PIT
1770.28 1023 923 862.3 PIT
1770.6 1023 923 862.4 PIT
1770.92 1023 923 862.5 PIT
1771.25 1023 923 862.6 PIT
1771.57 1023 923 862.7 PIT
1771.9 1023 923 862.8 PIT
1772.22 1023 923 862.9 PIT
1772.55 1023 923 863 PIT
1772.88 1023 923 863.1 PIT
1773.21 1023 923 863.2 PIT
1773.54 1023 923 863.3 PIT
1773.87 1023 923 863.4 PIT
1774.21 1023 923 863.5 PIT
1774.54 1023 923 863.6 PIT
1774.88 1023 923 863.7 PIT
1775.22 1023 923 863.8 PIT
1775.55 1023 923 863.9 PIT
1775.89 1023 923 864 PIT
1776.23 1023 923 864.1 PIT
1776.58 1023 923 864.2 PIT
1776.92 1023 923 864.3 PIT
1777.26 1023 923 864.4 PIT
1777.61 1023 923 864.5 PIT
1777.96 1023 923 864.6 PIT
1778.3 1023 923 864.7 PIT
1778.65 1023 923 864.8 PIT
1779 1023 923 864.9 PIT
1779.36 1023 923 865 PIT
1779.71 1023 923 865.1 PIT
1780.06 1023 923 865.2 PIT
1780.42 1023 923 865.3 PIT
1780.78 1023 923 865.4 PIT
1781.13 1023 923 865.5 PIT
1781.49 1023 923 865.6 PIT
1781.85 1023 923 865.7 PIT
1782.22 1023 923 865.8 PIT
1782.58 1023 923 865.9 PIT
1782.94 1023 923 866 PIT
1783.31 1023 923 866.1 PIT
1783.68 1023 923 866.2 PIT
1784.04 1023 923 866.3 PIT
1784.41 1023 923 866.4 PIT
1784.78 1023 923 866.5 PIT
1785.16 1023 923 866.6 PIT
1785.53 1023 923 866.7 PIT
1785.91 1023 923 866.8 PIT
1786.28 1023 923 866.9 PIT
1786.66 1023 923 867 PIT
1787.04 1023 923 867.1 PIT
1787.42 1023 923 867.2 PIT
1787.8 1023 923 867.3 PIT
1788.18 1023 923 867.4 PIT
1788.57 1023 923 867.5 PIT
1788.95 1023 923 867.6 PIT
1789.34 1023 923 867.7 PIT
1789.73 1023 923 867.8 PIT
1790.11 1023 923 867.9 PIT
1790.51 1023 923 868 PIT
1790.9 1023 923 868.1 PIT
1791.29 1023 923 868.2 PIT
1791.69 1023 923 868.3 PIT
1792.08 1023 923 868.4 PIT
1792.48 1023 923 868.5 PIT
1792.88 1023 923 868.6 PIT
1793.28 1023 923 868.7 PIT
1793.68 1023 923 868.8 PIT
1794.08 1023 923 868.9 PIT
1794.49 1023 923 869 PIT
1794.89 1023 923 869.1 PIT
1795.3 1023 923 869.2 PIT
1795.71 1023 923 869.3 PIT
1796.12 1023 923 869.4 PIT
1796.53 1023 923 869.5 PIT
1796.94 1023 923 869.6 PIT
1797.36 1023 923 869.7 PIT
1797.77 1023 923 869.8 PIT
1798.19 1023 923 869.9 PIT
1798.61 1023 923 870 PIT
1799.03 1023 923 870.1 PIT
1799.45 1023 923 870.2 PIT
1799.87 1023 923 870.3 PIT
1800.3 1023 923 870.4 PIT
1800.72 1023 923 870.5 PIT
1801.15 1023 923 870.6 PIT
1801.58 1023 923 870.7 PIT
1802.01 1023 923 870.8 PIT
1802.44 1023 923 870.9 PIT
1802.87 1023 923 871 PIT
1803.31 1023 923 871.1 PIT
1803.74 1023 923 871.2 PIT
1804.18 1023 923 871.3 PIT
1804.62 1023 923 871.4 PIT
1805.06 1023 923 871.5 PIT
1805.5 1023 923 871.6 PIT
1805.95 1023 923 871.7 PIT
1806.39 1023 923 871.8 PIT
1806.84 1023 923 871.9 PIT
1807.29 1023 923 872 PIT
1807.74 1023 923 872.1 PIT
1808.19 1023 923 872.2 PIT
1808.64 1023 923 872.3 PIT
1809.09 1023 923 872.4 PIT
1809.55 1023 923 872.5 PIT
1810.01 1023 923 872.6 PIT
1810.46 1023 923 872.7 PIT
1810.92 1023 923 872.8 PIT
1811.39 1023 923 872.9 PIT
1811.85 1023 923 873 PIT
1812.31 1023 923 873.1 PIT
1812.78 1023 923 873.2 PIT
1813.25 1023 923 873.3 PIT
1813.72 1023 923 873.4 PIT
1814.19 1023 923 873.5 PIT
1814.66 1023 923 873.6 PIT
1815.14 1023 923 873.7 PIT
1815.61 1023 923 873.8 PIT
1816.09 1023 923 873.9 PIT
1816.57 1023 923 874 PIT
1817.05 1023 923 874.1 PIT
1817.53 1023 923 874.2 PIT
1818.01 1023 923 874.3 PIT
1818.5 1023 923 874.4 PIT
1818.99 1023 923 874.5 PIT
1819.47 1023 923 874.6 PIT
1819.96 1023 923 874.7 PIT
1820.46 1023 923 874.8 PIT
1820.95 1023 923 874.9 PIT
1821.44 1023 923 875 PIT
1821.94 1023 923 875.1 PIT
1822.44 1023 923 875.2 PIT
1822.94 1023 923 875.3 PIT
1823.44 1023 923 875.4 PIT
1823.94 1023 923 875.5 PIT
1824.45 1023 923 875.6 PIT
1824.95 1023 923 875.7 PIT
1825.46 1023 923 875.8 PIT
1825.97 1023 923 875.9 PIT
1826.48 1023 923 876 PIT
1827 1023 923 876.1 PIT
1827.51 1023 923 876.2 PIT
1828.03 1023 923 876.3 PIT
1828.55 1023 923 876.4 PIT
1829.07 1023 923 876.5 PIT
1829.59 1023 923 876.6 PIT
1830.11 1023 923 876.7 PIT
1830.64 1023 923 876.8 PIT
1831.16 1023 923 876.9 PIT
1831.69 1023 923 877 PIT
1832.22 1023 923 877.1 PIT
1832.75 1023 923 877.2 PIT
1833.28 1023 923 877.3 PIT
1833.82 1023 923 877.4 PIT
1834.36 1023 923 877.5 PIT
1834.89 1023 923 877.6 PIT
1835.43 1023 923 877.7 PIT
1835.98 1023 923 877.8 PIT
1836.52 1023 923 877.9 PIT
1837.07 1023 923 878 PIT
1837.61 1023 923 878.1 PIT
1838.16 1023 923 878.2 PIT
1838.71 1023 923 878.3 PIT
1839.26 1023 923 878.4 PIT
1839.82 1023 923 878.5 PIT
1840.37 1023 923 878.6 PIT
1840.93 1023 923 878.7 PIT
1841.49 1023 923 878.8 PIT
1842.05 1023 923 878.9 PIT
1842.62 1023 923 879 PIT
1843.18 1023 923 879.1 PIT
1843.75 1023 923 879.2 PIT
1844.32 1023 923 879.3 PIT
1844.89 1023 923 879.4 PIT
1845.46 1023 923 879.5 PIT
1846.03 1023 923 879.6 PIT
1846.61 1023 923 879.7 PIT
1847.18 1023 923 879.8 PIT
1847.76 1023 923 879.9 PIT
1848.34 1023 923 880 PIT
1848.93 1023 923 880.1 PIT
1849.51 1023 923 880.2 PIT
1850.1 1023 923 880.3 PIT
1850.69 1023 923 880.4 PIT
1851.28 1023 923 880.5 PIT
1851.87 1023 923 880.6 PIT
1852.46 1023 923 880.7 PIT
1853.06 1023 923 880.8 PIT
1853.65 1023 923 880.9 PIT
1854.25 1023 923 881 PIT
1854.85 1023 923 881.1 PIT
1855.45 1023 923 881.2 PIT
1856.06 1023 923 881.3 PIT
1856.66 1023 923 881.4 PIT
1857.27 1023 923 881.5 PIT
1857.88 1023 923 881.6 PIT
1858.49 1023 923 881.7 PIT
1859.1 1023 923 881.8 PIT
1859.72 1023 923 881.9 PIT
1860.34 1023 923 882 PIT
1860.95 1023 923 882.1 PIT
1861.57 1023 923 882.2 PIT
1862.19 1023 923 882.3 PIT
1862.82 1023 923 882.4 PIT
1863.44 1023 923 882.5 PIT
1864.07 1023 923 882.6 PIT
1864.69 1023 923 882.7 PIT
1865.32 1023 923 882.8 PIT
1865.95 1023 923 882.9 PIT
1866.59 1023 923 883 PIT
1867.22 1023 923 883.1 PIT
1867.86 1023 923 883.2 PIT
1868.49 1023 923 883.3 PIT
1869.13 1023 923 883.4 PIT
1869.77 1023 923 883.5 PIT
1870.42 1023 923 883.6 PIT
1871.06 1023 923 883.7 PIT
1871.71 1023 923 883.8 PIT
1872.35 1023 923 883.9 PIT
1873 1023 923 884 PIT
1873.65 1023 923 884.1 PIT
1874.3 1023 923 884.2 PIT
1874.96 1023 923 884.3 PIT
1875.61 1023 923 884.4 PIT
1876.27 1023 923 884.5 PIT
1876.93 1023 923 884.6 PIT
1877.58 1023 923 884.7 PIT
1878.25 1023 923 884.8 PIT
1878.91 1023 923 884.9 PIT
1879.57 1023 923 885 PIT
1880.24 1023 923 885.1 PIT
1880.9 1023 923 885.2 PIT
1881.57 1023 923 885.3 PIT
1882.24 1023 923 885.4 PIT
1882.91 1023 923 885.5 PIT
1883.59 1023 923 885.6 PIT
1884.26 1023 923 885.7 PIT
1884.94 1023 923 885.8 PIT
1885.61 1023 923 885.9 PIT
1886.29 1023 923 886 PIT
1886.97 1023 923 886.1 PIT
1887.65 1023 923 886.2 PIT
1888.34 1023 923 886.3 PIT
1889.02 1023 923 886.4 PIT
1889.71 1023 923 886.5 PIT
1890.39 1023 923 886.6 PIT
1891.08 1023 923 886.7 PIT
1891.77 1023 923 886.8 PIT
1892.46 1023 923 886.9 PIT
1893.15 1023 923 887 PIT
1893.85 1023 923 887.1 PIT
1894.54 1023 923 887.2 PIT
1895.24 1023 923 887.3 PIT
1895.94 1023 923 887.4 PIT
1896.64 1023 923 887.5 PIT
1897.34 1023 923 887.6 PIT
1898.04 1023 923 887.7 PIT
1898.74 1023 923 887.8 PIT
1899.45 1023 923 887.9 PIT
1900.15 1023 923 888 PIT
1900.86 1023 923 888.1 PIT
1901.57 1023 923 888.2 PIT
1902.28 1023 923 888.3 PIT
1902.99 1023 923 888.4 PIT
1903.7 1023 923 888.5 PIT
1904.41 1023 923 888.6 PIT
1905.13 1023 923 888.7 PIT
1905.84 1023 923 888.8 PIT
1906.56 1023 923 888.9 PIT
1907.28 1023 923 889 PIT
1908 1023 923 889.1 PIT
1908.72 1023 923 889.2 PIT
1909.44 1023 923 889.3 PIT
1910.17 1023 923 889.4 PIT
1910.89 1023 923 889.5 PIT
1911.62 1023 923 889.6 PIT
1912.34 1023 923 889.7 PIT
1913.07 1023 923 889.8 PIT
1913.8 1023 923 889.9 PIT
1914.53 1023 923 890 PIT
1915.26 1023 923 890.1 PIT
1916 1023 923 890.2 PIT
1916.73 1023 923 890.3 PIT
1917.47 1023 923 890.4 PIT
1918.2 1023 923 890.5 PIT
1918.94 1023 923 890.6 PIT
1919.68 1023 923 890.7 PIT
1920.42 1023 923 890.8 PIT
1921.16 1023 923 890.9 PIT
1921.9 1023 923 891 PIT
1922.64 1023 923 891.1 PIT
1923.39 1023 923 891.2 PIT
1924.13 1023 923 891.3 PIT
1924.88 1023 923 891.4 PIT
1925.63 1023 923 891.5 PIT
1926.38 1023 923 891.6 PIT
1927.13 1023 923 891.7 PIT
1927.88 1023 923 891.8 PIT
1928.63 1023 923 891.9 PIT
1929.38 1023 923 892 PIT
1930.13 1023 923 892.1 PIT
1930.89 1023 923 892.2 PIT
1931.64 1023 923 892.3 PIT
1932.4 1023 923 892.4 PIT
1933.16 1023 923 892.5 PIT
1933.92 1023 923 892.6 PIT
1934.68 1023 923 892.7 PIT
1935.44 1023 923 892.8 PIT
1936.2 1023 923 892.9 PIT
1936.96 1023 923 893 PIT
1937.73 1023 923 893.1 PIT
1938.49 1023 923 893.2 PIT
1939.26 1023 923 893.3 PIT
1940.02 1023 923 893.4 PIT
1940.79 1023 923 893.5 PIT
1941.56 1023 923 893.6 PIT
1942.33 1023 923 893.7 PIT
1943.1 1023 923 893.8 PIT
1943.87 1023 923 893.9 PIT
1944.64 1023 923 894 PIT
1945.42 1023 923 894.1 PIT
1946.19 1023 923 894.2 PIT
1946.96 1023 923 894.3 PIT
1947.74 1023 923 894.4 PIT
1948.52 1023 923 894.5 PIT
1949.29 1023 923 894.6 PIT
1950.07 1023 923 894.7 PIT
1950.85 1023 923 894.8 PIT
1951.63 1023 923 894.9 PIT
1952.41 1023 923 895 PIT
1953.2 1023 923 895.1 PIT
1953.98 1023 923 895.2 PIT
1954.76 1023 923 895.3 PIT
1955.55 1023 923 895.4 PIT
1956.33 1023 923 895.5 PIT
1957.12 1023 923 895.6 PIT
1957.9 1023 923 895.7 PIT
1958.69 1023 923 895.8 PIT
1959.48 1023 923 895.9 PIT
1960.27 1023 923 896 PIT
1961.06 1023 923 896.1 PIT
1961.85 1023 923 896.2 PIT
1962.64 1023 923 896.3 PIT
1963.43 1023 923 896.4 PIT
1964.23 1023 923 896.5 PIT
1965.02 1023 923 896.6 PIT
1965.81 1023 923 896.7 PIT
1966.61 1023 923 896.8 PIT
1967.41 1023 923 896.9 PIT
1968.2 1023 923 897 PIT
1969 1023 923 897.1 PIT
1969.8 1023 923 897.2 PIT
1970.6 1023 923 897.3 PIT
1971.4 1023 923 897.4 PIT
1972.2 1023 923 897.5 PIT
1973 1023 923 897.6 PIT
1973.8 1023 923 897.7 PIT
1974.6 1023 923 897.8 PIT
1975.4 1023 923 897.9 PIT
1976.21 1023 923 898 PIT
1977.01 1023 923 898.1 PIT
1977.82 1023 923 898.2 PIT
1978.62 1023 923 898.3 PIT
1979.43 1023 923 898.4 PIT
1980.23 1023 923 898.5 PIT
1981.04 1023 923 898.6 PIT
1981.85 1023 923 898.7 PIT
1982.66 1023 923 898.8 PIT
1983.47 1023 923 898.9 PIT
1984.28 1023 923 899 PIT
1985.09 1023 923 899.1 PIT
1985.9 1023 923 899.2 PIT
1986.71 1023 923 899.3 PIT
1987.52 1023 923 899.4 PIT
1988.33 1023 923 899.5 PIT
1989.15 1023 923 899.6 PIT
1989.96 1023 923 899.7 PIT
1990.77 1023 923 899.8 PIT
1991.59 1023 923 899.9 PIT
1992.4 1023 923 900 PIT
1993.22 1023 923 900.1 PIT
1994.04 1023 923 900.2 PIT
1994.85 1023 923 900.3 PIT
1995.67 1023 923 900.4 PIT
1996.49 1023 923 900.5 PIT
1997.31 1023 923 900.6 PIT
1998.12 1023 923 900.7 PIT
1998.94 1023 923 900.8 PIT
1999.76 1023 923 900.9 PIT
2000.58 1023 923 901 PIT
2001.4 1023 923 901.1 PIT
2002.22 1023 923 901.2 PIT
2003.05 1023 923 901.3 PIT
2003.87 1023 923 901.4 PIT
2004.69 1023 923 901.5 PIT
2005.51 1023 923 901.6 PIT
2006.34 1023 923 901.7 PIT
2007.16 1023 923 901.8 PIT
2007.98 1023 923 901.9 PIT
2008.81 1023 923 902 PIT
2009.63 1023 923 902.1 PIT
2010.46 1023 923 902.2 PIT
2011.28 1023 923 902.3 PIT
2012.11 1023 923 902.4 PIT
2012.93 1023 923 902.5 PIT
2013.76 1023 923 902.6 PIT
2014.59 1023 923 902.7 PIT
2015.42 1023 923 902.8 PIT
2016.24 1023 923 902.9 PIT
2017.07 1023 923 903 PIT
2017.9 1023 923 903.1 PIT
2018.73 1023 923 903.2 PIT
2019.56 1023 923 903.3 PIT
2020.39 1023 923 903.4 PIT
2021.22 1023 923 903.5 PIT
2022.05 1023 923 903.6 PIT
2022.88 1023 923 903.7 PIT
2023.71 1023 923 903.8 PIT
2024.54 1023 923 903.9 PIT
2025.37 1023 923 904 PIT
2026.2 1023 923 904.1 PIT
2027.03 1023 923 904.2 PIT
2027.86 1023 923 904.3 PIT
2028.69 1023 923 904.4 PIT
2029.53 1023 923 904.5 PIT
2030.36 1023 923 904.6 PIT
2031.19 1023 923 904.7 PIT
2032.02 1023 923 904.8 PIT
2032.86 1023 923 904.9 PIT
2033.69 1023 923 905 PIT
2034.52 1023 923 905.1 PIT
2035.36 1023 923 905.2 PIT
2036.19 1023 923 905.3 PIT
2037.02 1023 923 905.4 PIT
2037.86 1023 923 905.5 PIT
2038.69 1023 923 905.6 PIT
2039.53 1023 923 905.7 PIT
2040.36 1023 923 905.8 PIT
2041.2 1023 923 905.9 PIT
2042.03 1023 923 906 PIT
2042.87 1023 923 906.1 PIT
2043.7 1023 923 906.2 PIT
2044.54 1023 923 906.3 PIT
2045.37 1023 923 906.4 PIT
2046.21 1023 923 906.5 PIT
2047.04 1023 923 906.6 PIT
2047.88 1023 923 906.7 PIT
2048.71 1023 923 906.8 PIT
2049.55 1023 923 906.9 PIT
2050.38 1023 923 907 PIT
2051.22 1023 923 907.1 PIT
2052.06 1023 923 907.2 PIT
2052.89 1023 923 907.3 PIT
2053.73 1023 923 907.4 PIT
2054.56 1023 923 907.5 PIT
2055.4 1023 923 907.6 PIT
2056.24 1023 923 907.7 PIT
2057.07 1023 923 907.8 PIT
2057.91 1023 923 907.9 PIT
2058.75 1023 923 908 PIT
2059.58 1023 923 908.1 PIT
2060.42 1023 923 908.2 PIT
2061.25 1023 923 908.3 PIT
2062.09 1023 923 908.4 PIT
2062.93 1023 923 908.5 PIT
2063.76 1023 923 908.6 PIT
2064.6 1023 923 908.7 PIT
2065.43 1023 923 908.8 PIT
2066.27 1023 923 908.9 PIT
2067.11 1023 923 909 PIT
2067.94 1023 923 909.1 PIT
2068.78 1023 923 909.2 PIT
2069.61 1023 923 909.3 PIT
2070.45 1023 923 909.4 PIT
2071.28 1023 923 909.5 PIT
2072.12 1023 923 909.6 PIT
2072.95 1023 923 909.7 PIT
2073.79 1023 923 909.8 PIT
2074.62 1023 923 909.9 PIT
2075.46 1023 923 910 PIT
2076.29 1023 923 910.1 PIT
2077.13 1023 923 910.2 PIT
2077.96 1023 923 910.3 PIT
2078.8 1023 923 910.4 PIT
2079.63 1023 923 910.5 PIT
2080.47 1023 923 910.6 PIT
2081.3 1023 923 910.7 PIT
2082.13 1023 923 910.8 PIT
2082.97 1023 923 910.9 PIT
2083.8 1023 923 911 PIT
2084.63 1023 923 911.1 PIT
2085.47 1023 923 911.2 PIT
2086.3 1023 923 911.3 PIT
2087.13 1023 923 911.4 PIT
2087.96 1023 923 911.5 PIT
2088.8 1023 923 911.6 PIT
2089.63 1023 923 911.7 PIT
2090.46 1023 923 911.8 PIT
2091.29 1023 923 911.9 PIT
2092.12 1023 923 912 PIT
2092.95 1023 923 912.1 PIT
2093.78 1023 923 912.2 PIT
2094.61 1023 923 912.3 PIT
2095.44 1023 923 912.4 PIT
2096.27 1023 923 912.5 PIT
2097.1 1023 923 912.6 PIT
2097.93 1023 923 912.7 PIT
2098.76 1023 923 912.8 PIT
2099.59 1023 923 912.9 PIT
2100.42 1023 923 913 PIT
2101.24 1023 923 913.1 PIT
2102.07 1023 923 913.2 PIT
2102.9 1023 923 913.3 PIT
2103.73 1023 923 913.4 PIT
2104.55 1023 923 913.5 PIT
2105.38 1023 923 913.6 PIT
2106.2 1023 923 913.7 PIT
2107.03 1023 923 913.8 PIT
2107.85 1023 923 913.9 PIT
2108.68 1023 923 914 PIT
2109.5 1023 923 914.1 PIT
2110.33 1023 923 914.2 PIT
2111.15 1023 923 914.3 PIT
2111.97 1023 923 914.4 PIT
2112.8 1023 923 914.5 PIT
2113.62 1023 923 914.6 PIT
2114.44 1023 923 914.7 PIT
2115.26 1023 923 914.8 PIT
2116.08 1023 923 914.9 PIT
2116.9 1023 923 915 PIT
2117.72 1023 923 915.1 PIT
2118.54 1023 923 915.2 PIT
2119.36 1023 923 915.3 PIT
2120.18 1023 923 915.4 PIT
2121 1023 923 915.5 PIT
2121.81 1023 923 915.6 PIT
2122.63 1023 923 915.7 PIT
2123.45 1023 923 915.8 PIT
2124.26 1023 923 915.9 PIT
2125.08 1023 923 916 PIT
2125.89 1023 923 916.1 PIT
2126.71 1023 923 916.2 PIT
2127.52 1023 923 916.3 PIT
2128.34 1023 923 916.4 PIT
2129.15 1023 923 916.5 PIT
2129.96 1023 923 916.6 PIT
2130.77 1023 923 916.7 PIT
2131.58 1023 923 916.8 PIT
2132.4 1023 923 916.9 PIT
2133.21 1023 923 917 PIT
2134.02 1023 923 917.1 PIT
2134.82 1023 923 917.2 PIT
2135.63 1023 923 917.3 PIT
2136.44 1023 923 917.4 PIT
2137.25 1023 923 917.5 PIT
2138.05 1023 923 917.6 PIT
2138.86 1023 923 917.7 PIT
2139.66 1023 923 917.8 PIT
2140.47 1023 923 917.9 PIT
2141.27 1023 923 918 PIT
2142.08 1023 923 918.1 PIT
2142.88 1023 923 918.2 PIT
2143.68 1023 923 918.3 PIT
2144.48 1023 923 918.4 PIT
2145.28 1023 923 918.5 PIT
2146.08 1023 923 918.6 PIT
2146.88 1023 923 918.7 PIT
2147.68 1023 923 918.8 PIT
2148.48 1023 923 918.9 PIT
2149.27 1023 923 919 PIT
2150.07 1023 923 919.1 PIT
2150.87 1023 923 919.2 PIT
2151.66 1023 923 919.3 PIT
2152.46 1023 923 919.4 PIT
2153.25 1023 923 919.5 PIT
2154.04 1023 923 919.6 PIT
2154.83 1023 923 919.7 PIT
2155.63 1023 923 919.8 PIT
2156.42 1023 923 919.9 PIT
2157.21 1023 923 920 PIT
2157.99 1023 923 920.1 PIT
2158.78 1023 923 920.2 PIT
2159.57 1023 923 920.3 PIT
2160.36 1023 923 920.4 PIT
2161.14 1023 923 920.5 PIT
2161.93 1023 923 920.6 PIT
2162.71 1023 923 920.7 PIT
2163.49 1023 923 920.8 PIT
2164.28 1023 923 920.9 PIT
2165.06 1023 923 921 PIT
2165.84 1023 923 921.1 PIT
2166.62 1023 923 921.2 PIT
2167.4 1023 923 921.3 PIT
2168.18 1023 923 921.4 PIT
2168.96 1023 923 921.5 PIT
2169.73 1023 923 921.6 PIT
2170.51 1023 923 921.7 PIT
2171.29 1023 923 921.8 PIT
2172.06 1023 923 921.9 PIT
2172.84 1023 923 922 PIT
2173.61 1023 923 922.1 PIT
2174.38 1023 923 922.2 PIT
2175.15 1023 923 922.3 PIT
2175.92 1023 923 922.4 PIT
2176.7 1023 923 922.5 PIT
2177.46 1023 923 922.6 PIT
2178.23 1023 923 922.7 PIT
2179 1023 923 922.8 PIT
2179.77 1023 923 922.9 PIT
2180.54 1023 923 923 PIT
2181.3 1023 923 923.1 PIT
2182.07 1023 923 923.2 PIT
2182.83 1023 923 923.3 PIT
2183.6 1023 923 923.4 PIT
2184.36 1023 923 923.5 PIT
2185.12 1023 923 923.6 PIT
2185.88 1023 923 923.7 PIT
2186.64 1023 923 923.8 PIT
2187.4 1023 923 923.9 PIT
2188.16 1023 923 924 PIT
2188.92 1023 923 924.1 PIT
2189.68 1023 923 924.2 PIT
2190.44 1023 923 924.3 PIT
2191.19 1023 923 924.4 PIT
2191.95 1023 923 924.5 PIT
2192.7 1023 923 924.6 PIT
2193.46 1023 923 924.7 PIT
2194.21 1023 923 924.8 PIT
2194.96 1023 923 924.9 PIT
2195.71 1023 923 925 PIT
2196.46 1023 923 925.1 PIT
2197.22 1023 923 925.2 PIT
2197.97 1023 923 925.3 PIT
2198.71 1023 923 925.4 PIT
2199.46 1023 923 925.5 PIT
2200.21 1023 923 925.6 PIT
2200.96 1023 923 925.7 PIT
2201.7 1023 923 925.8 PIT
2202.45 1023 923 925.9 PIT
2203.19 1023 923 926 PIT
2203.94 1023 923 926.1 PIT
2204.68 1023 923 926.2 PIT
2205.42 1023 923 926.3 PIT
2206.16 1023 923 926.4 PIT
2206.91 1023 923 926.5 PIT
2207.65 1023 923 926.6 PIT
2208.39 1023 923 926.7 PIT
2209.12 1023 923 926.8 PIT
2209.86 1023 923 926.9 PIT
2210.6 1023 923 927 PIT
2211.34 1023 923 927.1 PIT
2212.07 1023 923 927.2 PIT
2212.81 1023 923 927.3 PIT
2213.54 1023 923 927.4 PIT
2214.28 1023 923 927.5 PIT
2215.01 1023 923 927.6 PIT
2215.74 1023 923 927.7 PIT
2216.48 1023 923 927.8 PIT
2217.21 1023 923 927.9 PIT
2217.94 1023 923 928 PIT
2218.67 1023 923 928.1 PIT
2219.4 1023 923 928.2 PIT
2220.13 1023 923 928.3 PIT
2220.85 1023 923 928.4 PIT
2221.58 1023 923 928.5 PIT
2222.31 1023 923 928.6 PIT
2223.03 1023 923 928.7 PIT
2223.76 1023 923 928.8 PIT
2224.48 1023 923 928.9 PIT
2225.21 1023 923 929 PIT
2225.93 1023 923 929.1 PIT
2226.65 1023 923 929.2 PIT
2227.37 1023 923 929.3 PIT
2228.09 1023 923 929.4 PIT
2228.81 1023 923 929.5 PIT
2229.53 1023 923 929.6 PIT
2230.25 1023 923 929.7 PIT
2230.97 1023 923 929.8 PIT
2231.69 1023 923 929.9 PIT
2232.4 1023 923 930 PIT
2233.12 1023 923 930.1 PIT
2233.84 1023 923 930.2 PIT
2234.55 1023 923 930.3 PIT
2235.27 1023 923 930.4 PIT
2235.98 1023 923 930.5 PIT
2236.69 1023 923 930.6 PIT
2237.4 1023 923 930.7 PIT
2238.12 1023 923 930.8 PIT
2238.83 1023 923 930.9 PIT
2239.54 1023 923 931 PIT
2240.25 1023 923 931.1 PIT
2240.95 1023 923 931.2 PIT
2241.66 1023 923 931.3 PIT
2242.37 1023 923 931.4 PIT
2243.08 1023 923 931.5 PIT
2243.78 1023 923 931.6 PIT
2244.49 1023 923 931.7 PIT
2245.19 1023 923 931.8 PIT
2245.9 1023 923 931.9 PIT
2246.6 1023 923 932 PIT
2247.3 1023 923 932.1 PIT
2248.01 1023 923 932.2 PIT
2248.71 1023 923 932.3 PIT
2249.41 1023 923 932.4 PIT
2250.11 1023 923 932.5 PIT
2250.81 1023 923 932.6 PIT
2251.51 1023 923 932.7 PIT
2252.21 1023 923 932.8 PIT
2252.91 1023 923 932.9 PIT
2253.6 1023 923 933 PIT
2254.3 1023 923 933.1 PIT
2254.99 1023 923 933.2 PIT
2255.69 1023 923 933.3 PIT
2256.38 1023 923 933.4 PIT
2257.08 1023 923 933.5 PIT
2257.77 1023 923 933.6 PIT
2258.46 1023 923 933.7 PIT
2259.16 1023 923 933.8 PIT
2259.85 1023 923 933.9 PIT
2260.54 1023 923 934 PIT
2261.23 1023 923 934.1 PIT
2261.92 1023 923 934.2 PIT
2262.61 1023 923 934.3 PIT
2263.3 1023 923 934.4 PIT
2263.98 1023 923 934.5 PIT
2264.67 1023 923 934.6 PIT
2265.36 1023 923 934.7 PIT
2266.04 1023 923 934.8 PIT
2266.73 1023 923 934.9 PIT
2267.41 1023 923 935 PIT
2268.1 1023 923 935.1 PIT
2268.78 1023 923 935.2 PIT
2269.46 1023 923 935.3 PIT
2270.14 1023 923 935.4 PIT
2270.82 1023 923 935.5 PIT
2271.51 1023 923 935.6 PIT
2272.19 1023 923 935.7 PIT
2272.87 1023 923 935.8 PIT
2273.54 1023 923 935.9 PIT
2274.22 1023 923 936 PIT
2274.9 1023 923 936.1 PIT
2275.58 1023 923 936.2 PIT
2276.25 1023 923 936.3 PIT
2276.93 1023 923 936.4 PIT
2277.61 1023 923 936.5 PIT
2278.28 1023 923 936.6 PIT
2278.95 1023 923 936.7 PIT
2279.63 1023 923 936.8 PIT
2280.3 1023 923 936.9 PIT
2280.97 1023 923 937 PIT
2281.64 1023 923 937.1 PIT
2282.32 1023 923 937.2 PIT
2282.99 1023 923 937.3 PIT
2283.66 1023 923 937.4 PIT
2284.33 1023 923 937.5 PIT
2284.99 1023 923 937.6 PIT
2285.66 1023 923 937.7 PIT
2286.33 1023 923 937.8 PIT
2287 1023 923 937.9 PIT
2287.66 1023 923 938 PIT
2288.33 1023 923 938.1 PIT
2288.99 1023 923 938.2 PIT
2289.66 1023 923 938.3 PIT
2290.32 1023 923 938.4 PIT
2290.99 1023 923 938.5 PIT
2291.65 1023 923 938.6 PIT
2292.31 1023 923 938.7 PIT
2292.97 1023 923 938.8 PIT
2293.63 1023 923 938.9 PIT
2294.29 1023 923 939 PIT
2294.95 1023 923 939.1 PIT
2295.61 1023 923 939.2 PIT
2296.27 1023 923 939.3 PIT
2296.93 1023 923 939.4 PIT
2297.59 1023 923 939.5 PIT
2298.25 1023 923 939.6 PIT
2298.9 1023 923 939.7 PIT
2299.56 1023 923 939.8 PIT
2300.21 1023 923 939.9 PIT
2300.87 1023 923 940 PIT
2301.52 1023 923 940.1 PIT
2302.18 1023 923 940.2 PIT
2302.83 1023 923 940.3 PIT
2303.48 1023 923 940.4 PIT
2304.13 1023 923 940.5 PIT
2304.79 1023 923 940.6 PIT
2305.44 1023 923 940.7 PIT
2306.09 1023 923 940.8 PIT
2306.74 1023 923 940.9 PIT
2307.39 1023 923 941 PIT
2308.03 1023 923 941.1 PIT
2308.68 1023 923 941.2 PIT
2309.33 1023 923 941.3 PIT
2309.98 1023 923 941.4 PIT
2310.62 1023 923 941.5 PIT
2311.27 1023 923 941.6 PIT
2311.91 1023 923 941.7 PIT
2312.56 1023 923 941.8 PIT
2313.2 1023 923 941.9 PIT
2313.85 1023 923 942 PIT
2314.49 1023 923 942.1 PIT
2315.13 1023 923 942.2 PIT
2315.78 1023 923 942.3 PIT
2316.42 1023 923 942.4 PIT
2317.06 1023 923 942.5 PIT
2317.7 1023 923 942.6 PIT
2318.34 1023 923 942.7 PIT
2318.98 1023 923 942.8 PIT
2319.62 1023 923 942.9 PIT
2320.25 1023 923 943 PIT
2320.89 1023 923 943.1 PIT
2321.53 1023 923 943.2 PIT
2322.17 1023 923 943.3 PIT
2322.8 1023 923 943.4 PIT
2323.44 1023 923 943.5 PIT
2324.07 1023 923 943.6 PIT
2324.71 1023 923 943.7 PIT
2325.34 1023 923 943.8 PIT
2325.98 1023 923 943.9 PIT
2326.61 1023 923 944 PIT
2327.24 1023 923 944.1 PIT
2327.87 1023 923 944.2 PIT
2328.5 1023 923 944.3 PIT
2329.14 1023 923 944.4 PIT
2329.77 1023 923 944.5 PIT
2330.4 1023 923 944.6 PIT
2331.03 1023 923 944.7 PIT
2331.65 1023 923 944.8 PIT
2332.28 1023 923 944.9 PIT
2332.91 1023 923 945 PIT
2333.54 1023 923 945.1 PIT
2334.16 1023 923 945.2 PIT
2334.79 1023 923 945.3 PIT
2335.42 1023 923 945.4 PIT
2336.04 1023 923 945.5 PIT
2336.67 1023 923 945.6 PIT
2337.29 1023 923 945.7 PIT
2337.91 1023 923 945.8 PIT
2338.54 1023 923 945.9 PIT
2339.16 1023 923 946 PIT
2339.78 1023 923 946.1 PIT
2340.4 1023 923 946.2 PIT
2341.03 1023 923 946.3 PIT
2341.65 1023 923 946.4 PIT
2342.27 1023 923 946.5 PIT
2342.89 1023 923 946.6 PIT
2343.51 1023 923 946.7 PIT
2344.12 1023 923 946.8 PIT
2344.74 1023 923 946.9 PIT
2345.36 1023 923 947 PIT
2345.98 1023 923 947.1 PIT
2346.59 1023 923 947.2 PIT
2347.21 1023 923 947.3 PIT
2347.83 1023 923 947.4 PIT
2348.44 1023 923 947.5 PIT
2349.06 1023 923 947.6 PIT
2349.67 1023 923 947.7 PIT
2350.28 1023 923 947.8 PIT
2350.9 1023 923 947.9 PIT
2351.51 1023 923 948 PIT
2352.12 1023 923 948.1 PIT
2352.74 1023 923 948.2 PIT
2353.35 1023 923 948.3 PIT
2353.96 1023 923 948.4 PIT
2354.57 1023 923 948.5 PIT
2355.18 1023 923 948.6 PIT
2355.79 1023 923 948.7 PIT
2356.4 1023 923 948.8 PIT
2357.01 1023 923 948.9 PIT
2357.61 1023 923 949 PIT
2358.22 1023 923 949.1 PIT
2358.83 1023 923 949.2 PIT
2359.44 1023 923 949.3 PIT
2360.04 1023 923 949.4 PIT
2360.65 1023 923 949.5 PIT
2361.25 1023 923 949.6 PIT
2361.86 1023 923 949.7 PIT
2362.46 1023 923 949.8 PIT
2363.07 1023 923 949.9 PIT
2363.67 1023 923 950 PIT
2364.27 1023 923 950.1 PIT
2364.87 1023 923 950.2 PIT
2365.48 1023 923 950.3 PIT
2366.08 1023 923 950.4 PIT
2366.68 1023 923 950.5 PIT
2367.28 1023 923 950.6 PIT
2367.88 1023 923 950.7 PIT
2368.48 1023 923 950.8 PIT
2369.08 1023 923 950.9 PIT
2369.68 1023 923 951 PIT
2370.28 1023 923 951.1 PIT
2370.88 1023 923 951.2 PIT
2371.47 1023 923 951.3 PIT
2372.07 1023 923 951.4 PIT
2372.67 1023 923 951.5 PIT
2373.26 1023 923 951.6 PIT
2373.86 1023 923 951.7 PIT
2374.45 1023 923 951.8 PIT
2375.05 1023 923 951.9 PIT
2375.64 1023 923 952 PIT
2376.24 1023 923 952.1 PIT
2376.83 1023 923 952.2 PIT
2377.42 1023 923 952.3 PIT
2378.02 1023 923 952.4 PIT
2378.61 1023 923 952.5 PIT
2379.2 1023 923 952.6 PIT
2379.79 1023 923 952.7 PIT
2380.38 1023 923 952.8 PIT
2380.98 1023 923 952.9 PIT
2381.57 1023 923 953 PIT
2382.15 1023 923 953.1 PIT
2382.74 1023 923 953.2 PIT
2383.33 1023 923 953.3 PIT
2383.92 1023 923 953.4 PIT
2384.51 1023 923 953.5 PIT
2385.1 1023 923 953.6 PIT
2385.68 1023 923 953.7 PIT
2386.27 1023 923 953.8 PIT
2386.86 1023 923 953.9 PIT
2387.44 1023 923 954 PIT
2388.03 1023 923 954.1 PIT
2388.61 1023 923 954.2 PIT
2389.2 1023 923 954.3 PIT
2389.78 1023 923 954.4 PIT
2390.37 1023 923 954.5 PIT
2390.95 1023 923 954.6 PIT
2391.53 1023 923 954.7 PIT
2392.12 1023 923 954.8 PIT
2392.7 1023 923 954.9 PIT
2393.28 1023 923 955 PIT
2393.86 1023 923 955.1 PIT
2394.44 1023 923 955.2 PIT
2395.02 1023 923 955.3 PIT
2395.6 1023 923 955.4 PIT
2396.18 1023 923 955.5 PIT
2396.76 1023 923 955.6 PIT
2397.34 1023 923 955.7 PIT
2397.92 1023 923 955.8 PIT
2398.5 1023 923 955.9 PIT
2399.08 1023 923 956 PIT
2399.65 1023 923 956.1 PIT
2400.23 1023 923 956.2 PIT
2400.81 1023 923 956.3 PIT
2401.38 1023 923 956.4 PIT
2401.96 1023 923 956.5 PIT
2402.54 1023 923 956.6 PIT
2403.11 1023 923 956.7 PIT
2403.69 1023 923 956.8 PIT
2404.26 1023 923 956.9 PIT
2404.83 1023 923 957 PIT
2405.41 1023 923 957.1 PIT
2405.98 1023 923 957.2 PIT
2406.55 1023 923 957.3 PIT
2407.13 1023 923 957.4 PIT
2407.7 1023 923 957.5 PIT
2408.27 1023 923 957.6 PIT
2408.84 1023 923 957.7 PIT
2409.41 1023 923 957.8 PIT
2409.98 1023 923 957.9 PIT
2410.55 1023 923 958 PIT
2411.12 1023 923 958.1 PIT
2411.69 1023 923 958.2 PIT
2412.26 1023 923 958.3 PIT
2412.83 1023 923 958.4 PIT
2413.4 1023 923 958.5 PIT
2413.97 1023 923 958.6 PIT
2414.53 1023 923 958.7 PIT
2415.1 1023 923 958.8 PIT
2415.67 1023 923 958.9 PIT
2416.23 1023 923 959 PIT
2416.8 1023 923 959.1 PIT
2417.36 1023 923 959.2 PIT
2417.93 1023 923 959.3 PIT
2418.5 1023 923 959.4 PIT
2419.06 1023 923 959.5 PIT
2419.62 1023 923 959.6 PIT
2420.19 1023 923 959.7 PIT
2420.75 1023 923 959.8 PIT
2421.32 1023 923 959.9 PIT
2421.88 1023 923 960 PIT
2422.44 1026.52 926.52 960.1
2423 1026.52 926.523 960.2
2423.56 1026.53 926.527 960.3
2424.13 1026.53 926.53 960.4
2424.69 1026.53 926.534 960.5
2425.25 1026.54 926.537 960.6
2425.81 1026.54 926.541 960.7
2426.37 1026.54 926.544 960.8
2426.93 1026.55 926.548 960.9
2427.49 1026.55 926.551 961
2428.05 1026.55 926.555 961.1
2428.61 1026.56 926.558 961.2
2429.16 1026.56 926.562 961.3
2429.72 1026.57 926.565 961.4
2430.28 1026.57 926.569 961.5
2430.84 1026.57 926.572 961.6
2431.39 1026.58 926.576 961.7
2431.95 1026.58 926.579 961.8
2432.51 1026.58 926.583 961.9
2433.06 1026.59 926.586 962
2433.62 1026.59 926.59 962.1
2434.17 1026.59 926.593 962.2
2434.73 1026.6 926.597 962.3
2435.28 1026.6 926.6 962.4
2435.84 1026.6 926.604 962.5
2436.39 1026.61 926.607 962.6
2436.95 1026.61 926.611 962.7
2437.5 1026.61 926.614 962.8
2438.05 1026.62 926.618 962.9
2438.61 1026.62 926.621 963
2439.16 1026.62 926.625 963.1
2439.71 1026.63 926.628 963.2
2440.26 1026.63 926.632 963.3
2440.81 1026.64 926.635 963.4
2441.36 1026.64 926.639 963.5
2441.92 1026.64 926.643 963.6
2442.47 1026.65 926.646 963.7
2443.02 1026.65 926.65 963.8
2443.57 1026.65 926.653 963.9
2444.12 1026.66 926.657 964
2444.67 1026.66 926.66 964.1
2445.21 1026.66 926.664 964.2
2445.76 1026.67 926.667 964.3
2446.31 1026.67 926.671 964.4
2446.86 1026.67 926.674 964.5
2447.41 1026.68 926.678 964.6
2447.95 1026.68 926.681 964.7
2448.5 1026.68 926.685 964.8
2449.05 1026.69 926.688 964.9
2449.6 1026.69 926.692 965
2450.14 1026.7 926.695 965.1
2450.69 1026.7 926.699 965.2
2451.23 1026.7 926.702 965.3
2451.78 1026.71 926.706 965.4
2452.32 1026.71 926.709 965.5
2452.87 1026.71 926.713 965.6
2453.41 1026.72 926.716 965.7
2453.96 1026.72 926.72 965.8
2454.5 1026.72 926.723 965.9
2455.04 1026.73 926.727 966
2455.59 1026.73 926.73 966.1
2456.13 1026.73 926.734 966.2
2456.67 1026.74 926.737 966.3
2457.22 1026.74 926.741 966.4
2457.76 1026.74 926.744 966.5
2458.3 1026.75 926.748 966.6
2458.84 1026.75 926.751 966.7
2459.38 1026.75 926.755 966.8
2459.92 1026.76 926.758 966.9
2460.47 1026.76 926.762 967
2461.01 1026.77 926.765 967.1
2461.55 1026.77 926.769 967.2
2462.09 1026.77 926.772 967.3
2462.63 1026.78 926.776 967.4
2463.17 1026.78 926.779 967.5
2463.7 1026.78 926.783 967.6
2464.24 1026.79 926.786 967.7
2464.78 1026.79 926.79 967.8
2465.32 1026.79 926.793 967.9
2465.86 1026.8 926.797 968
2466.4 1026.8 926.801 968.1
2466.93 1026.8 926.804 968.2
2467.47 1026.81 926.808 968.3
2468.01 1026.81 926.811 968.4
2468.55 1026.81 926.815 968.5
2469.08 1026.82 926.818 968.6
2469.62 1026.82 926.822 968.7
2470.15 1026.83 926.825 968.8
2470.69 1026.83 926.829 968.9
2471.23 1026.83 926.832 969
2471.76 1026.84 926.836 969.1
2472.3 1026.84 926.839 969.2
2472.83 1026.84 926.843 969.3
2473.36 1026.85 926.846 969.4
2473.9 1026.85 926.85 969.5
2474.43 1026.85 926.853 969.6
2474.97 1026.86 926.857 969.7
2475.5 1026.86 926.86 969.8
2476.03 1026.86 926.864 969.9
2476.57 1026.87 926.867 970
2477.1 1026.87 926.871 970.1
2477.63 1026.87 926.874 970.2
2478.16 1026.88 926.878 970.3
2478.7 1026.88 926.881 970.4
2479.23 1026.88 926.885 970.5
2479.76 1026.89 926.888 970.6
2480.29 1026.89 926.892 970.7
2480.82 1026.9 926.895 970.8
2481.35 1026.9 926.899 970.9
2481.88 1026.9 926.902 971
2482.41 1026.91 926.906 971.1
2482.94 1026.91 926.909 971.2
2483.47 1026.91 926.913 971.3
2484 1026.92 926.916 971.4
2484.53 1026.92 926.92 971.5
2485.06 1026.92 926.923 971.6
2485.59 1026.93 926.927 971.7
2486.12 1026.93 926.93 971.8
2486.65 1026.93 926.934 971.9
2487.18 1026.94 926.937 972
2487.7 1026.94 926.941 972.1
2488.23 1026.94 926.944 972.2
2488.76 1026.95 926.948 972.3
2489.29 1026.95 926.951 972.4
2489.81 1026.96 926.955 972.5
2490.34 1026.96 926.959 972.6
2490.87 1026.96 926.962 972.7
2491.39 1026.97 926.966 972.8
2491.92 1026.97 926.969 972.9
2492.45 1026.97 926.973 973
2492.97 1026.98 926.976 973.1
2493.5 1026.98 926.98 973.2
2494.02 1026.98 926.983 973.3
2494.55 1026.99 926.987 973.4
2495.07 1026.99 926.99 973.5
2495.6 1026.99 926.994 973.6
2496.12 1027 926.997 973.7
2496.65 1027 927.001 973.8
2497.17 1027 927.004 973.9
2497.7 1027.01 927.008 974
2498.22 1027.01 927.011 974.1
2498.74 1027.01 927.015 974.2
2499.27 1027.02 927.018 974.3
2499.79 1027.02 927.022 974.4
2500.31 1027.03 927.025 974.5
2500.84 1027.03 927.029 974.6
2501.36 1027.03 927.032 974.7
2501.88 1027.04 927.036 974.8
2502.4 1027.04 927.039 974.9
2502.93 1027.04 927.043 975
2503.45 1027.05 927.046 975.1
2503.97 1027.05 927.05 975.2
2504.49 1027.05 927.053 975.3
2505.01 1027.06 927.057 975.4
2505.53 1027.06 927.06 975.5
2506.05 1027.06 927.064 975.6
2506.57 1027.07 927.067 975.7
2507.1 1027.07 927.071 975.8
2507.62 1027.07 927.074 975.9
2508.14 1027.08 927.078 976
2508.66 1027.08 927.081 976.1
2509.18 1027.08 927.085 976.2
2509.7 1027.09 927.088 976.3
2510.22 1027.09 927.092 976.4
2510.73 1027.1 927.095 976.5
2511.25 1027.1 927.099 976.6
2511.77 1027.1 927.102 976.7
2512.29 1027.11 927.106 976.8
2512.81 1027.11 927.11 976.9
2513.33 1027.11 927.113 977
2513.85 1027.12 927.117 977.1
2514.36 1027.12 927.12 977.2
2514.88 1027.12 927.124 977.3
2515.4 1027.13 927.127 977.4
2515.92 1027.13 927.131 977.5
2516.44 1027.13 927.134 977.6
2516.95 1027.14 927.138 977.7
2517.47 1027.14 927.141 977.8
2517.99 1027.14 927.145 977.9
2518.5 1027.15 927.148 978
2519.02 1027.15 927.152 978.1
2519.54 1027.16 927.155 978.2
2520.05 1027.16 927.159 978.3
2520.57 1027.16 927.162 978.4
2521.08 1027.17 927.166 978.5
2521.6 1027.17 927.169 978.6
2522.12 1027.17 927.173 978.7
2522.63 1027.18 927.176 978.8
2523.15 1027.18 927.18 978.9
2523.66 1027.18 927.183 979
2524.18 1027.19 927.187 979.1
2524.69 1027.19 927.19 979.2
2525.21 1027.19 927.194 979.3
2525.72 1027.2 927.197 979.4
2526.24 1027.2 927.201 979.5
2526.75 1027.2 927.204 979.6
2527.27 1027.21 927.208 979.7
2527.78 1027.21 927.211 979.8
2528.29 1027.21 927.215 979.9
2528.81 1027.22 927.218 980
2529.32 1027.22 927.222 980.1
2529.83 1027.23 927.225 980.2
2530.35 1027.23 927.229 980.3
2530.86 1027.23 927.232 980.4
2531.37 1027.24 927.236 980.5
2531.89 1027.24 927.239 980.6
2532.4 1027.24 927.243 980.7
2532.91 1027.25 927.246 980.8
2533.43 1027.25 927.25 980.9
2533.94 1027.25 927.253 981
2534.45 1027.26 927.257 981.1
2534.96 1027.26 927.26 981.2
2535.47 1027.26 927.264 981.3
2535.99 1027.27 927.268 981.4
2536.5 1027.27 927.271 981.5
2537.01 1027.27 927.275 981.6
2537.52 1027.28 927.278 981.7
2538.03 1027.28 927.282 981.8
2538.54 1027.29 927.285 981.9
2539.06 1027.29 927.289 982
2539.57 1027.29 927.292 982.1
2540.08 1027.3 927.296 982.2
2540.59 1027.3 927.299 982.3
2541.1 1027.3 927.303 982.4
2541.61 1027.31 927.306 982.5
2542.12 1027.31 927.31 982.6
2542.63 1027.31 927.313 982.7
2543.14 1027.32 927.317 982.8
2543.65 1027.32 927.32 982.9
2544.16 1027.32 927.324 983
2544.67 1027.33 927.327 983.1
2545.18 1027.33 927.331 983.2
2545.69 1027.33 927.334 983.3
2546.2 1027.34 927.338 983.4
2546.71 1027.34 927.341 983.5
2547.22 1027.34 927.345 983.6
2547.73 1027.35 927.348 983.7
2548.24 1027.35 927.352 983.8
2548.75 1027.36 927.355 983.9
2549.26 1027.36 927.359 984
2549.77 1027.36 927.362 984.1
2550.28 1027.37 927.366 984.2
2550.78 1027.37 927.369 984.3
2551.29 1027.37 927.373 984.4
2551.8 1027.38 927.376 984.5
2552.31 1027.38 927.38 984.6
2552.82 1027.38 927.383 984.7
2553.33 1027.39 927.387 984.8
2553.84 1027.39 927.39 984.9
2554.34 1027.39 927.394 985
2554.85 1027.4 927.397 985.1
2555.36 1027.4 927.401 985.2
2555.87 1027.4 927.404 985.3
2556.38 1027.41 927.408 985.4
2556.88 1027.41 927.411 985.5
2557.39 1027.41 927.415 985.6
2557.9 1027.42 927.418 985.7
2558.41 1027.42 927.422 985.8
2558.91 1027.43 927.426 985.9
2559.42 1027.43 927.429 986
2559.93 1027.43 927.433 986.1
2560.44 1027.44 927.436 986.2
2560.94 1027.44 927.44 986.3
2561.45 1027.44 927.443 986.4
2561.96 1027.45 927.447 986.5
2562.47 1027.45 927.45 986.6
2562.97 1027.45 927.454 986.7
2563.48 1027.46 927.457 986.8
2563.99 1027.46 927.461 986.9
2564.49 1027.46 927.464 987
2565 1027.47 927.468 987.1
2565.51 1027.47 927.471 987.2
2566.01 1027.47 927.475 987.3
2566.52 1027.48 927.478 987.4
2567.03 1027.48 927.482 987.5
2567.53 1027.49 927.485 987.6
2568.04 1027.49 927.489 987.7
2568.54 1027.49 927.492 987.8
2569.05 1027.5 927.496 987.9
2569.56 1027.5 927.499 988
2570.06 1027.5 927.503 988.1
2570.57 1027.51 927.506 988.2
2571.08 1027.51 927.51 988.3
2571.58 1027.51 927.513 988.4
2572.09 1027.52 927.517 988.5
2572.59 1027.52 927.52 988.6
2573.1 1027.52 927.524 988.7
2573.6 1027.53 927.527 988.8
2574.11 1027.53 927.531 988.9
2574.62 1027.53 927.534 989
2575.12 1027.54 927.538 989.1
2575.63 1027.54 927.541 989.2
2576.13 1027.54 927.545 989.3
2576.64 1027.55 927.548 989.4
2577.14 1027.55 927.552 989.5
2577.65 1027.56 927.555 989.6
2578.15 1027.56 927.559 989.7
2578.66 1027.56 927.562 989.8
2579.17 1027.57 927.566 989.9
2579.67 1027.57 927.569 990
2580.18 1027.57 927.573 990.1
2580.68 1027.58 927.576 990.2
2581.19 1027.58 927.58 990.3
2581.69 1027.58 927.584 990.4
2582.2 1027.59 927.587 990.5
2582.7 1027.59 927.591 990.6
2583.21 1027.59 927.594 990.7
2583.71 1027.6 927.598 990.8
2584.22 1027.6 927.601 990.9
2584.72 1027.6 927.605 991
2585.23 1027.61 927.608 991.1
2585.73 1027.61 927.612 991.2
2586.24 1027.62 927.615 991.3
2586.74 1027.62 927.619 991.4
2587.25 1027.62 927.622 991.5
2587.75 1027.63 927.626 991.6
2588.26 1027.63 927.629 991.7
2588.76 1027.63 927.633 991.8
2589.27 1027.64 927.636 991.9
2589.77 1027.64 927.64 992
2590.28 1027.64 927.643 992.1
2590.78 1027.65 927.647 992.2
2591.29 1027.65 927.65 992.3
2591.79 1027.65 927.654 992.4
2592.3 1027.66 927.657 992.5
2592.8 1027.66 927.661 992.6
2593.31 1027.66 927.664 992.7
2593.81 1027.67 927.668 992.8
2594.32 1027.67 927.671 992.9
2594.82 1027.67 927.675 993
2595.33 1027.68 927.678 993.1
2595.83 1027.68 927.682 993.2
2596.34 1027.69 927.685 993.3
2596.84 1027.69 927.689 993.4
2597.35 1027.69 927.692 993.5
2597.85 1027.7 927.696 993.6
2598.36 1027.7 927.699 993.7
2598.86 1027.7 927.703 993.8
2599.37 1027.71 927.706 993.9
2599.87 1027.71 927.71 994
2600.38 1027.71 927.713 994.1
2600.88 1027.72 927.717 994.2
2601.39 1027.72 927.72 994.3
2601.89 1027.72 927.724 994.4
2602.4 1027.73 927.727 994.5
2602.9 1027.73 927.731 994.6
2603.41 1027.73 927.735 994.7
2603.91 1027.74 927.738 994.8
2604.42 1027.74 927.742 994.9
2604.92 1027.75 927.745 995
2605.43 1027.75 927.749 995.1
2605.93 1027.75 927.752 995.2
2606.44 1027.76 927.756 995.3
2606.94 1027.76 927.759 995.4
2607.45 1027.76 927.763 995.5
2607.95 1027.77 927.766 995.6
2608.46 1027.77 927.77 995.7
2608.96 1027.77 927.773 995.8
2609.47 1027.78 927.777 995.9
2609.97 1027.78 927.78 996
2610.48 1027.78 927.784 996.1
2610.99 1027.79 927.787 996.2
2611.49 1027.79 927.791 996.3
2612 1027.79 927.794 996.4
2612.5 1027.8 927.798 996.5
2613.01 1027.8 927.801 996.6
2613.51 1027.8 927.805 996.7
2614.02 1027.81 927.808 996.8
2614.53 1027.81 927.812 996.9
2615.03 1027.82 927.815 997
2615.54 1027.82 927.819 997.1
2616.04 1027.82 927.822 997.2
2616.55 1027.83 927.826 997.3
2617.05 1027.83 927.829 997.4
2617.56 1027.83 927.833 997.5
2618.07 1027.84 927.836 997.6
2618.57 1027.84 927.84 997.7
2619.08 1027.84 927.843 997.8
2619.59 1027.85 927.847 997.9
2620.09 1027.85 927.85 998
2620.6 1027.85 927.854 998.1
2621.1 1027.86 927.857 998.2
2621.61 1027.86 927.861 998.3
2622.12 1027.86 927.864 998.4
2622.62 1027.87 927.868 998.5
2623.13 1027.87 927.871 998.6
2623.64 1027.87 927.875 998.7
2624.14 1027.88 927.878 998.8
2624.65 1027.88 927.882 998.9
2625.16 1027.89 927.885 999
2625.66 1027.89 927.889 999.1
2626.17 1027.89 927.893 999.2
2626.68 1027.9 927.896 999.3
2627.19 1027.9 927.9 999.4
2627.69 1027.9 927.903 999.5
2628.2 1027.91 927.907 999.6
2628.71 1027.91 927.91 999.7
2629.22 1027.91 927.914 999.8
2629.72 1027.92 927.917 999.9
2630.23 1027.92 927.921 1000
