942.933 1515.06 1415.06 640
944.612 1517.09 1417.09 640.09
946.283 1519.13 1419.13 640.18
947.947 1521.16 1421.16 640.27
949.605 1523.19 1423.19 640.36
951.255 1525.22 1425.22 640.45
952.898 1527.25 1427.25 640.54
954.535 1529.28 1429.28 640.63
956.164 1531.32 1431.32 640.72
957.786 1533.35 1433.35 640.81
959.402 1535.38 1435.38 640.9
961.011 1537.41 1437.41 640.99
962.612 1539.44 1439.44 641.08
964.207 1541.47 1441.47 641.17
965.796 1543.51 1443.51 641.26
967.377 1545.54 1445.54 641.35
968.951 1547.57 1447.57 641.44
970.519 1549.6 1449.6 641.53
972.08 1551.63 1451.63 641.62
973.634 1553.66 1453.66 641.71
975.181 1555.7 1455.7 641.8
976.722 1557.73 1457.73 641.89
978.256 1559.76 1459.76 641.98
979.783 1561.79 1461.79 642.07
981.304 1563.82 1463.82 642.16
982.818 1565.85 1465.85 642.25
984.325 1567.89 1467.89 642.34
985.826 1569.92 1469.92 642.43
987.32 1571.95 1471.95 642.52
988.807 1573.98 1473.98 642.61
990.288 1576.01 1476.01 642.7
991.762 1578.05 1478.05 642.79
993.23 1580.08 1480.08 642.88
994.691 1582.11 1482.11 642.97
996.146 1584.14 1484.14 643.06
997.594 1586.17 1486.17 643.15
999.036 1588.2 1488.2 643.24
1000.47 1590.24 1490.24 643.33
1001.9 1592.27 1492.27 643.42
1003.32 1594.3 1494.3 643.51
1004.74 1596.33 1496.33 643.6
1006.15 1598.36 1498.36 643.69
1007.55 1600.39 1500.39 643.78
1008.95 1602.43 1502.43 643.87
1010.34 1604.46 1504.46 643.96
1011.72 1606.49 1506.49 644.05
1013.1 1608.52 1508.52 644.14
1014.47 1610.55 1510.55 644.23
1015.84 1612.58 1512.58 644.32
1017.2 1614.62 1514.62 644.41
1018.55 1616.65 1516.65 644.5
1019.89 1618.68 1518.68 644.59
1021.23 1620.71 1520.71 644.68
1022.57 1622.74 1522.74 644.77
1023.9 1624.77 1524.77 644.86
1025.22 1626.81 1526.81 644.95
1026.53 1628.84 1528.84 645.04
1027.84 1630.87 1530.87 645.13
1029.15 1632.9 1532.9 645.22
1030.44 1634.93 1534.93 645.31
1031.73 1636.96 1536.96 645.4
1033.02 1639 1539 645.49
1034.3 1641.03 1541.03 645.58
1035.57 1643.06 1543.06 645.67
1036.84 1645.09 1545.09 645.76
1038.1 1647.12 1547.12 645.85
1039.35 1649.16 1549.16 645.94
1040.6 1651.19 1551.19 646.03
1041.84 1653.22 1553.22 646.12
1043.08 1655.25 1555.25 646.21
1044.31 1657.28 1557.28 646.3
1045.54 1659.31 1559.31 646.39
1046.76 1661.35 1561.35 646.48
1047.97 1663.38 1563.38 646.57
1049.18 1665.41 1565.41 646.66
1050.38 1667.44 1567.44 646.75
1051.57 1669.47 1569.47 646.84
1052.76 1671.5 1571.5 646.93
1053.95 1673.54 1573.54 647.02
1055.13 1675.57 1575.57 647.11
1056.3 1677.6 1577.6 647.2
1057.47 1679.63 1579.63 647.29
1058.63 1681.66 1581.66 647.38
1059.78 1683.69 1583.69 647.47
1060.93 1685.73 1585.73 647.56
1062.08 1687.76 1587.76 647.65
1063.21 1689.79 1589.79 647.74
1064.35 1691.82 1591.82 647.83
1065.47 1693.85 1593.85 647.92
1066.6 1695.88 1595.88 648.01
1067.71 1697.92 1597.92 648.1
1068.82 1699.95 1599.95 648.19
1069.93 1701.98 1601.98 648.28
1071.03 1704.01 1604.01 648.37
1072.12 1706.04 1606.04 648.46
1073.21 1708.07 1608.07 648.55
1074.29 1710.11 1610.11 648.64
1075.37 1712.14 1612.14 648.73
1076.44 1714.17 1614.17 648.82
1077.5 1716.2 1616.2 648.91
1078.57 1718.23 1618.23 649
1079.62 1720.27 1620.27 649.09
1080.67 1722.3 1622.3 649.18
1081.72 1724.33 1624.33 649.27
1082.75 1726.36 1626.36 649.36
1083.79 1728.39 1628.39 649.45
1084.82 1730.42 1630.42 649.54
1085.84 1732.46 1632.46 649.63
1086.86 1734.49 1634.49 649.72
1087.87 1736.52 1636.52 649.81
1088.88 1738.55 1638.55 649.9
1089.88 1740.58 1640.58 649.99
1090.88 1742.61 1642.61 650.08
1091.87 1744.65 1644.65 650.17
1092.85 1746.68 1646.68 650.26
1093.83 1748.71 1648.71 650.35
1094.81 1750.74 1650.74 650.44
1095.78 1752.77 1652.77 650.53
1096.75 1754.8 1654.8 650.62
1097.71 1756.84 1656.84 650.71
1098.66 1758.87 1658.87 650.8
1099.61 1760.9 1660.9 650.89
1100.56 1762.93 1662.93 650.98
1101.5 1764.96 1664.96 651.07
1102.43 1766.99 1666.99 651.16
1103.36 1769.03 1669.03 651.25
1104.29 1771.06 1671.06 651.34
1105.21 1773.09 1673.09 651.43
1106.12 1775.12 1675.12 651.52
1107.03 1777.15 1677.15 651.61
1107.94 1779.19 1679.19 651.7
1108.84 1781.22 1681.22 651.79
1109.73 1783.25 1683.25 651.88
1110.62 1785.28 1685.28 651.97
1111.51 1787.31 1687.31 652.06
1112.39 1789.34 1689.34 652.15
1113.27 1791.38 1691.38 652.24
1114.14 1793.41 1693.41 652.33
1115 1795.44 1695.44 652.42
1115.86 1797.47 1697.47 652.51
1116.72 1799.5 1699.5 652.6
1117.57 1801.53 1701.53 652.69
1118.42 1803.57 1703.57 652.78
1119.26 1805.6 1705.6 652.87
1120.1 1807.63 1707.63 652.96
1120.93 1809.66 1709.66 653.05
1121.76 1811.69 1711.69 653.14
1122.58 1813.72 1713.72 653.23
1123.4 1815.76 1715.76 653.32
1124.22 1817.79 1717.79 653.41
1125.03 1819.82 1719.82 653.5
1125.83 1821.85 1721.85 653.59
1126.63 1823.88 1723.88 653.68
1127.43 1825.91 1725.91 653.77
1128.22 1827.95 1727.95 653.86
1129 1829.98 1729.98 653.95
1129.79 1832.01 1732.01 654.04
1130.56 1834.04 1734.04 654.13
1131.34 1836.07 1736.07 654.22
1132.11 1838.1 1738.1 654.31
1132.87 1840.14 1740.14 654.4
1133.63 1842.17 1742.17 654.49
1134.39 1844.2 1744.2 654.58
1135.14 1846.23 1746.23 654.67
1135.88 1848.26 1748.26 654.76
1136.62 1850.3 1750.3 654.85
1137.36 1852.33 1752.33 654.94
1138.1 1854.36 1754.36 655.03
1138.83 1856.39 1756.39 655.12
1139.55 1858.42 1758.42 655.21
1140.27 1860.45 1760.45 655.3
1140.99 1862.49 1762.49 655.39
1141.7 1864.52 1764.52 655.48
1142.41 1866.55 1766.55 655.57
1143.11 1868.58 1768.58 655.66
1143.81 1870.61 1770.61 655.75
1144.5 1872.64 1772.64 655.84
1145.2 1874.68 1774.68 655.93
1145.88 1876.71 1776.71 656.02
1146.56 1878.74 1778.74 656.11
1147.24 1880.77 1780.77 656.2
1147.92 1882.8 1782.8 656.29
1148.59 1884.83 1784.83 656.38
1149.25 1886.87 1786.87 656.47
1149.92 1888.9 1788.9 656.56
1150.57 1890.93 1790.93 656.65
1151.23 1892.96 1792.96 656.74
1151.88 1894.99 1794.99 656.83
1152.52 1897.02 1797.02 656.92
1153.17 1899.06 1799.06 657.01
1153.8 1901.09 1801.09 657.1
1154.44 1903.12 1803.12 657.19
1155.07 1905.15 1805.15 657.28
1155.69 1907.18 1807.18 657.37
1156.32 1909.21 1809.21 657.46
1156.93 1911.25 1811.25 657.55
1157.55 1913.28 1813.28 657.64
1158.16 1915.31 1815.31 657.73
1158.77 1917.34 1817.34 657.82
1159.37 1919.37 1819.37 657.91
1159.97 1921.41 1821.41 658
1160.56 1923.44 1823.44 658.09
1161.16 1925.47 1825.47 658.18
1161.74 1927.5 1827.5 658.27
1162.33 1929.53 1829.53 658.36
1162.91 1931.56 1831.56 658.45
1163.48 1933.6 1833.6 658.54
1164.06 1935.63 1835.63 658.63
1164.63 1937.66 1837.66 658.72
1165.19 1939.69 1839.69 658.81
1165.75 1941.72 1841.72 658.9
1166.31 1943.75 1843.75 658.99
1166.87 1945.79 1845.79 659.08
1167.42 1947.82 1847.82 659.17
1167.97 1949.85 1849.85 659.26
1168.51 1951.88 1851.88 659.35
1169.05 1953.91 1853.91 659.44
1169.59 1955.94 1855.94 659.53
1170.12 1957.98 1857.98 659.62
1170.65 1960.01 1860.01 659.71
1171.18 1962.04 1862.04 659.8
1171.7 1964.07 1864.07 659.89
1172.22 1966.1 1866.1 659.98
1172.74 1968.13 1868.13 660.07
1173.25 1970.17 1870.17 660.16
1173.76 1972.2 1872.2 660.25
1174.26 1974.23 1874.23 660.34
1174.77 1976.26 1876.26 660.43
1175.27 1978.29 1878.29 660.52
1175.76 1980.33 1880.33 660.61
1176.25 1982.36 1882.36 660.7
1176.74 1984.39 1884.39 660.79
1177.23 1986.42 1886.42 660.88
1177.71 1988.45 1888.45 660.97
1178.19 1990.48 1890.48 661.06
1178.67 1992.52 1892.52 661.15
1179.14 1994.55 1894.55 661.24
1179.61 1996.58 1896.58 661.33
1180.08 1998.61 1898.61 661.42
1180.54 2000.64 1900.64 661.51
1181 2002.67 1902.67 661.6
1181.46 2004.71 1904.71 661.69
1181.91 2006.74 1906.74 661.78
1182.36 2008.77 1908.77 661.87
1182.81 2010.8 1910.8 661.96
1183.26 2012.83 1912.83 662.05
1183.7 2014.86 1914.86 662.14
1184.14 2016.9 1916.9 662.23
1184.57 2018.93 1918.93 662.32
1185 2020.96 1920.96 662.41
1185.43 2022.99 1922.99 662.5
1185.86 2025.02 1925.02 662.59
1186.28 2027.05 1927.05 662.68
1186.7 2029.09 1929.09 662.77
1187.12 2031.12 1931.12 662.86
1187.54 2033.15 1933.15 662.95
1187.95 2035.18 1935.18 663.04
1188.36 2037.21 1937.21 663.13
1188.76 2039.24 1939.24 663.22
1189.17 2041.28 1941.28 663.31
1189.57 2043.31 1943.31 663.4
1189.97 2045.34 1945.34 663.49
1190.36 2047.37 1947.37 663.58
1190.75 2049.4 1949.4 663.67
1191.14 2051.44 1951.44 663.76
1191.53 2053.47 1953.47 663.85
1191.91 2055.5 1955.5 663.94
1192.29 2057.53 1957.53 664.03
1192.67 2059.56 1959.56 664.12
1193.05 2061.59 1961.59 664.21
1193.42 2063.63 1963.63 664.3
1193.79 2065.66 1965.66 664.39
1194.16 2067.69 1967.69 664.48
1194.53 2069.72 1969.72 664.57
1194.89 2071.75 1971.75 664.66
1195.25 2073.78 1973.78 664.75
1195.61 2075.82 1975.82 664.84
1195.96 2077.85 1977.85 664.93
1196.31 2079.88 1979.88 665.02
1196.66 2081.91 1981.91 665.11
1197.01 2083.94 1983.94 665.2
1197.36 2085.97 1985.97 665.29
1197.7 2088.01 1988.01 665.38
1198.04 2090.04 1990.04 665.47
1198.38 2092.07 1992.07 665.56
1198.71 2094.1 1994.1 665.65
1199.05 2096.13 1996.13 665.74
1199.38 2098.16 1998.16 665.83
1199.7 2100.2 2000.2 665.92
1200.03 2102.23 2002.23 666.01
1200.35 2104.26 2004.26 666.1
1200.67 2106.29 2006.29 666.19
1200.99 2108.32 2008.32 666.28
1201.31 2110.35 2010.35 666.37
1201.62 2112.39 2012.39 666.46
1201.93 2114.42 2014.42 666.55
1202.24 2116.45 2016.45 666.64
1202.55 2118.48 2018.48 666.73
1202.86 2120.51 2020.51 666.82
1203.16 2122.55 2022.55 666.91
1203.46 2124.58 2024.58 667
1203.76 2126.61 2026.61 667.09
1204.06 2128.64 2028.64 667.18
1204.35 2130.67 2030.67 667.27
1204.64 2132.7 2032.7 667.36
1204.93 2134.74 2034.74 667.45
1205.22 2136.77 2036.77 667.54
1205.51 2138.8 2038.8 667.63
1205.79 2140.83 2040.83 667.72
1206.07 2142.86 2042.86 667.81
1206.35 2144.89 2044.89 667.9
1206.63 2146.93 2046.93 667.99
1206.91 2148.96 2048.96 668.08
1207.18 2150.99 2050.99 668.17
1207.45 2153.02 2053.02 668.26
1207.72 2155.05 2055.05 668.35
1207.99 2157.08 2057.08 668.44
1208.26 2159.12 2059.12 668.53
1208.52 2161.15 2061.15 668.62
1208.79 2163.18 2063.18 668.71
1209.05 2165.21 2065.21 668.8
1209.31 2167.24 2067.24 668.89
1209.56 2169.27 2069.27 668.98
1209.82 2171.31 2071.31 669.07
1210.07 2173.34 2073.34 669.16
1210.32 2175.37 2075.37 669.25
1210.57 2177.4 2077.4 669.34
1210.82 2179.43 2079.43 669.43
1211.07 2181.46 2081.46 669.52
1211.31 2183.5 2083.5 669.61
1211.56 2185.53 2085.53 669.7
1211.8 2187.56 2087.56 669.79
1212.04 2189.59 2089.59 669.88
1212.28 2191.62 2091.62 669.97
1212.51 2193.66 2093.66 670.06
1212.75 2195.69 2095.69 670.15
1212.98 2197.72 2097.72 670.24
1213.21 2199.75 2099.75 670.33
1213.44 2201.78 2101.78 670.42
1213.67 2203.81 2103.81 670.51
1213.9 2205.85 2105.85 670.6
1214.12 2207.88 2107.88 670.69
1214.35 2209.91 2109.91 670.78
1214.57 2211.94 2111.94 670.87
1214.79 2213.97 2113.97 670.96
1215.01 2216 2116 671.05
1215.23 2218.04 2118.04 671.14
1215.45 2220.07 2120.07 671.23
1215.66 2222.1 2122.1 671.32
1215.88 2224.13 2124.13 671.41
1216.09 2226.16 2126.16 671.5
1216.3 2228.19 2128.19 671.59
1216.51 2230.23 2130.23 671.68
1216.72 2232.26 2132.26 671.77
1216.93 2234.29 2134.29 671.86
1217.14 2236.32 2136.32 671.95
1217.34 2238.35 2138.35 672.04
1217.54 2240.38 2140.38 672.13
1217.75 2242.42 2142.42 672.22
1217.95 2244.45 2144.45 672.31
1218.15 2246.48 2146.48 672.4
1218.35 2248.51 2148.51 672.49
1218.55 2250.54 2150.54 672.58
1218.74 2252.58 2152.58 672.67
1218.94 2254.61 2154.61 672.76
1219.13 2256.64 2156.64 672.85
1219.33 2258.67 2158.67 672.94
1219.52 2260.7 2160.7 673.03
1219.71 2262.73 2162.73 673.12
1219.9 2264.77 2164.77 673.21
1220.09 2266.8 2166.8 673.3
1220.28 2268.83 2168.83 673.39
1220.46 2270.86 2170.86 673.48
1220.65 2272.89 2172.89 673.57
1220.83 2274.92 2174.92 673.66
1221.02 2276.96 2176.96 673.75
1221.2 2278.99 2178.99 673.84
1221.38 2281.02 2181.02 673.93
1221.57 2283.05 2183.05 674.02
1221.75 2285.08 2185.08 674.11
1221.93 2287.11 2187.11 674.2
1222.11 2289.15 2189.15 674.29
1222.28 2291.18 2191.18 674.38
1222.46 2293.21 2193.21 674.47
1222.64 2295.24 2195.24 674.56
1222.81 2297.27 2197.27 674.65
1222.99 2299.3 2199.3 674.74
1223.16 2301.34 2201.34 674.83
1223.33 2303.37 2203.37 674.92
1223.51 2305.4 2205.4 675.01
1223.68 2307.43 2207.43 675.1
1223.85 2309.46 2209.46 675.19
1224.02 2311.49 2211.49 675.28
1224.19 2313.53 2213.53 675.37
1224.36 2315.56 2215.56 675.46
1224.53 2317.59 2217.59 675.55
1224.7 2319.62 2219.62 675.64
1224.86 2321.65 2221.65 675.73
1225.03 2323.69 2223.69 675.82
1225.2 2325.72 2225.72 675.91
1225.36 2327.75 2227.75 676
1225.53 2329.78 2229.78 676.09
1225.69 2331.81 2231.81 676.18
1225.86 2333.84 2233.84 676.27
1226.02 2335.88 2235.88 676.36
1226.18 2337.91 2237.91 676.45
1226.35 2339.94 2239.94 676.54
1226.51 2341.97 2241.97 676.63
1226.67 2344 2244 676.72
1226.83 2346.03 2246.03 676.81
1226.99 2348.07 2248.07 676.9
1227.15 2350.1 2250.1 676.99
1227.31 2352.13 2252.13 677.08
1227.48 2354.16 2254.16 677.17
1227.63 2356.19 2256.19 677.26
1227.79 2358.22 2258.22 677.35
1227.95 2360.26 2260.26 677.44
1228.11 2362.29 2262.29 677.53
1228.27 2364.32 2264.32 677.62
1228.43 2366.35 2266.35 677.71
1228.59 2368.38 2268.38 677.8
1228.75 2370.41 2270.41 677.89
1228.9 2372.45 2272.45 677.98
1229.06 2374.48 2274.48 678.07
1229.22 2376.51 2276.51 678.16
1229.38 2378.54 2278.54 678.25
1229.53 2380.57 2280.57 678.34
1229.69 2382.6 2282.6 678.43
1229.85 2384.64 2284.64 678.52
1230.01 2386.67 2286.67 678.61
1230.16 2388.7 2288.7 678.7
1230.32 2390.73 2290.73 678.79
1230.48 2392.76 2292.76 678.88
1230.63 2394.8 2294.8 678.97
1230.79 2396.83 2296.83 679.06
1230.95 2398.86 2298.86 679.15
1231.1 2400.89 2300.89 679.24
1231.26 2402.92 2302.92 679.33
1231.42 2404.95 2304.95 679.42
1231.58 2406.99 2306.99 679.51
1231.73 2409.02 2309.02 679.6
1231.89 2411.05 2311.05 679.69
1232.05 2413.08 2313.08 679.78
1232.21 2415.11 2315.11 679.87
1232.36 2417.14 2317.14 679.96
1232.52 2419.18 2319.18 680.05
1232.68 2421.21 2321.21 680.14
1232.84 2423.24 2323.24 680.23
1233 2425.27 2325.27 680.32
1233.16 2427.3 2327.3 680.41
1233.32 2429.33 2329.33 680.5
1233.48 2431.37 2331.37 680.59
1233.64 2433.4 2333.4 680.68
1233.8 2435.43 2335.43 680.77
1233.96 2437.46 2337.46 680.86
1234.12 2439.49 2339.49 680.95
1234.28 2441.52 2341.52 681.04
1234.44 2443.56 2343.56 681.13
1234.6 2445.59 2345.59 681.22
1234.77 2447.62 2347.62 681.31
1234.93 2449.65 2349.65 681.4
1235.09 2451.68 2351.68 681.49
1235.26 2453.72 2353.72 681.58
1235.42 2455.75 2355.75 681.67
1235.59 2457.78 2357.78 681.76
1235.75 2459.81 2359.81 681.85
1235.92 2461.84 2361.84 681.94
1236.08 2463.87 2363.87 682.03
1236.25 2465.91 2365.91 682.12
1236.42 2467.94 2367.94 682.21
1236.59 2469.97 2369.97 682.3
1236.76 2472 2372 682.39
1236.92 2474.03 2374.03 682.48
1237.09 2476.06 2376.06 682.57
1237.27 2478.1 2378.1 682.66
1237.44 2480.13 2380.13 682.75
1237.61 2482.16 2382.16 682.84
1237.78 2484.19 2384.19 682.93
1237.96 2486.22 2386.22 683.02
1238.13 2488.25 2388.25 683.11
1238.31 2490.29 2390.29 683.2
1238.48 2492.32 2392.32 683.29
1238.66 2494.35 2394.35 683.38
1238.84 2496.38 2396.38 683.47
1239.01 2498.41 2398.41 683.56
1239.19 2500.44 2400.44 683.65
1239.37 2502.48 2402.48 683.74
1239.55 2504.51 2404.51 683.83
1239.74 2506.54 2406.54 683.92
1239.92 2508.57 2408.57 684.01
1240.1 2510.6 2410.6 684.1
1240.29 2512.63 2412.63 684.19
1240.47 2514.67 2414.67 684.28
1240.66 2516.7 2416.7 684.37
1240.85 2518.73 2418.73 684.46
1241.03 2520.76 2420.76 684.55
1241.22 2522.79 2422.79 684.64
1241.41 2524.83 2424.83 684.73
1241.61 2526.86 2426.86 684.82
1241.8 2528.89 2428.89 684.91
1241.99 2530.92 2430.92 685
1242.19 2532.95 2432.95 685.09
1242.38 2534.98 2434.98 685.18
1242.58 2537.02 2437.02 685.27
1242.78 2539.05 2439.05 685.36
1242.98 2541.08 2441.08 685.45
1243.18 2543.11 2443.11 685.54
1243.38 2545.14 2445.14 685.63
1243.58 2547.17 2447.17 685.72
1243.79 2549.21 2449.21 685.81
1243.99 2551.24 2451.24 685.9
1244.2 2553.27 2453.27 685.99
1244.41 2555.3 2455.3 686.08
1244.62 2557.33 2457.33 686.17
1244.83 2559.36 2459.36 686.26
1245.04 2561.4 2461.4 686.35
1245.26 2563.43 2463.43 686.44
1245.47 2565.46 2465.46 686.53
1245.69 2567.49 2467.49 686.62
1245.9 2569.52 2469.52 686.71
1246.12 2571.55 2471.55 686.8
1246.34 2573.59 2473.59 686.89
1246.56 2575.62 2475.62 686.98
1246.79 2577.65 2477.65 687.07
1247.01 2579.68 2479.68 687.16
1247.24 2581.71 2481.71 687.25
1247.47 2583.74 2483.74 687.34
1247.7 2585.78 2485.78 687.43
1247.93 2587.81 2487.81 687.52
1248.16 2589.84 2489.84 687.61
1248.39 2591.87 2491.87 687.7
1248.63 2593.9 2493.9 687.79
1248.87 2595.94 2495.94 687.88
1249.11 2597.97 2497.97 687.97
1249.35 2600 2500 688.06
1249.59 2602.03 2502.03 688.15
1249.83 2604.06 2504.06 688.24
1250.08 2606.09 2506.09 688.33
1250.33 2608.13 2508.13 688.42
1250.57 2610.16 2510.16 688.51
1250.82 2612.19 2512.19 688.6
1251.08 2614.22 2514.22 688.69
1251.33 2616.25 2516.25 688.78
1251.59 2618.28 2518.28 688.87
1251.85 2620.32 2520.32 688.96
1252.1 2622.35 2522.35 689.05
1252.37 2624.38 2524.38 689.14
1252.63 2626.41 2526.41 689.23
1252.9 2628.44 2528.44 689.32
1253.16 2630.47 2530.47 689.41
1253.43 2632.51 2532.51 689.5
1253.7 2634.54 2534.54 689.59
1253.98 2636.57 2536.57 689.68
1254.25 2638.6 2538.6 689.77
1254.53 2640.63 2540.63 689.86
1254.81 2642.66 2542.66 689.95
1255.09 2644.7 2544.7 690.04
1255.37 2646.73 2546.73 690.13
1255.65 2648.76 2548.76 690.22
1255.94 2650.79 2550.79 690.31
1256.23 2652.82 2552.82 690.4
1256.52 2654.85 2554.85 690.49
1256.81 2656.89 2556.89 690.58
1257.11 2658.92 2558.92 690.67
1257.41 2660.95 2560.95 690.76
1257.71 2662.98 2562.98 690.85
1258.01 2665.01 2565.01 690.94
1258.31 2667.05 2567.05 691.03
1258.62 2669.08 2569.08 691.12
1258.93 2671.11 2571.11 691.21
1259.24 2673.14 2573.14 691.3
1259.55 2675.17 2575.17 691.39
1259.86 2677.2 2577.2 691.48
1260.18 2679.24 2579.24 691.57
1260.5 2681.27 2581.27 691.66
1260.82 2683.3 2583.3 691.75
1261.15 2685.33 2585.33 691.84
1261.47 2687.36 2587.36 691.93
1261.8 2689.39 2589.39 692.02
1262.13 2691.43 2591.43 692.11
1262.47 2693.46 2593.46 692.2
1262.8 2695.49 2595.49 692.29
1263.14 2697.52 2597.52 692.38
1263.48 2699.55 2599.55 692.47
1263.83 2701.58 2601.58 692.56
1264.17 2703.62 2603.62 692.65
1264.52 2705.65 2605.65 692.74
1264.87 2707.68 2607.68 692.83
1265.23 2709.71 2609.71 692.92
1265.58 2711.74 2611.74 693.01
1265.94 2713.77 2613.77 693.1
1266.3 2715.81 2615.81 693.19
1266.67 2717.84 2617.84 693.28
1267.03 2719.87 2619.87 693.37
1267.4 2721.9 2621.9 693.46
1267.77 2723.93 2623.93 693.55
1268.15 2725.97 2625.97 693.64
1268.52 2728 2628 693.73
1268.9 2730.03 2630.03 693.82
1269.29 2732.06 2632.06 693.91
1269.67 2734.09 2634.09 694
1270.06 2736.12 2636.12 694.09
1270.45 2738.16 2638.16 694.18
1270.84 2740.19 2640.19 694.27
1271.24 2742.22 2642.22 694.36
1271.64 2744.25 2644.25 694.45
1272.04 2746.28 2646.28 694.54
1272.44 2748.31 2648.31 694.63
1272.85 2750.35 2650.35 694.72
1273.26 2752.38 2652.38 694.81
1273.67 2754.41 2654.41 694.9
1274.09 2756.44 2656.44 694.99
1274.51 2758.47 2658.47 695.08
1274.93 2760.5 2660.5 695.17
1275.36 2762.54 2662.54 695.26
1275.78 2764.57 2664.57 695.35
1276.22 2766.6 2666.6 695.44
1276.65 2768.63 2668.63 695.53
1277.09 2770.66 2670.66 695.62
1277.53 2772.69 2672.69 695.71
1277.97 2774.73 2674.73 695.8
1278.41 2776.76 2676.76 695.89
1278.86 2778.79 2678.79 695.98
1279.32 2780.82 2680.82 696.07
1279.77 2782.85 2682.85 696.16
1280.23 2784.88 2684.88 696.25
1280.69 2786.92 2686.92 696.34
1281.16 2788.95 2688.95 696.43
1281.62 2790.98 2690.98 696.52
1282.09 2793.01 2693.01 696.61
1282.57 2795.04 2695.04 696.7
1283.05 2797.08 2697.08 696.79
1283.53 2799.11 2699.11 696.88
1284.01 2801.14 2701.14 696.97
1284.5 2803.17 2703.17 697.06
1284.99 2805.2 2705.2 697.15
1285.48 2807.23 2707.23 697.24
1285.98 2809.27 2709.27 697.33
1286.48 2811.3 2711.3 697.42
1286.98 2813.33 2713.33 697.51
1287.49 2815.36 2715.36 697.6
1288 2817.39 2717.39 697.69
1288.52 2819.42 2719.42 697.78
1289.03 2821.46 2721.46 697.87
1289.55 2823.49 2723.49 697.96
1290.08 2825.52 2725.52 698.05
1290.61 2827.55 2727.55 698.14
1291.14 2829.58 2729.58 698.23
1291.67 2831.61 2731.61 698.32
1292.21 2833.65 2733.65 698.41
1292.75 2835.68 2735.68 698.5
1293.3 2837.71 2737.71 698.59
1293.85 2839.74 2739.74 698.68
1294.4 2841.77 2741.77 698.77
1294.96 2843.8 2743.8 698.86
1295.52 2845.84 2745.84 698.95
1296.08 2847.87 2747.87 699.04
1296.65 2849.9 2749.9 699.13
1297.22 2851.93 2751.93 699.22
1297.79 2853.96 2753.96 699.31
1298.37 2855.99 2755.99 699.4
1298.95 2858.03 2758.03 699.49
1299.54 2860.06 2760.06 699.58
1300.13 2862.09 2762.09 699.67
1300.72 2864.12 2764.12 699.76
1301.32 2866.15 2766.15 699.85
1301.92 2868.19 2768.19 699.94
1302.52 2870.22 2770.22 700.03
1303.13 2872.25 2772.25 700.12
1303.74 2874.28 2774.28 700.21
1304.36 2876.31 2776.31 700.3
1304.98 2878.34 2778.34 700.39
1305.6 2880.38 2780.38 700.48
1306.23 2882.41 2782.41 700.57
1306.86 2884.44 2784.44 700.66
1307.5 2886.47 2786.47 700.75
1308.14 2888.5 2788.5 700.84
1308.78 2890.53 2790.53 700.93
1309.43 2892.57 2792.57 701.02
1310.08 2894.6 2794.6 701.11
1310.73 2896.63 2796.63 701.2
1311.39 2898.66 2798.66 701.29
1312.06 2900.69 2800.69 701.38
1312.73 2902.72 2802.72 701.47
1313.4 2904.76 2804.76 701.56
1314.07 2906.79 2806.79 701.65
1314.75 2908.82 2808.82 701.74
1315.44 2910.85 2810.85 701.83
1316.13 2912.88 2812.88 701.92
1316.82 2914.91 2814.91 702.01
1317.52 2916.95 2816.95 702.1
1318.22 2918.98 2818.98 702.19
1318.92 2921.01 2821.01 702.28
1319.63 2923.04 2823.04 702.37
1320.34 2925.07 2825.07 702.46
1321.06 2927.1 2827.1 702.55
1321.78 2929.14 2829.14 702.64
1322.51 2931.17 2831.17 702.73
1323.24 2933.2 2833.2 702.82
1323.98 2935.23 2835.23 702.91
1324.72 2937.26 2837.26 703
1325.46 2939.3 2839.3 703.09
1326.21 2941.33 2841.33 703.18
1326.96 2943.36 2843.36 703.27
1327.72 2945.39 2845.39 703.36
1328.48 2947.42 2847.42 703.45
1329.25 2949.45 2849.45 703.54
1330.02 2951.49 2851.49 703.63
1330.79 2953.52 2853.52 703.72
1331.57 2955.55 2855.55 703.81
1332.35 2957.58 2857.58 703.9
1333.14 2959.61 2859.61 703.99
1333.94 2961.64 2861.64 704.08
1334.73 2963.68 2863.68 704.17
1335.54 2965.71 2865.71 704.26
1336.34 2967.74 2867.74 704.35
1337.15 2969.77 2869.77 704.44
1337.97 2971.8 2871.8 704.53
1338.79 2973.83 2873.83 704.62
1339.62 2975.87 2875.87 704.71
1340.45 2977.9 2877.9 704.8
1341.28 2979.93 2879.93 704.89
1342.12 2981.96 2881.96 704.98
1342.96 2983.99 2883.99 705.07
1343.81 2986.02 2886.02 705.16
1344.67 2988.06 2888.06 705.25
1345.52 2990.09 2890.09 705.34
1346.39 2992.12 2892.12 705.43
1347.26 2994.15 2894.15 705.52
1348.13 2996.18 2896.18 705.61
1349.01 2998.22 2898.22 705.7
1349.89 3000.25 2900.25 705.79
1350.78 3002.28 2902.28 705.88
1351.67 3004.31 2904.31 705.97
1352.57 3006.34 2906.34 706.06
1353.47 3008.37 2908.37 706.15
1354.38 3010.41 2910.41 706.24
1355.29 3012.44 2912.44 706.33
1356.2 3014.47 2914.47 706.42
1357.13 3016.5 2916.5 706.51
1358.05 3018.53 2918.53 706.6
1358.99 3020.56 2920.56 706.69
1359.92 3022.6 2922.6 706.78
1360.86 3024.63 2924.63 706.87
1361.81 3026.66 2926.66 706.96
1362.76 3028.69 2928.69 707.05
1363.72 3030.72 2930.72 707.14
1364.68 3032.75 2932.75 707.23
1365.65 3034.79 2934.79 707.32
1366.62 3036.82 2936.82 707.41
1367.6 3038.85 2938.85 707.5
1368.58 3040.88 2940.88 707.59
1369.57 3042.91 2942.91 707.68
1370.57 3044.94 2944.94 707.77
1371.57 3046.98 2946.98 707.86
1372.57 3049.01 2949.01 707.95
1373.58 3051.04 2951.04 708.04
1374.59 3053.07 2953.07 708.13
1375.61 3055.1 2955.1 708.22
1376.64 3057.13 2957.13 708.31
1377.67 3059.17 2959.17 708.4
1378.7 3061.2 2961.2 708.49
1379.75 3063.23 2963.23 708.58
1380.79 3065.26 2965.26 708.67
1381.84 3067.29 2967.29 708.76
1382.9 3069.33 2969.33 708.85
1383.96 3071.36 2971.36 708.94
1385.03 3073.39 2973.39 709.03
1386.11 3075.42 2975.42 709.12
1387.19 3077.45 2977.45 709.21
1388.27 3079.48 2979.48 709.3
1389.36 3081.52 2981.52 709.39
1390.46 3083.55 2983.55 709.48
1391.56 3085.58 2985.58 709.57
1392.67 3087.61 2987.61 709.66
1393.78 3089.64 2989.64 709.75
1394.9 3091.67 2991.67 709.84
1396.02 3093.71 2993.71 709.93
1397.15 3095.74 2995.74 710.02
1398.28 3097.77 2997.77 710.11
1399.42 3099.8 2999.8 710.2
1400.57 3101.83 3001.83 710.29
1401.72 3103.86 3003.86 710.38
1402.88 3105.9 3005.9 710.47
1404.04 3107.93 3007.93 710.56
1405.21 3109.96 3009.96 710.65
1406.39 3111.99 3011.99 710.74
1407.57 3114.02 3014.02 710.83
1408.75 3116.05 3016.05 710.92
1409.95 3118.09 3018.09 711.01
1411.14 3120.12 3020.12 711.1
1412.35 3122.15 3022.15 711.19
1413.56 3124.18 3024.18 711.28
1414.77 3126.21 3026.21 711.37
1416 3128.24 3028.24 711.46
1417.22 3130.28 3030.28 711.55
1418.46 3132.31 3032.31 711.64
1419.69 3134.34 3034.34 711.73
1420.94 3136.37 3036.37 711.82
1422.19 3138.4 3038.4 711.91
1423.45 3140.44 3040.44 712
1424.71 3142.47 3042.47 712.09
1425.98 3144.5 3044.5 712.18
1427.26 3146.53 3046.53 712.27
1428.54 3148.56 3048.56 712.36
1429.82 3150.59 3050.59 712.45
1431.12 3152.63 3052.63 712.54
1432.42 3154.66 3054.66 712.63
1433.72 3156.69 3056.69 712.72
1435.03 3158.72 3058.72 712.81
1436.35 3160.75 3060.75 712.9
1437.68 3162.78 3062.78 712.99
1439.01 3164.82 3064.82 713.08
1440.34 3166.85 3066.85 713.17
1441.69 3168.88 3068.88 713.26
1443.03 3170.91 3070.91 713.35
1444.39 3172.94 3072.94 713.44
1445.75 3174.97 3074.97 713.53
1447.12 3177.01 3077.01 713.62
1448.49 3179.04 3079.04 713.71
1449.87 3181.07 3081.07 713.8
1451.26 3183.1 3083.1 713.89
1452.65 3185.13 3085.13 713.98
1454.05 3187.16 3087.16 714.07
1455.46 3189.2 3089.2 714.16
1456.87 3191.23 3091.23 714.25
1458.29 3193.26 3093.26 714.34
1459.71 3195.29 3095.29 714.43
1461.14 3197.32 3097.32 714.52
1462.58 3199.36 3099.36 714.61
1464.03 3201.39 3101.39 714.7
1465.48 3203.42 3103.42 714.79
1466.93 3205.45 3105.45 714.88
1468.4 3207.48 3107.48 714.97
1469.87 3209.51 3109.51 715.06
1471.35 3211.55 3111.55 715.15
1472.83 3213.58 3113.58 715.24
1474.32 3215.61 3115.61 715.33
1475.82 3217.64 3117.64 715.42
1477.32 3219.67 3119.67 715.51
1478.83 3221.7 3121.7 715.6
1480.35 3223.74 3123.74 715.69
1481.87 3225.77 3125.77 715.78
1483.4 3227.8 3127.8 715.87
1484.94 3229.83 3129.83 715.96
1486.48 3231.86 3131.86 716.05
1488.03 3233.89 3133.89 716.14
1489.59 3235.93 3135.93 716.23
1491.15 3237.96 3137.96 716.32
1492.72 3239.99 3139.99 716.41
1494.3 3242.02 3142.02 716.5
1495.88 3244.05 3144.05 716.59
1497.47 3246.08 3146.08 716.68
1499.07 3248.12 3148.12 716.77
1500.67 3250.15 3150.15 716.86
1502.29 3252.18 3152.18 716.95
1503.9 3254.21 3154.21 717.04
1505.53 3256.24 3156.24 717.13
1507.16 3258.27 3158.27 717.22
1508.8 3260.31 3160.31 717.31
1510.45 3262.34 3162.34 717.4
1512.1 3264.37 3164.37 717.49
1513.76 3266.4 3166.4 717.58
1515.43 3268.43 3168.43 717.67
1517.1 3270.47 3170.47 717.76
1518.78 3272.5 3172.5 717.85
1520.47 3274.53 3174.53 717.94
1522.16 3276.56 3176.56 718.03
1523.87 3278.59 3178.59 718.12
1525.58 3280.62 3180.62 718.21
1527.29 3282.66 3182.66 718.3
1529.02 3284.69 3184.69 718.39
1530.75 3286.72 3186.72 718.48
1532.49 3288.75 3188.75 718.57
1534.23 3290.78 3190.78 718.66
1535.98 3292.81 3192.81 718.75
1537.74 3294.85 3194.85 718.84
1539.51 3296.88 3196.88 718.93
1541.28 3298.91 3198.91 719.02
1543.07 3300.94 3200.94 719.11
1544.85 3302.97 3202.97 719.2
1546.65 3305 3205 719.29
1548.45 3307.04 3207.04 719.38
1550.27 3309.07 3209.07 719.47
1552.08 3311.1 3211.1 719.56
1553.91 3313.13 3213.13 719.65
1555.74 3315.16 3215.16 719.74
1557.58 3317.19 3217.19 719.83
1559.43 3319.23 3219.23 719.92
1561.28 3321.26 3221.26 720.01
1563.15 3323.29 3223.29 720.1
1565.02 3325.32 3225.32 720.19
1566.89 3327.35 3227.35 720.28
1568.78 3329.38 3229.38 720.37
1570.67 3331.42 3231.42 720.46
1572.57 3333.45 3233.45 720.55
1574.48 3335.48 3235.48 720.64
1576.39 3337.51 3237.51 720.73
1578.31 3339.54 3239.54 720.82
1580.24 3341.58 3241.58 720.91
1582.17 3343.61 3243.61 721
1584.11 3345.64 3245.64 721.09
1586.06 3347.67 3247.67 721.18
1588.01 3349.7 3249.7 721.27
1589.98 3351.73 3251.73 721.36
1591.94 3353.77 3253.77 721.45
1593.92 3355.8 3255.8 721.54
1595.9 3357.83 3257.83 721.63
1597.89 3359.86 3259.86 721.72
1599.88 3361.89 3261.89 721.81
1601.88 3363.92 3263.92 721.9
1603.89 3365.96 3265.96 721.99
1605.9 3367.99 3267.99 722.08
1607.92 3370.02 3270.02 722.17
1609.95 3372.05 3272.05 722.26
1611.98 3374.08 3274.08 722.35
1614.02 3376.11 3276.11 722.44
1616.06 3378.15 3278.15 722.53
1618.12 3380.18 3280.18 722.62
1620.17 3382.21 3282.21 722.71
1622.23 3384.24 3284.24 722.8
1624.3 3386.27 3286.27 722.89
1626.38 3388.3 3288.3 722.98
1628.46 3390.34 3290.34 723.07
1630.54 3392.37 3292.37 723.16
1632.63 3394.4 3294.4 723.25
1634.73 3396.43 3296.43 723.34
1636.83 3398.46 3298.46 723.43
1638.94 3400.49 3300.49 723.52
1641.05 3402.53 3302.53 723.61
1643.17 3404.56 3304.56 723.7
1645.3 3406.59 3306.59 723.79
1647.42 3408.62 3308.62 723.88
1649.56 3410.65 3310.65 723.97
1651.7 3412.69 3312.69 724.06
1653.84 3414.72 3314.72 724.15
1655.99 3416.75 3316.75 724.24
1658.15 3418.78 3318.78 724.33
1660.31 3420.81 3320.81 724.42
1662.47 3422.84 3322.84 724.51
1664.65 3424.88 3324.88 724.6
1666.82 3426.91 3326.91 724.69
1669 3428.94 3328.94 724.78
1671.18 3430.97 3330.97 724.87
1673.37 3433 3333 724.96
1675.57 3435.03 3335.03 725.05
1677.77 3437.07 3337.07 725.14
1679.97 3439.1 3339.1 725.23
1682.18 3441.13 3341.13 725.32
1684.39 3443.16 3343.16 725.41
1686.6 3445.19 3345.19 725.5
1688.82 3447.22 3347.22 725.59
1691.05 3449.26 3349.26 725.68
1693.28 3451.29 3351.29 725.77
1695.51 3453.32 3353.32 725.86
1697.75 3455.35 3355.35 725.95
1699.99 3457.38 3357.38 726.04
1702.24 3459.41 3359.41 726.13
1704.49 3461.45 3361.45 726.22
1706.74 3463.48 3363.48 726.31
1709 3465.51 3365.51 726.4
1711.26 3467.54 3367.54 726.49
1713.52 3469.57 3369.57 726.58
1715.79 3471.61 3371.61 726.67
1718.07 3473.64 3373.64 726.76
1720.34 3475.67 3375.67 726.85
1722.62 3477.7 3377.7 726.94
1724.91 3479.73 3379.73 727.03
1727.19 3481.76 3381.76 727.12
1729.48 3483.8 3383.8 727.21
1731.78 3485.83 3385.83 727.3
1734.07 3487.86 3387.86 727.39
1736.37 3489.89 3389.89 727.48
1738.68 3491.92 3391.92 727.57
1740.98 3493.95 3393.95 727.66
1743.29 3495.99 3395.99 727.75
1745.61 3498.02 3398.02 727.84
1747.92 3500.05 3400.05 727.93
1750.24 3502.08 3402.08 728.02
1752.56 3504.11 3404.11 728.11
1754.89 3506.14 3406.14 728.2
1757.21 3508.18 3408.18 728.29
1759.55 3510.21 3410.21 728.38
1761.88 3512.24 3412.24 728.47
1764.21 3514.27 3414.27 728.56
1766.55 3516.3 3416.3 728.65
1768.89 3518.33 3418.33 728.74
1771.24 3520.37 3420.37 728.83
1773.58 3522.4 3422.4 728.92
1775.93 3524.43 3424.43 729.01
1778.28 3526.46 3426.46 729.1
1780.63 3528.49 3428.49 729.19
1782.99 3530.52 3430.52 729.28
1785.35 3532.56 3432.56 729.37
1787.71 3534.59 3434.59 729.46
1790.07 3536.62 3436.62 729.55
1792.43 3538.65 3438.65 729.64
1794.8 3540.68 3440.68 729.73
1797.16 3542.72 3442.72 729.82
1799.53 3544.75 3444.75 729.91
1801.91 3546.78 3446.78 730
1804.28 3548.81 3448.81 730.09
1806.65 3550.84 3450.84 730.18
1809.03 3552.87 3452.87 730.27
1811.41 3554.91 3454.91 730.36
1813.79 3556.94 3456.94 730.45
1816.17 3558.97 3458.97 730.54
1818.55 3561 3461 730.63
1820.94 3563.03 3463.03 730.72
1823.32 3565.06 3465.06 730.81
1825.71 3567.1 3467.1 730.9
1828.1 3569.13 3469.13 730.99
1830.49 3571.16 3471.16 731.08
1832.88 3573.19 3473.19 731.17
1835.27 3575.22 3475.22 731.26
1837.67 3577.25 3477.25 731.35
1840.06 3579.29 3479.29 731.44
1842.46 3581.32 3481.32 731.53
1844.85 3583.35 3483.35 731.62
1847.25 3585.38 3485.38 731.71
1849.65 3587.41 3487.41 731.8
1852.05 3589.44 3489.44 731.89
1854.45 3591.48 3491.48 731.98
1856.85 3593.51 3493.51 732.07
1859.25 3595.54 3495.54 732.16
1861.65 3597.57 3497.57 732.25
1864.05 3599.6 3499.6 732.34
1866.45 3601.63 3501.63 732.43
1868.85 3603.67 3503.67 732.52
1871.26 3605.7 3505.7 732.61
1873.66 3607.73 3507.73 732.7
1876.07 3609.76 3509.76 732.79
1878.47 3611.79 3511.79 732.88
1880.87 3613.83 3513.83 732.97
1883.28 3615.86 3515.86 733.06
1885.68 3617.89 3517.89 733.15
1888.09 3619.92 3519.92 733.24
1890.49 3621.95 3521.95 733.33
1892.9 3623.98 3523.98 733.42
1895.3 3626.02 3526.02 733.51
1897.71 3628.05 3528.05 733.6
1900.11 3630.08 3530.08 733.69
1902.51 3632.11 3532.11 733.78
1904.92 3634.14 3534.14 733.87
1907.32 3636.17 3536.17 733.96
1909.72 3638.21 3538.21 734.05
1912.12 3640.24 3540.24 734.14
1914.52 3642.27 3542.27 734.23
1916.93 3644.3 3544.3 734.32
1919.33 3646.33 3546.33 734.41
1921.73 3648.36 3548.36 734.5
1924.12 3650.4 3550.4 734.59
1926.52 3652.43 3552.43 734.68
1928.92 3654.46 3554.46 734.77
1931.32 3656.49 3556.49 734.86
1933.71 3658.52 3558.52 734.95
1936.11 3660.55 3560.55 735.04
1938.5 3662.59 3562.59 735.13
1940.89 3664.62 3564.62 735.22
1943.28 3666.65 3566.65 735.31
1945.67 3668.68 3568.68 735.4
1948.06 3670.71 3570.71 735.49
1950.45 3672.75 3572.75 735.58
1952.84 3674.78 3574.78 735.67
1955.22 3676.81 3576.81 735.76
1957.6 3678.84 3578.84 735.85
1959.99 3680.87 3580.87 735.94
1962.37 3682.9 3582.9 736.03
1964.74 3684.94 3584.94 736.12
1967.12 3686.97 3586.97 736.21
1969.5 3689 3589 736.3
1971.87 3691.03 3591.03 736.39
1974.24 3693.06 3593.06 736.48
1976.61 3695.09 3595.09 736.57
1978.98 3697.13 3597.13 736.66
1981.35 3699.16 3599.16 736.75
1983.71 3701.19 3601.19 736.84
1986.07 3703.22 3603.22 736.93
1988.43 3705.25 3605.25 737.02
1990.79 3707.28 3607.28 737.11
1993.15 3709.32 3609.32 737.2
1995.5 3711.35 3611.35 737.29
1997.85 3713.38 3613.38 737.38
2000.2 3715.41 3615.41 737.47
2002.54 3717.44 3617.44 737.56
2004.89 3719.47 3619.47 737.65
2007.23 3721.51 3621.51 737.74
2009.57 3723.54 3623.54 737.83
2011.9 3725.57 3625.57 737.92
2014.24 3727.6 3627.6 738.01
2016.57 3729.63 3629.63 738.1
2018.9 3731.66 3631.66 738.19
2021.22 3733.7 3633.7 738.28
2023.54 3735.73 3635.73 738.37
2025.86 3737.76 3637.76 738.46
2028.18 3739.79 3639.79 738.55
2030.49 3741.82 3641.82 738.64
2032.8 3743.86 3643.86 738.73
2035.11 3745.89 3645.89 738.82
2037.41 3747.92 3647.92 738.91
2039.72 3749.95 3649.95 739
2042.01 3751.98 3651.98 739.09
2044.31 3754.01 3654.01 739.18
2046.6 3756.05 3656.05 739.27
2048.89 3758.08 3658.08 739.36
2051.17 3760.11 3660.11 739.45
2053.45 3762.14 3662.14 739.54
2055.73 3764.17 3664.17 739.63
2058 3766.2 3666.2 739.72
2060.27 3768.24 3668.24 739.81
2062.54 3770.27 3670.27 739.9
2064.8 3772.3 3672.3 739.99
2067.06 3774.33 3674.33 740.08
2069.31 3776.36 3676.36 740.17
2071.56 3778.39 3678.39 740.26
2073.81 3780.43 3680.43 740.35
2076.05 3782.46 3682.46 740.44
2078.29 3784.49 3684.49 740.53
2080.52 3786.52 3686.52 740.62
2082.75 3788.55 3688.55 740.71
2084.98 3790.58 3690.58 740.8
2087.2 3792.62 3692.62 740.89
2089.42 3794.65 3694.65 740.98
2091.63 3796.68 3696.68 741.07
2093.84 3798.71 3698.71 741.16
2096.04 3800.74 3700.74 741.25
2098.24 3802.77 3702.77 741.34
2100.43 3804.81 3704.81 741.43
2102.62 3806.84 3706.84 741.52
2104.81 3808.87 3708.87 741.61
2106.99 3810.9 3710.9 741.7
2109.17 3812.93 3712.93 741.79
2111.34 3814.97 3714.97 741.88
2113.5 3817 3717 741.97
2115.66 3819.03 3719.03 742.06
2117.82 3821.06 3721.06 742.15
2119.97 3823.09 3723.09 742.24
2122.12 3825.12 3725.12 742.33
2124.26 3827.16 3727.16 742.42
2126.39 3829.19 3729.19 742.51
2128.52 3831.22 3731.22 742.6
2130.65 3833.25 3733.25 742.69
2132.77 3835.28 3735.28 742.78
2134.88 3837.31 3737.31 742.87
2136.99 3839.35 3739.35 742.96
2139.09 3841.38 3741.38 743.05
2141.19 3843.41 3743.41 743.14
2143.28 3845.44 3745.44 743.23
2145.37 3847.47 3747.47 743.32
2147.45 3849.5 3749.5 743.41
2149.53 3851.54 3751.54 743.5
2151.6 3853.57 3753.57 743.59
2153.66 3855.6 3755.6 743.68
2155.72 3857.63 3757.63 743.77
2157.77 3859.66 3759.66 743.86
2159.81 3861.69 3761.69 743.95
2161.85 3863.73 3763.73 744.04
2163.89 3865.76 3765.76 744.13
2165.91 3867.79 3767.79 744.22
2167.93 3869.82 3769.82 744.31
2169.95 3871.85 3771.85 744.4
2171.96 3873.88 3773.88 744.49
2173.96 3875.92 3775.92 744.58
2175.95 3877.95 3777.95 744.67
2177.94 3879.98 3779.98 744.76
2179.92 3882.01 3782.01 744.85
2181.9 3884.04 3784.04 744.94
2183.87 3886.08 3786.08 745.03
2185.83 3888.11 3788.11 745.12
2187.79 3890.14 3790.14 745.21
2189.74 3892.17 3792.17 745.3
2191.68 3894.2 3794.2 745.39
2193.62 3896.23 3796.23 745.48
2195.54 3898.27 3798.27 745.57
2197.47 3900.3 3800.3 745.66
2199.38 3902.33 3802.33 745.75
2201.29 3904.36 3804.36 745.84
2203.19 3906.39 3806.39 745.93
2205.08 3908.42 3808.42 746.02
2206.97 3910.46 3810.46 746.11
2208.84 3912.49 3812.49 746.2
2210.72 3914.52 3814.52 746.29
2212.58 3916.55 3816.55 746.38
2214.44 3918.58 3818.58 746.47
2216.29 3920.61 3820.61 746.56
2218.13 3922.65 3822.65 746.65
2219.96 3924.68 3824.68 746.74
2221.79 3926.71 3826.71 746.83
2223.6 3928.74 3828.74 746.92
2225.42 3930.77 3830.77 747.01
2227.22 3932.8 3832.8 747.1
2229.01 3934.84 3834.84 747.19
2230.8 3936.87 3836.87 747.28
2232.58 3938.9 3838.9 747.37
2234.35 3940.93 3840.93 747.46
2236.11 3942.96 3842.96 747.55
2237.87 3945 3845 747.64
2239.62 3947.03 3847.03 747.73
2241.36 3949.06 3849.06 747.82
2243.09 3951.09 3851.09 747.91
2244.81 3953.12 3853.12 748
2246.52 3955.15 3855.15 748.09
2248.23 3957.19 3857.19 748.18
2249.92 3959.22 3859.22 748.27
2251.61 3961.25 3861.25 748.36
2253.29 3963.28 3863.28 748.45
2254.96 3965.31 3865.31 748.54
2256.63 3967.34 3867.34 748.63
2258.28 3969.38 3869.38 748.72
2259.93 3971.41 3871.41 748.81
2261.56 3973.44 3873.44 748.9
2263.19 3975.47 3875.47 748.99
2264.81 3977.5 3877.5 749.08
2266.42 3979.53 3879.53 749.17
2268.02 3981.57 3881.57 749.26
2269.61 3983.6 3883.6 749.35
2271.19 3985.63 3885.63 749.44
2272.77 3987.66 3887.66 749.53
2274.33 3989.69 3889.69 749.62
2275.88 3991.72 3891.72 749.71
2277.43 3993.76 3893.76 749.8
2278.97 3995.79 3895.79 749.89
2280.49 3997.82 3897.82 749.98
2282.01 3999.85 3899.85 750.07
2283.52 4001.88 3901.88 750.16
2285.02 4003.91 3903.91 750.25
2286.5 4005.95 3905.95 750.34
2287.98 4007.98 3907.98 750.43
2289.45 4010.01 3910.01 750.52
2290.91 4012.04 3912.04 750.61
2292.36 4014.07 3914.07 750.7
2293.8 4016.11 3916.11 750.79
2295.23 4018.14 3918.14 750.88
2296.65 4020.17 3920.17 750.97
2298.06 4022.2 3922.2 751.06
2299.46 4024.23 3924.23 751.15
2300.85 4026.26 3926.26 751.24
2302.23 4028.3 3928.3 751.33
2303.6 4030.33 3930.33 751.42
2304.96 4032.36 3932.36 751.51
2306.31 4034.39 3934.39 751.6
2307.64 4036.42 3936.42 751.69
2308.97 4038.45 3938.45 751.78
2310.29 4040.49 3940.49 751.87
2311.6 4042.52 3942.52 751.96
2312.89 4044.55 3944.55 752.05
2314.18 4046.58 3946.58 752.14
2315.45 4048.61 3948.61 752.23
2316.72 4050.64 3950.64 752.32
2317.97 4052.68 3952.68 752.41
2319.21 4054.71 3954.71 752.5
2320.44 4056.74 3956.74 752.59
2321.66 4058.77 3958.77 752.68
2322.87 4060.8 3960.8 752.77
2324.07 4062.83 3962.83 752.86
2325.26 4064.87 3964.87 752.95
2326.44 4066.9 3966.9 753.04
2327.6 4068.93 3968.93 753.13
2328.75 4070.96 3970.96 753.22
2329.9 4072.99 3972.99 753.31
2331.03 4075.02 3975.02 753.4
2332.15 4077.06 3977.06 753.49
2333.26 4079.09 3979.09 753.58
2334.35 4081.12 3981.12 753.67
2335.44 4083.15 3983.15 753.76
2336.51 4085.18 3985.18 753.85
2337.57 4087.22 3987.22 753.94
2338.63 4089.25 3989.25 754.03
2339.66 4091.28 3991.28 754.12
2340.69 4093.31 3993.31 754.21
2341.71 4095.34 3995.34 754.3
2342.71 4097.37 3997.37 754.39
2343.7 4099.41 3999.41 754.48
2344.68 4101.44 4001.44 754.57
2345.65 4103.47 4003.47 754.66
2346.6 4105.5 4005.5 754.75
2347.54 4107.53 4007.53 754.84
2348.47 4109.56 4009.56 754.93
2349.39 4111.6 4011.6 755.02
2350.3 4113.63 4013.63 755.11
2351.19 4115.66 4015.66 755.2
2352.07 4117.69 4017.69 755.29
2352.94 4119.72 4019.72 755.38
2353.8 4121.75 4021.75 755.47
2354.64 4123.79 4023.79 755.56
2355.47 4125.82 4025.82 755.65
2356.29 4127.85 4027.85 755.74
2357.1 4129.88 4029.88 755.83
2357.89 4131.91 4031.91 755.92
2358.67 4133.94 4033.94 756.01
2359.44 4135.98 4035.98 756.1
2360.19 4138.01 4038.01 756.19
2360.93 4140.04 4040.04 756.28
2361.66 4142.07 4042.07 756.37
2362.38 4144.1 4044.1 756.46
2363.08 4146.13 4046.13 756.55
2363.77 4148.17 4048.17 756.64
2364.44 4150.2 4050.2 756.73
2365.1 4152.23 4052.23 756.82
2365.75 4154.26 4054.26 756.91
2366.39 4156.29 4056.29 757
2367.01 4158.33 4058.33 757.09
2367.62 4160.36 4060.36 757.18
2368.22 4162.39 4062.39 757.27
2368.8 4164.42 4064.42 757.36
2369.37 4166.45 4066.45 757.45
2369.92 4168.48 4068.48 757.54
2370.46 4170.52 4070.52 757.63
2370.99 4172.55 4072.55 757.72
2371.5 4174.58 4074.58 757.81
2372 4176.61 4076.61 757.9
2372.48 4178.64 4078.64 757.99
2372.95 4180.67 4080.67 758.08
2373.41 4182.71 4082.71 758.17
2373.86 4184.74 4084.74 758.26
2374.28 4186.77 4086.77 758.35
2374.7 4188.8 4088.8 758.44
2375.1 4190.83 4090.83 758.53
2375.49 4192.86 4092.86 758.62
2375.86 4194.9 4094.9 758.71
2376.21 4196.93 4096.93 758.8
2376.56 4198.96 4098.96 758.89
2376.89 4200.99 4100.99 758.98
2377.2 4203.02 4103.02 759.07
2377.5 4205.05 4105.05 759.16
2377.78 4207.09 4107.09 759.25
2378.05 4209.12 4109.12 759.34
2378.31 4211.15 4111.15 759.43
2378.55 4213.18 4113.18 759.52
2378.77 4215.21 4115.21 759.61
2378.99 4217.25 4117.25 759.7
2379.18 4219.28 4119.28 759.79
2379.36 4221.31 4121.31 759.88
2379.53 4223.34 4123.34 759.97
2379.68 1023 923 760.06 PIT
2379.81 1023 923 760.15 PIT
2379.93 1023 923 760.24 PIT
2380.04 1023 923 760.33 PIT
2380.13 1023 923 760.42 PIT
2380.21 1023 923 760.51 PIT
2380.27 1023 923 760.6 PIT
2380.31 1023 923 760.69 PIT
2380.34 1023 923 760.78 PIT
2380.36 1023 923 760.87 PIT
2380.36 1023 923 760.96 PIT
2380.35 1023 923 761.05 PIT
2380.32 1023 923 761.14 PIT
2380.28 1023 923 761.23 PIT
2380.23 1023 923 761.32 PIT
2380.16 1023 923 761.41 PIT
2380.07 1023 923 761.5 PIT
2379.98 1023 923 761.59 PIT
2379.86 1023 923 761.68 PIT
2379.74 1023 923 761.77 PIT
2379.6 1023 923 761.86 PIT
2379.44 1023 923 761.95 PIT
2379.27 1023 923 762.04 PIT
2379.09 1023 923 762.13 PIT
2378.9 1023 923 762.22 PIT
2378.69 1023 923 762.31 PIT
2378.46 1023 923 762.4 PIT
2378.23 1023 923 762.49 PIT
2377.97 1023 923 762.58 PIT
2377.71 1023 923 762.67 PIT
2377.43 1023 923 762.76 PIT
2377.14 1023 923 762.85 PIT
2376.84 1023 923 762.94 PIT
2376.52 1023 923 763.03 PIT
2376.19 1023 923 763.12 PIT
2375.85 1023 923 763.21 PIT
2375.49 1023 923 763.3 PIT
2375.12 1023 923 763.39 PIT
2374.74 1023 923 763.48 PIT
2374.34 1023 923 763.57 PIT
2373.93 1023 923 763.66 PIT
2373.51 1023 923 763.75 PIT
2373.08 1023 923 763.84 PIT
2372.63 1023 923 763.93 PIT
2372.17 1023 923 764.02 PIT
2371.7 1023 923 764.11 PIT
2371.21 1023 923 764.2 PIT
2370.71 1023 923 764.29 PIT
2370.21 1023 923 764.38 PIT
2369.68 1023 923 764.47 PIT
2369.15 1023 923 764.56 PIT
2368.6 1023 923 764.65 PIT
2368.04 1023 923 764.74 PIT
2367.47 1023 923 764.83 PIT
2366.89 1023 923 764.92 PIT
2366.29 1023 923 765.01 PIT
2365.69 1023 923 765.1 PIT
2365.07 1023 923 765.19 PIT
2364.44 1023 923 765.28 PIT
2363.79 1023 923 765.37 PIT
2363.14 1023 923 765.46 PIT
2362.47 1023 923 765.55 PIT
2361.8 1023 923 765.64 PIT
2361.11 1023 923 765.73 PIT
2360.41 1023 923 765.82 PIT
2359.69 1023 923 765.91 PIT
2358.97 1023 923 766 PIT
2358.23 1023 923 766.09 PIT
2357.49 1023 923 766.18 PIT
2356.73 1023 923 766.27 PIT
2355.96 1023 923 766.36 PIT
2355.18 1023 923 766.45 PIT
2354.39 1023 923 766.54 PIT
2353.59 1023 923 766.63 PIT
2352.78 1023 923 766.72 PIT
2351.95 1023 923 766.81 PIT
2351.12 1023 923 766.9 PIT
2350.27 1023 923 766.99 PIT
2349.41 1023 923 767.08 PIT
2348.55 1023 923 767.17 PIT
2347.67 1023 923 767.26 PIT
2346.78 1023 923 767.35 PIT
2345.88 1023 923 767.44 PIT
2344.97 1023 923 767.53 PIT
2344.06 1023 923 767.62 PIT
2343.13 1023 923 767.71 PIT
2342.19 1023 923 767.8 PIT
2341.23 1023 923 767.89 PIT
2340.27 1023 923 767.98 PIT
2339.3 1023 923 768.07 PIT
2338.32 1023 923 768.16 PIT
2337.33 1023 923 768.25 PIT
2336.33 1023 923 768.34 PIT
2335.32 1023 923 768.43 PIT
2334.3 1023 923 768.52 PIT
2333.27 1023 923 768.61 PIT
2332.23 1023 923 768.7 PIT
2331.18 1023 923 768.79 PIT
2330.12 1023 923 768.88 PIT
2329.06 1023 923 768.97 PIT
2327.98 1023 923 769.06 PIT
2326.89 1023 923 769.15 PIT
2325.79 1023 923 769.24 PIT
2324.69 1023 923 769.33 PIT
2323.57 1023 923 769.42 PIT
2322.45 1023 923 769.51 PIT
2321.31 1023 923 769.6 PIT
2320.17 1023 923 769.69 PIT
2319.02 1023 923 769.78 PIT
2317.86 1023 923 769.87 PIT
2316.69 1023 923 769.96 PIT
2315.51 1023 923 770.05 PIT
2314.32 1023 923 770.14 PIT
2313.13 1023 923 770.23 PIT
2311.92 1023 923 770.32 PIT
2310.71 1023 923 770.41 PIT
2309.49 1023 923 770.5 PIT
2308.26 1023 923 770.59 PIT
2307.02 1023 923 770.68 PIT
2305.77 1023 923 770.77 PIT
2304.51 1023 923 770.86 PIT
2303.25 1023 923 770.95 PIT
2301.98 1023 923 771.04 PIT
2300.7 1023 923 771.13 PIT
2299.41 1023 923 771.22 PIT
2298.11 1023 923 771.31 PIT
2296.81 1023 923 771.4 PIT
2295.49 1023 923 771.49 PIT
2294.17 1023 923 771.58 PIT
2292.84 1023 923 771.67 PIT
2291.51 1023 923 771.76 PIT
2290.16 1023 923 771.85 PIT
2288.81 1023 923 771.94 PIT
2287.45 1023 923 772.03 PIT
2286.09 1023 923 772.12 PIT
2284.71 1023 923 772.21 PIT
2283.33 1023 923 772.3 PIT
2281.94 1023 923 772.39 PIT
2280.55 1023 923 772.48 PIT
2279.14 1023 923 772.57 PIT
2277.73 1023 923 772.66 PIT
2276.31 1023 923 772.75 PIT
2274.89 1023 923 772.84 PIT
2273.45 1023 923 772.93 PIT
2272.02 1023 923 773.02 PIT
2270.57 1023 923 773.11 PIT
2269.12 1023 923 773.2 PIT
2267.66 1023 923 773.29 PIT
2266.19 1023 923 773.38 PIT
2264.72 1023 923 773.47 PIT
2263.24 1023 923 773.56 PIT
2261.75 1023 923 773.65 PIT
2260.26 1023 923 773.74 PIT
2258.76 1023 923 773.83 PIT
2257.25 1023 923 773.92 PIT
2255.74 1023 923 774.01 PIT
2254.22 1023 923 774.1 PIT
2252.69 1023 923 774.19 PIT
2251.16 1023 923 774.28 PIT
2249.63 1023 923 774.37 PIT
2248.08 1023 923 774.46 PIT
2246.53 1023 923 774.55 PIT
2244.98 1023 923 774.64 PIT
2243.42 1023 923 774.73 PIT
2241.85 1023 923 774.82 PIT
2240.28 1023 923 774.91 PIT
2238.7 1023 923 775 PIT
2237.11 1023 923 775.09 PIT
2235.52 1023 923 775.18 PIT
2233.93 1023 923 775.27 PIT
2232.32 1023 923 775.36 PIT
2230.72 1023 923 775.45 PIT
2229.11 1023 923 775.54 PIT
2227.49 1023 923 775.63 PIT
2225.87 1023 923 775.72 PIT
2224.24 1023 923 775.81 PIT
2222.6 1023 923 775.9 PIT
2220.97 1023 923 775.99 PIT
2219.32 1023 923 776.08 PIT
2217.67 1023 923 776.17 PIT
2216.02 1023 923 776.26 PIT
2214.36 1023 923 776.35 PIT
2212.7 1023 923 776.44 PIT
2211.03 1023 923 776.53 PIT
2209.36 1023 923 776.62 PIT
2207.68 1023 923 776.71 PIT
2206 1023 923 776.8 PIT
2204.31 1023 923 776.89 PIT
2202.62 1023 923 776.98 PIT
2200.93 1023 923 777.07 PIT
2199.23 1023 923 777.16 PIT
2197.52 1023 923 777.25 PIT
2195.81 1023 923 777.34 PIT
2194.1 1023 923 777.43 PIT
2192.38 1023 923 777.52 PIT
2190.66 1023 923 777.61 PIT
2188.94 1023 923 777.7 PIT
2187.21 1023 923 777.79 PIT
2185.48 1023 923 777.88 PIT
2183.74 1023 923 777.97 PIT
2182 1023 923 778.06 PIT
2180.25 1023 923 778.15 PIT
2178.51 1023 923 778.24 PIT
2176.75 1023 923 778.33 PIT
2175 1023 923 778.42 PIT
2173.24 1023 923 778.51 PIT
2171.48 1023 923 778.6 PIT
2169.71 1023 923 778.69 PIT
2167.94 1023 923 778.78 PIT
2166.17 1023 923 778.87 PIT
2164.39 1023 923 778.96 PIT
2162.61 1023 923 779.05 PIT
2160.83 1023 923 779.14 PIT
2159.05 1023 923 779.23 PIT
2157.26 1023 923 779.32 PIT
2155.47 1023 923 779.41 PIT
2153.67 1023 923 779.5 PIT
2151.88 1023 923 779.59 PIT
2150.08 1023 923 779.68 PIT
2148.27 1023 923 779.77 PIT
2146.47 1023 923 779.86 PIT
2144.66 1023 923 779.95 PIT
2142.85 1023 923 780.04 PIT
2141.04 1023 923 780.13 PIT
2139.22 1023 923 780.22 PIT
2137.4 1023 923 780.31 PIT
2135.58 1023 923 780.4 PIT
2133.76 1023 923 780.49 PIT
2131.93 1023 923 780.58 PIT
2130.11 1023 923 780.67 PIT
2128.28 1023 923 780.76 PIT
2126.45 1023 923 780.85 PIT
2124.61 1023 923 780.94 PIT
2122.78 1023 923 781.03 PIT
2120.94 1023 923 781.12 PIT
2119.1 1023 923 781.21 PIT
2117.26 1023 923 781.3 PIT
2115.42 1023 923 781.39 PIT
2113.57 1023 923 781.48 PIT
2111.73 1023 923 781.57 PIT
2109.88 1023 923 781.66 PIT
2108.03 1023 923 781.75 PIT
2106.18 1023 923 781.84 PIT
2104.33 1023 923 781.93 PIT
2102.48 1023 923 782.02 PIT
2100.62 1023 923 782.11 PIT
2098.77 1023 923 782.2 PIT
2096.91 1023 923 782.29 PIT
2095.05 1023 923 782.38 PIT
2093.19 1023 923 782.47 PIT
2091.33 1023 923 782.56 PIT
2089.47 1023 923 782.65 PIT
2087.61 1023 923 782.74 PIT
2085.75 1023 923 782.83 PIT
2083.89 1023 923 782.92 PIT
2082.02 1023 923 783.01 PIT
2080.16 1023 923 783.1 PIT
2078.29 1023 923 783.19 PIT
2076.43 1023 923 783.28 PIT
2074.56 1023 923 783.37 PIT
2072.69 1023 923 783.46 PIT
2070.83 1023 923 783.55 PIT
2068.96 1023 923 783.64 PIT
2067.09 1023 923 783.73 PIT
2065.22 1023 923 783.82 PIT
2063.36 1023 923 783.91 PIT
2061.49 1023 923 784 PIT
2059.62 1023 923 784.09 PIT
2057.75 1023 923 784.18 PIT
2055.88 1023 923 784.27 PIT
2054.01 1023 923 784.36 PIT
2052.15 1023 923 784.45 PIT
2050.28 1023 923 784.54 PIT
2048.41 1023 923 784.63 PIT
2046.55 1023 923 784.72 PIT
2044.68 1023 923 784.81 PIT
2042.81 1023 923 784.9 PIT
2040.95 1023 923 784.99 PIT
2039.08 1023 923 785.08 PIT
2037.22 1023 923 785.17 PIT
2035.35 1023 923 785.26 PIT
2033.49 1023 923 785.35 PIT
2031.63 1023 923 785.44 PIT
2029.77 1023 923 785.53 PIT
2027.91 1023 923 785.62 PIT
2026.05 1023 923 785.71 PIT
2024.19 1023 923 785.8 PIT
2022.33 1023 923 785.89 PIT
2020.48 1023 923 785.98 PIT
2018.62 1023 923 786.07 PIT
2016.77 1023 923 786.16 PIT
2014.92 1023 923 786.25 PIT
2013.07 1023 923 786.34 PIT
2011.22 1023 923 786.43 PIT
2009.37 1023 923 786.52 PIT
2007.52 1023 923 786.61 PIT
2005.68 1023 923 786.7 PIT
2003.84 1023 923 786.79 PIT
2002 1023 923 786.88 PIT
2000.16 1023 923 786.97 PIT
1998.32 1023 923 787.06 PIT
1996.48 1023 923 787.15 PIT
1994.65 1023 923 787.24 PIT
1992.82 1023 923 787.33 PIT
1990.99 1023 923 787.42 PIT
1989.16 1023 923 787.51 PIT
1987.33 1023 923 787.6 PIT
1985.51 1023 923 787.69 PIT
1983.69 1023 923 787.78 PIT
1981.87 1023 923 787.87 PIT
1980.06 1023 923 787.96 PIT
1978.24 1023 923 788.05 PIT
1976.43 1023 923 788.14 PIT
1974.62 1023 923 788.23 PIT
1972.82 1023 923 788.32 PIT
1971.01 1023 923 788.41 PIT
1969.21 1023 923 788.5 PIT
1967.41 1023 923 788.59 PIT
1965.62 1023 923 788.68 PIT
1963.83 1023 923 788.77 PIT
1962.04 1023 923 788.86 PIT
1960.25 1023 923 788.95 PIT
1958.47 1023 923 789.04 PIT
1956.69 1023 923 789.13 PIT
1954.91 1023 923 789.22 PIT
1953.14 1023 923 789.31 PIT
1951.37 1023 923 789.4 PIT
1949.6 1023 923 789.49 PIT
1947.84 1023 923 789.58 PIT
1946.08 1023 923 789.67 PIT
1944.32 1023 923 789.76 PIT
1942.57 1023 923 789.85 PIT
1940.82 1023 923 789.94 PIT
1939.08 1023 923 790.03 PIT
1937.33 1023 923 790.12 PIT
1935.6 1023 923 790.21 PIT
1933.86 1023 923 790.3 PIT
1932.13 1023 923 790.39 PIT
1930.41 1023 923 790.48 PIT
1928.68 1023 923 790.57 PIT
1926.97 1023 923 790.66 PIT
1925.25 1023 923 790.75 PIT
1923.54 1023 923 790.84 PIT
1921.84 1023 923 790.93 PIT
1920.14 1023 923 791.02 PIT
1918.44 1023 923 791.11 PIT
1916.75 1023 923 791.2 PIT
1915.06 1023 923 791.29 PIT
1913.38 1023 923 791.38 PIT
1911.7 1023 923 791.47 PIT
1910.02 1023 923 791.56 PIT
1908.35 1023 923 791.65 PIT
1906.69 1023 923 791.74 PIT
1905.03 1023 923 791.83 PIT
1903.38 1023 923 791.92 PIT
1901.73 1023 923 792.01 PIT
1900.08 1023 923 792.1 PIT
1898.44 1023 923 792.19 PIT
1896.81 1023 923 792.28 PIT
1895.18 1023 923 792.37 PIT
1893.55 1023 923 792.46 PIT
1891.93 1023 923 792.55 PIT
1890.32 1023 923 792.64 PIT
1888.71 1023 923 792.73 PIT
1887.11 1023 923 792.82 PIT
1885.51 1023 923 792.91 PIT
1883.92 1023 923 793 PIT
1882.33 1023 923 793.09 PIT
1880.75 1023 923 793.18 PIT
1879.18 1023 923 793.27 PIT
1877.61 1023 923 793.36 PIT
1876.05 1023 923 793.45 PIT
1874.49 1023 923 793.54 PIT
1872.94 1023 923 793.63 PIT
1871.39 1023 923 793.72 PIT
1869.86 1023 923 793.81 PIT
1868.32 1023 923 793.9 PIT
1866.8 1023 923 793.99 PIT
1865.28 1023 923 794.08 PIT
1863.76 1023 923 794.17 PIT
1862.25 1023 923 794.26 PIT
1860.75 1023 923 794.35 PIT
1859.26 1023 923 794.44 PIT
1857.77 1023 923 794.53 PIT
1856.29 1023 923 794.62 PIT
1854.81 1023 923 794.71 PIT
1853.34 1023 923 794.8 PIT
1851.88 1023 923 794.89 PIT
1850.43 1023 923 794.98 PIT
1848.98 1023 923 795.07 PIT
1847.54 1023 923 795.16 PIT
1846.1 1023 923 795.25 PIT
1844.68 1023 923 795.34 PIT
1843.26 1023 923 795.43 PIT
1841.84 1023 923 795.52 PIT
1840.44 1023 923 795.61 PIT
1839.04 1023 923 795.7 PIT
1837.65 1023 923 795.79 PIT
1836.26 1023 923 795.88 PIT
1834.89 1023 923 795.97 PIT
1833.52 1023 923 796.06 PIT
1832.16 1023 923 796.15 PIT
1830.8 1023 923 796.24 PIT
1829.46 1023 923 796.33 PIT
1828.12 1023 923 796.42 PIT
1826.79 1023 923 796.51 PIT
1825.47 1023 923 796.6 PIT
1824.15 1023 923 796.69 PIT
1822.85 1023 923 796.78 PIT
1821.55 1023 923 796.87 PIT
1820.26 1023 923 796.96 PIT
1818.97 1023 923 797.05 PIT
1817.7 1023 923 797.14 PIT
1816.43 1023 923 797.23 PIT
1815.17 1023 923 797.32 PIT
1813.93 1023 923 797.41 PIT
1812.68 1023 923 797.5 PIT
1811.45 1023 923 797.59 PIT
1810.23 1023 923 797.68 PIT
1809.01 1023 923 797.77 PIT
1807.8 1023 923 797.86 PIT
1806.61 1023 923 797.95 PIT
1805.42 1023 923 798.04 PIT
1804.24 1023 923 798.13 PIT
1803.06 1023 923 798.22 PIT
1801.9 1023 923 798.31 PIT
1800.75 1023 923 798.4 PIT
1799.6 1023 923 798.49 PIT
1798.46 1023 923 798.58 PIT
1797.34 1023 923 798.67 PIT
1796.22 1023 923 798.76 PIT
1795.11 1023 923 798.85 PIT
1794.01 1023 923 798.94 PIT
1792.92 1023 923 799.03 PIT
1791.84 1023 923 799.12 PIT
1790.77 1023 923 799.21 PIT
1789.71 1023 923 799.3 PIT
1788.66 1023 923 799.39 PIT
1787.62 1023 923 799.48 PIT
1786.58 1023 923 799.57 PIT
1785.56 1023 923 799.66 PIT
1784.55 1023 923 799.75 PIT
1783.54 1023 923 799.84 PIT
1782.55 1023 923 799.93 PIT
1781.57 1023 923 800.02 PIT
1780.59 1023 923 800.11 PIT
1779.63 1023 923 800.2 PIT
1778.68 1023 923 800.29 PIT
1777.73 1023 923 800.38 PIT
1776.8 1023 923 800.47 PIT
1775.88 1023 923 800.56 PIT
1774.96 1023 923 800.65 PIT
1774.06 1023 923 800.74 PIT
1773.17 1023 923 800.83 PIT
1772.28 1023 923 800.92 PIT
1771.41 1023 923 801.01 PIT
1770.54 1023 923 801.1 PIT
1769.69 1023 923 801.19 PIT
1768.84 1023 923 801.28 PIT
1768 1023 923 801.37 PIT
1767.18 1023 923 801.46 PIT
1766.36 1023 923 801.55 PIT
1765.55 1023 923 801.64 PIT
1764.76 1023 923 801.73 PIT
1763.97 1023 923 801.82 PIT
1763.19 1023 923 801.91 PIT
1762.42 1023 923 802 PIT
1761.66 1023 923 802.09 PIT
1760.91 1023 923 802.18 PIT
1760.16 1023 923 802.27 PIT
1759.43 1023 923 802.36 PIT
1758.71 1023 923 802.45 PIT
1757.99 1023 923 802.54 PIT
1757.29 1023 923 802.63 PIT
1756.59 1023 923 802.72 PIT
1755.91 1023 923 802.81 PIT
1755.23 1023 923 802.9 PIT
1754.56 1023 923 802.99 PIT
1753.9 1023 923 803.08 PIT
1753.25 1023 923 803.17 PIT
1752.61 1023 923 803.26 PIT
1751.98 1023 923 803.35 PIT
1751.36 1023 923 803.44 PIT
1750.74 1023 923 803.53 PIT
1750.13 1023 923 803.62 PIT
1749.54 1023 923 803.71 PIT
1748.95 1023 923 803.8 PIT
1748.37 1023 923 803.89 PIT
1747.8 1023 923 803.98 PIT
1747.24 1023 923 804.07 PIT
1746.68 1023 923 804.16 PIT
1746.14 1023 923 804.25 PIT
1745.6 1023 923 804.34 PIT
1745.08 1023 923 804.43 PIT
1744.56 1023 923 804.52 PIT
1744.05 1023 923 804.61 PIT
1743.55 1023 923 804.7 PIT
1743.05 1023 923 804.79 PIT
1742.57 1023 923 804.88 PIT
1742.09 1023 923 804.97 PIT
1741.62 1023 923 805.06 PIT
1741.16 1023 923 805.15 PIT
1740.71 1023 923 805.24 PIT
1740.27 1023 923 805.33 PIT
1739.83 1023 923 805.42 PIT
1739.41 1023 923 805.51 PIT
1738.99 1023 923 805.6 PIT
1738.58 1023 923 805.69 PIT
1738.18 1023 923 805.78 PIT
1737.78 1023 923 805.87 PIT
1737.4 1023 923 805.96 PIT
1737.02 1023 923 806.05 PIT
1736.65 1023 923 806.14 PIT
1736.29 1023 923 806.23 PIT
1735.94 1023 923 806.32 PIT
1735.59 1023 923 806.41 PIT
1735.25 1023 923 806.5 PIT
1734.92 1023 923 806.59 PIT
1734.6 1023 923 806.68 PIT
1734.28 1023 923 806.77 PIT
1733.98 1023 923 806.86 PIT
1733.68 1023 923 806.95 PIT
1733.39 1023 923 807.04 PIT
1733.1 1023 923 807.13 PIT
1732.83 1023 923 807.22 PIT
1732.56 1023 923 807.31 PIT
1732.3 1023 923 807.4 PIT
1732.05 1023 923 807.49 PIT
1731.8 1023 923 807.58 PIT
1731.56 1023 923 807.67 PIT
1731.33 1023 923 807.76 PIT
1731.11 1023 923 807.85 PIT
1730.9 1023 923 807.94 PIT
1730.69 1023 923 808.03 PIT
1730.49 1023 923 808.12 PIT
1730.29 1023 923 808.21 PIT
1730.11 1023 923 808.3 PIT
1729.93 1023 923 808.39 PIT
1729.76 1023 923 808.48 PIT
1729.59 1023 923 808.57 PIT
1729.44 1023 923 808.66 PIT
1729.29 1023 923 808.75 PIT
1729.14 1023 923 808.84 PIT
1729.01 1023 923 808.93 PIT
1728.88 1023 923 809.02 PIT
1728.76 1023 923 809.11 PIT
1728.64 1023 923 809.2 PIT
1728.54 1023 923 809.29 PIT
1728.44 1023 923 809.38 PIT
1728.34 1023 923 809.47 PIT
1728.26 1023 923 809.56 PIT
1728.18 1023 923 809.65 PIT
1728.1 1023 923 809.74 PIT
1728.04 1023 923 809.83 PIT
1727.98 1023 923 809.92 PIT
1727.92 1023 923 810.01 PIT
1727.88 1023 923 810.1 PIT
1727.84 1023 923 810.19 PIT
1727.81 1023 923 810.28 PIT
1727.78 1023 923 810.37 PIT
1727.76 1023 923 810.46 PIT
1727.75 1023 923 810.55 PIT
1727.74 1023 923 810.64 PIT
1727.74 1023 923 810.73 PIT
1727.75 1023 923 810.82 PIT
1727.76 1023 923 810.91 PIT
1727.78 1023 923 811 PIT
1727.81 1023 923 811.09 PIT
1727.84 1023 923 811.18 PIT
1727.88 1023 923 811.27 PIT
1727.92 1023 923 811.36 PIT
1727.98 1023 923 811.45 PIT
1728.03 1023 923 811.54 PIT
1728.1 1023 923 811.63 PIT
1728.17 1023 923 811.72 PIT
1728.24 1023 923 811.81 PIT
1728.33 1023 923 811.9 PIT
1728.41 1023 923 811.99 PIT
1728.51 1023 923 812.08 PIT
1728.61 1023 923 812.17 PIT
1728.72 1023 923 812.26 PIT
1728.83 1023 923 812.35 PIT
1728.95 1023 923 812.44 PIT
1729.07 1023 923 812.53 PIT
1729.2 1023 923 812.62 PIT
1729.34 1023 923 812.71 PIT
1729.48 1023 923 812.8 PIT
1729.63 1023 923 812.89 PIT
1729.78 1023 923 812.98 PIT
1729.94 1023 923 813.07 PIT
1730.1 1023 923 813.16 PIT
1730.28 1023 923 813.25 PIT
1730.45 1023 923 813.34 PIT
1730.63 1023 923 813.43 PIT
1730.82 1023 923 813.52 PIT
1731.01 1023 923 813.61 PIT
1731.21 1023 923 813.7 PIT
1731.42 1023 923 813.79 PIT
1731.63 1023 923 813.88 PIT
1731.84 1023 923 813.97 PIT
1732.06 1023 923 814.06 PIT
1732.29 1023 923 814.15 PIT
1732.52 1023 923 814.24 PIT
1732.76 1023 923 814.33 PIT
1733 1023 923 814.42 PIT
1733.24 1023 923 814.51 PIT
1733.5 1023 923 814.6 PIT
1733.75 1023 923 814.69 PIT
1734.02 1023 923 814.78 PIT
1734.28 1023 923 814.87 PIT
1734.56 1023 923 814.96 PIT
1734.84 1023 923 815.05 PIT
1735.12 1023 923 815.14 PIT
1735.41 1023 923 815.23 PIT
1735.7 1023 923 815.32 PIT
1736 1023 923 815.41 PIT
1736.3 1023 923 815.5 PIT
1736.61 1023 923 815.59 PIT
1736.92 1023 923 815.68 PIT
1737.24 1023 923 815.77 PIT
1737.56 1023 923 815.86 PIT
1737.89 1023 923 815.95 PIT
1738.22 1023 923 816.04 PIT
1738.56 1023 923 816.13 PIT
1738.9 1023 923 816.22 PIT
1739.25 1023 923 816.31 PIT
1739.6 1023 923 816.4 PIT
1739.95 1023 923 816.49 PIT
1740.31 1023 923 816.58 PIT
1740.68 1023 923 816.67 PIT
1741.05 1023 923 816.76 PIT
1741.42 1023 923 816.85 PIT
1741.8 1023 923 816.94 PIT
1742.18 1023 923 817.03 PIT
1742.57 1023 923 817.12 PIT
1742.96 1023 923 817.21 PIT
1743.35 1023 923 817.3 PIT
1743.75 1023 923 817.39 PIT
1744.16 1023 923 817.48 PIT
1744.57 1023 923 817.57 PIT
1744.98 1023 923 817.66 PIT
1745.4 1023 923 817.75 PIT
1745.82 1023 923 817.84 PIT
1746.24 1023 923 817.93 PIT
1746.67 1023 923 818.02 PIT
1747.11 1023 923 818.11 PIT
1747.54 1023 923 818.2 PIT
1747.99 1023 923 818.29 PIT
1748.43 1023 923 818.38 PIT
1748.88 1023 923 818.47 PIT
1749.33 1023 923 818.56 PIT
1749.79 1023 923 818.65 PIT
1750.25 1023 923 818.74 PIT
1750.72 1023 923 818.83 PIT
1751.19 1023 923 818.92 PIT
1751.66 1023 923 819.01 PIT
1752.13 1023 923 819.1 PIT
1752.61 1023 923 819.19 PIT
1753.1 1023 923 819.28 PIT
1753.59 1023 923 819.37 PIT
1754.08 1023 923 819.46 PIT
1754.57 1023 923 819.55 PIT
1755.07 1023 923 819.64 PIT
1755.57 1023 923 819.73 PIT
1756.08 1023 923 819.82 PIT
1756.59 1023 923 819.91 PIT
1757.1 1023 923 820 PIT
1757.61 1023 923 820.09 PIT
1758.13 1023 923 820.18 PIT
1758.66 1023 923 820.27 PIT
1759.18 1023 923 820.36 PIT
1759.71 1023 923 820.45 PIT
1760.24 1023 923 820.54 PIT
1760.78 1023 923 820.63 PIT
1761.32 1023 923 820.72 PIT
1761.86 1023 923 820.81 PIT
1762.4 1023 923 820.9 PIT
1762.95 1023 923 820.99 PIT
1763.5 1023 923 821.08 PIT
1764.06 1023 923 821.17 PIT
1764.62 1023 923 821.26 PIT
1765.18 1023 923 821.35 PIT
1765.74 1023 923 821.44 PIT
1766.31 1023 923 821.53 PIT
1766.88 1023 923 821.62 PIT
1767.45 1023 923 821.71 PIT
1768.02 1023 923 821.8 PIT
1768.6 1023 923 821.89 PIT
1769.18 1023 923 821.98 PIT
1769.77 1023 923 822.07 PIT
1770.35 1023 923 822.16 PIT
1770.94 1023 923 822.25 PIT
1771.53 1023 923 822.34 PIT
1772.13 1023 923 822.43 PIT
1772.72 1023 923 822.52 PIT
1773.32 1023 923 822.61 PIT
1773.93 1023 923 822.7 PIT
1774.53 1023 923 822.79 PIT
1775.14 1023 923 822.88 PIT
1775.75 1023 923 822.97 PIT
1776.36 1023 923 823.06 PIT
1776.97 1023 923 823.15 PIT
1777.59 1023 923 823.24 PIT
1778.21 1023 923 823.33 PIT
1778.83 1023 923 823.42 PIT
1779.46 1023 923 823.51 PIT
1780.08 1023 923 823.6 PIT
1780.71 1023 923 823.69 PIT
1781.34 1023 923 823.78 PIT
1781.97 1023 923 823.87 PIT
1782.61 1023 923 823.96 PIT
1783.25 1023 923 824.05 PIT
1783.89 1023 923 824.14 PIT
1784.53 1023 923 824.23 PIT
1785.17 1023 923 824.32 PIT
1785.81 1023 923 824.41 PIT
1786.46 1023 923 824.5 PIT
1787.11 1023 923 824.59 PIT
1787.76 1023 923 824.68 PIT
1788.42 1023 923 824.77 PIT
1789.07 1023 923 824.86 PIT
1789.73 1023 923 824.95 PIT
1790.39 1023 923 825.04 PIT
1791.05 1023 923 825.13 PIT
1791.71 1023 923 825.22 PIT
1792.37 1023 923 825.31 PIT
1793.04 1023 923 825.4 PIT
1793.7 1023 923 825.49 PIT
1794.37 1023 923 825.58 PIT
1795.04 1023 923 825.67 PIT
1795.71 1023 923 825.76 PIT
1796.39 1023 923 825.85 PIT
1797.06 1023 923 825.94 PIT
1797.74 1023 923 826.03 PIT
1798.42 1023 923 826.12 PIT
1799.1 1023 923 826.21 PIT
1799.78 1023 923 826.3 PIT
1800.46 1023 923 826.39 PIT
1801.14 1023 923 826.48 PIT
1801.82 1023 923 826.57 PIT
1802.51 1023 923 826.66 PIT
1803.2 1023 923 826.75 PIT
1803.89 1023 923 826.84 PIT
1804.57 1023 923 826.93 PIT
1805.27 1023 923 827.02 PIT
1805.96 1023 923 827.11 PIT
1806.65 1023 923 827.2 PIT
1807.34 1023 923 827.29 PIT
1808.04 1023 923 827.38 PIT
1808.73 1023 923 827.47 PIT
1809.43 1023 923 827.56 PIT
1810.13 1023 923 827.65 PIT
1810.83 1023 923 827.74 PIT
1811.53 1023 923 827.83 PIT
1812.23 1023 923 827.92 PIT
1812.93 1023 923 828.01 PIT
1813.63 1023 923 828.1 PIT
1814.33 1023 923 828.19 PIT
1815.03 1023 923 828.28 PIT
1815.74 1023 923 828.37 PIT
1816.44 1023 923 828.46 PIT
1817.15 1023 923 828.55 PIT
1817.85 1023 923 828.64 PIT
1818.56 1023 923 828.73 PIT
1819.27 1023 923 828.82 PIT
1819.98 1023 923 828.91 PIT
1820.68 1023 923 829 PIT
1821.39 1023 923 829.09 PIT
1822.1 1023 923 829.18 PIT
1822.81 1023 923 829.27 PIT
1823.52 1023 923 829.36 PIT
1824.23 1023 923 829.45 PIT
1824.94 1023 923 829.54 PIT
1825.65 1023 923 829.63 PIT
1826.36 1023 923 829.72 PIT
1827.07 1023 923 829.81 PIT
1827.78 1023 923 829.9 PIT
1828.5 1023 923 829.99 PIT
1829.21 1023 923 830.08 PIT
1829.92 1023 923 830.17 PIT
1830.63 1023 923 830.26 PIT
1831.34 1023 923 830.35 PIT
1832.05 1023 923 830.44 PIT
1832.77 1023 923 830.53 PIT
1833.48 1023 923 830.62 PIT
1834.19 1023 923 830.71 PIT
1834.9 1023 923 830.8 PIT
1835.61 1023 923 830.89 PIT
1836.32 1023 923 830.98 PIT
1837.03 1023 923 831.07 PIT
1837.75 1023 923 831.16 PIT
1838.46 1023 923 831.25 PIT
1839.17 1023 923 831.34 PIT
1839.88 1023 923 831.43 PIT
1840.59 1023 923 831.52 PIT
1841.3 1023 923 831.61 PIT
1842 1023 923 831.7 PIT
1842.71 1023 923 831.79 PIT
1843.42 1023 923 831.88 PIT
1844.13 1023 923 831.97 PIT
1844.84 1023 923 832.06 PIT
1845.54 1023 923 832.15 PIT
1846.25 1023 923 832.24 PIT
1846.95 1023 923 832.33 PIT
1847.66 1023 923 832.42 PIT
1848.36 1023 923 832.51 PIT
1849.06 1023 923 832.6 PIT
1849.77 1023 923 832.69 PIT
1850.47 1023 923 832.78 PIT
1851.17 1023 923 832.87 PIT
1851.87 1023 923 832.96 PIT
1852.57 1023 923 833.05 PIT
1853.27 1023 923 833.14 PIT
1853.97 1023 923 833.23 PIT
1854.66 1023 923 833.32 PIT
1855.36 1023 923 833.41 PIT
1856.05 1023 923 833.5 PIT
1856.75 1023 923 833.59 PIT
1857.44 1023 923 833.68 PIT
1858.13 1023 923 833.77 PIT
1858.82 1023 923 833.86 PIT
1859.51 1023 923 833.95 PIT
1860.2 1023 923 834.04 PIT
1860.88 1023 923 834.13 PIT
1861.57 1023 923 834.22 PIT
1862.25 1023 923 834.31 PIT
1862.94 1023 923 834.4 PIT
1863.62 1023 923 834.49 PIT
1864.3 1023 923 834.58 PIT
1864.98 1023 923 834.67 PIT
1865.66 1023 923 834.76 PIT
1866.33 1023 923 834.85 PIT
1867.01 1023 923 834.94 PIT
1867.68 1023 923 835.03 PIT
1868.35 1023 923 835.12 PIT
1869.02 1023 923 835.21 PIT
1869.69 1023 923 835.3 PIT
1870.36 1023 923 835.39 PIT
1871.02 1023 923 835.48 PIT
1871.68 1023 923 835.57 PIT
1872.35 1023 923 835.66 PIT
1873.01 1023 923 835.75 PIT
1873.67 1023 923 835.84 PIT
1874.32 1023 923 835.93 PIT
1874.98 1023 923 836.02 PIT
1875.63 1023 923 836.11 PIT
1876.28 1023 923 836.2 PIT
1876.93 1023 923 836.29 PIT
1877.58 1023 923 836.38 PIT
1878.22 1023 923 836.47 PIT
1878.86 1023 923 836.56 PIT
1879.51 1023 923 836.65 PIT
1880.14 1023 923 836.74 PIT
1880.78 1023 923 836.83 PIT
1881.42 1023 923 836.92 PIT
1882.05 1023 923 837.01 PIT
1882.68 1023 923 837.1 PIT
1883.31 1023 923 837.19 PIT
1883.93 1023 923 837.28 PIT
1884.56 1023 923 837.37 PIT
1885.18 1023 923 837.46 PIT
1885.8 1023 923 837.55 PIT
1886.41 1023 923 837.64 PIT
1887.03 1023 923 837.73 PIT
1887.64 1023 923 837.82 PIT
1888.25 1023 923 837.91 PIT
1888.86 1023 923 838 PIT
1889.46 1023 923 838.09 PIT
1890.06 1023 923 838.18 PIT
1890.66 1023 923 838.27 PIT
1891.26 1023 923 838.36 PIT
1891.85 1023 923 838.45 PIT
1892.45 1023 923 838.54 PIT
1893.03 1023 923 838.63 PIT
1893.62 1023 923 838.72 PIT
1894.2 1023 923 838.81 PIT
1894.78 1023 923 838.9 PIT
1895.36 1023 923 838.99 PIT
1895.94 1023 923 839.08 PIT
1896.51 1023 923 839.17 PIT
1897.08 1023 923 839.26 PIT
1897.64 1023 923 839.35 PIT
1898.21 1023 923 839.44 PIT
1898.77 1023 923 839.53 PIT
1899.33 1023 923 839.62 PIT
1899.88 1023 923 839.71 PIT
1900.43 1023 923 839.8 PIT
1900.98 1023 923 839.89 PIT
1901.52 1023 923 839.98 PIT
1902.07 1023 923 840.07 PIT
1902.6 1023 923 840.16 PIT
1903.14 1023 923 840.25 PIT
1903.67 1023 923 840.34 PIT
1904.2 1023 923 840.43 PIT
1904.73 1023 923 840.52 PIT
1905.25 1023 923 840.61 PIT
1905.77 1023 923 840.7 PIT
1906.29 1023 923 840.79 PIT
1906.8 1023 923 840.88 PIT
1907.31 1023 923 840.97 PIT
1907.82 1023 923 841.06 PIT
1908.32 1023 923 841.15 PIT
1908.83 1023 923 841.24 PIT
1909.32 1023 923 841.33 PIT
1909.82 1023 923 841.42 PIT
1910.31 1023 923 841.51 PIT
1910.8 1023 923 841.6 PIT
1911.29 1023 923 841.69 PIT
1911.77 1023 923 841.78 PIT
1912.25 1023 923 841.87 PIT
1912.73 1023 923 841.96 PIT
1913.21 1023 923 842.05 PIT
1913.68 1023 923 842.14 PIT
1914.15 1023 923 842.23 PIT
1914.62 1023 923 842.32 PIT
1915.08 1023 923 842.41 PIT
1915.54 1023 923 842.5 PIT
1916 1023 923 842.59 PIT
1916.45 1023 923 842.68 PIT
1916.91 1023 923 842.77 PIT
1917.36 1023 923 842.86 PIT
1917.8 1023 923 842.95 PIT
1918.25 1023 923 843.04 PIT
1918.69 1023 923 843.13 PIT
1919.13 1023 923 843.22 PIT
1919.56 1023 923 843.31 PIT
1919.99 1023 923 843.4 PIT
1920.43 1023 923 843.49 PIT
1920.85 1023 923 843.58 PIT
1921.28 1023 923 843.67 PIT
1921.7 1023 923 843.76 PIT
1922.12 1023 923 843.85 PIT
1922.54 1023 923 843.94 PIT
1922.95 1023 923 844.03 PIT
1923.36 1023 923 844.12 PIT
1923.77 1023 923 844.21 PIT
1924.18 1023 923 844.3 PIT
1924.58 1023 923 844.39 PIT
1924.99 1023 923 844.48 PIT
1925.38 1023 923 844.57 PIT
1925.78 1023 923 844.66 PIT
1926.17 1023 923 844.75 PIT
1926.57 1023 923 844.84 PIT
1926.96 1023 923 844.93 PIT
1927.34 1023 923 845.02 PIT
1927.73 1023 923 845.11 PIT
1928.11 1023 923 845.2 PIT
1928.49 1023 923 845.29 PIT
1928.86 1023 923 845.38 PIT
1929.24 1023 923 845.47 PIT
1929.61 1023 923 845.56 PIT
1929.98 1023 923 845.65 PIT
1930.35 1023 923 845.74 PIT
1930.71 1023 923 845.83 PIT
1931.07 1023 923 845.92 PIT
1931.43 1023 923 846.01 PIT
1931.79 1023 923 846.1 PIT
1932.14 1023 923 846.19 PIT
1932.5 1023 923 846.28 PIT
1932.85 1023 923 846.37 PIT
1933.2 1023 923 846.46 PIT
1933.54 1023 923 846.55 PIT
1933.89 1023 923 846.64 PIT
1934.23 1023 923 846.73 PIT
1934.57 1023 923 846.82 PIT
1934.9 1023 923 846.91 PIT
1935.24 1023 923 847 PIT
1935.57 1023 923 847.09 PIT
1935.9 1023 923 847.18 PIT
1936.23 1023 923 847.27 PIT
1936.56 1023 923 847.36 PIT
1936.88 1023 923 847.45 PIT
1937.2 1023 923 847.54 PIT
1937.52 1023 923 847.63 PIT
1937.84 1023 923 847.72 PIT
1938.15 1023 923 847.81 PIT
1938.47 1023 923 847.9 PIT
1938.78 1023 923 847.99 PIT
1939.09 1023 923 848.08 PIT
1939.4 1023 923 848.17 PIT
1939.7 1023 923 848.26 PIT
1940 1023 923 848.35 PIT
1940.3 1023 923 848.44 PIT
1940.6 1023 923 848.53 PIT
1940.9 1023 923 848.62 PIT
1941.2 1023 923 848.71 PIT
1941.49 1023 923 848.8 PIT
1941.78 1023 923 848.89 PIT
1942.07 1023 923 848.98 PIT
1942.36 1023 923 849.07 PIT
1942.64 1023 923 849.16 PIT
1942.93 1023 923 849.25 PIT
1943.21 1023 923 849.34 PIT
1943.49 1023 923 849.43 PIT
1943.76 1023 923 849.52 PIT
1944.04 1023 923 849.61 PIT
1944.31 1023 923 849.7 PIT
1944.59 1023 923 849.79 PIT
1944.86 1023 923 849.88 PIT
1945.13 1023 923 849.97 PIT
1945.39 1023 923 850.06 PIT
1945.66 1023 923 850.15 PIT
1945.92 1023 923 850.24 PIT
1946.18 1023 923 850.33 PIT
1946.44 1023 923 850.42 PIT
1946.7 1023 923 850.51 PIT
1946.96 1023 923 850.6 PIT
1947.21 1023 923 850.69 PIT
1947.46 1023 923 850.78 PIT
1947.71 1023 923 850.87 PIT
1947.96 1023 923 850.96 PIT
1948.21 1023 923 851.05 PIT
1948.46 1023 923 851.14 PIT
1948.7 1023 923 851.23 PIT
1948.95 1023 923 851.32 PIT
1949.19 1023 923 851.41 PIT
1949.43 1023 923 851.5 PIT
1949.67 1023 923 851.59 PIT
1949.9 1023 923 851.68 PIT
1950.14 1023 923 851.77 PIT
1950.37 1023 923 851.86 PIT
1950.6 1023 923 851.95 PIT
1950.83 1023 923 852.04 PIT
1951.06 1023 923 852.13 PIT
1951.29 1023 923 852.22 PIT
1951.52 1023 923 852.31 PIT
1951.74 1023 923 852.4 PIT
1951.96 1023 923 852.49 PIT
1952.19 1023 923 852.58 PIT
1952.41 1023 923 852.67 PIT
1952.62 1023 923 852.76 PIT
1952.84 1023 923 852.85 PIT
1953.06 1023 923 852.94 PIT
1953.27 1023 923 853.03 PIT
1953.49 1023 923 853.12 PIT
1953.7 1023 923 853.21 PIT
1953.91 1023 923 853.3 PIT
1954.12 1023 923 853.39 PIT
1954.32 1023 923 853.48 PIT
1954.53 1023 923 853.57 PIT
1954.74 1023 923 853.66 PIT
1954.94 1023 923 853.75 PIT
1955.14 1023 923 853.84 PIT
1955.34 1023 923 853.93 PIT
1955.54 1023 923 854.02 PIT
1955.74 1023 923 854.11 PIT
1955.94 1023 923 854.2 PIT
1956.14 1023 923 854.29 PIT
1956.33 1023 923 854.38 PIT
1956.53 1023 923 854.47 PIT
1956.72 1023 923 854.56 PIT
1956.91 1023 923 854.65 PIT
1957.1 1023 923 854.74 PIT
1957.29 1023 923 854.83 PIT
1957.48 1023 923 854.92 PIT
1957.67 1023 923 855.01 PIT
1957.85 1023 923 855.1 PIT
1958.04 1023 923 855.19 PIT
1958.22 1023 923 855.28 PIT
1958.41 1023 923 855.37 PIT
1958.59 1023 923 855.46 PIT
1958.77 1023 923 855.55 PIT
1958.95 1023 923 855.64 PIT
1959.13 1023 923 855.73 PIT
1959.3 1023 923 855.82 PIT
1959.48 1023 923 855.91 PIT
1959.66 1023 923 856 PIT
1959.83 1023 923 856.09 PIT
1960.01 1023 923 856.18 PIT
1960.18 1023 923 856.27 PIT
1960.35 1023 923 856.36 PIT
1960.52 1023 923 856.45 PIT
1960.69 1023 923 856.54 PIT
1960.86 1023 923 856.63 PIT
1961.03 1023 923 856.72 PIT
1961.2 1023 923 856.81 PIT
1961.36 1023 923 856.9 PIT
1961.53 1023 923 856.99 PIT
1961.69 1023 923 857.08 PIT
1961.86 1023 923 857.17 PIT
1962.02 1023 923 857.26 PIT
1962.19 1023 923 857.35 PIT
1962.35 1023 923 857.44 PIT
1962.51 1023 923 857.53 PIT
1962.67 1023 923 857.62 PIT
1962.83 1023 923 857.71 PIT
1962.99 1023 923 857.8 PIT
1963.15 1023 923 857.89 PIT
1963.3 1023 923 857.98 PIT
1963.46 1023 923 858.07 PIT
1963.62 1023 923 858.16 PIT
1963.77 1023 923 858.25 PIT
1963.93 1023 923 858.34 PIT
1964.08 1023 923 858.43 PIT
1964.23 1023 923 858.52 PIT
1964.39 1023 923 858.61 PIT
1964.54 1023 923 858.7 PIT
1964.69 1023 923 858.79 PIT
1964.84 1023 923 858.88 PIT
1964.99 1023 923 858.97 PIT
1965.14 1023 923 859.06 PIT
1965.29 1023 923 859.15 PIT
1965.44 1023 923 859.24 PIT
1965.59 1023 923 859.33 PIT
1965.74 1023 923 859.42 PIT
1965.88 1023 923 859.51 PIT
1966.03 1023 923 859.6 PIT
1966.18 1023 923 859.69 PIT
1966.32 1023 923 859.78 PIT
1966.47 1023 923 859.87 PIT
1966.61 1023 923 859.96 PIT
1966.76 1023 923 860.05 PIT
1966.9 1023 923 860.14 PIT
1967.05 1023 923 860.23 PIT
1967.19 1023 923 860.32 PIT
1967.33 1023 923 860.41 PIT
1967.48 1023 923 860.5 PIT
1967.62 1023 923 860.59 PIT
1967.76 1023 923 860.68 PIT
1967.9 1023 923 860.77 PIT
1968.04 1023 923 860.86 PIT
1968.19 1023 923 860.95 PIT
1968.33 1023 923 861.04 PIT
1968.47 1023 923 861.13 PIT
1968.61 1023 923 861.22 PIT
1968.75 1023 923 861.31 PIT
1968.89 1023 923 861.4 PIT
1969.03 1023 923 861.49 PIT
1969.17 1023 923 861.58 PIT
1969.31 1023 923 861.67 PIT
1969.45 1023 923 861.76 PIT
1969.59 1023 923 861.85 PIT
1969.72 1023 923 861.94 PIT
1969.86 1023 923 862.03 PIT
1970 1023 923 862.12 PIT
1970.14 1023 923 862.21 PIT
1970.28 1023 923 862.3 PIT
1970.42 1023 923 862.39 PIT
1970.55 1023 923 862.48 PIT
1970.69 1023 923 862.57 PIT
1970.83 1023 923 862.66 PIT
1970.97 1023 923 862.75 PIT
1971.11 1023 923 862.84 PIT
1971.24 1023 923 862.93 PIT
1971.38 1023 923 863.02 PIT
1971.52 1023 923 863.11 PIT
1971.66 1023 923 863.2 PIT
1971.8 1023 923 863.29 PIT
1971.93 1023 923 863.38 PIT
1972.07 1023 923 863.47 PIT
1972.21 1023 923 863.56 PIT
1972.35 1023 923 863.65 PIT
1972.49 1023 923 863.74 PIT
1972.62 1023 923 863.83 PIT
1972.76 1023 923 863.92 PIT
1972.9 1023 923 864.01 PIT
1973.04 1023 923 864.1 PIT
1973.18 1023 923 864.19 PIT
1973.32 1023 923 864.28 PIT
1973.46 1023 923 864.37 PIT
1973.6 1023 923 864.46 PIT
1973.74 1023 923 864.55 PIT
1973.88 1023 923 864.64 PIT
1974.02 1023 923 864.73 PIT
1974.16 1023 923 864.82 PIT
1974.3 1023 923 864.91 PIT
1974.44 1023 923 865 PIT
1974.58 1023 923 865.09 PIT
1974.72 1023 923 865.18 PIT
1974.86 1023 923 865.27 PIT
1975 1023 923 865.36 PIT
1975.15 1023 923 865.45 PIT
1975.29 1023 923 865.54 PIT
1975.43 1023 923 865.63 PIT
1975.58 1023 923 865.72 PIT
1975.72 1023 923 865.81 PIT
1975.86 1023 923 865.9 PIT
1976.01 1023 923 865.99 PIT
1976.15 1023 923 866.08 PIT
1976.3 1023 923 866.17 PIT
1976.45 1023 923 866.26 PIT
1976.59 1023 923 866.35 PIT
1976.74 1023 923 866.44 PIT
1976.89 1023 923 866.53 PIT
1977.03 1023 923 866.62 PIT
1977.18 1023 923 866.71 PIT
1977.33 1023 923 866.8 PIT
1977.48 1023 923 866.89 PIT
1977.63 1023 923 866.98 PIT
1977.78 1023 923 867.07 PIT
1977.93 1023 923 867.16 PIT
1978.08 1023 923 867.25 PIT
1978.23 1023 923 867.34 PIT
1978.39 1023 923 867.43 PIT
1978.54 1023 923 867.52 PIT
1978.69 1023 923 867.61 PIT
1978.85 1023 923 867.7 PIT
1979 1023 923 867.79 PIT
1979.16 1023 923 867.88 PIT
1979.32 1023 923 867.97 PIT
1979.47 1023 923 868.06 PIT
1979.63 1023 923 868.15 PIT
1979.79 1023 923 868.24 PIT
1979.95 1023 923 868.33 PIT
1980.11 1023 923 868.42 PIT
1980.27 1023 923 868.51 PIT
1980.43 1023 923 868.6 PIT
1980.59 1023 923 868.69 PIT
1980.76 1023 923 868.78 PIT
1980.92 1023 923 868.87 PIT
1981.09 1023 923 868.96 PIT
1981.25 1023 923 869.05 PIT
1981.42 1023 923 869.14 PIT
1981.59 1023 923 869.23 PIT
1981.75 1023 923 869.32 PIT
1981.92 1023 923 869.41 PIT
1982.09 1023 923 869.5 PIT
1982.26 1023 923 869.59 PIT
1982.43 1023 923 869.68 PIT
1982.61 1023 923 869.77 PIT
1982.78 1023 923 869.86 PIT
1982.96 1023 923 869.95 PIT
1983.13 1023 923 870.04 PIT
1983.31 1023 923 870.13 PIT
1983.48 1023 923 870.22 PIT
1983.66 1023 923 870.31 PIT
1983.84 1023 923 870.4 PIT
1984.02 1023 923 870.49 PIT
1984.2 1023 923 870.58 PIT
1984.39 1023 923 870.67 PIT
1984.57 1023 923 870.76 PIT
1984.76 1023 923 870.85 PIT
1984.94 1023 923 870.94 PIT
1985.13 1023 923 871.03 PIT
1985.32 1023 923 871.12 PIT
1985.5 1023 923 871.21 PIT
1985.69 1023 923 871.3 PIT
1985.89 1023 923 871.39 PIT
1986.08 1023 923 871.48 PIT
1986.27 1023 923 871.57 PIT
1986.47 1023 923 871.66 PIT
1986.66 1023 923 871.75 PIT
1986.86 1023 923 871.84 PIT
1987.06 1023 923 871.93 PIT
1987.26 1023 923 872.02 PIT
1987.46 1023 923 872.11 PIT
1987.66 1023 923 872.2 PIT
1987.87 1023 923 872.29 PIT
1988.07 1023 923 872.38 PIT
1988.28 1023 923 872.47 PIT
1988.48 1023 923 872.56 PIT
1988.69 1023 923 872.65 PIT
1988.9 1023 923 872.74 PIT
1989.11 1023 923 872.83 PIT
1989.33 1023 923 872.92 PIT
1989.54 1023 923 873.01 PIT
1989.76 1023 923 873.1 PIT
1989.97 1023 923 873.19 PIT
1990.19 1023 923 873.28 PIT
1990.41 1023 923 873.37 PIT
1990.63 1023 923 873.46 PIT
1990.85 1023 923 873.55 PIT
1991.08 1023 923 873.64 PIT
1991.3 1023 923 873.73 PIT
1991.53 1023 923 873.82 PIT
1991.76 1023 923 873.91 PIT
1991.99 1023 923 874 PIT
1992.22 1023 923 874.09 PIT
1992.45 1023 923 874.18 PIT
1992.69 1023 923 874.27 PIT
1992.92 1023 923 874.36 PIT
1993.16 1023 923 874.45 PIT
1993.4 1023 923 874.54 PIT
1993.64 1023 923 874.63 PIT
1993.88 1023 923 874.72 PIT
1994.13 1023 923 874.81 PIT
1994.37 1023 923 874.9 PIT
1994.62 1023 923 874.99 PIT
1994.87 1023 923 875.08 PIT
1995.12 1023 923 875.17 PIT
1995.37 1023 923 875.26 PIT
1995.63 1023 923 875.35 PIT
1995.88 1023 923 875.44 PIT
1996.14 1023 923 875.53 PIT
1996.4 1023 923 875.62 PIT
1996.66 1023 923 875.71 PIT
1996.92 1023 923 875.8 PIT
1997.19 1023 923 875.89 PIT
1997.45 1023 923 875.98 PIT
1997.72 1023 923 876.07 PIT
1997.99 1023 923 876.16 PIT
1998.26 1023 923 876.25 PIT
1998.54 1023 923 876.34 PIT
1998.81 1023 923 876.43 PIT
1999.09 1023 923 876.52 PIT
1999.37 1023 923 876.61 PIT
1999.65 1023 923 876.7 PIT
1999.93 1023 923 876.79 PIT
2000.22 1023 923 876.88 PIT
2000.5 1023 923 876.97 PIT
2000.79 1023 923 877.06 PIT
2001.08 1023 923 877.15 PIT
2001.37 1023 923 877.24 PIT
2001.67 1023 923 877.33 PIT
2001.96 1023 923 877.42 PIT
2002.26 1023 923 877.51 PIT
2002.56 1023 923 877.6 PIT
2002.86 1023 923 877.69 PIT
2003.17 1023 923 877.78 PIT
2003.48 1023 923 877.87 PIT
2003.78 1023 923 877.96 PIT
2004.09 1023 923 878.05 PIT
2004.41 1023 923 878.14 PIT
2004.72 1023 923 878.23 PIT
2005.04 1023 923 878.32 PIT
2005.36 1023 923 878.41 PIT
2005.68 1023 923 878.5 PIT
2006 1023 923 878.59 PIT
2006.33 1023 923 878.68 PIT
2006.65 1023 923 878.77 PIT
2006.98 1023 923 878.86 PIT
2007.32 1023 923 878.95 PIT
2007.65 1023 923 879.04 PIT
2007.99 1023 923 879.13 PIT
2008.32 1023 923 879.22 PIT
2008.66 1023 923 879.31 PIT
2009.01 1023 923 879.4 PIT
2009.35 1023 923 879.49 PIT
2009.7 1023 923 879.58 PIT
2010.05 1023 923 879.67 PIT
2010.4 1023 923 879.76 PIT
2010.76 1023 923 879.85 PIT
2011.11 1023 923 879.94 PIT
2011.47 1023 923 880.03 PIT
2011.83 1023 923 880.12 PIT
2012.2 1023 923 880.21 PIT
2012.56 1023 923 880.3 PIT
2012.93 1023 923 880.39 PIT
2013.3 1023 923 880.48 PIT
2013.67 1023 923 880.57 PIT
2014.05 1023 923 880.66 PIT
2014.43 1023 923 880.75 PIT
2014.81 1023 923 880.84 PIT
2015.19 1023 923 880.93 PIT
2015.57 1023 923 881.02 PIT
2015.96 1023 923 881.11 PIT
2016.35 1023 923 881.2 PIT
2016.74 1023 923 881.29 PIT
2017.13 1023 923 881.38 PIT
2017.53 1023 923 881.47 PIT
2017.93 1023 923 881.56 PIT
2018.33 1023 923 881.65 PIT
2018.73 1023 923 881.74 PIT
2019.14 1023 923 881.83 PIT
2019.54 1023 923 881.92 PIT
2019.95 1023 923 882.01 PIT
2020.36 1023 923 882.1 PIT
2020.78 1023 923 882.19 PIT
2021.19 1023 923 882.28 PIT
2021.61 1023 923 882.37 PIT
2022.03 1023 923 882.46 PIT
2022.45 1023 923 882.55 PIT
2022.88 1023 923 882.64 PIT
2023.3 1023 923 882.73 PIT
2023.73 1023 923 882.82 PIT
2024.16 1023 923 882.91 PIT
2024.59 1023 923 883 PIT
2025.03 1023 923 883.09 PIT
2025.47 1023 923 883.18 PIT
2025.91 1023 923 883.27 PIT
2026.35 1023 923 883.36 PIT
2026.79 1023 923 883.45 PIT
2027.24 1023 923 883.54 PIT
2027.68 1023 923 883.63 PIT
2028.13 1023 923 883.72 PIT
2028.58 1023 923 883.81 PIT
2029.04 1023 923 883.9 PIT
2029.49 1023 923 883.99 PIT
2029.95 1023 923 884.08 PIT
2030.41 1023 923 884.17 PIT
2030.87 1023 923 884.26 PIT
2031.34 1023 923 884.35 PIT
2031.8 1023 923 884.44 PIT
2032.27 1023 923 884.53 PIT
2032.74 1023 923 884.62 PIT
2033.22 1023 923 884.71 PIT
2033.69 1023 923 884.8 PIT
2034.17 1023 923 884.89 PIT
2034.64 1023 923 884.98 PIT
2035.12 1023 923 885.07 PIT
2035.61 1023 923 885.16 PIT
2036.09 1023 923 885.25 PIT
2036.58 1023 923 885.34 PIT
2037.06 1023 923 885.43 PIT
2037.55 1023 923 885.52 PIT
2038.05 1023 923 885.61 PIT
2038.54 1023 923 885.7 PIT
2039.04 1023 923 885.79 PIT
2039.53 1023 923 885.88 PIT
2040.03 1023 923 885.97 PIT
2040.53 1023 923 886.06 PIT
2041.04 1023 923 886.15 PIT
2041.54 1023 923 886.24 PIT
2042.05 1023 923 886.33 PIT
2042.56 1023 923 886.42 PIT
2043.07 1023 923 886.51 PIT
2043.58 1023 923 886.6 PIT
2044.1 1023 923 886.69 PIT
2044.61 1023 923 886.78 PIT
2045.13 1023 923 886.87 PIT
2045.65 1023 923 886.96 PIT
2046.18 1023 923 887.05 PIT
2046.7 1023 923 887.14 PIT
2047.22 1023 923 887.23 PIT
2047.75 1023 923 887.32 PIT
2048.28 1023 923 887.41 PIT
2048.81 1023 923 887.5 PIT
2049.35 1023 923 887.59 PIT
2049.88 1023 923 887.68 PIT
2050.42 1023 923 887.77 PIT
2050.96 1023 923 887.86 PIT
2051.5 1023 923 887.95 PIT
2052.04 1023 923 888.04 PIT
2052.58 1023 923 888.13 PIT
2053.13 1023 923 888.22 PIT
2053.67 1023 923 888.31 PIT
2054.22 1023 923 888.4 PIT
2054.77 1023 923 888.49 PIT
2055.33 1023 923 888.58 PIT
2055.88 1023 923 888.67 PIT
2056.44 1023 923 888.76 PIT
2056.99 1023 923 888.85 PIT
2057.55 1023 923 888.94 PIT
2058.11 1023 923 889.03 PIT
2058.68 1023 923 889.12 PIT
2059.24 1023 923 889.21 PIT
2059.81 1023 923 889.3 PIT
2060.37 1023 923 889.39 PIT
2060.94 1023 923 889.48 PIT
2061.52 1023 923 889.57 PIT
2062.09 1023 923 889.66 PIT
2062.66 1023 923 889.75 PIT
2063.24 1023 923 889.84 PIT
2063.82 1023 923 889.93 PIT
2064.39 1023 923 890.02 PIT
2064.98 1023 923 890.11 PIT
2065.56 1023 923 890.2 PIT
2066.14 1023 923 890.29 PIT
2066.73 1023 923 890.38 PIT
2067.31 1023 923 890.47 PIT
2067.9 1023 923 890.56 PIT
2068.49 1023 923 890.65 PIT
2069.09 1023 923 890.74 PIT
2069.68 1023 923 890.83 PIT
2070.27 1023 923 890.92 PIT
2070.87 1023 923 891.01 PIT
2071.47 1023 923 891.1 PIT
2072.07 1023 923 891.19 PIT
2072.67 1023 923 891.28 PIT
2073.27 1023 923 891.37 PIT
2073.88 1023 923 891.46 PIT
2074.48 1023 923 891.55 PIT
2075.09 1023 923 891.64 PIT
2075.7 1023 923 891.73 PIT
2076.31 1023 923 891.82 PIT
2076.92 1023 923 891.91 PIT
2077.53 1023 923 892 PIT
2078.15 1023 923 892.09 PIT
2078.77 1023 923 892.18 PIT
2079.38 1023 923 892.27 PIT
2080 1023 923 892.36 PIT
2080.62 1023 923 892.45 PIT
2081.25 1023 923 892.54 PIT
2081.87 1023 923 892.63 PIT
2082.49 1023 923 892.72 PIT
2083.12 1023 923 892.81 PIT
2083.75 1023 923 892.9 PIT
2084.38 1023 923 892.99 PIT
2085.01 1023 923 893.08 PIT
2085.64 1023 923 893.17 PIT
2086.27 1023 923 893.26 PIT
2086.91 1023 923 893.35 PIT
2087.54 1023 923 893.44 PIT
2088.18 1023 923 893.53 PIT
2088.82 1023 923 893.62 PIT
2089.46 1023 923 893.71 PIT
2090.1 1023 923 893.8 PIT
2090.74 1023 923 893.89 PIT
2091.39 1023 923 893.98 PIT
2092.03 1023 923 894.07 PIT
2092.68 1023 923 894.16 PIT
2093.33 1023 923 894.25 PIT
2093.98 1023 923 894.34 PIT
2094.63 1023 923 894.43 PIT
2095.28 1023 923 894.52 PIT
2095.94 1023 923 894.61 PIT
2096.59 1023 923 894.7 PIT
2097.25 1023 923 894.79 PIT
2097.9 1023 923 894.88 PIT
2098.56 1023 923 894.97 PIT
2099.22 1023 923 895.06 PIT
2099.88 1023 923 895.15 PIT
2100.55 1023 923 895.24 PIT
2101.21 1023 923 895.33 PIT
2101.87 1023 923 895.42 PIT
2102.54 1023 923 895.51 PIT
2103.21 1023 923 895.6 PIT
2103.88 1023 923 895.69 PIT
2104.54 1023 923 895.78 PIT
2105.22 1023 923 895.87 PIT
2105.89 1023 923 895.96 PIT
2106.56 1023 923 896.05 PIT
2107.24 1023 923 896.14 PIT
2107.91 1023 923 896.23 PIT
2108.59 1023 923 896.32 PIT
2109.27 1023 923 896.41 PIT
2109.94 1023 923 896.5 PIT
2110.62 1023 923 896.59 PIT
2111.31 1023 923 896.68 PIT
2111.99 1023 923 896.77 PIT
2112.67 1023 923 896.86 PIT
2113.36 1023 923 896.95 PIT
2114.04 1023 923 897.04 PIT
2114.73 1023 923 897.13 PIT
2115.42 1023 923 897.22 PIT
2116.11 1023 923 897.31 PIT
2116.8 1023 923 897.4 PIT
2117.49 1023 923 897.49 PIT
2118.18 1023 923 897.58 PIT
2118.87 1023 923 897.67 PIT
2119.57 1023 923 897.76 PIT
2120.26 1023 923 897.85 PIT
2120.96 1023 923 897.94 PIT
2121.66 1023 923 898.03 PIT
2122.36 1023 923 898.12 PIT
2123.06 1023 923 898.21 PIT
2123.76 1023 923 898.3 PIT
2124.46 1023 923 898.39 PIT
2125.16 1023 923 898.48 PIT
2125.87 1023 923 898.57 PIT
2126.57 1023 923 898.66 PIT
2127.28 1023 923 898.75 PIT
2127.98 1023 923 898.84 PIT
2128.69 1023 923 898.93 PIT
2129.4 1023 923 899.02 PIT
2130.11 1023 923 899.11 PIT
2130.82 1023 923 899.2 PIT
2131.53 1023 923 899.29 PIT
2132.25 1023 923 899.38 PIT
2132.96 1023 923 899.47 PIT
2133.67 1023 923 899.56 PIT
2134.39 1023 923 899.65 PIT
2135.11 1023 923 899.74 PIT
2135.82 1023 923 899.83 PIT
2136.54 1023 923 899.92 PIT
2137.26 1023 923 900.01 PIT
2137.98 1023 923 900.1 PIT
2138.7 1023 923 900.19 PIT
2139.42 1023 923 900.28 PIT
2140.15 1023 923 900.37 PIT
2140.87 1023 923 900.46 PIT
2141.59 1023 923 900.55 PIT
2142.32 1023 923 900.64 PIT
2143.04 1023 923 900.73 PIT
2143.77 1023 923 900.82 PIT
2144.5 1023 923 900.91 PIT
2145.23 1023 923 901 PIT
2145.96 1023 923 901.09 PIT
2146.69 1023 923 901.18 PIT
2147.42 1023 923 901.27 PIT
2148.15 1023 923 901.36 PIT
2148.88 1023 923 901.45 PIT
2149.62 1023 923 901.54 PIT
2150.35 1023 923 901.63 PIT
2151.09 1023 923 901.72 PIT
2151.82 1023 923 901.81 PIT
2152.56 1023 923 901.9 PIT
2153.29 1023 923 901.99 PIT
2154.03 1023 923 902.08 PIT
2154.77 1023 923 902.17 PIT
2155.51 1023 923 902.26 PIT
2156.25 1023 923 902.35 PIT
2156.99 1023 923 902.44 PIT
2157.73 1023 923 902.53 PIT
2158.48 1023 923 902.62 PIT
2159.22 1023 923 902.71 PIT
2159.96 1023 923 902.8 PIT
2160.71 1023 923 902.89 PIT
2161.45 1023 923 902.98 PIT
2162.2 1023 923 903.07 PIT
2162.94 1023 923 903.16 PIT
2163.69 1023 923 903.25 PIT
2164.44 1023 923 903.34 PIT
2165.19 1023 923 903.43 PIT
2165.94 1023 923 903.52 PIT
2166.69 1023 923 903.61 PIT
2167.44 1023 923 903.7 PIT
2168.19 1023 923 903.79 PIT
2168.94 1023 923 903.88 PIT
2169.69 1023 923 903.97 PIT
2170.45 1023 923 904.06 PIT
2171.2 1023 923 904.15 PIT
2171.95 1023 923 904.24 PIT
2172.71 1023 923 904.33 PIT
2173.46 1023 923 904.42 PIT
2174.22 1023 923 904.51 PIT
2174.98 1023 923 904.6 PIT
2175.73 1023 923 904.69 PIT
2176.49 1023 923 904.78 PIT
2177.25 1023 923 904.87 PIT
2178.01 1023 923 904.96 PIT
2178.77 1023 923 905.05 PIT
2179.53 1023 923 905.14 PIT
2180.29 1023 923 905.23 PIT
2181.05 1023 923 905.32 PIT
2181.81 1023 923 905.41 PIT
2182.57 1023 923 905.5 PIT
2183.33 1023 923 905.59 PIT
2184.09 1023 923 905.68 PIT
2184.86 1023 923 905.77 PIT
2185.62 1023 923 905.86 PIT
2186.39 1023 923 905.95 PIT
2187.15 1023 923 906.04 PIT
2187.92 1023 923 906.13 PIT
2188.68 1023 923 906.22 PIT
2189.45 1023 923 906.31 PIT
2190.21 1023 923 906.4 PIT
2190.98 1023 923 906.49 PIT
2191.75 1023 923 906.58 PIT
2192.51 1023 923 906.67 PIT
2193.28 1023 923 906.76 PIT
2194.05 1023 923 906.85 PIT
2194.82 1023 923 906.94 PIT
2195.59 1023 923 907.03 PIT
2196.36 1023 923 907.12 PIT
2197.13 1023 923 907.21 PIT
2197.9 1023 923 907.3 PIT
2198.67 1023 923 907.39 PIT
2199.44 1023 923 907.48 PIT
2200.21 1023 923 907.57 PIT
2200.99 1023 923 907.66 PIT
2201.76 1023 923 907.75 PIT
2202.53 1023 923 907.84 PIT
2203.3 1023 923 907.93 PIT
2204.08 1023 923 908.02 PIT
2204.85 1023 923 908.11 PIT
2205.62 1023 923 908.2 PIT
2206.4 1023 923 908.29 PIT
2207.17 1023 923 908.38 PIT
2207.95 1023 923 908.47 PIT
2208.72 1023 923 908.56 PIT
2209.5 1023 923 908.65 PIT
2210.27 1023 923 908.74 PIT
2211.05 1023 923 908.83 PIT
2211.82 1023 923 908.92 PIT
2212.6 1023 923 909.01 PIT
2213.38 1023 923 909.1 PIT
2214.15 1023 923 909.19 PIT
2214.93 1023 923 909.28 PIT
2215.71 1023 923 909.37 PIT
2216.49 1023 923 909.46 PIT
2217.26 1023 923 909.55 PIT
2218.04 1023 923 909.64 PIT
2218.82 1023 923 909.73 PIT
2219.6 1023 923 909.82 PIT
2220.38 1023 923 909.91 PIT
2221.16 1023 923 910 PIT
2221.93 1023 923 910.09 PIT
2222.71 1023 923 910.18 PIT
2223.49 1023 923 910.27 PIT
2224.27 1023 923 910.36 PIT
2225.05 1023 923 910.45 PIT
2225.83 1023 923 910.54 PIT
2226.61 1023 923 910.63 PIT
2227.39 1023 923 910.72 PIT
2228.17 1023 923 910.81 PIT
2228.95 1023 923 910.9 PIT
2229.73 1023 923 910.99 PIT
2230.51 1023 923 911.08 PIT
2231.29 1023 923 911.17 PIT
2232.07 1023 923 911.26 PIT
2232.85 1023 923 911.35 PIT
2233.63 1023 923 911.44 PIT
2234.41 1023 923 911.53 PIT
2235.19 1023 923 911.62 PIT
2235.97 1023 923 911.71 PIT
2236.76 1023 923 911.8 PIT
2237.54 1023 923 911.89 PIT
2238.32 1023 923 911.98 PIT
2239.1 1023 923 912.07 PIT
2239.88 1023 923 912.16 PIT
2240.66 1023 923 912.25 PIT
2241.44 1023 923 912.34 PIT
2242.22 1023 923 912.43 PIT
2243 1023 923 912.52 PIT
2243.78 1023 923 912.61 PIT
2244.56 1023 923 912.7 PIT
2245.35 1023 923 912.79 PIT
2246.13 1023 923 912.88 PIT
2246.91 1023 923 912.97 PIT
2247.69 1023 923 913.06 PIT
2248.47 1023 923 913.15 PIT
2249.25 1023 923 913.24 PIT
2250.03 1023 923 913.33 PIT
2250.81 1023 923 913.42 PIT
2251.59 1023 923 913.51 PIT
2252.37 1023 923 913.6 PIT
2253.15 1023 923 913.69 PIT
2253.93 1023 923 913.78 PIT
2254.71 1023 923 913.87 PIT
2255.49 1023 923 913.96 PIT
2256.27 1023 923 914.05 PIT
2257.05 1023 923 914.14 PIT
2257.83 1023 923 914.23 PIT
2258.61 1023 923 914.32 PIT
2259.39 1023 923 914.41 PIT
2260.17 1023 923 914.5 PIT
2260.95 1023 923 914.59 PIT
2261.73 1023 923 914.68 PIT
2262.51 1023 923 914.77 PIT
2263.29 1023 923 914.86 PIT
2264.06 1023 923 914.95 PIT
2264.84 1023 923 915.04 PIT
2265.62 1023 923 915.13 PIT
2266.4 1023 923 915.22 PIT
2267.18 1023 923 915.31 PIT
2267.95 1023 923 915.4 PIT
2268.73 1023 923 915.49 PIT
2269.51 1023 923 915.58 PIT
2270.28 1023 923 915.67 PIT
2271.06 1023 923 915.76 PIT
2271.84 1023 923 915.85 PIT
2272.61 1023 923 915.94 PIT
2273.39 1023 923 916.03 PIT
2274.16 1023 923 916.12 PIT
2274.94 1023 923 916.21 PIT
2275.71 1023 923 916.3 PIT
2276.49 1023 923 916.39 PIT
2277.26 1023 923 916.48 PIT
2278.04 1023 923 916.57 PIT
2278.81 1023 923 916.66 PIT
2279.58 1023 923 916.75 PIT
2280.36 1023 923 916.84 PIT
2281.13 1023 923 916.93 PIT
2281.9 1023 923 917.02 PIT
2282.67 1023 923 917.11 PIT
2283.45 1023 923 917.2 PIT
2284.22 1023 923 917.29 PIT
2284.99 1023 923 917.38 PIT
2285.76 1023 923 917.47 PIT
2286.53 1023 923 917.56 PIT
2287.3 1023 923 917.65 PIT
2288.07 1023 923 917.74 PIT
2288.84 1023 923 917.83 PIT
2289.61 1023 923 917.92 PIT
2290.38 1023 923 918.01 PIT
2291.14 1023 923 918.1 PIT
2291.91 1023 923 918.19 PIT
2292.68 1023 923 918.28 PIT
2293.45 1023 923 918.37 PIT
2294.21 1023 923 918.46 PIT
2294.98 1023 923 918.55 PIT
2295.74 1023 923 918.64 PIT
2296.51 1023 923 918.73 PIT
2297.27 1023 923 918.82 PIT
2298.04 1023 923 918.91 PIT
2298.8 1023 923 919 PIT
2299.56 1023 923 919.09 PIT
2300.33 1023 923 919.18 PIT
2301.09 1023 923 919.27 PIT
2301.85 1023 923 919.36 PIT
2302.61 1023 923 919.45 PIT
2303.37 1023 923 919.54 PIT
2304.13 1023 923 919.63 PIT
2304.89 1023 923 919.72 PIT
2305.65 1023 923 919.81 PIT
2306.41 1023 923 919.9 PIT
2307.17 1023 923 919.99 PIT
2307.92 1023 923 920.08 PIT
2308.68 1023 923 920.17 PIT
2309.44 1023 923 920.26 PIT
2310.19 1023 923 920.35 PIT
2310.95 1023 923 920.44 PIT
2311.7 1023 923 920.53 PIT
2312.46 1023 923 920.62 PIT
2313.21 1023 923 920.71 PIT
2313.96 1023 923 920.8 PIT
2314.71 1023 923 920.89 PIT
2315.47 1023 923 920.98 PIT
2316.22 1023 923 921.07 PIT
2316.97 1023 923 921.16 PIT
2317.72 1023 923 921.25 PIT
2318.47 1023 923 921.34 PIT
2319.22 1023 923 921.43 PIT
2319.97 1023 923 921.52 PIT
2320.71 1023 923 921.61 PIT
2321.46 1023 923 921.7 PIT
2322.21 1023 923 921.79 PIT
2322.95 1023 923 921.88 PIT
2323.7 1023 923 921.97 PIT
2324.44 1023 923 922.06 PIT
2325.19 1023 923 922.15 PIT
2325.93 1023 923 922.24 PIT
2326.68 1023 923 922.33 PIT
2327.42 1023 923 922.42 PIT
2328.16 1023 923 922.51 PIT
2328.9 1023 923 922.6 PIT
2329.65 1023 923 922.69 PIT
2330.39 1023 923 922.78 PIT
2331.13 1023 923 922.87 PIT
2331.87 1023 923 922.96 PIT
2332.61 1023 923 923.05 PIT
2333.34 1023 923 923.14 PIT
2334.08 1023 923 923.23 PIT
2334.82 1023 923 923.32 PIT
2335.56 1023 923 923.41 PIT
2336.29 1023 923 923.5 PIT
2337.03 1023 923 923.59 PIT
2337.76 1023 923 923.68 PIT
2338.5 1023 923 923.77 PIT
2339.23 1023 923 923.86 PIT
2339.97 1023 923 923.95 PIT
2340.7 1023 923 924.04 PIT
2341.43 1023 923 924.13 PIT
2342.16 1023 923 924.22 PIT
2342.89 1023 923 924.31 PIT
2343.62 1023 923 924.4 PIT
2344.35 1023 923 924.49 PIT
2345.08 1023 923 924.58 PIT
2345.81 1023 923 924.67 PIT
2346.54 1023 923 924.76 PIT
2347.27 1023 923 924.85 PIT
2348 1023 923 924.94 PIT
2348.72 1023 923 925.03 PIT
2349.45 1023 923 925.12 PIT
2350.18 1023 923 925.21 PIT
2350.9 1023 923 925.3 PIT
2351.63 1023 923 925.39 PIT
2352.35 1023 923 925.48 PIT
2353.07 1023 923 925.57 PIT
2353.8 1023 923 925.66 PIT
2354.52 1023 923 925.75 PIT
2355.24 1023 923 925.84 PIT
2355.96 1023 923 925.93 PIT
2356.68 1023 923 926.02 PIT
2357.4 1023 923 926.11 PIT
2358.12 1023 923 926.2 PIT
2358.84 1023 923 926.29 PIT
2359.56 1023 923 926.38 PIT
2360.28 1023 923 926.47 PIT
2361 1023 923 926.56 PIT
2361.71 1023 923 926.65 PIT
2362.43 1023 923 926.74 PIT
2363.14 1023 923 926.83 PIT
2363.86 1023 923 926.92 PIT
2364.57 1023 923 927.01 PIT
2365.29 1023 923 927.1 PIT
2366 1023 923 927.19 PIT
2366.71 1023 923 927.28 PIT
2367.43 1023 923 927.37 PIT
2368.14 1023 923 927.46 PIT
2368.85 1023 923 927.55 PIT
2369.56 1023 923 927.64 PIT
2370.27 1023 923 927.73 PIT
2370.98 1023 923 927.82 PIT
2371.69 1023 923 927.91 PIT
2372.4 1023 923 928 PIT
2373.1 1023 923 928.09 PIT
2373.81 1023 923 928.18 PIT
2374.52 1023 923 928.27 PIT
2375.22 1023 923 928.36 PIT
2375.93 1023 923 928.45 PIT
2376.64 1023 923 928.54 PIT
2377.34 1023 923 928.63 PIT
2378.04 1023 923 928.72 PIT
2378.75 1023 923 928.81 PIT
2379.45 1023 923 928.9 PIT
2380.15 1023 923 928.99 PIT
2380.85 1023 923 929.08 PIT
2381.55 1023 923 929.17 PIT
2382.26 1023 923 929.26 PIT
2382.96 1023 923 929.35 PIT
2383.65 1023 923 929.44 PIT
2384.35 1023 923 929.53 PIT
2385.05 1023 923 929.62 PIT
2385.75 1023 923 929.71 PIT
2386.45 1023 923 929.8 PIT
2387.14 1023 923 929.89 PIT
2387.84 1023 923 929.98 PIT
2388.53 1023 923 930.07 PIT
2389.23 1023 923 930.16 PIT
2389.92 1023 923 930.25 PIT
2390.62 1023 923 930.34 PIT
2391.31 1023 923 930.43 PIT
2392 1023 923 930.52 PIT
2392.7 1023 923 930.61 PIT
2393.39 1023 923 930.7 PIT
2394.08 1023 923 930.79 PIT
2394.77 1023 923 930.88 PIT
2395.46 1023 923 930.97 PIT
2396.15 1023 923 931.06 PIT
2396.84 1023 923 931.15 PIT
2397.53 1023 923 931.24 PIT
2398.21 1023 923 931.33 PIT
2398.9 1023 923 931.42 PIT
2399.59 1023 923 931.51 PIT
2400.27 1023 923 931.6 PIT
2400.96 1023 923 931.69 PIT
2401.64 1023 923 931.78 PIT
2402.33 1023 923 931.87 PIT
2403.01 1023 923 931.96 PIT
2403.69 1023 923 932.05 PIT
2404.38 1023 923 932.14 PIT
2405.06 1023 923 932.23 PIT
2405.74 1023 923 932.32 PIT
2406.42 1023 923 932.41 PIT
2407.1 1023 923 932.5 PIT
2407.78 1023 923 932.59 PIT
2408.46 1023 923 932.68 PIT
2409.14 1023 923 932.77 PIT
2409.82 1023 923 932.86 PIT
2410.49 1023 923 932.95 PIT
2411.17 1023 923 933.04 PIT
2411.85 1023 923 933.13 PIT
2412.52 1023 923 933.22 PIT
2413.2 1023 923 933.31 PIT
2413.87 1023 923 933.4 PIT
2414.55 1023 923 933.49 PIT
2415.22 1023 923 933.58 PIT
2415.89 1023 923 933.67 PIT
2416.56 1023 923 933.76 PIT
2417.24 1023 923 933.85 PIT
2417.91 1023 923 933.94 PIT
2418.58 1023 923 934.03 PIT
2419.25 1023 923 934.12 PIT
2419.92 1023 923 934.21 PIT
2420.59 1023 923 934.3 PIT
2421.26 1023 923 934.39 PIT
2421.92 1023 923 934.48 PIT
2422.59 1023 923 934.57 PIT
2423.26 1023 923 934.66 PIT
2423.92 1023 923 934.75 PIT
2424.59 1023 923 934.84 PIT
2425.25 1023 923 934.93 PIT
2425.92 1023 923 935.02 PIT
2426.58 1023 923 935.11 PIT
2427.25 1023 923 935.2 PIT
2427.91 1023 923 935.29 PIT
2428.57 1023 923 935.38 PIT
2429.23 1023 923 935.47 PIT
2429.89 1023 923 935.56 PIT
2430.55 1023 923 935.65 PIT
2431.21 1023 923 935.74 PIT
2431.87 1023 923 935.83 PIT
2432.53 1023 923 935.92 PIT
2433.19 1023 923 936.01 PIT
2433.85 1023 923 936.1 PIT
2434.5 1023 923 936.19 PIT
2435.16 1023 923 936.28 PIT
2435.82 1023 923 936.37 PIT
2436.47 1023 923 936.46 PIT
2437.13 1023 923 936.55 PIT
2437.78 1023 923 936.64 PIT
2438.43 1023 923 936.73 PIT
2439.09 1023 923 936.82 PIT
2439.74 1023 923 936.91 PIT
2440.39 1023 923 937 PIT
2441.04 1023 923 937.09 PIT
2441.69 1023 923 937.18 PIT
2442.34 1023 923 937.27 PIT
2442.99 1023 923 937.36 PIT
2443.64 1023 923 937.45 PIT
2444.29 1023 923 937.54 PIT
2444.94 1023 923 937.63 PIT
2445.59 1023 923 937.72 PIT
2446.23 1023 923 937.81 PIT
2446.88 1023 923 937.9 PIT
2447.53 1023 923 937.99 PIT
2448.17 1023 923 938.08 PIT
2448.82 1023 923 938.17 PIT
2449.46 1023 923 938.26 PIT
2450.1 1023 923 938.35 PIT
2450.75 1023 923 938.44 PIT
2451.39 1023 923 938.53 PIT
2452.03 1023 923 938.62 PIT
2452.67 1023 923 938.71 PIT
2453.31 1023 923 938.8 PIT
2453.95 1023 923 938.89 PIT
2454.59 1023 923 938.98 PIT
2455.23 1023 923 939.07 PIT
2455.87 1023 923 939.16 PIT
2456.5 1023 923 939.25 PIT
2457.14 1023 923 939.34 PIT
2457.78 1023 923 939.43 PIT
2458.41 1023 923 939.52 PIT
2459.05 1023 923 939.61 PIT
2459.68 1023 923 939.7 PIT
2460.32 1023 923 939.79 PIT
2460.95 1023 923 939.88 PIT
2461.59 1023 923 939.97 PIT
2462.22 1023 923 940.06 PIT
2462.85 1023 923 940.15 PIT
2463.48 1023 923 940.24 PIT
2464.11 1023 923 940.33 PIT
2464.74 1023 923 940.42 PIT
2465.37 1023 923 940.51 PIT
2466 1023 923 940.6 PIT
2466.63 1023 923 940.69 PIT
2467.26 1023 923 940.78 PIT
2467.88 1023 923 940.87 PIT
2468.51 1023 923 940.96 PIT
2469.14 1023 923 941.05 PIT
2469.76 1023 923 941.14 PIT
2470.39 1023 923 941.23 PIT
2471.01 1023 923 941.32 PIT
2471.64 1023 923 941.41 PIT
2472.26 1023 923 941.5 PIT
2472.88 1023 923 941.59 PIT
2473.51 1023 923 941.68 PIT
2474.13 1023 923 941.77 PIT
2474.75 1023 923 941.86 PIT
2475.37 1023 923 941.95 PIT
2475.99 1023 923 942.04 PIT
2476.61 1023 923 942.13 PIT
2477.23 1023 923 942.22 PIT
2477.84 1023 923 942.31 PIT
2478.46 1023 923 942.4 PIT
2479.08 1023 923 942.49 PIT
2479.7 1023 923 942.58 PIT
2480.31 1023 923 942.67 PIT
2480.93 1023 923 942.76 PIT
2481.54 1023 923 942.85 PIT
2482.16 1023 923 942.94 PIT
2482.77 1023 923 943.03 PIT
2483.38 1023 923 943.12 PIT
2484 1023 923 943.21 PIT
2484.61 1023 923 943.3 PIT
2485.22 1023 923 943.39 PIT
2485.83 1023 923 943.48 PIT
2486.44 1023 923 943.57 PIT
2487.05 1023 923 943.66 PIT
2487.66 1023 923 943.75 PIT
2488.27 1023 923 943.84 PIT
2488.87 1023 923 943.93 PIT
2489.48 1023 923 944.02 PIT
2490.09 1023 923 944.11 PIT
2490.69 1023 923 944.2 PIT
2491.3 1023 923 944.29 PIT
2491.9 1023 923 944.38 PIT
2492.51 1023 923 944.47 PIT
2493.11 1023 923 944.56 PIT
2493.72 1023 923 944.65 PIT
2494.32 1023 923 944.74 PIT
2494.92 1023 923 944.83 PIT
2495.52 1023 923 944.92 PIT
2496.12 1023 923 945.01 PIT
2496.72 1023 923 945.1 PIT
2497.32 1023 923 945.19 PIT
2497.92 1023 923 945.28 PIT
2498.52 1023 923 945.37 PIT
2499.12 1023 923 945.46 PIT
2499.72 1023 923 945.55 PIT
2500.31 1023 923 945.64 PIT
2500.91 1023 923 945.73 PIT
2501.51 1023 923 945.82 PIT
2502.1 1023 923 945.91 PIT
2502.69 1023 923 946 PIT
2503.29 1023 923 946.09 PIT
2503.88 1023 923 946.18 PIT
2504.48 1023 923 946.27 PIT
2505.07 1023 923 946.36 PIT
2505.66 1023 923 946.45 PIT
2506.25 1023 923 946.54 PIT
2506.84 1023 923 946.63 PIT
2507.43 1023 923 946.72 PIT
2508.02 1023 923 946.81 PIT
2508.61 1023 923 946.9 PIT
2509.2 1023 923 946.99 PIT
2509.78 1023 923 947.08 PIT
2510.37 1023 923 947.17 PIT
2510.96 1023 923 947.26 PIT
2511.54 1023 923 947.35 PIT
2512.13 1023 923 947.44 PIT
2512.71 1023 923 947.53 PIT
2513.3 1023 923 947.62 PIT
2513.88 1023 923 947.71 PIT
2514.46 1023 923 947.8 PIT
2515.05 1023 923 947.89 PIT
2515.63 1023 923 947.98 PIT
2516.21 1023 923 948.07 PIT
2516.79 1023 923 948.16 PIT
2517.37 1023 923 948.25 PIT
2517.95 1023 923 948.34 PIT
2518.53 1023 923 948.43 PIT
2519.11 1023 923 948.52 PIT
2519.69 1023 923 948.61 PIT
2520.26 1023 923 948.7 PIT
2520.84 1023 923 948.79 PIT
2521.42 1023 923 948.88 PIT
2521.99 1023 923 948.97 PIT
2522.57 1023 923 949.06 PIT
2523.14 1023 923 949.15 PIT
2523.71 1023 923 949.24 PIT
2524.29 1023 923 949.33 PIT
2524.86 1023 923 949.42 PIT
2525.43 1023 923 949.51 PIT
2526 1023 923 949.6 PIT
2526.57 1023 923 949.69 PIT
2527.14 1023 923 949.78 PIT
2527.71 1023 923 949.87 PIT
2528.28 1023 923 949.96 PIT
2528.85 1023 923 950.05 PIT
2529.42 1023 923 950.14 PIT
2529.99 1023 923 950.23 PIT
2530.55 1023 923 950.32 PIT
2531.12 1023 923 950.41 PIT
2531.68 1023 923 950.5 PIT
2532.25 1023 923 950.59 PIT
2532.81 1023 923 950.68 PIT
2533.38 1023 923 950.77 PIT
2533.94 1023 923 950.86 PIT
2534.5 1023 923 950.95 PIT
2535.07 1023 923 951.04 PIT
2535.63 1023 923 951.13 PIT
2536.19 1023 923 951.22 PIT
2536.75 1023 923 951.31 PIT
2537.31 1023 923 951.4 PIT
2537.87 1023 923 951.49 PIT
2538.43 1023 923 951.58 PIT
2538.98 1023 923 951.67 PIT
2539.54 1023 923 951.76 PIT
2540.1 1023 923 951.85 PIT
2540.65 1023 923 951.94 PIT
2541.21 1023 923 952.03 PIT
2541.76 1023 923 952.12 PIT
2542.32 1023 923 952.21 PIT
2542.87 1023 923 952.3 PIT
2543.43 1023 923 952.39 PIT
2543.98 1023 923 952.48 PIT
2544.53 1023 923 952.57 PIT
2545.08 1023 923 952.66 PIT
2545.63 1023 923 952.75 PIT
2546.18 1023 923 952.84 PIT
2546.73 1023 923 952.93 PIT
2547.28 1023 923 953.02 PIT
2547.83 1023 923 953.11 PIT
2548.38 1023 923 953.2 PIT
2548.93 1023 923 953.29 PIT
2549.47 1023 923 953.38 PIT
2550.02 1023 923 953.47 PIT
2550.57 1023 923 953.56 PIT
2551.11 1023 923 953.65 PIT
2551.66 1023 923 953.74 PIT
2552.2 1023 923 953.83 PIT
2552.74 1023 923 953.92 PIT
2553.29 1023 923 954.01 PIT
2553.83 1023 923 954.1 PIT
2554.37 1023 923 954.19 PIT
2554.91 1023 923 954.28 PIT
2555.45 1023 923 954.37 PIT
2555.99 1023 923 954.46 PIT
2556.53 1023 923 954.55 PIT
2557.07 1023 923 954.64 PIT
2557.61 1023 923 954.73 PIT
2558.14 1023 923 954.82 PIT
2558.68 1023 923 954.91 PIT
2559.22 1023 923 955 PIT
2559.75 1023 923 955.09 PIT
2560.29 1023 923 955.18 PIT
2560.82 1023 923 955.27 PIT
2561.36 1023 923 955.36 PIT
2561.89 1023 923 955.45 PIT
2562.42 1023 923 955.54 PIT
2562.96 1023 923 955.63 PIT
2563.49 1023 923 955.72 PIT
2564.02 1023 923 955.81 PIT
2564.55 1023 923 955.9 PIT
2565.08 1023 923 955.99 PIT
2565.61 1023 923 956.08 PIT
2566.14 1023 923 956.17 PIT
2566.66 1023 923 956.26 PIT
2567.19 1023 923 956.35 PIT
2567.72 1023 923 956.44 PIT
2568.24 1023 923 956.53 PIT
2568.77 1023 923 956.62 PIT
2569.3 1023 923 956.71 PIT
2569.82 1023 923 956.8 PIT
2570.34 1023 923 956.89 PIT
2570.87 1023 923 956.98 PIT
2571.39 1023 923 957.07 PIT
2571.91 1023 923 957.16 PIT
2572.43 1023 923 957.25 PIT
2572.96 1023 923 957.34 PIT
2573.48 1023 923 957.43 PIT
2574 1023 923 957.52 PIT
2574.52 1023 923 957.61 PIT
2575.03 1023 923 957.7 PIT
2575.55 1023 923 957.79 PIT
2576.07 1023 923 957.88 PIT
2576.59 1023 923 957.97 PIT
2577.1 1023 923 958.06 PIT
2577.62 1023 923 958.15 PIT
2578.13 1023 923 958.24 PIT
2578.65 1023 923 958.33 PIT
2579.16 1023 923 958.42 PIT
2579.68 1023 923 958.51 PIT
2580.19 1023 923 958.6 PIT
2580.7 1023 923 958.69 PIT
2581.21 1023 923 958.78 PIT
2581.72 1023 923 958.87 PIT
2582.23 1023 923 958.96 PIT
2582.74 1023 923 959.05 PIT
2583.25 1023 923 959.14 PIT
2583.76 1023 923 959.23 PIT
2584.27 1023 923 959.32 PIT
2584.78 1023 923 959.41 PIT
2585.28 1023 923 959.5 PIT
2585.79 1023 923 959.59 PIT
2586.3 1023 923 959.68 PIT
2586.8 1023 923 959.77 PIT
2587.3 1023 923 959.86 PIT
2587.81 1023 923 959.95 PIT
2588.31 8739.85 8639.85 960.04
2588.81 8741.88 8641.88 960.13
2589.32 8743.91 8643.91 960.22
2589.82 8745.94 8645.94 960.31
2590.32 8747.97 8647.97 960.4
2590.82 8750 8650 960.49
2591.32 8752.04 8652.04 960.58
2591.82 8754.07 8654.07 960.67
2592.32 8756.1 8656.1 960.76
2592.82 8758.13 8658.13 960.85
2593.31 8760.16 8660.16 960.94
2593.81 8762.2 8662.2 961.03
2594.31 8764.23 8664.23 961.12
2594.8 8766.26 8666.26 961.21
2595.3 8768.29 8668.29 961.3
2595.79 8770.32 8670.32 961.39
2596.28 8772.35 8672.35 961.48
2596.78 8774.39 8674.39 961.57
2597.27 8776.42 8676.42 961.66
2597.76 8778.45 8678.45 961.75
2598.25 8780.48 8680.48 961.84
2598.74 8782.51 8682.51 961.93
2599.23 8784.54 8684.54 962.02
2599.72 8786.58 8686.58 962.11
2600.21 8788.61 8688.61 962.2
2600.7 8790.64 8690.64 962.29
2601.19 8792.67 8692.67 962.38
2601.68 8794.7 8694.7 962.47
2602.16 8796.73 8696.73 962.56
2602.65 8798.77 8698.77 962.65
2603.14 8800.8 8700.8 962.74
2603.62 8802.83 8702.83 962.83
2604.1 8804.86 8704.86 962.92
2604.59 8806.89 8706.89 963.01
2605.07 8808.92 8708.92 963.1
2605.55 8810.96 8710.96 963.19
2606.04 8812.99 8712.99 963.28
2606.52 8815.02 8715.02 963.37
2607 8817.05 8717.05 963.46
2607.48 8819.08 8719.08 963.55
2607.96 8821.12 8721.12 963.64
2608.44 8823.15 8723.15 963.73
2608.92 8825.18 8725.18 963.82
2609.39 8827.21 8727.21 963.91
2609.87 8829.24 8729.24 964
2610.35 8831.27 8731.27 964.09
2610.82 8833.31 8733.31 964.18
2611.3 8835.34 8735.34 964.27
2611.77 8837.37 8737.37 964.36
2612.25 8839.4 8739.4 964.45
2612.72 8841.43 8741.43 964.54
2613.19 8843.46 8743.46 964.63
2613.67 8845.5 8745.5 964.72
2614.14 8847.53 8747.53 964.81
2614.61 8849.56 8749.56 964.9
2615.08 8851.59 8751.59 964.99
2615.55 8853.62 8753.62 965.08
2616.02 8855.65 8755.65 965.17
2616.49 8857.69 8757.69 965.26
2616.96 8859.72 8759.72 965.35
2617.42 8861.75 8761.75 965.44
2617.89 8863.78 8763.78 965.53
2618.36 8865.81 8765.81 965.62
2618.82 8867.84 8767.84 965.71
2619.29 8869.88 8769.88 965.8
2619.75 8871.91 8771.91 965.89
2620.22 8873.94 8773.94 965.98
2620.68 8875.97 8775.97 966.07
2621.14 8878 8778 966.16
2621.61 8880.03 8780.03 966.25
2622.07 8882.07 8782.07 966.34
2622.53 8884.1 8784.1 966.43
2622.99 8886.13 8786.13 966.52
2623.45 8888.16 8788.16 966.61
2623.91 8890.19 8790.19 966.7
2624.37 8892.23 8792.23 966.79
2624.83 8894.26 8794.26 966.88
2625.28 8896.29 8796.29 966.97
2625.74 8898.32 8798.32 967.06
2626.2 8900.35 8800.35 967.15
2626.65 8902.38 8802.38 967.24
2627.11 8904.42 8804.42 967.33
2627.56 8906.45 8806.45 967.42
2628.02 8908.48 8808.48 967.51
2628.47 8910.51 8810.51 967.6
2628.92 8912.54 8812.54 967.69
2629.37 8914.57 8814.57 967.78
2629.82 8916.61 8816.61 967.87
2630.28 8918.64 8818.64 967.96
2630.73 8920.67 8820.67 968.05
2631.18 8922.7 8822.7 968.14
2631.62 8924.73 8824.73 968.23
2632.07 8926.76 8826.76 968.32
2632.52 8928.8 8828.8 968.41
2632.97 8930.83 8830.83 968.5
2633.41 8932.86 8832.86 968.59
2633.86 8934.89 8834.89 968.68
2634.31 8936.92 8836.92 968.77
2634.75 8938.95 8838.95 968.86
2635.2 8940.99 8840.99 968.95
2635.64 8943.02 8843.02 969.04
2636.08 8945.05 8845.05 969.13
2636.52 8947.08 8847.08 969.22
2636.97 8949.11 8849.11 969.31
2637.41 8951.14 8851.14 969.4
2637.85 8953.18 8853.18 969.49
2638.29 8955.21 8855.21 969.58
2638.73 8957.24 8857.24 969.67
2639.17 8959.27 8859.27 969.76
2639.61 8961.3 8861.3 969.85
2640.04 8963.34 8863.34 969.94
2640.48 8965.37 8865.37 970.03
2640.92 8967.4 8867.4 970.12
2641.35 8969.43 8869.43 970.21
2641.79 8971.46 8871.46 970.3
2642.22 8973.49 8873.49 970.39
2642.66 8975.53 8875.53 970.48
2643.09 8977.56 8877.56 970.57
2643.52 8979.59 8879.59 970.66
2643.96 8981.62 8881.62 970.75
2644.39 8983.65 8883.65 970.84
2644.82 8985.68 8885.68 970.93
2645.25 8987.72 8887.72 971.02
2645.68 8989.75 8889.75 971.11
2646.11 8991.78 8891.78 971.2
2646.54 8993.81 8893.81 971.29
2646.96 8995.84 8895.84 971.38
2647.39 8997.87 8897.87 971.47
2647.82 8999.91 8899.91 971.56
2648.24 9001.94 8901.94 971.65
2648.67 9003.97 8903.97 971.74
2649.1 9006 8906 971.83
2649.52 9008.03 8908.03 971.92
2649.94 9010.06 8910.06 972.01
2650.37 9012.1 8912.1 972.1
2650.79 9014.13 8914.13 972.19
2651.21 9016.16 8916.16 972.28
2651.63 9018.19 8918.19 972.37
2652.05 9020.22 8920.22 972.46
2652.47 9022.26 8922.26 972.55
2652.89 9024.29 8924.29 972.64
2653.31 9026.32 8926.32 972.73
2653.73 9028.35 8928.35 972.82
2654.15 9030.38 8930.38 972.91
2654.57 9032.41 8932.41 973
2654.98 9034.45 8934.45 973.09
2655.4 9036.48 8936.48 973.18
2655.81 9038.51 8938.51 973.27
2656.23 9040.54 8940.54 973.36
2656.64 9042.57 8942.57 973.45
2657.06 9044.6 8944.6 973.54
2657.47 9046.64 8946.64 973.63
2657.88 9048.67 8948.67 973.72
2658.29 9050.7 8950.7 973.81
2658.7 9052.73 8952.73 973.9
2659.11 9054.76 8954.76 973.99
2659.52 9056.79 8956.79 974.08
2659.93 9058.83 8958.83 974.17
2660.34 9060.86 8960.86 974.26
2660.75 9062.89 8962.89 974.35
2661.16 9064.92 8964.92 974.44
2661.56 9066.95 8966.95 974.53
2661.97 9068.98 8968.98 974.62
2662.38 9071.02 8971.02 974.71
2662.78 9073.05 8973.05 974.8
2663.19 9075.08 8975.08 974.89
2663.59 9077.11 8977.11 974.98
2663.99 9079.14 8979.14 975.07
2664.4 9081.17 8981.17 975.16
2664.8 9083.21 8983.21 975.25
2665.2 9085.24 8985.24 975.34
2665.6 9087.27 8987.27 975.43
2666 9089.3 8989.3 975.52
2666.4 9091.33 8991.33 975.61
2666.8 9093.37 8993.37 975.7
2667.2 9095.4 8995.4 975.79
2667.6 9097.43 8997.43 975.88
2667.99 9099.46 8999.46 975.97
2668.39 9101.49 9001.49 976.06
2668.78 9103.52 9003.52 976.15
2669.18 9105.56 9005.56 976.24
2669.57 9107.59 9007.59 976.33
2669.97 9109.62 9009.62 976.42
2670.36 9111.65 9011.65 976.51
2670.76 9113.68 9013.68 976.6
2671.15 9115.71 9015.71 976.69
2671.54 9117.75 9017.75 976.78
2671.93 9119.78 9019.78 976.87
2672.32 9121.81 9021.81 976.96
2672.71 9123.84 9023.84 977.05
2673.1 9125.87 9025.87 977.14
2673.49 9127.9 9027.9 977.23
2673.88 9129.94 9029.94 977.32
2674.26 9131.97 9031.97 977.41
2674.65 9134 9034 977.5
2675.04 9136.03 9036.03 977.59
2675.42 9138.06 9038.06 977.68
2675.81 9140.09 9040.09 977.77
2676.19 9142.13 9042.13 977.86
2676.58 9144.16 9044.16 977.95
2676.96 9146.19 9046.19 978.04
2677.34 9148.22 9048.22 978.13
2677.72 9150.25 9050.25 978.22
2678.1 9152.28 9052.28 978.31
2678.49 9154.32 9054.32 978.4
2678.87 9156.35 9056.35 978.49
2679.25 9158.38 9058.38 978.58
2679.62 9160.41 9060.41 978.67
2680 9162.44 9062.44 978.76
2680.38 9164.48 9064.48 978.85
2680.76 9166.51 9066.51 978.94
2681.13 9168.54 9068.54 979.03
2681.51 9170.57 9070.57 979.12
2681.88 9172.6 9072.6 979.21
2682.26 9174.63 9074.63 979.3
2682.63 9176.67 9076.67 979.39
2683.01 9178.7 9078.7 979.48
2683.38 9180.73 9080.73 979.57
2683.75 9182.76 9082.76 979.66
2684.12 9184.79 9084.79 979.75
2684.49 9186.82 9086.82 979.84
2684.86 9188.86 9088.86 979.93
2685.23 9190.89 9090.89 980.02
2685.6 9192.92 9092.92 980.11
2685.97 9194.95 9094.95 980.2
2686.34 9196.98 9096.98 980.29
2686.71 9199.01 9099.01 980.38
2687.07 9201.05 9101.05 980.47
2687.44 9203.08 9103.08 980.56
2687.81 9205.11 9105.11 980.65
2688.17 9207.14 9107.14 980.74
2688.53 9209.17 9109.17 980.83
2688.9 9211.2 9111.2 980.92
2689.26 9213.24 9113.24 981.01
2689.62 9215.27 9115.27 981.1
2689.99 9217.3 9117.3 981.19
2690.35 9219.33 9119.33 981.28
2690.71 9221.36 9121.36 981.37
2691.07 9223.39 9123.39 981.46
2691.43 9225.43 9125.43 981.55
2691.78 9227.46 9127.46 981.64
2692.14 9229.49 9129.49 981.73
2692.5 9231.52 9131.52 981.82
2692.86 9233.55 9133.55 981.91
2693.21 9235.59 9135.59 982
2693.57 9237.62 9137.62 982.09
2693.92 9239.65 9139.65 982.18
2694.28 9241.68 9141.68 982.27
2694.63 9243.71 9143.71 982.36
2694.99 9245.74 9145.74 982.45
2695.34 9247.78 9147.78 982.54
2695.69 9249.81 9149.81 982.63
2696.04 9251.84 9151.84 982.72
2696.39 9253.87 9153.87 982.81
2696.74 9255.9 9155.9 982.9
2697.09 9257.93 9157.93 982.99
2697.44 9259.97 9159.97 983.08
2697.79 9262 9162 983.17
2698.14 9264.03 9164.03 983.26
2698.48 9266.06 9166.06 983.35
2698.83 9268.09 9168.09 983.44
2699.18 9270.12 9170.12 983.53
2699.52 9272.16 9172.16 983.62
2699.87 9274.19 9174.19 983.71
2700.21 9276.22 9176.22 983.8
2700.55 9278.25 9178.25 983.89
2700.9 9280.28 9180.28 983.98
2701.24 9282.31 9182.31 984.07
2701.58 9284.35 9184.35 984.16
2701.92 9286.38 9186.38 984.25
2702.26 9288.41 9188.41 984.34
2702.6 9290.44 9190.44 984.43
2702.94 9292.47 9192.47 984.52
2703.28 9294.51 9194.51 984.61
2703.62 9296.54 9196.54 984.7
2703.95 9298.57 9198.57 984.79
2704.29 9300.6 9200.6 984.88
2704.63 9302.63 9202.63 984.97
2704.96 9304.66 9204.66 985.06
2705.3 9306.7 9206.7 985.15
2705.63 9308.73 9208.73 985.24
2705.96 9310.76 9210.76 985.33
2706.3 9312.79 9212.79 985.42
2706.63 9314.82 9214.82 985.51
2706.96 9316.85 9216.85 985.6
2707.29 9318.89 9218.89 985.69
2707.62 9320.92 9220.92 985.78
2707.95 9322.95 9222.95 985.87
2708.28 9324.98 9224.98 985.96
2708.61 9327.01 9227.01 986.05
2708.94 9329.04 9229.04 986.14
2709.26 9331.08 9231.08 986.23
2709.59 9333.11 9233.11 986.32
2709.92 9335.14 9235.14 986.41
2710.24 9337.17 9237.17 986.5
2710.57 9339.2 9239.2 986.59
2710.89 9341.23 9241.23 986.68
2711.22 9343.27 9243.27 986.77
2711.54 9345.3 9245.3 986.86
2711.86 9347.33 9247.33 986.95
2712.18 9349.36 9249.36 987.04
2712.5 9351.39 9251.39 987.13
2712.82 9353.42 9253.42 987.22
2713.14 9355.46 9255.46 987.31
2713.46 9357.49 9257.49 987.4
2713.78 9359.52 9259.52 987.49
2714.1 9361.55 9261.55 987.58
2714.42 9363.58 9263.58 987.67
2714.73 9365.62 9265.62 987.76
2715.05 9367.65 9267.65 987.85
2715.37 9369.68 9269.68 987.94
2715.68 9371.71 9271.71 988.03
2716 9373.74 9273.74 988.12
2716.31 9375.77 9275.77 988.21
2716.62 9377.81 9277.81 988.3
2716.93 9379.84 9279.84 988.39
2717.25 9381.87 9281.87 988.48
2717.56 9383.9 9283.9 988.57
2717.87 9385.93 9285.93 988.66
2718.18 9387.96 9287.96 988.75
2718.49 9390 9290 988.84
2718.8 9392.03 9292.03 988.93
2719.1 9394.06 9294.06 989.02
2719.41 9396.09 9296.09 989.11
2719.72 9398.12 9298.12 989.2
2720.03 9400.15 9300.15 989.29
2720.33 9402.19 9302.19 989.38
2720.64 9404.22 9304.22 989.47
2720.94 9406.25 9306.25 989.56
2721.24 9408.28 9308.28 989.65
2721.55 9410.31 9310.31 989.74
2721.85 9412.34 9312.34 989.83
2722.15 9414.38 9314.38 989.92
2722.45 9416.41 9316.41 990.01
2722.75 9418.44 9318.44 990.1
2723.05 9420.47 9320.47 990.19
2723.35 9422.5 9322.5 990.28
2723.65 9424.53 9324.53 990.37
2723.95 9426.57 9326.57 990.46
2724.25 9428.6 9328.6 990.55
2724.54 9430.63 9330.63 990.64
2724.84 9432.66 9332.66 990.73
2725.14 9434.69 9334.69 990.82
2725.43 9436.73 9336.73 990.91
2725.73 9438.76 9338.76 991
2726.02 9440.79 9340.79 991.09
2726.31 9442.82 9342.82 991.18
2726.61 9444.85 9344.85 991.27
2726.9 9446.88 9346.88 991.36
2727.19 9448.92 9348.92 991.45
2727.48 9450.95 9350.95 991.54
2727.77 9452.98 9352.98 991.63
2728.06 9455.01 9355.01 991.72
2728.35 9457.04 9357.04 991.81
2728.64 9459.07 9359.07 991.9
2728.92 9461.11 9361.11 991.99
2729.21 9463.14 9363.14 992.08
2729.5 9465.17 9365.17 992.17
2729.78 9467.2 9367.2 992.26
2730.07 9469.23 9369.23 992.35
2730.35 9471.26 9371.26 992.44
2730.64 9473.3 9373.3 992.53
2730.92 9475.33 9375.33 992.62
2731.2 9477.36 9377.36 992.71
2731.48 9479.39 9379.39 992.8
2731.77 9481.42 9381.42 992.89
2732.05 9483.45 9383.45 992.98
2732.33 9485.49 9385.49 993.07
2732.61 9487.52 9387.52 993.16
2732.89 9489.55 9389.55 993.25
2733.16 9491.58 9391.58 993.34
2733.44 9493.61 9393.61 993.43
2733.72 9495.64 9395.64 993.52
2733.99 9497.68 9397.68 993.61
2734.27 9499.71 9399.71 993.7
2734.55 9501.74 9401.74 993.79
2734.82 9503.77 9403.77 993.88
2735.09 9505.8 9405.8 993.97
2735.37 9507.84 9407.84 994.06
2735.64 9509.87 9409.87 994.15
2735.91 9511.9 9411.9 994.24
2736.18 9513.93 9413.93 994.33
2736.45 9515.96 9415.96 994.42
2736.72 9517.99 9417.99 994.51
2736.99 9520.03 9420.03 994.6
2737.26 9522.06 9422.06 994.69
2737.53 9524.09 9424.09 994.78
2737.8 9526.12 9426.12 994.87
2738.07 9528.15 9428.15 994.96
2738.33 9530.18 9430.18 995.05
2738.6 9532.22 9432.22 995.14
2738.86 9534.25 9434.25 995.23
2739.13 9536.28 9436.28 995.32
2739.39 9538.31 9438.31 995.41
2739.65 9540.34 9440.34 995.5
2739.92 9542.37 9442.37 995.59
2740.18 9544.41 9444.41 995.68
2740.44 9546.44 9446.44 995.77
2740.7 9548.47 9448.47 995.86
2740.96 9550.5 9450.5 995.95
2741.22 9552.53 9452.53 996.04
2741.48 9554.56 9454.56 996.13
2741.74 9556.6 9456.6 996.22
2741.99 9558.63 9458.63 996.31
2742.25 9560.66 9460.66 996.4
2742.51 9562.69 9462.69 996.49
2742.76 9564.72 9464.72 996.58
2743.02 9566.76 9466.76 996.67
2743.27 9568.79 9468.79 996.76
2743.53 9570.82 9470.82 996.85
2743.78 9572.85 9472.85 996.94
2744.03 9574.88 9474.88 997.03
2744.29 9576.91 9476.91 997.12
2744.54 9578.95 9478.95 997.21
2744.79 9580.98 9480.98 997.3
2745.04 9583.01 9483.01 997.39
2745.29 9585.04 9485.04 997.48
2745.54 9587.07 9487.07 997.57
2745.78 9589.1 9489.1 997.66
2746.03 9591.14 9491.14 997.75
2746.28 9593.17 9493.17 997.84
2746.52 9595.2 9495.2 997.93
2746.77 9597.23 9497.23 998.02
2747.01 9599.26 9499.26 998.11
2747.26 9601.29 9501.29 998.2
2747.5 9603.33 9503.33 998.29
2747.75 9605.36 9505.36 998.38
2747.99 9607.39 9507.39 998.47
2748.23 9609.42 9509.42 998.56
2748.47 9611.45 9511.45 998.65
2748.71 9613.48 9513.48 998.74
2748.95 9615.52 9515.52 998.83
2749.19 9617.55 9517.55 998.92
2749.43 9619.58 9519.58 999.01
2749.67 9621.61 9521.61 999.1
2749.91 9623.64 9523.64 999.19
2750.14 9625.67 9525.67 999.28
2750.38 9627.71 9527.71 999.37
2750.61 9629.74 9529.74 999.46
2750.85 9631.77 9531.77 999.55
2751.08 9633.8 9533.8 999.64
2751.32 9635.83 9535.83 999.73
2751.55 9637.87 9537.87 999.82
2751.78 9639.9 9539.9 999.91
2752.01 9641.93 9541.93 1000
