414.919 1326.86 1226.86 700
415.295 1327.53 1227.53 700.075
415.67 1328.2 1228.2 700.15
416.045 1328.87 1228.87 700.225
416.419 1329.54 1229.54 700.3
416.793 1330.21 1230.21 700.375
417.167 1330.88 1230.88 700.45
417.541 1331.55 1231.55 700.525
417.914 1332.22 1232.22 700.6
418.286 1332.89 1232.89 700.675
418.659 1333.56 1233.56 700.75
419.03 1334.23 1234.23 700.825
419.402 1334.9 1234.9 700.9
419.773 1335.57 1235.57 700.975
420.144 1336.23 1236.23 701.05
420.515 1336.9 1236.9 701.125
420.885 1337.57 1237.57 701.2
421.255 1338.24 1238.24 701.275
421.624 1338.91 1238.91 701.35
421.993 1339.58 1239.58 701.425
422.362 1340.25 1240.25 701.5
422.731 1340.92 1240.92 701.575
423.099 1341.59 1241.59 701.65
423.467 1342.26 1242.26 701.725
423.834 1342.93 1242.93 701.8
424.201 1343.6 1243.6 701.875
424.568 1344.27 1244.27 701.95
424.934 1344.94 1244.94 702.025
425.3 1345.61 1245.61 702.1
425.666 1346.28 1246.28 702.175
426.031 1346.95 1246.95 702.25
426.396 1347.62 1247.62 702.325
426.761 1348.28 1248.28 702.4
427.125 1348.95 1248.95 702.475
427.489 1349.62 1249.62 702.55
427.852 1350.29 1250.29 702.625
428.216 1350.96 1250.96 702.7
428.579 1351.63 1251.63 702.775
428.941 1352.3 1252.3 702.85
429.303 1352.97 1252.97 702.925
429.665 1353.64 1253.64 703
430.027 1354.31 1254.31 703.075
430.388 1354.98 1254.98 703.15
430.749 1355.65 1255.65 703.225
431.109 1356.32 1256.32 703.3
431.469 1356.99 1256.99 703.375
431.829 1357.66 1257.66 703.45
432.189 1358.33 1258.33 703.525
432.548 1359 1259 703.6
432.907 1359.67 1259.67 703.675
433.265 1360.33 1260.33 703.75
433.623 1361 1261 703.825
433.981 1361.67 1261.67 703.9
434.338 1362.34 1262.34 703.975
434.695 1363.01 1263.01 704.05
435.052 1363.68 1263.68 704.125
435.409 1364.35 1264.35 704.2
435.765 1365.02 1265.02 704.275
436.12 1365.69 1265.69 704.35
436.476 1366.36 1266.36 704.425
436.831 1367.03 1267.03 704.5
437.186 1367.7 1267.7 704.575
437.54 1368.37 1268.37 704.65
437.894 1369.04 1269.04 704.725
438.248 1369.71 1269.71 704.8
438.601 1370.38 1270.38 704.875
438.954 1371.05 1271.05 704.95
439.307 1371.71 1271.71 705.025
439.659 1372.38 1272.38 705.1
440.011 1373.05 1273.05 705.175
440.363 1373.72 1273.72 705.25
440.714 1374.39 1274.39 705.325
441.065 1375.06 1275.06 705.4
441.416 1375.73 1275.73 705.475
441.767 1376.4 1276.4 705.55
442.117 1377.07 1277.07 705.625
442.466 1377.74 1277.74 705.7
442.816 1378.41 1278.41 705.775
443.165 1379.08 1279.08 705.85
443.513 1379.75 1279.75 705.925
443.862 1380.42 1280.42 706
444.21 1381.09 1281.09 706.075
444.558 1381.76 1281.76 706.15
444.905 1382.43 1282.43 706.225
445.252 1383.1 1283.1 706.3
445.599 1383.76 1283.76 706.375
445.945 1384.43 1284.43 706.45
446.291 1385.1 1285.1 706.525
446.637 1385.77 1285.77 706.6
446.982 1386.44 1286.44 706.675
447.328 1387.11 1287.11 706.75
447.672 1387.78 1287.78 706.825
448.017 1388.45 1288.45 706.9
448.361 1389.12 1289.12 706.975
448.705 1389.79 1289.79 707.05
449.048 1390.46 1290.46 707.125
449.391 1391.13 1291.13 707.2
449.734 1391.8 1291.8 707.275
450.077 1392.47 1292.47 707.35
450.419 1393.14 1293.14 707.425
450.761 1393.81 1293.81 707.5
451.102 1394.48 1294.48 707.575
451.443 1395.15 1295.15 707.65
451.784 1395.81 1295.81 707.725
452.125 1396.48 1296.48 707.8
452.465 1397.15 1297.15 707.875
452.805 1397.82 1297.82 707.95
453.144 1398.49 1298.49 708.025
453.484 1399.16 1299.16 708.1
453.822 1399.83 1299.83 708.175
454.161 1400.5 1300.5 708.25
454.499 1401.17 1301.17 708.325
454.837 1401.84 1301.84 708.4
455.175 1402.51 1302.51 708.475
455.512 1403.18 1303.18 708.55
455.849 1403.85 1303.85 708.625
456.186 1404.52 1304.52 708.7
456.522 1405.19 1305.19 708.775
456.858 1405.86 1305.86 708.85
457.194 1406.53 1306.53 708.925
457.529 1407.19 1307.19 709
457.865 1407.86 1307.86 709.075
458.199 1408.53 1308.53 709.15
458.534 1409.2 1309.2 709.225
458.868 1409.87 1309.87 709.3
459.202 1410.54 1310.54 709.375
459.535 1411.21 1311.21 709.45
459.868 1411.88 1311.88 709.525
460.201 1412.55 1312.55 709.6
460.534 1413.22 1313.22 709.675
460.866 1413.89 1313.89 709.75
461.198 1414.56 1314.56 709.825
461.53 1415.23 1315.23 709.9
461.861 1415.9 1315.9 709.975
462.192 1416.57 1316.57 710.05
462.523 1417.24 1317.24 710.125
462.853 1417.91 1317.91 710.2
463.183 1418.58 1318.58 710.275
463.513 1419.24 1319.24 710.35
463.842 1419.91 1319.91 710.425
464.171 1420.58 1320.58 710.5
464.5 1421.25 1321.25 710.575
464.829 1421.92 1321.92 710.65
465.157 1422.59 1322.59 710.725
465.485 1423.26 1323.26 710.8
465.812 1423.93 1323.93 710.875
466.139 1424.6 1324.6 710.95
466.466 1425.27 1325.27 711.025
466.793 1425.94 1325.94 711.1
467.119 1426.61 1326.61 711.175
467.445 1427.28 1327.28 711.25
467.771 1427.95 1327.95 711.325
468.096 1428.62 1328.62 711.4
468.421 1429.29 1329.29 711.475
468.746 1429.96 1329.96 711.55
469.071 1430.63 1330.63 711.625
469.395 1431.29 1331.29 711.7
469.719 1431.96 1331.96 711.775
470.042 1432.63 1332.63 711.85
470.366 1433.3 1333.3 711.925
470.688 1433.97 1333.97 712
471.011 1434.64 1334.64 712.075
471.333 1435.31 1335.31 712.15
471.655 1435.98 1335.98 712.225
471.977 1436.65 1336.65 712.3
472.299 1437.32 1337.32 712.375
472.62 1437.99 1337.99 712.45
472.941 1438.66 1338.66 712.525
473.261 1439.33 1339.33 712.6
473.581 1440 1340 712.675
473.901 1440.67 1340.67 712.75
474.221 1441.34 1341.34 712.825
474.54 1442.01 1342.01 712.9
474.859 1442.68 1342.68 712.975
475.178 1443.34 1343.34 713.05
475.496 1444.01 1344.01 713.125
475.814 1444.68 1344.68 713.2
476.132 1445.35 1345.35 713.275
476.449 1446.02 1346.02 713.35
476.767 1446.69 1346.69 713.425
477.084 1447.36 1347.36 713.5
477.4 1448.03 1348.03 713.575
477.716 1448.7 1348.7 713.65
478.032 1449.37 1349.37 713.725
478.348 1450.04 1350.04 713.8
478.664 1450.71 1350.71 713.875
478.979 1451.38 1351.38 713.95
479.293 1452.05 1352.05 714.025
479.608 1452.72 1352.72 714.1
479.922 1453.39 1353.39 714.175
480.236 1454.06 1354.06 714.25
480.55 1454.72 1354.72 714.325
480.863 1455.39 1355.39 714.4
481.176 1456.06 1356.06 714.475
481.489 1456.73 1356.73 714.55
481.801 1457.4 1357.4 714.625
482.113 1458.07 1358.07 714.7
482.425 1458.74 1358.74 714.775
482.737 1459.41 1359.41 714.85
483.048 1460.08 1360.08 714.925
483.359 1460.75 1360.75 715
483.67 1461.42 1361.42 715.075
483.98 1462.09 1362.09 715.15
484.29 1462.76 1362.76 715.225
484.6 1463.43 1363.43 715.3
484.91 1464.1 1364.1 715.375
485.219 1464.77 1364.77 715.45
485.528 1465.44 1365.44 715.525
485.836 1466.11 1366.11 715.6
486.145 1466.77 1366.77 715.675
486.453 1467.44 1367.44 715.75
486.76 1468.11 1368.11 715.825
487.068 1468.78 1368.78 715.9
487.375 1469.45 1369.45 715.975
487.682 1470.12 1370.12 716.05
487.989 1470.79 1370.79 716.125
488.295 1471.46 1371.46 716.2
488.601 1472.13 1372.13 716.275
488.907 1472.8 1372.8 716.35
489.212 1473.47 1373.47 716.425
489.517 1474.14 1374.14 716.5
489.822 1474.81 1374.81 716.575
490.127 1475.48 1375.48 716.65
490.431 1476.15 1376.15 716.725
490.735 1476.82 1376.82 716.8
491.039 1477.49 1377.49 716.875
491.343 1478.16 1378.16 716.95
491.646 1478.82 1378.82 717.025
491.949 1479.49 1379.49 717.1
492.251 1480.16 1380.16 717.175
492.554 1480.83 1380.83 717.25
492.856 1481.5 1381.5 717.325
493.157 1482.17 1382.17 717.4
493.459 1482.84 1382.84 717.475
493.76 1483.51 1383.51 717.55
494.061 1484.18 1384.18 717.625
494.362 1484.85 1384.85 717.7
494.662 1485.52 1385.52 717.775
494.962 1486.19 1386.19 717.85
495.262 1486.86 1386.86 717.925
495.561 1487.53 1387.53 718
495.861 1488.2 1388.2 718.075
496.16 1488.87 1388.87 718.15
496.458 1489.54 1389.54 718.225
496.757 1490.2 1390.2 718.3
497.055 1490.87 1390.87 718.375
497.353 1491.54 1391.54 718.45
497.65 1492.21 1392.21 718.525
497.947 1492.88 1392.88 718.6
498.244 1493.55 1393.55 718.675
498.541 1494.22 1394.22 718.75
498.838 1494.89 1394.89 718.825
499.134 1495.56 1395.56 718.9
499.43 1496.23 1396.23 718.975
499.725 1496.9 1396.9 719.05
500.021 1497.57 1397.57 719.125
500.316 1498.24 1398.24 719.2
500.611 1498.91 1398.91 719.275
500.905 1499.58 1399.58 719.35
501.199 1500.25 1400.25 719.425
501.493 1500.92 1400.92 719.5
501.787 1501.59 1401.59 719.575
502.08 1502.25 1402.25 719.65
502.374 1502.92 1402.92 719.725
502.666 1503.59 1403.59 719.8
502.959 1504.26 1404.26 719.875
503.251 1504.93 1404.93 719.95
503.543 1505.6 1405.6 720.025
503.835 1506.27 1406.27 720.1
504.127 1506.94 1406.94 720.175
504.418 1507.61 1407.61 720.25
504.709 1508.28 1408.28 720.325
505 1508.95 1408.95 720.4
505.29 1509.62 1409.62 720.475
505.58 1510.29 1410.29 720.55
505.87 1510.96 1410.96 720.625
506.16 1511.63 1411.63 720.7
506.449 1512.3 1412.3 720.775
506.738 1512.97 1412.97 720.85
507.027 1513.64 1413.64 720.925
507.316 1514.3 1414.3 721
507.604 1514.97 1414.97 721.075
507.892 1515.64 1415.64 721.15
508.18 1516.31 1416.31 721.225
508.467 1516.98 1416.98 721.3
508.755 1517.65 1417.65 721.375
509.041 1518.32 1418.32 721.45
509.328 1518.99 1418.99 721.525
509.615 1519.66 1419.66 721.6
509.901 1520.33 1420.33 721.675
510.187 1521 1421 721.75
510.472 1521.67 1421.67 721.825
510.758 1522.34 1422.34 721.9
511.043 1523.01 1423.01 721.975
511.328 1523.68 1423.68 722.05
511.612 1524.35 1424.35 722.125
511.897 1525.02 1425.02 722.2
512.181 1525.69 1425.69 722.275
512.464 1526.35 1426.35 722.35
512.748 1527.02 1427.02 722.425
513.031 1527.69 1427.69 722.5
513.314 1528.36 1428.36 722.575
513.597 1529.03 1429.03 722.65
513.879 1529.7 1429.7 722.725
514.162 1530.37 1430.37 722.8
514.444 1531.04 1431.04 722.875
514.725 1531.71 1431.71 722.95
515.007 1532.38 1432.38 723.025
515.288 1533.05 1433.05 723.1
515.569 1533.72 1433.72 723.175
515.85 1534.39 1434.39 723.25
516.13 1535.06 1435.06 723.325
516.41 1535.73 1435.73 723.4
516.69 1536.4 1436.4 723.475
516.97 1537.07 1437.07 723.55
517.249 1537.73 1437.73 723.625
517.528 1538.4 1438.4 723.7
517.807 1539.07 1439.07 723.775
518.086 1539.74 1439.74 723.85
518.364 1540.41 1440.41 723.925
518.642 1541.08 1441.08 724
518.92 1541.75 1441.75 724.075
519.198 1542.42 1442.42 724.15
519.475 1543.09 1443.09 724.225
519.752 1543.76 1443.76 724.3
520.029 1544.43 1444.43 724.375
520.306 1545.1 1445.1 724.45
520.582 1545.77 1445.77 724.525
520.858 1546.44 1446.44 724.6
521.134 1547.11 1447.11 724.675
521.41 1547.78 1447.78 724.75
521.685 1548.45 1448.45 724.825
521.96 1549.12 1449.12 724.9
522.235 1549.78 1449.78 724.975
522.509 1550.45 1450.45 725.05
522.784 1551.12 1451.12 725.125
523.058 1551.79 1451.79 725.2
523.332 1552.46 1452.46 725.275
523.605 1553.13 1453.13 725.35
523.878 1553.8 1453.8 725.425
524.152 1554.47 1454.47 725.5
524.424 1555.14 1455.14 725.575
524.697 1555.81 1455.81 725.65
524.969 1556.48 1456.48 725.725
525.241 1557.15 1457.15 725.8
525.513 1557.82 1457.82 725.875
525.785 1558.49 1458.49 725.95
526.056 1559.16 1459.16 726.025
526.327 1559.83 1459.83 726.1
526.598 1560.5 1460.5 726.175
526.869 1561.17 1461.17 726.25
527.139 1561.83 1461.83 726.325
527.409 1562.5 1462.5 726.4
527.679 1563.17 1463.17 726.475
527.949 1563.84 1463.84 726.55
528.218 1564.51 1464.51 726.625
528.487 1565.18 1465.18 726.7
528.756 1565.85 1465.85 726.775
529.025 1566.52 1466.52 726.85
529.293 1567.19 1467.19 726.925
529.561 1567.86 1467.86 727
529.829 1568.53 1468.53 727.075
530.097 1569.2 1469.2 727.15
530.364 1569.87 1469.87 727.225
530.632 1570.54 1470.54 727.3
530.899 1571.21 1471.21 727.375
531.165 1571.88 1471.88 727.45
531.432 1572.55 1472.55 727.525
531.698 1573.21 1473.21 727.6
531.964 1573.88 1473.88 727.675
532.23 1574.55 1474.55 727.75
532.495 1575.22 1475.22 727.825
532.761 1575.89 1475.89 727.9
533.026 1576.56 1476.56 727.975
533.291 1577.23 1477.23 728.05
533.555 1577.9 1477.9 728.125
533.819 1578.57 1478.57 728.2
534.084 1579.24 1479.24 728.275
534.347 1579.91 1479.91 728.35
534.611 1580.58 1480.58 728.425
534.874 1581.25 1481.25 728.5
535.138 1581.92 1481.92 728.575
535.401 1582.59 1482.59 728.65
535.663 1583.26 1483.26 728.725
535.926 1583.93 1483.93 728.8
536.188 1584.6 1484.6 728.875
536.45 1585.26 1485.26 728.95
536.712 1585.93 1485.93 729.025
536.973 1586.6 1486.6 729.1
537.234 1587.27 1487.27 729.175
537.495 1587.94 1487.94 729.25
537.756 1588.61 1488.61 729.325
538.017 1589.28 1489.28 729.4
538.277 1589.95 1489.95 729.475
538.537 1590.62 1490.62 729.55
538.797 1591.29 1491.29 729.625
539.057 1591.96 1491.96 729.7
539.316 1592.63 1492.63 729.775
539.576 1593.3 1493.3 729.85
539.834 1593.97 1493.97 729.925
540.093 1594.64 1494.64 730
540.352 1595.31 1495.31 730.075
540.61 1595.98 1495.98 730.15
540.868 1596.65 1496.65 730.225
541.126 1597.31 1497.31 730.3
541.383 1597.98 1497.98 730.375
541.641 1598.65 1498.65 730.45
541.898 1599.32 1499.32 730.525
542.155 1599.99 1499.99 730.6
542.412 1600.66 1500.66 730.675
542.668 1601.33 1501.33 730.75
542.924 1602 1502 730.825
543.18 1602.67 1502.67 730.9
543.436 1603.34 1503.34 730.975
543.692 1604.01 1504.01 731.05
543.947 1604.68 1504.68 731.125
544.202 1605.35 1505.35 731.2
544.457 1606.02 1506.02 731.275
544.712 1606.69 1506.69 731.35
544.966 1607.36 1507.36 731.425
545.22 1608.03 1508.03 731.5
545.474 1608.69 1508.69 731.575
545.728 1609.36 1509.36 731.65
545.982 1610.03 1510.03 731.725
546.235 1610.7 1510.7 731.8
546.488 1611.37 1511.37 731.875
546.741 1612.04 1512.04 731.95
546.993 1612.71 1512.71 732.025
547.246 1613.38 1513.38 732.1
547.498 1614.05 1514.05 732.175
547.75 1614.72 1514.72 732.25
548.002 1615.39 1515.39 732.325
548.253 1616.06 1516.06 732.4
548.505 1616.73 1516.73 732.475
548.756 1617.4 1517.4 732.55
549.007 1618.07 1518.07 732.625
549.257 1618.74 1518.74 732.7
549.508 1619.41 1519.41 732.775
549.758 1620.08 1520.08 732.85
550.008 1620.74 1520.74 732.925
550.258 1621.41 1521.41 733
550.508 1622.08 1522.08 733.075
550.757 1622.75 1522.75 733.15
551.006 1623.42 1523.42 733.225
551.255 1624.09 1524.09 733.3
551.504 1624.76 1524.76 733.375
551.752 1625.43 1525.43 733.45
552.001 1626.1 1526.1 733.525
552.249 1626.77 1526.77 733.6
552.497 1627.44 1527.44 733.675
552.744 1628.11 1528.11 733.75
552.992 1628.78 1528.78 733.825
553.239 1629.45 1529.45 733.9
553.486 1630.12 1530.12 733.975
553.733 1630.79 1530.79 734.05
553.979 1631.46 1531.46 734.125
554.226 1632.13 1532.13 734.2
554.472 1632.79 1532.79 734.275
554.718 1633.46 1533.46 734.35
554.964 1634.13 1534.13 734.425
555.209 1634.8 1534.8 734.5
555.454 1635.47 1535.47 734.575
555.7 1636.14 1536.14 734.65
555.944 1636.81 1536.81 734.725
556.189 1637.48 1537.48 734.8
556.434 1638.15 1538.15 734.875
556.678 1638.82 1538.82 734.95
556.922 1639.49 1539.49 735.025
557.166 1640.16 1540.16 735.1
557.409 1640.83 1540.83 735.175
557.653 1641.5 1541.5 735.25
557.896 1642.17 1542.17 735.325
558.139 1642.84 1542.84 735.4
558.382 1643.51 1543.51 735.475
558.625 1644.18 1544.18 735.55
558.867 1644.84 1544.84 735.625
559.109 1645.51 1545.51 735.7
559.351 1646.18 1546.18 735.775
559.593 1646.85 1546.85 735.85
559.835 1647.52 1547.52 735.925
560.076 1648.19 1548.19 736
560.317 1648.86 1548.86 736.075
560.558 1649.53 1549.53 736.15
560.799 1650.2 1550.2 736.225
561.039 1650.87 1550.87 736.3
561.28 1651.54 1551.54 736.375
561.52 1652.21 1552.21 736.45
561.76 1652.88 1552.88 736.525
562 1653.55 1553.55 736.6
562.239 1654.22 1554.22 736.675
562.479 1654.89 1554.89 736.75
562.718 1655.56 1555.56 736.825
562.957 1656.22 1556.22 736.9
563.196 1656.89 1556.89 736.975
563.434 1657.56 1557.56 737.05
563.672 1658.23 1558.23 737.125
563.911 1658.9 1558.9 737.2
564.149 1659.57 1559.57 737.275
564.386 1660.24 1560.24 737.35
564.624 1660.91 1560.91 737.425
564.861 1661.58 1561.58 737.5
565.098 1662.25 1562.25 737.575
565.335 1662.92 1562.92 737.65
565.572 1663.59 1563.59 737.725
565.809 1664.26 1564.26 737.8
566.045 1664.93 1564.93 737.875
566.281 1665.6 1565.6 737.95
566.517 1666.27 1566.27 738.025
566.753 1666.94 1566.94 738.1
566.989 1667.61 1567.61 738.175
567.224 1668.27 1568.27 738.25
567.459 1668.94 1568.94 738.325
567.694 1669.61 1569.61 738.4
567.929 1670.28 1570.28 738.475
568.164 1670.95 1570.95 738.55
568.398 1671.62 1571.62 738.625
568.632 1672.29 1572.29 738.7
568.866 1672.96 1572.96 738.775
569.1 1673.63 1573.63 738.85
569.334 1674.3 1574.3 738.925
569.567 1674.97 1574.97 739
569.801 1675.64 1575.64 739.075
570.034 1676.31 1576.31 739.15
570.267 1676.98 1576.98 739.225
570.499 1677.65 1577.65 739.3
570.732 1678.32 1578.32 739.375
570.964 1678.99 1578.99 739.45
571.196 1679.66 1579.66 739.525
571.428 1680.32 1580.32 739.6
571.66 1680.99 1580.99 739.675
571.892 1681.66 1581.66 739.75
572.123 1682.33 1582.33 739.825
572.354 1683 1583 739.9
572.585 1683.67 1583.67 739.975
572.816 1684.34 1584.34 740.05
573.047 1685.01 1585.01 740.125
573.277 1685.68 1585.68 740.2
573.507 1686.35 1586.35 740.275
573.737 1687.02 1587.02 740.35
573.967 1687.69 1587.69 740.425
574.197 1688.36 1588.36 740.5
574.426 1689.03 1589.03 740.575
574.656 1689.7 1589.7 740.65
574.885 1690.37 1590.37 740.725
575.114 1691.04 1591.04 740.8
575.342 1691.7 1591.7 740.875
575.571 1692.37 1592.37 740.95
575.799 1693.04 1593.04 741.025
576.027 1693.71 1593.71 741.1
576.255 1694.38 1594.38 741.175
576.483 1695.05 1595.05 741.25
576.71 1695.72 1595.72 741.325
576.938 1696.39 1596.39 741.4
577.165 1697.06 1597.06 741.475
577.392 1697.73 1597.73 741.55
577.619 1698.4 1598.4 741.625
577.845 1699.07 1599.07 741.7
578.071 1699.74 1599.74 741.775
578.297 1700.41 1600.41 741.85
578.523 1701.08 1601.08 741.925
578.749 1701.75 1601.75 742
578.974 1702.42 1602.42 742.075
579.2 1703.09 1603.09 742.15
579.425 1703.75 1603.75 742.225
579.65 1704.42 1604.42 742.3
579.874 1705.09 1605.09 742.375
580.099 1705.76 1605.76 742.45
580.323 1706.43 1606.43 742.525
580.547 1707.1 1607.1 742.6
580.771 1707.77 1607.77 742.675
580.994 1708.44 1608.44 742.75
581.218 1709.11 1609.11 742.825
581.441 1709.78 1609.78 742.9
581.664 1710.45 1610.45 742.975
581.886 1711.12 1611.12 743.05
582.109 1711.79 1611.79 743.125
582.331 1712.46 1612.46 743.2
582.553 1713.13 1613.13 743.275
582.775 1713.8 1613.8 743.35
582.997 1714.47 1614.47 743.425
583.218 1715.14 1615.14 743.5
583.439 1715.8 1615.8 743.575
583.66 1716.47 1616.47 743.65
583.881 1717.14 1617.14 743.725
584.101 1717.81 1617.81 743.8
584.322 1718.48 1618.48 743.875
584.542 1719.15 1619.15 743.95
584.761 1719.82 1619.82 744.025
584.981 1720.49 1620.49 744.1
585.2 1721.16 1621.16 744.175
585.419 1721.83 1621.83 744.25
585.638 1722.5 1622.5 744.325
585.857 1723.17 1623.17 744.4
586.075 1723.84 1623.84 744.475
586.294 1724.51 1624.51 744.55
586.512 1725.18 1625.18 744.625
586.729 1725.85 1625.85 744.7
586.947 1726.52 1626.52 744.775
587.164 1727.19 1627.19 744.85
587.381 1727.85 1627.85 744.925
587.598 1728.52 1628.52 745
587.814 1729.19 1629.19 745.075
588.031 1729.86 1629.86 745.15
588.247 1730.53 1630.53 745.225
588.462 1731.2 1631.2 745.3
588.678 1731.87 1631.87 745.375
588.893 1732.54 1632.54 745.45
589.108 1733.21 1633.21 745.525
589.323 1733.88 1633.88 745.6
589.538 1734.55 1634.55 745.675
589.752 1735.22 1635.22 745.75
589.966 1735.89 1635.89 745.825
590.18 1736.56 1636.56 745.9
590.394 1737.23 1637.23 745.975
590.607 1737.9 1637.9 746.05
590.82 1738.57 1638.57 746.125
591.033 1739.23 1639.23 746.2
591.246 1739.9 1639.9 746.275
591.458 1740.57 1640.57 746.35
591.67 1741.24 1641.24 746.425
591.882 1741.91 1641.91 746.5
592.094 1742.58 1642.58 746.575
592.305 1743.25 1643.25 746.65
592.516 1743.92 1643.92 746.725
592.727 1744.59 1644.59 746.8
592.938 1745.26 1645.26 746.875
593.148 1745.93 1645.93 746.95
593.358 1746.6 1646.6 747.025
593.568 1747.27 1647.27 747.1
593.777 1747.94 1647.94 747.175
593.987 1748.61 1648.61 747.25
594.196 1749.28 1649.28 747.325
594.404 1749.95 1649.95 747.4
594.613 1750.62 1650.62 747.475
594.821 1751.28 1651.28 747.55
595.029 1751.95 1651.95 747.625
595.237 1752.62 1652.62 747.7
595.444 1753.29 1653.29 747.775
595.651 1753.96 1653.96 747.85
595.858 1754.63 1654.63 747.925
596.065 1755.3 1655.3 748
596.271 1755.97 1655.97 748.075
596.477 1756.64 1656.64 748.15
596.683 1757.31 1657.31 748.225
596.889 1757.98 1657.98 748.3
597.094 1758.65 1658.65 748.375
597.299 1759.32 1659.32 748.45
597.504 1759.99 1659.99 748.525
597.708 1760.66 1660.66 748.6
597.912 1761.33 1661.33 748.675
598.116 1762 1662 748.75
598.32 1762.67 1662.67 748.825
598.523 1763.33 1663.33 748.9
598.726 1764 1664 748.975
598.929 1764.67 1664.67 749.05
599.132 1765.34 1665.34 749.125
599.334 1766.01 1666.01 749.2
599.536 1766.68 1666.68 749.275
599.737 1767.35 1667.35 749.35
599.939 1768.02 1668.02 749.425
600.14 1768.69 1668.69 749.5
600.341 1769.36 1669.36 749.575
600.541 1770.03 1670.03 749.65
600.742 1770.7 1670.7 749.725
600.942 1771.37 1671.37 749.8
601.141 1772.04 1672.04 749.875
601.341 1772.71 1672.71 749.95
601.54 1773.38 1673.38 750.025
601.738 1774.05 1674.05 750.1
601.937 1774.71 1674.71 750.175
602.135 1775.38 1675.38 750.25
602.333 1776.05 1676.05 750.325
602.531 1776.72 1676.72 750.4
602.728 1777.39 1677.39 750.475
602.925 1778.06 1678.06 750.55
603.122 1778.73 1678.73 750.625
603.318 1779.4 1679.4 750.7
603.514 1780.07 1680.07 750.775
603.71 1780.74 1680.74 750.85
603.906 1781.41 1681.41 750.925
604.101 1782.08 1682.08 751
604.296 1782.75 1682.75 751.075
604.491 1783.42 1683.42 751.15
604.685 1784.09 1684.09 751.225
604.879 1784.76 1684.76 751.3
605.073 1785.43 1685.43 751.375
605.266 1786.1 1686.1 751.45
605.46 1786.76 1686.76 751.525
605.652 1787.43 1687.43 751.6
605.845 1788.1 1688.1 751.675
606.037 1788.77 1688.77 751.75
606.229 1789.44 1689.44 751.825
606.421 1790.11 1690.11 751.9
606.612 1790.78 1690.78 751.975
606.803 1791.45 1691.45 752.05
606.994 1792.12 1692.12 752.125
607.184 1792.79 1692.79 752.2
607.374 1793.46 1693.46 752.275
607.564 1794.13 1694.13 752.35
607.753 1794.8 1694.8 752.425
607.942 1795.47 1695.47 752.5
608.131 1796.14 1696.14 752.575
608.32 1796.81 1696.81 752.65
608.508 1797.48 1697.48 752.725
608.696 1798.15 1698.15 752.8
608.883 1798.81 1698.81 752.875
609.07 1799.48 1699.48 752.95
609.257 1800.15 1700.15 753.025
609.444 1800.82 1700.82 753.1
609.63 1801.49 1701.49 753.175
609.816 1802.16 1702.16 753.25
610.002 1802.83 1702.83 753.325
610.187 1803.5 1703.5 753.4
610.372 1804.17 1704.17 753.475
610.556 1804.84 1704.84 753.55
610.741 1805.51 1705.51 753.625
610.925 1806.18 1706.18 753.7
611.108 1806.85 1706.85 753.775
611.292 1807.52 1707.52 753.85
611.475 1808.19 1708.19 753.925
611.657 1808.86 1708.86 754
611.84 1809.53 1709.53 754.075
612.022 1810.2 1710.2 754.15
612.203 1810.86 1710.86 754.225
612.385 1811.53 1711.53 754.3
612.566 1812.2 1712.2 754.375
612.746 1812.87 1712.87 754.45
612.927 1813.54 1713.54 754.525
613.107 1814.21 1714.21 754.6
613.286 1814.88 1714.88 754.675
613.466 1815.55 1715.55 754.75
613.645 1816.22 1716.22 754.825
613.823 1816.89 1716.89 754.9
614.001 1817.56 1717.56 754.975
614.179 1818.23 1718.23 755.05
614.357 1818.9 1718.9 755.125
614.534 1819.57 1719.57 755.2
614.711 1820.24 1720.24 755.275
614.888 1820.91 1720.91 755.35
615.064 1821.58 1721.58 755.425
615.24 1822.24 1722.24 755.5
615.416 1822.91 1722.91 755.575
615.591 1823.58 1723.58 755.65
615.766 1824.25 1724.25 755.725
615.94 1824.92 1724.92 755.8
616.114 1825.59 1725.59 755.875
616.288 1826.26 1726.26 755.95
616.462 1826.93 1726.93 756.025
616.635 1827.6 1727.6 756.1
616.807 1828.27 1728.27 756.175
616.98 1828.94 1728.94 756.25
617.152 1829.61 1729.61 756.325
617.323 1830.28 1730.28 756.4
617.495 1830.95 1730.95 756.475
617.666 1831.62 1731.62 756.55
617.836 1832.29 1732.29 756.625
618.007 1832.96 1732.96 756.7
618.177 1833.63 1733.63 756.775
618.346 1834.29 1734.29 756.85
618.515 1834.96 1734.96 756.925
618.684 1835.63 1735.63 757
618.853 1836.3 1736.3 757.075
619.021 1836.97 1736.97 757.15
619.188 1837.64 1737.64 757.225
619.356 1838.31 1738.31 757.3
619.523 1838.98 1738.98 757.375
619.689 1839.65 1739.65 757.45
619.856 1840.32 1740.32 757.525
620.022 1840.99 1740.99 757.6
620.187 1841.66 1741.66 757.675
620.352 1842.33 1742.33 757.75
620.517 1843 1743 757.825
620.682 1843.67 1743.67 757.9
620.846 1844.34 1744.34 757.975
621.009 1845.01 1745.01 758.05
621.173 1845.68 1745.68 758.125
621.336 1846.34 1746.34 758.2
621.498 1847.01 1747.01 758.275
621.66 1847.68 1747.68 758.35
621.822 1848.35 1748.35 758.425
621.984 1849.02 1749.02 758.5
622.145 1849.69 1749.69 758.575
622.305 1850.36 1750.36 758.65
622.466 1851.03 1751.03 758.725
622.626 1851.7 1751.7 758.8
622.785 1852.37 1752.37 758.875
622.944 1853.04 1753.04 758.95
623.103 1853.71 1753.71 759.025
623.262 1854.38 1754.38 759.1
623.42 1855.05 1755.05 759.175
623.577 1855.72 1755.72 759.25
623.735 1856.39 1756.39 759.325
623.891 1857.06 1757.06 759.4
624.048 1857.72 1757.72 759.475
624.204 1858.39 1758.39 759.55
624.36 1859.06 1759.06 759.625
624.515 1859.73 1759.73 759.7
624.67 1860.4 1760.4 759.775
624.825 1861.07 1761.07 759.85
624.979 1861.74 1761.74 759.925
625.132 1862.41 1762.41 760
625.286 1863.08 1763.08 760.075
625.439 1863.75 1763.75 760.15
625.591 1864.42 1764.42 760.225
625.744 1865.09 1765.09 760.3
625.895 1865.76 1765.76 760.375
626.047 1866.43 1766.43 760.45
626.198 1867.1 1767.1 760.525
626.349 1867.77 1767.77 760.6
626.499 1868.44 1768.44 760.675
626.649 1869.11 1769.11 760.75
626.798 1869.77 1769.77 760.825
626.947 1870.44 1770.44 760.9
627.096 1871.11 1771.11 760.975
627.245 1871.78 1771.78 761.05
627.393 1872.45 1772.45 761.125
627.54 1873.12 1773.12 761.2
627.688 1873.79 1773.79 761.275
627.835 1874.46 1774.46 761.35
627.981 1875.13 1775.13 761.425
628.128 1875.8 1775.8 761.5
628.273 1876.47 1776.47 761.575
628.419 1877.14 1777.14 761.65
628.564 1877.81 1777.81 761.725
628.709 1878.48 1778.48 761.8
628.854 1879.15 1779.15 761.875
628.998 1879.82 1779.82 761.95
629.141 1880.49 1780.49 762.025
629.285 1881.16 1781.16 762.1
629.428 1881.82 1781.82 762.175
629.571 1882.49 1782.49 762.25
629.713 1883.16 1783.16 762.325
629.855 1883.83 1783.83 762.4
629.997 1884.5 1784.5 762.475
630.138 1885.17 1785.17 762.55
630.279 1885.84 1785.84 762.625
630.42 1886.51 1786.51 762.7
630.561 1887.18 1787.18 762.775
630.701 1887.85 1787.85 762.85
630.84 1888.52 1788.52 762.925
630.98 1889.19 1789.19 763
631.119 1889.86 1789.86 763.075
631.258 1890.53 1790.53 763.15
631.396 1891.2 1791.2 763.225
631.534 1891.87 1791.87 763.3
631.672 1892.54 1792.54 763.375
631.81 1893.21 1793.21 763.45
631.947 1893.87 1793.87 763.525
632.084 1894.54 1794.54 763.6
632.221 1895.21 1795.21 763.675
632.357 1895.88 1795.88 763.75
632.493 1896.55 1796.55 763.825
632.629 1897.22 1797.22 763.9
632.764 1897.89 1797.89 763.975
632.899 1898.56 1798.56 764.05
633.034 1899.23 1799.23 764.125
633.168 1899.9 1799.9 764.2
633.303 1900.57 1800.57 764.275
633.437 1901.24 1801.24 764.35
633.57 1901.91 1801.91 764.425
633.704 1902.58 1802.58 764.5
633.837 1903.25 1803.25 764.575
633.969 1903.92 1803.92 764.65
634.102 1904.59 1804.59 764.725
634.234 1905.25 1805.25 764.8
634.366 1905.92 1805.92 764.875
634.498 1906.59 1806.59 764.95
634.629 1907.26 1807.26 765.025
634.76 1907.93 1807.93 765.1
634.891 1908.6 1808.6 765.175
635.022 1909.27 1809.27 765.25
635.152 1909.94 1809.94 765.325
635.282 1910.61 1810.61 765.4
635.412 1911.28 1811.28 765.475
635.541 1911.95 1811.95 765.55
635.67 1912.62 1812.62 765.625
635.799 1913.29 1813.29 765.7
635.928 1913.96 1813.96 765.775
636.056 1914.63 1814.63 765.85
636.185 1915.3 1815.3 765.925
636.313 1915.97 1815.97 766
636.44 1916.64 1816.64 766.075
636.568 1917.3 1817.3 766.15
636.695 1917.97 1817.97 766.225
636.822 1918.64 1818.64 766.3
636.949 1919.31 1819.31 766.375
637.075 1919.98 1819.98 766.45
637.201 1920.65 1820.65 766.525
637.327 1921.32 1821.32 766.6
637.453 1921.99 1821.99 766.675
637.579 1922.66 1822.66 766.75
637.704 1923.33 1823.33 766.825
637.829 1924 1824 766.9
637.954 1924.67 1824.67 766.975
638.078 1925.34 1825.34 767.05
638.203 1926.01 1826.01 767.125
638.327 1926.68 1826.68 767.2
638.451 1927.35 1827.35 767.275
638.574 1928.02 1828.02 767.35
638.698 1928.69 1828.69 767.425
638.821 1929.35 1829.35 767.5
638.944 1930.02 1830.02 767.575
639.067 1930.69 1830.69 767.65
639.19 1931.36 1831.36 767.725
639.312 1932.03 1832.03 767.8
639.434 1932.7 1832.7 767.875
639.556 1933.37 1833.37 767.95
639.678 1934.04 1834.04 768.025
639.8 1934.71 1834.71 768.1
639.921 1935.38 1835.38 768.175
640.042 1936.05 1836.05 768.25
640.163 1936.72 1836.72 768.325
640.284 1937.39 1837.39 768.4
640.405 1938.06 1838.06 768.475
640.525 1938.73 1838.73 768.55
640.645 1939.4 1839.4 768.625
640.765 1940.07 1840.07 768.7
640.885 1940.73 1840.73 768.775
641.005 1941.4 1841.4 768.85
641.124 1942.07 1842.07 768.925
641.243 1942.74 1842.74 769
641.363 1943.41 1843.41 769.075
641.481 1944.08 1844.08 769.15
641.6 1944.75 1844.75 769.225
641.719 1945.42 1845.42 769.3
641.837 1946.09 1846.09 769.375
641.955 1946.76 1846.76 769.45
642.073 1947.43 1847.43 769.525
642.191 1948.1 1848.1 769.6
642.309 1948.77 1848.77 769.675
642.427 1949.44 1849.44 769.75
642.544 1950.11 1850.11 769.825
642.661 1950.78 1850.78 769.9
642.778 1951.45 1851.45 769.975
642.895 1952.12 1852.12 770.05
643.012 1952.78 1852.78 770.125
643.129 1953.45 1853.45 770.2
643.245 1954.12 1854.12 770.275
643.361 1954.79 1854.79 770.35
643.478 1955.46 1855.46 770.425
643.594 1956.13 1856.13 770.5
643.709 1956.8 1856.8 770.575
643.825 1957.47 1857.47 770.65
643.941 1958.14 1858.14 770.725
644.056 1958.81 1858.81 770.8
644.171 1959.48 1859.48 770.875
644.287 1960.15 1860.15 770.95
644.402 1960.82 1860.82 771.025
644.516 1961.49 1861.49 771.1
644.631 1962.16 1862.16 771.175
644.746 1962.83 1862.83 771.25
644.86 1963.5 1863.5 771.325
644.975 1964.17 1864.17 771.4
645.089 1964.83 1864.83 771.475
645.203 1965.5 1865.5 771.55
645.317 1966.17 1866.17 771.625
645.431 1966.84 1866.84 771.7
645.545 1967.51 1867.51 771.775
645.658 1968.18 1868.18 771.85
645.772 1968.85 1868.85 771.925
645.885 1969.52 1869.52 772
645.999 1970.19 1870.19 772.075
646.112 1970.86 1870.86 772.15
646.225 1971.53 1871.53 772.225
646.338 1972.2 1872.2 772.3
646.451 1972.87 1872.87 772.375
646.564 1973.54 1873.54 772.45
646.677 1974.21 1874.21 772.525
646.789 1974.88 1874.88 772.6
646.902 1975.55 1875.55 772.675
647.014 1976.22 1876.22 772.75
647.126 1976.88 1876.88 772.825
647.239 1977.55 1877.55 772.9
647.351 1978.22 1878.22 772.975
647.463 1978.89 1878.89 773.05
647.575 1979.56 1879.56 773.125
647.687 1980.23 1880.23 773.2
647.798 1980.9 1880.9 773.275
647.91 1981.57 1881.57 773.35
648.022 1982.24 1882.24 773.425
648.133 1982.91 1882.91 773.5
648.245 1983.58 1883.58 773.575
648.356 1984.25 1884.25 773.65
648.468 1984.92 1884.92 773.725
648.579 1985.59 1885.59 773.8
648.69 1986.26 1886.26 773.875
648.801 1986.93 1886.93 773.95
648.912 1987.6 1887.6 774.025
649.023 1988.26 1888.26 774.1
649.134 1988.93 1888.93 774.175
649.245 1989.6 1889.6 774.25
649.356 1990.27 1890.27 774.325
649.467 1990.94 1890.94 774.4
649.578 1991.61 1891.61 774.475
649.688 1992.28 1892.28 774.55
649.799 1992.95 1892.95 774.625
649.91 1993.62 1893.62 774.7
650.02 1994.29 1894.29 774.775
650.131 1994.96 1894.96 774.85
650.241 1995.63 1895.63 774.925
650.352 1996.3 1896.3 775
650.462 1996.97 1896.97 775.075
650.572 1997.64 1897.64 775.15
650.683 1998.31 1898.31 775.225
650.793 1998.98 1898.98 775.3
650.903 1999.65 1899.65 775.375
651.013 2000.31 1900.31 775.45
651.123 2000.98 1900.98 775.525
651.234 2001.65 1901.65 775.6
651.344 2002.32 1902.32 775.675
651.454 2002.99 1902.99 775.75
651.564 2003.66 1903.66 775.825
651.674 2004.33 1904.33 775.9
651.784 2005 1905 775.975
651.894 2005.67 1905.67 776.05
652.004 2006.34 1906.34 776.125
652.114 2007.01 1907.01 776.2
652.224 2007.68 1907.68 776.275
652.334 2008.35 1908.35 776.35
652.444 2009.02 1909.02 776.425
652.554 2009.69 1909.69 776.5
652.664 2010.36 1910.36 776.575
652.774 2011.03 1911.03 776.65
652.884 2011.7 1911.7 776.725
652.994 2012.36 1912.36 776.8
653.104 2013.03 1913.03 776.875
653.214 2013.7 1913.7 776.95
653.324 2014.37 1914.37 777.025
653.434 2015.04 1915.04 777.1
653.544 2015.71 1915.71 777.175
653.654 2016.38 1916.38 777.25
653.764 2017.05 1917.05 777.325
653.874 2017.72 1917.72 777.4
653.984 2018.39 1918.39 777.475
654.094 2019.06 1919.06 777.55
654.204 2019.73 1919.73 777.625
654.314 2020.4 1920.4 777.7
654.424 2021.07 1921.07 777.775
654.534 2021.74 1921.74 777.85
654.644 2022.41 1922.41 777.925
654.755 2023.08 1923.08 778
654.865 2023.74 1923.74 778.075
654.975 2024.41 1924.41 778.15
655.086 2025.08 1925.08 778.225
655.196 2025.75 1925.75 778.3
655.306 2026.42 1926.42 778.375
655.417 2027.09 1927.09 778.45
655.527 2027.76 1927.76 778.525
655.638 2028.43 1928.43 778.6
655.748 2029.1 1929.1 778.675
655.859 2029.77 1929.77 778.75
655.97 2030.44 1930.44 778.825
656.08 2031.11 1931.11 778.9
656.191 2031.78 1931.78 778.975
656.302 2032.45 1932.45 779.05
656.413 2033.12 1933.12 779.125
656.524 2033.79 1933.79 779.2
656.635 2034.46 1934.46 779.275
656.746 2035.13 1935.13 779.35
656.857 2035.79 1935.79 779.425
656.968 2036.46 1936.46 779.5
657.079 2037.13 1937.13 779.575
657.191 2037.8 1937.8 779.65
657.302 2038.47 1938.47 779.725
657.413 2039.14 1939.14 779.8
657.525 2039.81 1939.81 779.875
657.637 2040.48 1940.48 779.95
657.748 2041.15 1941.15 780.025
657.86 2041.82 1941.82 780.1
657.972 2042.49 1942.49 780.175
658.084 2043.16 1943.16 780.25
658.196 2043.83 1943.83 780.325
658.308 2044.5 1944.5 780.4
658.42 2045.17 1945.17 780.475
658.532 2045.84 1945.84 780.55
658.644 2046.51 1946.51 780.625
658.757 2047.18 1947.18 780.7
658.869 2047.84 1947.84 780.775
658.982 2048.51 1948.51 780.85
659.095 2049.18 1949.18 780.925
659.207 2049.85 1949.85 781
659.32 2050.52 1950.52 781.075
659.433 2051.19 1951.19 781.15
659.546 2051.86 1951.86 781.225
659.659 2052.53 1952.53 781.3
659.772 2053.2 1953.2 781.375
659.885 2053.87 1953.87 781.45
659.998 2054.54 1954.54 781.525
660.112 2055.21 1955.21 781.6
660.225 2055.88 1955.88 781.675
660.339 2056.55 1956.55 781.75
660.452 2057.22 1957.22 781.825
660.566 2057.89 1957.89 781.9
660.68 2058.56 1958.56 781.975
660.794 2059.23 1959.23 782.05
660.908 2059.89 1959.89 782.125
661.022 2060.56 1960.56 782.2
661.136 2061.23 1961.23 782.275
661.25 2061.9 1961.9 782.35
661.364 2062.57 1962.57 782.425
661.478 2063.24 1963.24 782.5
661.593 2063.91 1963.91 782.575
661.707 2064.58 1964.58 782.65
661.822 2065.25 1965.25 782.725
661.937 2065.92 1965.92 782.8
662.051 2066.59 1966.59 782.875
662.166 2067.26 1967.26 782.95
662.281 2067.93 1967.93 783.025
662.396 2068.6 1968.6 783.1
662.511 2069.27 1969.27 783.175
662.626 2069.94 1969.94 783.25
662.742 2070.61 1970.61 783.325
662.857 2071.27 1971.27 783.4
662.972 2071.94 1971.94 783.475
663.088 2072.61 1972.61 783.55
663.204 2073.28 1973.28 783.625
663.319 2073.95 1973.95 783.7
663.435 2074.62 1974.62 783.775
663.551 2075.29 1975.29 783.85
663.667 2075.96 1975.96 783.925
663.783 2076.63 1976.63 784
663.899 2077.3 1977.3 784.075
664.015 2077.97 1977.97 784.15
664.131 2078.64 1978.64 784.225
664.248 2079.31 1979.31 784.3
664.364 2079.98 1979.98 784.375
664.481 2080.65 1980.65 784.45
664.597 2081.32 1981.32 784.525
664.714 2081.99 1981.99 784.6
664.831 2082.66 1982.66 784.675
664.948 2083.32 1983.32 784.75
665.065 2083.99 1983.99 784.825
665.182 2084.66 1984.66 784.9
665.299 2085.33 1985.33 784.975
665.416 2086 1986 785.05
665.533 2086.67 1986.67 785.125
665.651 2087.34 1987.34 785.2
665.768 2088.01 1988.01 785.275
665.886 2088.68 1988.68 785.35
666.003 2089.35 1989.35 785.425
666.121 2090.02 1990.02 785.5
666.239 2090.69 1990.69 785.575
666.357 2091.36 1991.36 785.65
666.475 2092.03 1992.03 785.725
666.593 2092.7 1992.7 785.8
666.711 2093.37 1993.37 785.875
666.829 2094.04 1994.04 785.95
666.948 2094.71 1994.71 786.025
667.066 2095.37 1995.37 786.1
667.185 2096.04 1996.04 786.175
667.303 2096.71 1996.71 786.25
667.422 2097.38 1997.38 786.325
667.541 2098.05 1998.05 786.4
667.66 2098.72 1998.72 786.475
667.779 2099.39 1999.39 786.55
667.898 2100.06 2000.06 786.625
668.017 2100.73 2000.73 786.7
668.136 2101.4 2001.4 786.775
668.256 2102.07 2002.07 786.85
668.375 2102.74 2002.74 786.925
668.495 2103.41 2003.41 787
668.614 2104.08 2004.08 787.075
668.734 2104.75 2004.75 787.15
668.854 2105.42 2005.42 787.225
668.974 2106.09 2006.09 787.3
669.094 2106.75 2006.75 787.375
669.214 2107.42 2007.42 787.45
669.334 2108.09 2008.09 787.525
669.454 2108.76 2008.76 787.6
669.575 2109.43 2009.43 787.675
669.695 2110.1 2010.1 787.75
669.815 2110.77 2010.77 787.825
669.936 2111.44 2011.44 787.9
670.057 2112.11 2012.11 787.975
670.178 2112.78 2012.78 788.05
670.299 2113.45 2013.45 788.125
670.42 2114.12 2014.12 788.2
670.541 2114.79 2014.79 788.275
670.662 2115.46 2015.46 788.35
670.783 2116.13 2016.13 788.425
670.904 2116.8 2016.8 788.5
671.026 2117.47 2017.47 788.575
671.147 2118.14 2018.14 788.65
671.269 2118.8 2018.8 788.725
671.391 2119.47 2019.47 788.8
671.513 2120.14 2020.14 788.875
671.634 2120.81 2020.81 788.95
671.757 2121.48 2021.48 789.025
671.879 2122.15 2022.15 789.1
672.001 2122.82 2022.82 789.175
672.123 2123.49 2023.49 789.25
672.246 2124.16 2024.16 789.325
672.368 2124.83 2024.83 789.4
672.491 2125.5 2025.5 789.475
672.613 2126.17 2026.17 789.55
672.736 2126.84 2026.84 789.625
672.859 2127.51 2027.51 789.7
672.982 2128.18 2028.18 789.775
673.105 2128.85 2028.85 789.85
673.228 2129.52 2029.52 789.925
673.351 2130.19 2030.19 790
673.475 2130.85 2030.85 790.075
673.598 2131.52 2031.52 790.15
673.722 2132.19 2032.19 790.225
673.845 2132.86 2032.86 790.3
673.969 2133.53 2033.53 790.375
674.093 2134.2 2034.2 790.45
674.217 2134.87 2034.87 790.525
674.341 2135.54 2035.54 790.6
674.465 2136.21 2036.21 790.675
674.589 2136.88 2036.88 790.75
674.713 2137.55 2037.55 790.825
674.838 2138.22 2038.22 790.9
674.962 2138.89 2038.89 790.975
675.087 2139.56 2039.56 791.05
675.211 2140.23 2040.23 791.125
675.336 2140.9 2040.9 791.2
675.461 2141.57 2041.57 791.275
675.586 2142.24 2042.24 791.35
675.711 2142.9 2042.9 791.425
675.836 2143.57 2043.57 791.5
675.962 2144.24 2044.24 791.575
676.087 2144.91 2044.91 791.65
676.213 2145.58 2045.58 791.725
676.338 2146.25 2046.25 791.8
676.464 2146.92 2046.92 791.875
676.59 2147.59 2047.59 791.95
676.715 2148.26 2048.26 792.025
676.841 2148.93 2048.93 792.1
676.967 2149.6 2049.6 792.175
677.094 2150.27 2050.27 792.25
677.22 2150.94 2050.94 792.325
677.346 2151.61 2051.61 792.4
677.473 2152.28 2052.28 792.475
677.599 2152.95 2052.95 792.55
677.726 2153.62 2053.62 792.625
677.853 2154.28 2054.28 792.7
677.98 2154.95 2054.95 792.775
678.107 2155.62 2055.62 792.85
678.234 2156.29 2056.29 792.925
678.361 2156.96 2056.96 793
678.488 2157.63 2057.63 793.075
678.615 2158.3 2058.3 793.15
678.743 2158.97 2058.97 793.225
678.87 2159.64 2059.64 793.3
678.998 2160.31 2060.31 793.375
679.126 2160.98 2060.98 793.45
679.254 2161.65 2061.65 793.525
679.382 2162.32 2062.32 793.6
679.51 2162.99 2062.99 793.675
679.638 2163.66 2063.66 793.75
679.766 2164.33 2064.33 793.825
679.895 2165 2065 793.9
680.023 2165.67 2065.67 793.975
680.152 2166.33 2066.33 794.05
680.281 2167 2067 794.125
680.409 2167.67 2067.67 794.2
680.538 2168.34 2068.34 794.275
680.667 2169.01 2069.01 794.35
680.796 2169.68 2069.68 794.425
680.926 2170.35 2070.35 794.5
681.055 2171.02 2071.02 794.575
681.184 2171.69 2071.69 794.65
681.314 2172.36 2072.36 794.725
681.443 2173.03 2073.03 794.8
681.573 2173.7 2073.7 794.875
681.703 2174.37 2074.37 794.95
681.833 2175.04 2075.04 795.025
681.963 2175.71 2075.71 795.1
682.093 2176.38 2076.38 795.175
682.223 2177.05 2077.05 795.25
682.354 2177.72 2077.72 795.325
682.484 2178.38 2078.38 795.4
682.615 2179.05 2079.05 795.475
682.745 2179.72 2079.72 795.55
682.876 2180.39 2080.39 795.625
683.007 2181.06 2081.06 795.7
683.138 2181.73 2081.73 795.775
683.269 2182.4 2082.4 795.85
683.4 2183.07 2083.07 795.925
683.532 2183.74 2083.74 796
683.663 2184.41 2084.41 796.075
683.794 2185.08 2085.08 796.15
683.926 2185.75 2085.75 796.225
684.058 2186.42 2086.42 796.3
684.19 2187.09 2087.09 796.375
684.322 2187.76 2087.76 796.45
684.454 2188.43 2088.43 796.525
684.586 2189.1 2089.1 796.6
684.718 2189.76 2089.76 796.675
684.85 2190.43 2090.43 796.75
684.983 2191.1 2091.1 796.825
685.115 2191.77 2091.77 796.9
685.248 2192.44 2092.44 796.975
685.381 2193.11 2093.11 797.05
685.514 2193.78 2093.78 797.125
685.647 2194.45 2094.45 797.2
685.78 2195.12 2095.12 797.275
685.913 2195.79 2095.79 797.35
686.047 2196.46 2096.46 797.425
686.18 2197.13 2097.13 797.5
686.314 2197.8 2097.8 797.575
686.447 2198.47 2098.47 797.65
686.581 2199.14 2099.14 797.725
686.715 2199.81 2099.81 797.8
686.849 2200.48 2100.48 797.875
686.983 2201.15 2101.15 797.95
687.117 2201.81 2101.81 798.025
687.251 2202.48 2102.48 798.1
687.386 2203.15 2103.15 798.175
687.52 2203.82 2103.82 798.25
687.655 2204.49 2104.49 798.325
687.79 2205.16 2105.16 798.4
687.925 2205.83 2105.83 798.475
688.06 2206.5 2106.5 798.55
688.195 2207.17 2107.17 798.625
688.33 2207.84 2107.84 798.7
688.465 2208.51 2108.51 798.775
688.601 2209.18 2109.18 798.85
688.736 2209.85 2109.85 798.925
688.872 2210.52 2110.52 799
689.008 2211.19 2111.19 799.075
689.143 2211.86 2111.86 799.15
689.279 2212.53 2112.53 799.225
689.415 2213.2 2113.2 799.3
689.552 2213.86 2113.86 799.375
689.688 2214.53 2114.53 799.45
689.824 2215.2 2115.2 799.525
689.961 2215.87 2115.87 799.6
690.098 2216.54 2116.54 799.675
690.234 2217.21 2117.21 799.75
690.371 2217.88 2117.88 799.825
690.508 2218.55 2118.55 799.9
690.645 2219.22 2119.22 799.975
690.782 2219.89 2119.89 800.05
690.92 2220.56 2120.56 800.125
691.057 2221.23 2121.23 800.2
691.195 2221.9 2121.9 800.275
691.332 2222.57 2122.57 800.35
691.47 2223.24 2123.24 800.425
691.608 2223.91 2123.91 800.5
691.746 2224.58 2124.58 800.575
691.884 2225.25 2125.25 800.65
692.022 2225.91 2125.91 800.725
692.16 2226.58 2126.58 800.8
692.299 2227.25 2127.25 800.875
692.437 2227.92 2127.92 800.95
692.576 2228.59 2128.59 801.025
692.715 2229.26 2129.26 801.1
692.853 2229.93 2129.93 801.175
692.992 2230.6 2130.6 801.25
693.131 2231.27 2131.27 801.325
693.27 2231.94 2131.94 801.4
693.409 2232.61 2132.61 801.475
693.548 2233.28 2133.28 801.55
693.688 2233.95 2133.95 801.625
693.827 2234.62 2134.62 801.7
693.967 2235.29 2135.29 801.775
694.106 2235.96 2135.96 801.85
694.246 2236.63 2136.63 801.925
694.386 2237.29 2137.29 802
694.525 2237.96 2137.96 802.075
694.665 2238.63 2138.63 802.15
694.805 2239.3 2139.3 802.225
694.945 2239.97 2139.97 802.3
695.085 2240.64 2140.64 802.375
695.226 2241.31 2141.31 802.45
695.366 2241.98 2141.98 802.525
695.506 2242.65 2142.65 802.6
695.647 2243.32 2143.32 802.675
695.787 2243.99 2143.99 802.75
695.928 2244.66 2144.66 802.825
696.068 2245.33 2145.33 802.9
696.209 2246 2146 802.975
696.35 2246.67 2146.67 803.05
696.49 2247.34 2147.34 803.125
696.631 2248.01 2148.01 803.2
696.772 2248.68 2148.68 803.275
696.913 2249.34 2149.34 803.35
697.054 2250.01 2150.01 803.425
697.195 2250.68 2150.68 803.5
697.336 2251.35 2151.35 803.575
697.478 2252.02 2152.02 803.65
697.619 2252.69 2152.69 803.725
697.76 2253.36 2153.36 803.8
697.902 2254.03 2154.03 803.875
698.043 2254.7 2154.7 803.95
698.185 2255.37 2155.37 804.025
698.326 2256.04 2156.04 804.1
698.468 2256.71 2156.71 804.175
698.609 2257.38 2157.38 804.25
698.751 2258.05 2158.05 804.325
698.893 2258.72 2158.72 804.4
699.034 2259.39 2159.39 804.475
699.176 2260.06 2160.06 804.55
699.318 2260.73 2160.73 804.625
699.46 2261.39 2161.39 804.7
699.602 2262.06 2162.06 804.775
699.744 2262.73 2162.73 804.85
699.886 2263.4 2163.4 804.925
700.027 2264.07 2164.07 805
700.17 2264.74 2164.74 805.075
700.312 2265.41 2165.41 805.15
700.454 2266.08 2166.08 805.225
700.596 2266.75 2166.75 805.3
700.738 2267.42 2167.42 805.375
700.88 2268.09 2168.09 805.45
701.022 2268.76 2168.76 805.525
701.164 2269.43 2169.43 805.6
701.307 2270.1 2170.1 805.675
701.449 2270.77 2170.77 805.75
701.591 2271.44 2171.44 805.825
701.734 2272.11 2172.11 805.9
701.876 2272.77 2172.77 805.975
702.018 2273.44 2173.44 806.05
702.161 2274.11 2174.11 806.125
702.303 2274.78 2174.78 806.2
702.445 2275.45 2175.45 806.275
702.588 2276.12 2176.12 806.35
702.73 2276.79 2176.79 806.425
702.872 2277.46 2177.46 806.5
703.015 2278.13 2178.13 806.575
703.157 2278.8 2178.8 806.65
703.3 2279.47 2179.47 806.725
703.442 2280.14 2180.14 806.8
703.585 2280.81 2180.81 806.875
703.727 2281.48 2181.48 806.95
703.869 2282.15 2182.15 807.025
704.012 2282.82 2182.82 807.1
704.154 2283.49 2183.49 807.175
704.297 2284.16 2184.16 807.25
704.439 2284.82 2184.82 807.325
704.581 2285.49 2185.49 807.4
704.724 2286.16 2186.16 807.475
704.866 2286.83 2186.83 807.55
705.009 2287.5 2187.5 807.625
705.151 2288.17 2188.17 807.7
705.293 2288.84 2188.84 807.775
705.436 2289.51 2189.51 807.85
705.578 2290.18 2190.18 807.925
705.72 2290.85 2190.85 808
705.863 2291.52 2191.52 808.075
706.005 2292.19 2192.19 808.15
706.147 2292.86 2192.86 808.225
706.29 2293.53 2193.53 808.3
706.432 2294.2 2194.2 808.375
706.574 2294.87 2194.87 808.45
706.716 2295.54 2195.54 808.525
706.858 2296.21 2196.21 808.6
707 2296.87 2196.87 808.675
707.143 2297.54 2197.54 808.75
707.285 2298.21 2198.21 808.825
707.427 2298.88 2198.88 808.9
707.569 2299.55 2199.55 808.975
707.711 2300.22 2200.22 809.05
707.853 2300.89 2200.89 809.125
707.994 2301.56 2201.56 809.2
708.136 2302.23 2202.23 809.275
708.278 2302.9 2202.9 809.35
708.42 2303.57 2203.57 809.425
708.562 2304.24 2204.24 809.5
708.703 2304.91 2204.91 809.575
708.845 2305.58 2205.58 809.65
708.987 2306.25 2206.25 809.725
709.128 2306.92 2206.92 809.8
709.27 2307.59 2207.59 809.875
709.411 2308.25 2208.25 809.95
709.553 2308.92 2208.92 810.025
709.694 2309.59 2209.59 810.1
709.836 2310.26 2210.26 810.175
709.977 2310.93 2210.93 810.25
710.118 2311.6 2211.6 810.325
710.259 2312.27 2212.27 810.4
710.4 2312.94 2212.94 810.475
710.541 2313.61 2213.61 810.55
710.682 2314.28 2214.28 810.625
710.823 2314.95 2214.95 810.7
710.964 2315.62 2215.62 810.775
711.105 2316.29 2216.29 810.85
711.246 2316.96 2216.96 810.925
711.387 2317.63 2217.63 811
711.527 2318.3 2218.3 811.075
711.668 2318.97 2218.97 811.15
711.808 2319.64 2219.64 811.225
711.949 2320.3 2220.3 811.3
712.089 2320.97 2220.97 811.375
712.229 2321.64 2221.64 811.45
712.37 2322.31 2222.31 811.525
712.51 2322.98 2222.98 811.6
712.65 2323.65 2223.65 811.675
712.79 2324.32 2224.32 811.75
712.93 2324.99 2224.99 811.825
713.07 2325.66 2225.66 811.9
713.209 2326.33 2226.33 811.975
713.349 2327 2227 812.05
713.489 2327.67 2227.67 812.125
713.628 2328.34 2228.34 812.2
713.768 2329.01 2229.01 812.275
713.907 2329.68 2229.68 812.35
714.046 2330.35 2230.35 812.425
714.185 2331.02 2231.02 812.5
714.324 2331.69 2231.69 812.575
714.463 2332.35 2232.35 812.65
714.602 2333.02 2233.02 812.725
714.741 2333.69 2233.69 812.8
714.88 2334.36 2234.36 812.875
715.018 2335.03 2235.03 812.95
715.157 2335.7 2235.7 813.025
715.295 2336.37 2236.37 813.1
715.434 2337.04 2237.04 813.175
715.572 2337.71 2237.71 813.25
715.71 2338.38 2238.38 813.325
715.848 2339.05 2239.05 813.4
715.986 2339.72 2239.72 813.475
716.124 2340.39 2240.39 813.55
716.261 2341.06 2241.06 813.625
716.399 2341.73 2241.73 813.7
716.537 2342.4 2242.4 813.775
716.674 2343.07 2243.07 813.85
716.811 2343.74 2243.74 813.925
716.948 2344.4 2244.4 814
717.085 2345.07 2245.07 814.075
717.222 2345.74 2245.74 814.15
717.359 2346.41 2246.41 814.225
717.496 2347.08 2247.08 814.3
717.632 2347.75 2247.75 814.375
717.769 2348.42 2248.42 814.45
717.905 2349.09 2249.09 814.525
718.041 2349.76 2249.76 814.6
718.177 2350.43 2250.43 814.675
718.313 2351.1 2251.1 814.75
718.449 2351.77 2251.77 814.825
718.585 2352.44 2252.44 814.9
718.72 2353.11 2253.11 814.975
718.856 2353.78 2253.78 815.05
718.991 2354.45 2254.45 815.125
719.126 2355.12 2255.12 815.2
719.261 2355.78 2255.78 815.275
719.396 2356.45 2256.45 815.35
719.531 2357.12 2257.12 815.425
719.666 2357.79 2257.79 815.5
719.8 2358.46 2258.46 815.575
719.935 2359.13 2259.13 815.65
720.069 2359.8 2259.8 815.725
720.203 2360.47 2260.47 815.8
720.337 2361.14 2261.14 815.875
720.471 2361.81 2261.81 815.95
720.604 2362.48 2262.48 816.025
720.738 2363.15 2263.15 816.1
720.871 2363.82 2263.82 816.175
721.004 2364.49 2264.49 816.25
721.137 2365.16 2265.16 816.325
721.27 2365.83 2265.83 816.4
721.403 2366.5 2266.5 816.475
721.536 2367.17 2267.17 816.55
721.668 2367.83 2267.83 816.625
721.8 2368.5 2268.5 816.7
721.932 2369.17 2269.17 816.775
722.064 2369.84 2269.84 816.85
722.196 2370.51 2270.51 816.925
722.328 2371.18 2271.18 817
722.459 2371.85 2271.85 817.075
722.591 2372.52 2272.52 817.15
722.722 2373.19 2273.19 817.225
722.853 2373.86 2273.86 817.3
722.984 2374.53 2274.53 817.375
723.114 2375.2 2275.2 817.45
723.245 2375.87 2275.87 817.525
723.375 2376.54 2276.54 817.6
723.505 2377.21 2277.21 817.675
723.635 2377.88 2277.88 817.75
723.765 2378.55 2278.55 817.825
723.895 2379.22 2279.22 817.9
724.024 2379.88 2279.88 817.975
724.153 2380.55 2280.55 818.05
724.282 2381.22 2281.22 818.125
724.411 2381.89 2281.89 818.2
724.54 2382.56 2282.56 818.275
724.669 2383.23 2283.23 818.35
724.797 2383.9 2283.9 818.425
724.925 2384.57 2284.57 818.5
725.053 2385.24 2285.24 818.575
725.181 2385.91 2285.91 818.65
725.308 2386.58 2286.58 818.725
725.436 2387.25 2287.25 818.8
725.563 2387.92 2287.92 818.875
725.69 2388.59 2288.59 818.95
725.817 2389.26 2289.26 819.025
725.944 2389.93 2289.93 819.1
726.07 2390.6 2290.6 819.175
726.196 2391.26 2291.26 819.25
726.322 2391.93 2291.93 819.325
726.448 2392.6 2292.6 819.4
726.574 2393.27 2293.27 819.475
726.699 2393.94 2293.94 819.55
726.824 2394.61 2294.61 819.625
726.949 2395.28 2295.28 819.7
727.074 2395.95 2295.95 819.775
727.199 2396.62 2296.62 819.85
727.323 2397.29 2297.29 819.925
727.448 2397.96 2297.96 820
727.572 2398.63 2298.63 820.075
727.695 2399.3 2299.3 820.15
727.819 2399.97 2299.97 820.225
727.942 2400.64 2300.64 820.3
728.065 2401.31 2301.31 820.375
728.188 2401.98 2301.98 820.45
728.311 2402.65 2302.65 820.525
728.434 2403.31 2303.31 820.6
728.556 2403.98 2303.98 820.675
728.678 2404.65 2304.65 820.75
728.8 2405.32 2305.32 820.825
728.922 2405.99 2305.99 820.9
729.043 2406.66 2306.66 820.975
729.165 2407.33 2307.33 821.05
729.286 2408 2308 821.125
729.407 2408.67 2308.67 821.2
729.528 2409.34 2309.34 821.275
729.648 2410.01 2310.01 821.35
729.769 2410.68 2310.68 821.425
729.889 2411.35 2311.35 821.5
730.009 2412.02 2312.02 821.575
730.129 2412.69 2312.69 821.65
730.248 2413.36 2313.36 821.725
730.368 2414.03 2314.03 821.8
730.487 2414.7 2314.7 821.875
730.606 2415.36 2315.36 821.95
730.725 2416.03 2316.03 822.025
730.844 2416.7 2316.7 822.1
730.962 2417.37 2317.37 822.175
731.081 2418.04 2318.04 822.25
731.199 2418.71 2318.71 822.325
731.317 2419.38 2319.38 822.4
731.435 2420.05 2320.05 822.475
731.552 2420.72 2320.72 822.55
731.67 2421.39 2321.39 822.625
731.787 2422.06 2322.06 822.7
731.905 2422.73 2322.73 822.775
732.022 2423.4 2323.4 822.85
732.138 2424.07 2324.07 822.925
732.255 2424.74 2324.74 823
732.372 2425.41 2325.41 823.075
732.488 2426.08 2326.08 823.15
732.604 2426.75 2326.75 823.225
732.72 2427.41 2327.41 823.3
732.836 2428.08 2328.08 823.375
732.952 2428.75 2328.75 823.45
733.067 2429.42 2329.42 823.525
733.183 2430.09 2330.09 823.6
733.298 2430.76 2330.76 823.675
733.413 2431.43 2331.43 823.75
733.528 2432.1 2332.1 823.825
733.643 2432.77 2332.77 823.9
733.757 2433.44 2333.44 823.975
733.872 2434.11 2334.11 824.05
733.986 2434.78 2334.78 824.125
734.1 2435.45 2335.45 824.2
734.214 2436.12 2336.12 824.275
734.328 2436.79 2336.79 824.35
734.442 2437.46 2337.46 824.425
734.556 2438.13 2338.13 824.5
734.669 2438.79 2338.79 824.575
734.783 2439.46 2339.46 824.65
734.896 2440.13 2340.13 824.725
735.009 2440.8 2340.8 824.8
735.122 2441.47 2341.47 824.875
735.235 2442.14 2342.14 824.95
735.347 2442.81 2342.81 825.025
735.46 2443.48 2343.48 825.1
735.572 2444.15 2344.15 825.175
735.684 2444.82 2344.82 825.25
735.797 2445.49 2345.49 825.325
735.909 2446.16 2346.16 825.4
736.02 2446.83 2346.83 825.475
736.132 2447.5 2347.5 825.55
736.244 2448.17 2348.17 825.625
736.355 2448.84 2348.84 825.7
736.467 2449.51 2349.51 825.775
736.578 2450.18 2350.18 825.85
736.689 2450.84 2350.84 825.925
736.8 2451.51 2351.51 826
736.911 2452.18 2352.18 826.075
737.022 2452.85 2352.85 826.15
737.133 2453.52 2353.52 826.225
737.243 2454.19 2354.19 826.3
737.354 2454.86 2354.86 826.375
737.464 2455.53 2355.53 826.45
737.574 2456.2 2356.2 826.525
737.684 2456.87 2356.87 826.6
737.794 2457.54 2357.54 826.675
737.904 2458.21 2358.21 826.75
738.014 2458.88 2358.88 826.825
738.124 2459.55 2359.55 826.9
738.233 2460.22 2360.22 826.975
738.343 2460.89 2360.89 827.05
738.452 2461.56 2361.56 827.125
738.562 2462.23 2362.23 827.2
738.671 2462.89 2362.89 827.275
738.78 2463.56 2363.56 827.35
738.889 2464.23 2364.23 827.425
738.998 2464.9 2364.9 827.5
739.107 2465.57 2365.57 827.575
739.215 2466.24 2366.24 827.65
739.324 2466.91 2366.91 827.725
739.433 2467.58 2367.58 827.8
739.541 2468.25 2368.25 827.875
739.649 2468.92 2368.92 827.95
739.758 2469.59 2369.59 828.025
739.866 2470.26 2370.26 828.1
739.974 2470.93 2370.93 828.175
740.082 2471.6 2371.6 828.25
740.19 2472.27 2372.27 828.325
740.298 2472.94 2372.94 828.4
740.406 2473.61 2373.61 828.475
740.513 2474.27 2374.27 828.55
740.621 2474.94 2374.94 828.625
740.729 2475.61 2375.61 828.7
740.836 2476.28 2376.28 828.775
740.944 2476.95 2376.95 828.85
741.051 2477.62 2377.62 828.925
741.158 2478.29 2378.29 829
741.265 2478.96 2378.96 829.075
741.373 2479.63 2379.63 829.15
741.48 2480.3 2380.3 829.225
741.587 2480.97 2380.97 829.3
741.694 2481.64 2381.64 829.375
741.8 2482.31 2382.31 829.45
741.907 2482.98 2382.98 829.525
742.014 2483.65 2383.65 829.6
742.121 2484.32 2384.32 829.675
742.227 2484.99 2384.99 829.75
742.334 2485.66 2385.66 829.825
742.44 2486.32 2386.32 829.9
742.547 2486.99 2386.99 829.975
742.653 2487.66 2387.66 830.05
742.76 2488.33 2388.33 830.125
742.866 2489 2389 830.2
742.972 2489.67 2389.67 830.275
743.078 2490.34 2390.34 830.35
743.184 2491.01 2391.01 830.425
743.291 2491.68 2391.68 830.5
743.397 2492.35 2392.35 830.575
743.503 2493.02 2393.02 830.65
743.609 2493.69 2393.69 830.725
743.714 2494.36 2394.36 830.8
743.82 2495.03 2395.03 830.875
743.926 2495.7 2395.7 830.95
744.032 2496.37 2396.37 831.025
744.138 2497.04 2397.04 831.1
744.243 2497.71 2397.71 831.175
744.349 2498.37 2398.37 831.25
744.455 2499.04 2399.04 831.325
744.56 2499.71 2399.71 831.4
744.666 2500.38 2400.38 831.475
744.772 2501.05 2401.05 831.55
744.877 2501.72 2401.72 831.625
744.983 2502.39 2402.39 831.7
745.088 2503.06 2403.06 831.775
745.194 2503.73 2403.73 831.85
745.299 2504.4 2404.4 831.925
745.404 2505.07 2405.07 832
745.51 2505.74 2405.74 832.075
745.615 2506.41 2406.41 832.15
745.72 2507.08 2407.08 832.225
745.826 2507.75 2407.75 832.3
745.931 2508.42 2408.42 832.375
746.036 2509.09 2409.09 832.45
746.142 2509.76 2409.76 832.525
746.247 2510.42 2410.42 832.6
746.352 2511.09 2411.09 832.675
746.457 2511.76 2411.76 832.75
746.562 2512.43 2412.43 832.825
746.668 2513.1 2413.1 832.9
746.773 2513.77 2413.77 832.975
746.878 2514.44 2414.44 833.05
746.983 2515.11 2415.11 833.125
747.088 2515.78 2415.78 833.2
747.194 2516.45 2416.45 833.275
747.299 2517.12 2417.12 833.35
747.404 2517.79 2417.79 833.425
747.509 2518.46 2418.46 833.5
747.614 2519.13 2419.13 833.575
747.719 2519.8 2419.8 833.65
747.824 2520.47 2420.47 833.725
747.93 2521.14 2421.14 833.8
748.035 2521.8 2421.8 833.875
748.14 2522.47 2422.47 833.95
748.245 2523.14 2423.14 834.025
748.35 2523.81 2423.81 834.1
748.456 2524.48 2424.48 834.175
748.561 2525.15 2425.15 834.25
748.666 2525.82 2425.82 834.325
748.771 2526.49 2426.49 834.4
748.877 2527.16 2427.16 834.475
748.982 2527.83 2427.83 834.55
749.087 2528.5 2428.5 834.625
749.192 2529.17 2429.17 834.7
749.298 2529.84 2429.84 834.775
749.403 2530.51 2430.51 834.85
749.508 2531.18 2431.18 834.925
749.614 2531.85 2431.85 835
749.719 2532.52 2432.52 835.075
749.825 2533.19 2433.19 835.15
749.93 2533.85 2433.85 835.225
750.036 2534.52 2434.52 835.3
750.141 2535.19 2435.19 835.375
750.247 2535.86 2435.86 835.45
750.352 2536.53 2436.53 835.525
750.458 2537.2 2437.2 835.6
750.564 2537.87 2437.87 835.675
750.669 2538.54 2438.54 835.75
750.775 2539.21 2439.21 835.825
750.881 2539.88 2439.88 835.9
750.987 2540.55 2440.55 835.975
751.093 2541.22 2441.22 836.05
751.198 2541.89 2441.89 836.125
751.304 2542.56 2442.56 836.2
751.41 2543.23 2443.23 836.275
751.516 2543.9 2443.9 836.35
751.622 2544.57 2444.57 836.425
751.728 2545.24 2445.24 836.5
751.835 2545.9 2445.9 836.575
751.941 2546.57 2446.57 836.65
752.047 2547.24 2447.24 836.725
752.153 2547.91 2447.91 836.8
752.26 2548.58 2448.58 836.875
752.366 2549.25 2449.25 836.95
752.473 2549.92 2449.92 837.025
752.579 2550.59 2450.59 837.1
752.686 2551.26 2451.26 837.175
752.792 2551.93 2451.93 837.25
752.899 2552.6 2452.6 837.325
753.006 2553.27 2453.27 837.4
753.113 2553.94 2453.94 837.475
753.219 2554.61 2454.61 837.55
753.326 2555.28 2455.28 837.625
753.433 2555.95 2455.95 837.7
753.54 2556.62 2456.62 837.775
753.648 2557.28 2457.28 837.85
753.755 2557.95 2457.95 837.925
753.862 2558.62 2458.62 838
753.969 2559.29 2459.29 838.075
754.077 2559.96 2459.96 838.15
754.184 2560.63 2460.63 838.225
754.292 2561.3 2461.3 838.3
754.4 2561.97 2461.97 838.375
754.507 2562.64 2462.64 838.45
754.615 2563.31 2463.31 838.525
754.723 2563.98 2463.98 838.6
754.831 2564.65 2464.65 838.675
754.939 2565.32 2465.32 838.75
755.047 2565.99 2465.99 838.825
755.155 2566.66 2466.66 838.9
755.264 2567.33 2467.33 838.975
755.372 2568 2468 839.05
755.48 2568.67 2468.67 839.125
755.589 2569.33 2469.33 839.2
755.698 2570 2470 839.275
755.806 2570.67 2470.67 839.35
755.915 2571.34 2471.34 839.425
756.024 2572.01 2472.01 839.5
756.133 2572.68 2472.68 839.575
756.242 2573.35 2473.35 839.65
756.352 2574.02 2474.02 839.725
756.461 2574.69 2474.69 839.8
756.57 2575.36 2475.36 839.875
756.68 2576.03 2476.03 839.95
756.789 2576.7 2476.7 840.025
756.899 2577.37 2477.37 840.1
757.009 2578.04 2478.04 840.175
757.119 2578.71 2478.71 840.25
757.229 2579.38 2479.38 840.325
757.339 2580.05 2480.05 840.4
757.449 2580.72 2480.72 840.475
757.559 2581.38 2481.38 840.55
757.67 2582.05 2482.05 840.625
757.78 2582.72 2482.72 840.7
757.891 2583.39 2483.39 840.775
758.001 2584.06 2484.06 840.85
758.112 2584.73 2484.73 840.925
758.223 2585.4 2485.4 841
758.334 2586.07 2486.07 841.075
758.445 2586.74 2486.74 841.15
758.556 2587.41 2487.41 841.225
758.667 2588.08 2488.08 841.3
758.778 2588.75 2488.75 841.375
758.889 2589.42 2489.42 841.45
759 2590.09 2490.09 841.525
759.112 2590.76 2490.76 841.6
759.223 2591.43 2491.43 841.675
759.335 2592.1 2492.1 841.75
759.446 2592.77 2492.77 841.825
759.558 2593.43 2493.43 841.9
759.669 2594.1 2494.1 841.975
759.781 2594.77 2494.77 842.05
759.893 2595.44 2495.44 842.125
760.005 2596.11 2496.11 842.2
760.116 2596.78 2496.78 842.275
760.228 2597.45 2497.45 842.35
760.34 2598.12 2498.12 842.425
760.452 2598.79 2498.79 842.5
760.564 2599.46 2499.46 842.575
760.676 2600.13 2500.13 842.65
760.788 2600.8 2500.8 842.725
760.9 2601.47 2501.47 842.8
761.012 2602.14 2502.14 842.875
761.125 2602.81 2502.81 842.95
761.237 2603.48 2503.48 843.025
761.349 2604.15 2504.15 843.1
761.461 2604.81 2504.81 843.175
761.573 2605.48 2505.48 843.25
761.686 2606.15 2506.15 843.325
761.798 2606.82 2506.82 843.4
761.91 2607.49 2507.49 843.475
762.022 2608.16 2508.16 843.55
762.135 2608.83 2508.83 843.625
762.247 2609.5 2509.5 843.7
762.359 2610.17 2510.17 843.775
762.472 2610.84 2510.84 843.85
762.584 2611.51 2511.51 843.925
762.696 2612.18 2512.18 844
762.809 2612.85 2512.85 844.075
762.921 2613.52 2513.52 844.15
763.033 2614.19 2514.19 844.225
763.146 2614.86 2514.86 844.3
763.258 2615.53 2515.53 844.375
763.37 2616.2 2516.2 844.45
763.482 2616.86 2516.86 844.525
763.595 2617.53 2517.53 844.6
763.707 2618.2 2518.2 844.675
763.819 2618.87 2518.87 844.75
763.931 2619.54 2519.54 844.825
764.044 2620.21 2520.21 844.9
764.156 2620.88 2520.88 844.975
764.268 2621.55 2521.55 845.05
764.38 2622.22 2522.22 845.125
764.492 2622.89 2522.89 845.2
764.604 2623.56 2523.56 845.275
764.716 2624.23 2524.23 845.35
764.828 2624.9 2524.9 845.425
764.94 2625.57 2525.57 845.5
765.052 2626.24 2526.24 845.575
765.164 2626.91 2526.91 845.65
765.275 2627.58 2527.58 845.725
765.387 2628.25 2528.25 845.8
765.499 2628.91 2528.91 845.875
765.611 2629.58 2529.58 845.95
765.722 2630.25 2530.25 846.025
765.834 2630.92 2530.92 846.1
765.945 2631.59 2531.59 846.175
766.057 2632.26 2532.26 846.25
766.168 2632.93 2532.93 846.325
766.279 2633.6 2533.6 846.4
766.391 2634.27 2534.27 846.475
766.502 2634.94 2534.94 846.55
766.613 2635.61 2535.61 846.625
766.724 2636.28 2536.28 846.7
766.835 2636.95 2536.95 846.775
766.946 2637.62 2537.62 846.85
767.057 2638.29 2538.29 846.925
767.167 2638.96 2538.96 847
767.278 2639.63 2539.63 847.075
767.389 2640.29 2540.29 847.15
767.499 2640.96 2540.96 847.225
767.61 2641.63 2541.63 847.3
767.72 2642.3 2542.3 847.375
767.83 2642.97 2542.97 847.45
767.94 2643.64 2543.64 847.525
768.05 2644.31 2544.31 847.6
768.16 2644.98 2544.98 847.675
768.27 2645.65 2545.65 847.75
768.38 2646.32 2546.32 847.825
768.49 2646.99 2546.99 847.9
768.599 2647.66 2547.66 847.975
768.709 2648.33 2548.33 848.05
768.818 2649 2549 848.125
768.927 2649.67 2549.67 848.2
769.036 2650.34 2550.34 848.275
769.145 2651.01 2551.01 848.35
769.254 2651.68 2551.68 848.425
769.363 2652.34 2552.34 848.5
769.472 2653.01 2553.01 848.575
769.58 2653.68 2553.68 848.65
769.689 2654.35 2554.35 848.725
769.797 2655.02 2555.02 848.8
769.905 2655.69 2555.69 848.875
770.013 2656.36 2556.36 848.95
770.121 2657.03 2557.03 849.025
770.229 2657.7 2557.7 849.1
770.336 2658.37 2558.37 849.175
770.444 2659.04 2559.04 849.25
770.551 2659.71 2559.71 849.325
770.659 2660.38 2560.38 849.4
770.766 2661.05 2561.05 849.475
770.873 2661.72 2561.72 849.55
770.979 2662.39 2562.39 849.625
771.086 2663.06 2563.06 849.7
771.193 2663.73 2563.73 849.775
771.299 2664.39 2564.39 849.85
771.405 2665.06 2565.06 849.925
771.511 2665.73 2565.73 850
771.617 2666.4 2566.4 850.075
771.723 2667.07 2567.07 850.15
771.828 2667.74 2567.74 850.225
771.934 2668.41 2568.41 850.3
772.039 2669.08 2569.08 850.375
772.144 2669.75 2569.75 850.45
772.249 2670.42 2570.42 850.525
772.354 2671.09 2571.09 850.6
772.458 2671.76 2571.76 850.675
772.563 2672.43 2572.43 850.75
772.667 2673.1 2573.1 850.825
772.771 2673.77 2573.77 850.9
772.875 2674.44 2574.44 850.975
772.978 2675.11 2575.11 851.05
773.082 2675.78 2575.78 851.125
773.185 2676.44 2576.44 851.2
773.288 2677.11 2577.11 851.275
773.391 2677.78 2577.78 851.35
773.494 2678.45 2578.45 851.425
773.596 2679.12 2579.12 851.5
773.699 2679.79 2579.79 851.575
773.801 2680.46 2580.46 851.65
773.903 2681.13 2581.13 851.725
774.004 2681.8 2581.8 851.8
774.106 2682.47 2582.47 851.875
774.207 2683.14 2583.14 851.95
774.308 2683.81 2583.81 852.025
774.409 2684.48 2584.48 852.1
774.51 2685.15 2585.15 852.175
774.61 2685.82 2585.82 852.25
774.711 2686.49 2586.49 852.325
774.811 2687.16 2587.16 852.4
774.91 2687.82 2587.82 852.475
775.01 2688.49 2588.49 852.55
775.109 2689.16 2589.16 852.625
775.209 2689.83 2589.83 852.7
775.307 2690.5 2590.5 852.775
775.406 2691.17 2591.17 852.85
775.505 2691.84 2591.84 852.925
775.603 2692.51 2592.51 853
775.701 2693.18 2593.18 853.075
775.799 2693.85 2593.85 853.15
775.896 2694.52 2594.52 853.225
775.993 2695.19 2595.19 853.3
776.09 2695.86 2595.86 853.375
776.187 2696.53 2596.53 853.45
776.284 2697.2 2597.2 853.525
776.38 2697.87 2597.87 853.6
776.476 2698.54 2598.54 853.675
776.572 2699.21 2599.21 853.75
776.667 2699.87 2599.87 853.825
776.763 2700.54 2600.54 853.9
776.858 2701.21 2601.21 853.975
776.952 2701.88 2601.88 854.05
777.047 2702.55 2602.55 854.125
777.141 2703.22 2603.22 854.2
777.235 2703.89 2603.89 854.275
777.329 2704.56 2604.56 854.35
777.422 2705.23 2605.23 854.425
777.515 2705.9 2605.9 854.5
777.608 2706.57 2606.57 854.575
777.701 2707.24 2607.24 854.65
777.793 2707.91 2607.91 854.725
777.885 2708.58 2608.58 854.8
777.977 2709.25 2609.25 854.875
778.068 2709.92 2609.92 854.95
778.159 2710.59 2610.59 855.025
778.25 2711.26 2611.26 855.1
778.341 2711.92 2611.92 855.175
778.431 2712.59 2612.59 855.25
778.521 2713.26 2613.26 855.325
778.611 2713.93 2613.93 855.4
778.7 2714.6 2614.6 855.475
778.789 2715.27 2615.27 855.55
778.878 2715.94 2615.94 855.625
778.967 2716.61 2616.61 855.7
779.055 2717.28 2617.28 855.775
779.143 2717.95 2617.95 855.85
779.23 2718.62 2618.62 855.925
779.318 2719.29 2619.29 856
779.405 2719.96 2619.96 856.075
779.491 2720.63 2620.63 856.15
779.578 2721.3 2621.3 856.225
779.664 2721.97 2621.97 856.3
779.749 2722.64 2622.64 856.375
779.835 2723.3 2623.3 856.45
779.92 2723.97 2623.97 856.525
780.004 2724.64 2624.64 856.6
780.089 2725.31 2625.31 856.675
780.173 2725.98 2625.98 856.75
780.257 2726.65 2626.65 856.825
780.34 2727.32 2627.32 856.9
780.423 2727.99 2627.99 856.975
780.506 2728.66 2628.66 857.05
780.588 2729.33 2629.33 857.125
780.67 2730 2630 857.2
780.752 2730.67 2630.67 857.275
780.833 2731.34 2631.34 857.35
780.914 2732.01 2632.01 857.425
780.995 2732.68 2632.68 857.5
781.075 2733.35 2633.35 857.575
781.155 2734.02 2634.02 857.65
781.234 2734.69 2634.69 857.725
781.314 2735.35 2635.35 857.8
781.393 2736.02 2636.02 857.875
781.471 2736.69 2636.69 857.95
781.549 2737.36 2637.36 858.025
781.627 2738.03 2638.03 858.1
781.704 2738.7 2638.7 858.175
781.781 2739.37 2639.37 858.25
781.858 2740.04 2640.04 858.325
781.934 2740.71 2640.71 858.4
782.01 2741.38 2641.38 858.475
782.086 2742.05 2642.05 858.55
782.161 2742.72 2642.72 858.625
782.236 2743.39 2643.39 858.7
782.31 2744.06 2644.06 858.775
782.384 2744.73 2644.73 858.85
782.457 2745.4 2645.4 858.925
782.531 2746.07 2646.07 859
782.603 2746.74 2646.74 859.075
782.676 2747.4 2647.4 859.15
782.748 2748.07 2648.07 859.225
782.82 2748.74 2648.74 859.3
782.891 2749.41 2649.41 859.375
782.962 2750.08 2650.08 859.45
783.032 2750.75 2650.75 859.525
783.102 2751.42 2651.42 859.6
783.172 2752.09 2652.09 859.675
783.241 2752.76 2652.76 859.75
783.31 2753.43 2653.43 859.825
783.378 2754.1 2654.1 859.9
783.446 2754.77 2654.77 859.975
783.514 2755.44 2655.44 860.05
783.581 2756.11 2656.11 860.125
783.647 2756.78 2656.78 860.2
783.714 2757.45 2657.45 860.275
783.78 2758.12 2658.12 860.35
783.845 2758.79 2658.79 860.425
783.91 2759.45 2659.45 860.5
783.975 2760.12 2660.12 860.575
784.039 2760.79 2660.79 860.65
784.103 2761.46 2661.46 860.725
784.167 2762.13 2662.13 860.8
784.23 2762.8 2662.8 860.875
784.293 2763.47 2663.47 860.95
784.355 2764.14 2664.14 861.025
784.418 2764.81 2664.81 861.1
784.479 2765.48 2665.48 861.175
784.541 2766.15 2666.15 861.25
784.602 2766.82 2666.82 861.325
784.662 2767.49 2667.49 861.4
784.723 2768.16 2668.16 861.475
784.783 2768.83 2668.83 861.55
784.842 2769.5 2669.5 861.625
784.902 2770.17 2670.17 861.7
784.961 2770.83 2670.83 861.775
785.02 2771.5 2671.5 861.85
785.078 2772.17 2672.17 861.925
785.136 2772.84 2672.84 862
785.194 2773.51 2673.51 862.075
785.251 2774.18 2674.18 862.15
785.308 2774.85 2674.85 862.225
785.365 2775.52 2675.52 862.3
785.422 2776.19 2676.19 862.375
785.478 2776.86 2676.86 862.45
785.534 2777.53 2677.53 862.525
785.59 2778.2 2678.2 862.6
785.645 2778.87 2678.87 862.675
785.7 2779.54 2679.54 862.75
785.755 2780.21 2680.21 862.825
785.81 2780.88 2680.88 862.9
785.864 2781.55 2681.55 862.975
785.918 2782.22 2682.22 863.05
785.972 2782.88 2682.88 863.125
786.025 2783.55 2683.55 863.2
786.079 2784.22 2684.22 863.275
786.132 2784.89 2684.89 863.35
786.185 2785.56 2685.56 863.425
786.237 2786.23 2686.23 863.5
786.29 2786.9 2686.9 863.575
786.342 2787.57 2687.57 863.65
786.394 2788.24 2688.24 863.725
786.446 2788.91 2688.91 863.8
786.497 2789.58 2689.58 863.875
786.548 2790.25 2690.25 863.95
786.599 2790.92 2690.92 864.025
786.65 2791.59 2691.59 864.1
786.701 2792.26 2692.26 864.175
786.751 2792.93 2692.93 864.25
786.802 2793.6 2693.6 864.325
786.852 2794.27 2694.27 864.4
786.902 2794.93 2694.93 864.475
786.952 2795.6 2695.6 864.55
787.001 2796.27 2696.27 864.625
787.051 2796.94 2696.94 864.7
787.1 2797.61 2697.61 864.775
787.149 2798.28 2698.28 864.85
787.198 2798.95 2698.95 864.925
787.247 2799.62 2699.62 865
787.295 2800.29 2700.29 865.075
787.344 2800.96 2700.96 865.15
787.392 2801.63 2701.63 865.225
787.44 2802.3 2702.3 865.3
787.488 2802.97 2702.97 865.375
787.536 2803.64 2703.64 865.45
787.584 2804.31 2704.31 865.525
787.632 2804.98 2704.98 865.6
787.679 2805.65 2705.65 865.675
787.727 2806.31 2706.31 865.75
787.774 2806.98 2706.98 865.825
787.821 2807.65 2707.65 865.9
787.868 2808.32 2708.32 865.975
787.915 2808.99 2708.99 866.05
787.962 2809.66 2709.66 866.125
788.009 2810.33 2710.33 866.2
788.056 2811 2711 866.275
788.103 2811.67 2711.67 866.35
788.149 2812.34 2712.34 866.425
788.196 2813.01 2713.01 866.5
788.242 2813.68 2713.68 866.575
788.289 2814.35 2714.35 866.65
788.335 2815.02 2715.02 866.725
788.381 2815.69 2715.69 866.8
788.427 2816.36 2716.36 866.875
788.474 2817.03 2717.03 866.95
788.52 2817.7 2717.7 867.025
788.566 2818.36 2718.36 867.1
788.612 2819.03 2719.03 867.175
788.658 2819.7 2719.7 867.25
788.704 2820.37 2720.37 867.325
788.75 2821.04 2721.04 867.4
788.796 2821.71 2721.71 867.475
788.842 2822.38 2722.38 867.55
788.888 2823.05 2723.05 867.625
788.934 2823.72 2723.72 867.7
788.979 2824.39 2724.39 867.775
789.025 2825.06 2725.06 867.85
789.071 2825.73 2725.73 867.925
789.117 2826.4 2726.4 868
789.163 2827.07 2727.07 868.075
789.209 2827.74 2727.74 868.15
789.255 2828.41 2728.41 868.225
789.301 2829.08 2729.08 868.3
789.347 2829.75 2729.75 868.375
789.393 2830.41 2730.41 868.45
789.439 2831.08 2731.08 868.525
789.485 2831.75 2731.75 868.6
789.531 2832.42 2732.42 868.675
789.577 2833.09 2733.09 868.75
789.623 2833.76 2733.76 868.825
789.67 2834.43 2734.43 868.9
789.716 2835.1 2735.1 868.975
789.763 2835.77 2735.77 869.05
789.809 2836.44 2736.44 869.125
789.856 2837.11 2737.11 869.2
789.902 2837.78 2737.78 869.275
789.949 2838.45 2738.45 869.35
789.996 2839.12 2739.12 869.425
790.042 2839.79 2739.79 869.5
790.089 2840.46 2740.46 869.575
790.136 2841.13 2741.13 869.65
790.184 2841.8 2741.8 869.725
790.231 2842.46 2742.46 869.8
790.278 2843.13 2743.13 869.875
790.326 2843.8 2743.8 869.95
790.373 2844.47 2744.47 870.025
790.421 2845.14 2745.14 870.1
790.469 2845.81 2745.81 870.175
790.517 2846.48 2746.48 870.25
790.565 2847.15 2747.15 870.325
790.613 2847.82 2747.82 870.4
790.661 2848.49 2748.49 870.475
790.71 2849.16 2749.16 870.55
790.759 2849.83 2749.83 870.625
790.807 2850.5 2750.5 870.7
790.856 2851.17 2751.17 870.775
790.905 2851.84 2751.84 870.85
790.955 2852.51 2752.51 870.925
791.004 2853.18 2753.18 871
791.054 2853.84 2753.84 871.075
791.104 2854.51 2754.51 871.15
791.154 2855.18 2755.18 871.225
791.204 2855.85 2755.85 871.3
791.254 2856.52 2756.52 871.375
791.305 2857.19 2757.19 871.45
791.355 2857.86 2757.86 871.525
791.406 2858.53 2758.53 871.6
791.457 2859.2 2759.2 871.675
791.509 2859.87 2759.87 871.75
791.56 2860.54 2760.54 871.825
791.612 2861.21 2761.21 871.9
791.664 2861.88 2761.88 871.975
791.716 2862.55 2762.55 872.05
791.769 2863.22 2763.22 872.125
791.821 2863.89 2763.89 872.2
791.874 2864.56 2764.56 872.275
791.927 2865.23 2765.23 872.35
791.981 2865.89 2765.89 872.425
792.034 2866.56 2766.56 872.5
792.088 2867.23 2767.23 872.575
792.142 2867.9 2767.9 872.65
792.197 2868.57 2768.57 872.725
792.251 2869.24 2769.24 872.8
792.306 2869.91 2769.91 872.875
792.361 2870.58 2770.58 872.95
792.417 2871.25 2771.25 873.025
792.473 2871.92 2771.92 873.1
792.529 2872.59 2772.59 873.175
792.585 2873.26 2773.26 873.25
792.642 2873.93 2773.93 873.325
792.698 2874.6 2774.6 873.4
792.756 2875.27 2775.27 873.475
792.813 2875.94 2775.94 873.55
792.871 2876.61 2776.61 873.625
792.929 2877.28 2777.28 873.7
792.988 2877.94 2777.94 873.775
793.046 2878.61 2778.61 873.85
793.105 2879.28 2779.28 873.925
793.165 2879.95 2779.95 874
793.224 2880.62 2780.62 874.075
793.285 2881.29 2781.29 874.15
793.345 2881.96 2781.96 874.225
793.406 2882.63 2782.63 874.3
793.467 2883.3 2783.3 874.375
793.528 2883.97 2783.97 874.45
793.59 2884.64 2784.64 874.525
793.652 2885.31 2785.31 874.6
793.715 2885.98 2785.98 874.675
793.778 2886.65 2786.65 874.75
793.841 2887.32 2787.32 874.825
793.905 2887.99 2787.99 874.9
793.969 2888.66 2788.66 874.975
794.033 2889.32 2789.32 875.05
794.098 2889.99 2789.99 875.125
794.163 2890.66 2790.66 875.2
794.229 2891.33 2791.33 875.275
794.295 2892 2792 875.35
794.361 2892.67 2792.67 875.425
794.428 2893.34 2793.34 875.5
794.495 2894.01 2794.01 875.575
794.563 2894.68 2794.68 875.65
794.631 2895.35 2795.35 875.725
794.699 2896.02 2796.02 875.8
794.768 2896.69 2796.69 875.875
794.837 2897.36 2797.36 875.95
794.907 2898.03 2798.03 876.025
794.977 2898.7 2798.7 876.1
795.048 2899.37 2799.37 876.175
795.119 2900.04 2800.04 876.25
795.191 2900.71 2800.71 876.325
795.263 2901.37 2801.37 876.4
795.335 2902.04 2802.04 876.475
795.408 2902.71 2802.71 876.55
795.481 2903.38 2803.38 876.625
795.555 2904.05 2804.05 876.7
795.63 2904.72 2804.72 876.775
795.705 2905.39 2805.39 876.85
795.78 2906.06 2806.06 876.925
795.856 2906.73 2806.73 877
795.932 2907.4 2807.4 877.075
796.009 2908.07 2808.07 877.15
796.086 2908.74 2808.74 877.225
796.164 2909.41 2809.41 877.3
796.242 2910.08 2810.08 877.375
796.321 2910.75 2810.75 877.45
796.4 2911.42 2811.42 877.525
796.48 2912.09 2812.09 877.6
796.56 2912.76 2812.76 877.675
796.641 2913.42 2813.42 877.75
796.723 2914.09 2814.09 877.825
796.805 2914.76 2814.76 877.9
796.887 2915.43 2815.43 877.975
796.97 2916.1 2816.1 878.05
797.054 2916.77 2816.77 878.125
797.138 2917.44 2817.44 878.2
797.223 2918.11 2818.11 878.275
797.308 2918.78 2818.78 878.35
797.394 2919.45 2819.45 878.425
797.48 2920.12 2820.12 878.5
797.567 2920.79 2820.79 878.575
797.655 2921.46 2821.46 878.65
797.743 2922.13 2822.13 878.725
797.832 2922.8 2822.8 878.8
797.921 2923.47 2823.47 878.875
798.011 2924.14 2824.14 878.95
798.101 2924.81 2824.81 879.025
798.192 2925.47 2825.47 879.1
798.284 2926.14 2826.14 879.175
798.376 2926.81 2826.81 879.25
798.469 2927.48 2827.48 879.325
798.563 2928.15 2828.15 879.4
798.657 2928.82 2828.82 879.475
798.752 2929.49 2829.49 879.55
798.847 2930.16 2830.16 879.625
798.943 2930.83 2830.83 879.7
799.04 2931.5 2831.5 879.775
799.137 2932.17 2832.17 879.85
799.235 2932.84 2832.84 879.925
799.334 2933.51 2833.51 880
799.433 2934.18 2834.18 880.075
799.533 2934.85 2834.85 880.15
799.633 2935.52 2835.52 880.225
799.735 2936.19 2836.19 880.3
799.836 2936.85 2836.85 880.375
799.939 2937.52 2837.52 880.45
800.042 2938.19 2838.19 880.525
800.146 2938.86 2838.86 880.6
800.25 2939.53 2839.53 880.675
800.355 2940.2 2840.2 880.75
800.461 2940.87 2840.87 880.825
800.567 2941.54 2841.54 880.9
800.674 2942.21 2842.21 880.975
800.781 2942.88 2842.88 881.05
800.889 2943.55 2843.55 881.125
800.998 2944.22 2844.22 881.2
801.107 2944.89 2844.89 881.275
801.217 2945.56 2845.56 881.35
801.328 2946.23 2846.23 881.425
801.439 2946.9 2846.9 881.5
801.551 2947.57 2847.57 881.575
801.663 2948.24 2848.24 881.65
801.776 2948.9 2848.9 881.725
801.889 2949.57 2849.57 881.8
802.003 2950.24 2850.24 881.875
802.118 2950.91 2850.91 881.95
802.233 2951.58 2851.58 882.025
802.349 2952.25 2852.25 882.1
802.465 2952.92 2852.92 882.175
802.582 2953.59 2853.59 882.25
802.7 2954.26 2854.26 882.325
802.818 2954.93 2854.93 882.4
802.937 2955.6 2855.6 882.475
803.056 2956.27 2856.27 882.55
803.176 2956.94 2856.94 882.625
803.296 2957.61 2857.61 882.7
803.417 2958.28 2858.28 882.775
803.538 2958.95 2858.95 882.85
803.66 2959.62 2859.62 882.925
803.783 2960.29 2860.29 883
803.906 2960.95 2860.95 883.075
804.029 2961.62 2861.62 883.15
804.153 2962.29 2862.29 883.225
804.278 2962.96 2862.96 883.3
804.403 2963.63 2863.63 883.375
804.529 2964.3 2864.3 883.45
804.655 2964.97 2864.97 883.525
804.782 2965.64 2865.64 883.6
804.909 2966.31 2866.31 883.675
805.037 2966.98 2866.98 883.75
805.165 2967.65 2867.65 883.825
805.294 2968.32 2868.32 883.9
805.423 2968.99 2868.99 883.975
805.553 2969.66 2869.66 884.05
805.683 2970.33 2870.33 884.125
805.814 2971 2871 884.2
805.945 2971.67 2871.67 884.275
806.077 2972.33 2872.33 884.35
806.209 2973 2873 884.425
806.342 2973.67 2873.67 884.5
806.475 2974.34 2874.34 884.575
806.609 2975.01 2875.01 884.65
806.743 2975.68 2875.68 884.725
806.878 2976.35 2876.35 884.8
807.013 2977.02 2877.02 884.875
807.149 2977.69 2877.69 884.95
807.285 2978.36 2878.36 885.025
807.421 2979.03 2879.03 885.1
807.558 2979.7 2879.7 885.175
807.696 2980.37 2880.37 885.25
807.834 2981.04 2881.04 885.325
807.972 2981.71 2881.71 885.4
808.111 2982.38 2882.38 885.475
808.25 2983.05 2883.05 885.55
808.39 2983.72 2883.72 885.625
808.53 2984.38 2884.38 885.7
808.671 2985.05 2885.05 885.775
808.812 2985.72 2885.72 885.85
808.953 2986.39 2886.39 885.925
809.095 2987.06 2887.06 886
809.237 2987.73 2887.73 886.075
809.38 2988.4 2888.4 886.15
809.523 2989.07 2889.07 886.225
809.667 2989.74 2889.74 886.3
809.811 2990.41 2890.41 886.375
809.955 2991.08 2891.08 886.45
810.1 2991.75 2891.75 886.525
810.245 2992.42 2892.42 886.6
810.391 2993.09 2893.09 886.675
810.537 2993.76 2893.76 886.75
810.683 2994.43 2894.43 886.825
810.83 2995.1 2895.1 886.9
810.977 2995.77 2895.77 886.975
811.125 2996.43 2896.43 887.05
811.273 2997.1 2897.1 887.125
811.421 2997.77 2897.77 887.2
811.57 2998.44 2898.44 887.275
811.719 2999.11 2899.11 887.35
811.868 2999.78 2899.78 887.425
812.018 3000.45 2900.45 887.5
812.169 3001.12 2901.12 887.575
812.319 3001.79 2901.79 887.65
812.47 3002.46 2902.46 887.725
812.622 3003.13 2903.13 887.8
812.773 3003.8 2903.8 887.875
812.925 3004.47 2904.47 887.95
813.078 3005.14 2905.14 888.025
813.23 3005.81 2905.81 888.1
813.384 3006.48 2906.48 888.175
813.537 3007.15 2907.15 888.25
813.691 3007.81 2907.81 888.325
813.845 3008.48 2908.48 888.4
813.999 3009.15 2909.15 888.475
814.154 3009.82 2909.82 888.55
814.309 3010.49 2910.49 888.625
814.465 3011.16 2911.16 888.7
814.621 3011.83 2911.83 888.775
814.777 3012.5 2912.5 888.85
814.933 3013.17 2913.17 888.925
815.09 3013.84 2913.84 889
815.247 3014.51 2914.51 889.075
815.404 3015.18 2915.18 889.15
815.562 3015.85 2915.85 889.225
815.72 3016.52 2916.52 889.3
815.878 3017.19 2917.19 889.375
816.037 3017.86 2917.86 889.45
816.196 3018.53 2918.53 889.525
816.355 3019.2 2919.2 889.6
816.514 3019.86 2919.86 889.675
816.674 3020.53 2920.53 889.75
816.834 3021.2 2921.2 889.825
816.994 3021.87 2921.87 889.9
817.155 3022.54 2922.54 889.975
817.316 3023.21 2923.21 890.05
817.477 3023.88 2923.88 890.125
817.639 3024.55 2924.55 890.2
817.8 3025.22 2925.22 890.275
817.962 3025.89 2925.89 890.35
818.124 3026.56 2926.56 890.425
818.287 3027.23 2927.23 890.5
818.45 3027.9 2927.9 890.575
818.613 3028.57 2928.57 890.65
818.776 3029.24 2929.24 890.725
818.939 3029.91 2929.91 890.8
819.103 3030.58 2930.58 890.875
819.267 3031.25 2931.25 890.95
819.431 3031.91 2931.91 891.025
819.596 3032.58 2932.58 891.1
819.76 3033.25 2933.25 891.175
819.925 3033.92 2933.92 891.25
820.091 3034.59 2934.59 891.325
820.256 3035.26 2935.26 891.4
820.422 3035.93 2935.93 891.475
820.587 3036.6 2936.6 891.55
820.753 3037.27 2937.27 891.625
820.92 3037.94 2937.94 891.7
821.086 3038.61 2938.61 891.775
821.253 3039.28 2939.28 891.85
821.42 3039.95 2939.95 891.925
821.587 3040.62 2940.62 892
821.754 3041.29 2941.29 892.075
821.922 3041.96 2941.96 892.15
822.089 3042.63 2942.63 892.225
822.257 3043.3 2943.3 892.3
822.425 3043.96 2943.96 892.375
822.593 3044.63 2944.63 892.45
822.762 3045.3 2945.3 892.525
822.931 3045.97 2945.97 892.6
823.099 3046.64 2946.64 892.675
823.268 3047.31 2947.31 892.75
823.437 3047.98 2947.98 892.825
823.607 3048.65 2948.65 892.9
823.776 3049.32 2949.32 892.975
823.946 3049.99 2949.99 893.05
824.116 3050.66 2950.66 893.125
824.286 3051.33 2951.33 893.2
824.456 3052 2952 893.275
824.626 3052.67 2952.67 893.35
824.796 3053.34 2953.34 893.425
824.967 3054.01 2954.01 893.5
825.138 3054.68 2954.68 893.575
825.309 3055.34 2955.34 893.65
825.48 3056.01 2956.01 893.725
825.651 3056.68 2956.68 893.8
825.822 3057.35 2957.35 893.875
825.993 3058.02 2958.02 893.95
826.165 3058.69 2958.69 894.025
826.337 3059.36 2959.36 894.1
826.508 3060.03 2960.03 894.175
826.68 3060.7 2960.7 894.25
826.852 3061.37 2961.37 894.325
827.024 3062.04 2962.04 894.4
827.197 3062.71 2962.71 894.475
827.369 3063.38 2963.38 894.55
827.541 3064.05 2964.05 894.625
827.714 3064.72 2964.72 894.7
827.887 3065.39 2965.39 894.775
828.059 3066.06 2966.06 894.85
828.232 3066.73 2966.73 894.925
828.405 3067.39 2967.39 895
828.578 3068.06 2968.06 895.075
828.751 3068.73 2968.73 895.15
828.924 3069.4 2969.4 895.225
829.098 3070.07 2970.07 895.3
829.271 3070.74 2970.74 895.375
829.444 3071.41 2971.41 895.45
829.618 3072.08 2972.08 895.525
829.791 3072.75 2972.75 895.6
829.965 3073.42 2973.42 895.675
830.139 3074.09 2974.09 895.75
830.312 3074.76 2974.76 895.825
830.486 3075.43 2975.43 895.9
830.66 3076.1 2976.1 895.975
830.834 3076.77 2976.77 896.05
831.008 3077.44 2977.44 896.125
831.182 3078.11 2978.11 896.2
831.356 3078.78 2978.78 896.275
831.53 3079.44 2979.44 896.35
831.704 3080.11 2980.11 896.425
831.878 3080.78 2980.78 896.5
832.052 3081.45 2981.45 896.575
832.227 3082.12 2982.12 896.65
832.401 3082.79 2982.79 896.725
832.575 3083.46 2983.46 896.8
832.749 3084.13 2984.13 896.875
832.924 3084.8 2984.8 896.95
833.098 3085.47 2985.47 897.025
833.272 3086.14 2986.14 897.1
833.447 3086.81 2986.81 897.175
833.621 3087.48 2987.48 897.25
833.795 3088.15 2988.15 897.325
833.97 3088.82 2988.82 897.4
834.144 3089.49 2989.49 897.475
834.318 3090.16 2990.16 897.55
834.493 3090.82 2990.82 897.625
834.667 3091.49 2991.49 897.7
834.841 3092.16 2992.16 897.775
835.016 3092.83 2992.83 897.85
835.19 3093.5 2993.5 897.925
835.364 3094.17 2994.17 898
835.538 3094.84 2994.84 898.075
835.712 3095.51 2995.51 898.15
835.887 3096.18 2996.18 898.225
836.061 3096.85 2996.85 898.3
836.235 3097.52 2997.52 898.375
836.409 3098.19 2998.19 898.45
836.583 3098.86 2998.86 898.525
836.757 3099.53 2999.53 898.6
836.931 3100.2 3000.2 898.675
837.105 3100.87 3000.87 898.75
837.278 3101.54 3001.54 898.825
837.452 3102.21 3002.21 898.9
837.626 3102.87 3002.87 898.975
837.799 3103.54 3003.54 899.05
837.973 3104.21 3004.21 899.125
838.147 3104.88 3004.88 899.2
838.32 3105.55 3005.55 899.275
838.493 3106.22 3006.22 899.35
838.667 3106.89 3006.89 899.425
838.84 3107.56 3007.56 899.5
839.013 3108.23 3008.23 899.575
839.186 3108.9 3008.9 899.65
839.359 3109.57 3009.57 899.725
839.532 3110.24 3010.24 899.8
839.705 3110.91 3010.91 899.875
839.877 3111.58 3011.58 899.95
840.05 3112.25 3012.25 900.025
840.222 3112.92 3012.92 900.1
840.395 3113.59 3013.59 900.175
840.567 3114.26 3014.26 900.25
840.739 3114.92 3014.92 900.325
840.911 3115.59 3015.59 900.4
841.083 3116.26 3016.26 900.475
841.255 3116.93 3016.93 900.55
841.427 3117.6 3017.6 900.625
841.599 3118.27 3018.27 900.7
841.77 3118.94 3018.94 900.775
841.942 3119.61 3019.61 900.85
842.113 3120.28 3020.28 900.925
842.284 3120.95 3020.95 901
842.456 3121.62 3021.62 901.075
842.627 3122.29 3022.29 901.15
842.798 3122.96 3022.96 901.225
842.969 3123.63 3023.63 901.3
843.139 3124.3 3024.3 901.375
843.31 3124.97 3024.97 901.45
843.481 3125.64 3025.64 901.525
843.651 3126.31 3026.31 901.6
843.822 3126.97 3026.97 901.675
843.992 3127.64 3027.64 901.75
844.163 3128.31 3028.31 901.825
844.333 3128.98 3028.98 901.9
844.503 3129.65 3029.65 901.975
844.673 3130.32 3030.32 902.05
844.843 3130.99 3030.99 902.125
845.013 3131.66 3031.66 902.2
845.182 3132.33 3032.33 902.275
845.352 3133 3033 902.35
845.522 3133.67 3033.67 902.425
845.691 3134.34 3034.34 902.5
845.86 3135.01 3035.01 902.575
846.03 3135.68 3035.68 902.65
846.199 3136.35 3036.35 902.725
846.368 3137.02 3037.02 902.8
846.537 3137.69 3037.69 902.875
846.706 3138.35 3038.35 902.95
846.875 3139.02 3039.02 903.025
847.044 3139.69 3039.69 903.1
847.213 3140.36 3040.36 903.175
847.381 3141.03 3041.03 903.25
847.55 3141.7 3041.7 903.325
847.718 3142.37 3042.37 903.4
847.887 3143.04 3043.04 903.475
848.055 3143.71 3043.71 903.55
848.223 3144.38 3044.38 903.625
848.391 3145.05 3045.05 903.7
848.56 3145.72 3045.72 903.775
848.728 3146.39 3046.39 903.85
848.895 3147.06 3047.06 903.925
849.063 3147.73 3047.73 904
849.231 3148.4 3048.4 904.075
849.399 3149.07 3049.07 904.15
849.566 3149.74 3049.74 904.225
849.734 3150.4 3050.4 904.3
849.901 3151.07 3051.07 904.375
850.069 3151.74 3051.74 904.45
850.236 3152.41 3052.41 904.525
850.403 3153.08 3053.08 904.6
850.57 3153.75 3053.75 904.675
850.737 3154.42 3054.42 904.75
850.905 3155.09 3055.09 904.825
851.071 3155.76 3055.76 904.9
851.238 3156.43 3056.43 904.975
851.405 3157.1 3057.1 905.05
851.572 3157.77 3057.77 905.125
851.738 3158.44 3058.44 905.2
851.905 3159.11 3059.11 905.275
852.072 3159.78 3059.78 905.35
852.238 3160.45 3060.45 905.425
852.404 3161.12 3061.12 905.5
852.571 3161.79 3061.79 905.575
852.737 3162.45 3062.45 905.65
852.903 3163.12 3063.12 905.725
853.069 3163.79 3063.79 905.8
853.235 3164.46 3064.46 905.875
853.401 3165.13 3065.13 905.95
853.567 3165.8 3065.8 906.025
853.733 3166.47 3066.47 906.1
853.898 3167.14 3067.14 906.175
854.064 3167.81 3067.81 906.25
854.23 3168.48 3068.48 906.325
854.395 3169.15 3069.15 906.4
854.561 3169.82 3069.82 906.475
854.726 3170.49 3070.49 906.55
854.892 3171.16 3071.16 906.625
855.057 3171.83 3071.83 906.7
855.222 3172.5 3072.5 906.775
855.387 3173.17 3073.17 906.85
855.552 3173.83 3073.83 906.925
855.717 3174.5 3074.5 907
855.882 3175.17 3075.17 907.075
856.047 3175.84 3075.84 907.15
856.212 3176.51 3076.51 907.225
856.377 3177.18 3077.18 907.3
856.542 3177.85 3077.85 907.375
856.706 3178.52 3078.52 907.45
856.871 3179.19 3079.19 907.525
857.036 3179.86 3079.86 907.6
857.2 3180.53 3080.53 907.675
857.365 3181.2 3081.2 907.75
857.529 3181.87 3081.87 907.825
857.693 3182.54 3082.54 907.9
857.858 3183.21 3083.21 907.975
858.022 3183.88 3083.88 908.05
858.186 3184.55 3084.55 908.125
858.35 3185.22 3085.22 908.2
858.514 3185.88 3085.88 908.275
858.678 3186.55 3086.55 908.35
858.842 3187.22 3087.22 908.425
859.006 3187.89 3087.89 908.5
859.17 3188.56 3088.56 908.575
859.334 3189.23 3089.23 908.65
859.497 3189.9 3089.9 908.725
859.661 3190.57 3090.57 908.8
859.825 3191.24 3091.24 908.875
859.988 3191.91 3091.91 908.95
860.152 3192.58 3092.58 909.025
860.315 3193.25 3093.25 909.1
860.479 3193.92 3093.92 909.175
860.642 3194.59 3094.59 909.25
860.805 3195.26 3095.26 909.325
860.969 3195.93 3095.93 909.4
861.132 3196.6 3096.6 909.475
861.295 3197.27 3097.27 909.55
861.458 3197.93 3097.93 909.625
861.621 3198.6 3098.6 909.7
861.784 3199.27 3099.27 909.775
861.947 3199.94 3099.94 909.85
862.11 3200.61 3100.61 909.925
862.273 3201.28 3101.28 910
862.436 3201.95 3101.95 910.075
862.599 3202.62 3102.62 910.15
862.762 3203.29 3103.29 910.225
862.925 3203.96 3103.96 910.3
863.087 3204.63 3104.63 910.375
863.25 3205.3 3105.3 910.45
863.412 3205.97 3105.97 910.525
863.575 3206.64 3106.64 910.6
863.738 3207.31 3107.31 910.675
863.9 3207.98 3107.98 910.75
864.063 3208.65 3108.65 910.825
864.225 3209.32 3109.32 910.9
864.387 3209.98 3109.98 910.975
864.55 3210.65 3110.65 911.05
864.712 3211.32 3111.32 911.125
864.874 3211.99 3111.99 911.2
865.036 3212.66 3112.66 911.275
865.199 3213.33 3113.33 911.35
865.361 3214 3114 911.425
865.523 3214.67 3114.67 911.5
865.685 3215.34 3115.34 911.575
865.847 3216.01 3116.01 911.65
866.009 3216.68 3116.68 911.725
866.171 3217.35 3117.35 911.8
866.333 3218.02 3118.02 911.875
866.495 3218.69 3118.69 911.95
866.656 3219.36 3119.36 912.025
866.818 3220.03 3120.03 912.1
866.98 3220.7 3120.7 912.175
867.142 3221.36 3121.36 912.25
867.304 3222.03 3122.03 912.325
867.465 3222.7 3122.7 912.4
867.627 3223.37 3123.37 912.475
867.788 3224.04 3124.04 912.55
867.95 3224.71 3124.71 912.625
868.112 3225.38 3125.38 912.7
868.273 3226.05 3126.05 912.775
868.435 3226.72 3126.72 912.85
868.596 3227.39 3127.39 912.925
868.758 3228.06 3128.06 913
868.919 3228.73 3128.73 913.075
869.08 3229.4 3129.4 913.15
869.242 3230.07 3130.07 913.225
869.403 3230.74 3130.74 913.3
869.564 3231.41 3131.41 913.375
869.726 3232.08 3132.08 913.45
869.887 3232.75 3132.75 913.525
870.048 3233.41 3133.41 913.6
870.209 3234.08 3134.08 913.675
870.371 3234.75 3134.75 913.75
870.532 3235.42 3135.42 913.825
870.693 3236.09 3136.09 913.9
870.854 3236.76 3136.76 913.975
871.015 3237.43 3137.43 914.05
871.176 3238.1 3138.1 914.125
871.337 3238.77 3138.77 914.2
871.498 3239.44 3139.44 914.275
871.659 3240.11 3140.11 914.35
871.82 3240.78 3140.78 914.425
871.981 3241.45 3141.45 914.5
872.142 3242.12 3142.12 914.575
872.303 3242.79 3142.79 914.65
872.464 3243.46 3143.46 914.725
872.625 3244.13 3144.13 914.8
872.786 3244.8 3144.8 914.875
872.947 3245.46 3145.46 914.95
873.107 3246.13 3146.13 915.025
873.268 3246.8 3146.8 915.1
873.429 3247.47 3147.47 915.175
873.59 3248.14 3148.14 915.25
873.751 3248.81 3148.81 915.325
873.911 3249.48 3149.48 915.4
874.072 3250.15 3150.15 915.475
874.233 3250.82 3150.82 915.55
874.394 3251.49 3151.49 915.625
874.554 3252.16 3152.16 915.7
874.715 3252.83 3152.83 915.775
874.876 3253.5 3153.5 915.85
875.036 3254.17 3154.17 915.925
875.197 3254.84 3154.84 916
875.358 3255.51 3155.51 916.075
875.518 3256.18 3156.18 916.15
875.679 3256.84 3156.84 916.225
875.839 3257.51 3157.51 916.3
876 3258.18 3158.18 916.375
876.161 3258.85 3158.85 916.45
876.321 3259.52 3159.52 916.525
876.482 3260.19 3160.19 916.6
876.642 3260.86 3160.86 916.675
876.803 3261.53 3161.53 916.75
876.963 3262.2 3162.2 916.825
877.124 3262.87 3162.87 916.9
877.285 3263.54 3163.54 916.975
877.445 3264.21 3164.21 917.05
877.606 3264.88 3164.88 917.125
877.766 3265.55 3165.55 917.2
877.927 3266.22 3166.22 917.275
878.087 3266.89 3166.89 917.35
878.248 3267.56 3167.56 917.425
878.408 3268.23 3168.23 917.5
878.569 3268.89 3168.89 917.575
878.729 3269.56 3169.56 917.65
878.89 3270.23 3170.23 917.725
879.05 3270.9 3170.9 917.8
879.211 3271.57 3171.57 917.875
879.371 3272.24 3172.24 917.95
879.532 3272.91 3172.91 918.025
879.692 3273.58 3173.58 918.1
879.853 3274.25 3174.25 918.175
880.013 3274.92 3174.92 918.25
880.174 3275.59 3175.59 918.325
880.334 3276.26 3176.26 918.4
880.494 3276.93 3176.93 918.475
880.655 3277.6 3177.6 918.55
880.815 3278.27 3178.27 918.625
880.976 3278.94 3178.94 918.7
881.136 3279.61 3179.61 918.775
881.297 3280.28 3180.28 918.85
881.458 3280.94 3180.94 918.925
881.618 3281.61 3181.61 919
881.779 3282.28 3182.28 919.075
881.939 3282.95 3182.95 919.15
882.1 3283.62 3183.62 919.225
882.26 3284.29 3184.29 919.3
882.421 3284.96 3184.96 919.375
882.581 3285.63 3185.63 919.45
882.742 3286.3 3186.3 919.525
882.902 3286.97 3186.97 919.6
883.063 3287.64 3187.64 919.675
883.224 3288.31 3188.31 919.75
883.384 3288.98 3188.98 919.825
883.545 3289.65 3189.65 919.9
883.705 3290.32 3190.32 919.975
883.866 3290.99 3190.99 920.05
884.027 3291.66 3191.66 920.125
884.187 3292.33 3192.33 920.2
884.348 3292.99 3192.99 920.275
884.509 3293.66 3193.66 920.35
884.669 3294.33 3194.33 920.425
884.83 3295 3195 920.5
884.991 3295.67 3195.67 920.575
885.151 3296.34 3196.34 920.65
885.312 3297.01 3197.01 920.725
885.473 3297.68 3197.68 920.8
885.633 3298.35 3198.35 920.875
885.794 3299.02 3199.02 920.95
885.955 3299.69 3199.69 921.025
886.116 3300.36 3200.36 921.1
886.276 3301.03 3201.03 921.175
886.437 3301.7 3201.7 921.25
886.598 3302.37 3202.37 921.325
886.758 3303.04 3203.04 921.4
886.919 3303.71 3203.71 921.475
887.08 3304.37 3204.37 921.55
887.241 3305.04 3205.04 921.625
887.401 3305.71 3205.71 921.7
887.562 3306.38 3206.38 921.775
887.723 3307.05 3207.05 921.85
887.883 3307.72 3207.72 921.925
888.044 3308.39 3208.39 922
888.205 3309.06 3209.06 922.075
888.365 3309.73 3209.73 922.15
888.526 3310.4 3210.4 922.225
888.687 3311.07 3211.07 922.3
888.847 3311.74 3211.74 922.375
889.008 3312.41 3212.41 922.45
889.169 3313.08 3213.08 922.525
889.329 3313.75 3213.75 922.6
889.49 3314.42 3214.42 922.675
889.651 3315.09 3215.09 922.75
889.811 3315.76 3215.76 922.825
889.972 3316.42 3216.42 922.9
890.132 3317.09 3217.09 922.975
890.293 3317.76 3217.76 923.05
890.454 3318.43 3218.43 923.125
890.614 3319.1 3219.1 923.2
890.775 3319.77 3219.77 923.275
890.935 3320.44 3220.44 923.35
891.096 3321.11 3221.11 923.425
891.256 3321.78 3221.78 923.5
891.416 3322.45 3222.45 923.575
891.577 3323.12 3223.12 923.65
891.737 3323.79 3223.79 923.725
891.898 3324.46 3224.46 923.8
892.058 3325.13 3225.13 923.875
892.218 3325.8 3225.8 923.95
892.379 3326.47 3226.47 924.025
892.539 3327.14 3227.14 924.1
892.699 3327.81 3227.81 924.175
892.86 3328.47 3228.47 924.25
893.02 3329.14 3229.14 924.325
893.18 3329.81 3229.81 924.4
893.34 3330.48 3230.48 924.475
893.5 3331.15 3231.15 924.55
893.66 3331.82 3231.82 924.625
893.82 3332.49 3232.49 924.7
893.981 3333.16 3233.16 924.775
894.141 3333.83 3233.83 924.85
894.301 3334.5 3234.5 924.925
894.461 3335.17 3235.17 925
894.621 3335.84 3235.84 925.075
894.78 3336.51 3236.51 925.15
894.94 3337.18 3237.18 925.225
895.1 3337.85 3237.85 925.3
895.26 3338.52 3238.52 925.375
895.42 3339.19 3239.19 925.45
895.58 3339.85 3239.85 925.525
895.739 3340.52 3240.52 925.6
895.899 3341.19 3241.19 925.675
896.059 3341.86 3241.86 925.75
896.218 3342.53 3242.53 925.825
896.378 3343.2 3243.2 925.9
896.537 3343.87 3243.87 925.975
896.697 3344.54 3244.54 926.05
896.856 3345.21 3245.21 926.125
897.016 3345.88 3245.88 926.2
897.175 3346.55 3246.55 926.275
897.334 3347.22 3247.22 926.35
897.494 3347.89 3247.89 926.425
897.653 3348.56 3248.56 926.5
897.812 3349.23 3249.23 926.575
897.971 3349.9 3249.9 926.65
898.13 3350.57 3250.57 926.725
898.29 3351.24 3251.24 926.8
898.449 3351.9 3251.9 926.875
898.608 3352.57 3252.57 926.95
898.766 3353.24 3253.24 927.025
898.925 3353.91 3253.91 927.1
899.084 3354.58 3254.58 927.175
899.243 3355.25 3255.25 927.25
899.402 3355.92 3255.92 927.325
899.56 3356.59 3256.59 927.4
899.719 3357.26 3257.26 927.475
899.878 3357.93 3257.93 927.55
900.036 3358.6 3258.6 927.625
900.195 3359.27 3259.27 927.7
900.353 3359.94 3259.94 927.775
900.512 3360.61 3260.61 927.85
900.67 3361.28 3261.28 927.925
900.828 3361.95 3261.95 928
900.986 3362.62 3262.62 928.075
901.145 3363.29 3263.29 928.15
901.303 3363.95 3263.95 928.225
901.461 3364.62 3264.62 928.3
901.619 3365.29 3265.29 928.375
901.777 3365.96 3265.96 928.45
901.935 3366.63 3266.63 928.525
902.092 3367.3 3267.3 928.6
902.25 3367.97 3267.97 928.675
902.408 3368.64 3268.64 928.75
902.565 3369.31 3269.31 928.825
902.723 3369.98 3269.98 928.9
902.88 3370.65 3270.65 928.975
903.038 3371.32 3271.32 929.05
903.195 3371.99 3271.99 929.125
903.353 3372.66 3272.66 929.2
903.51 3373.33 3273.33 929.275
903.667 3374 3274 929.35
903.824 3374.67 3274.67 929.425
903.981 3375.34 3275.34 929.5
904.138 3376 3276 929.575
904.295 3376.67 3276.67 929.65
904.452 3377.34 3277.34 929.725
904.609 3378.01 3278.01 929.8
904.765 3378.68 3278.68 929.875
904.922 3379.35 3279.35 929.95
905.079 3380.02 3280.02 930.025
905.235 3380.69 3280.69 930.1
905.392 3381.36 3281.36 930.175
905.548 3382.03 3282.03 930.25
905.704 3382.7 3282.7 930.325
905.86 3383.37 3283.37 930.4
906.016 3384.04 3284.04 930.475
906.173 3384.71 3284.71 930.55
906.328 3385.38 3285.38 930.625
906.484 3386.05 3286.05 930.7
906.64 3386.72 3286.72 930.775
906.796 3387.38 3287.38 930.85
906.952 3388.05 3288.05 930.925
907.107 3388.72 3288.72 931
907.263 3389.39 3289.39 931.075
907.418 3390.06 3290.06 931.15
907.573 3390.73 3290.73 931.225
907.729 3391.4 3291.4 931.3
907.884 3392.07 3292.07 931.375
908.039 3392.74 3292.74 931.45
908.194 3393.41 3293.41 931.525
908.349 3394.08 3294.08 931.6
908.504 3394.75 3294.75 931.675
908.658 3395.42 3295.42 931.75
908.813 3396.09 3296.09 931.825
908.968 3396.76 3296.76 931.9
909.122 3397.43 3297.43 931.975
909.277 3398.1 3298.1 932.05
909.431 3398.77 3298.77 932.125
909.585 3399.43 3299.43 932.2
909.739 3400.1 3300.1 932.275
909.893 3400.77 3300.77 932.35
910.047 3401.44 3301.44 932.425
910.201 3402.11 3302.11 932.5
910.355 3402.78 3302.78 932.575
910.509 3403.45 3303.45 932.65
910.662 3404.12 3304.12 932.725
910.816 3404.79 3304.79 932.8
910.969 3405.46 3305.46 932.875
911.122 3406.13 3306.13 932.95
911.275 3406.8 3306.8 933.025
911.429 3407.47 3307.47 933.1
911.582 3408.14 3308.14 933.175
911.734 3408.81 3308.81 933.25
911.887 3409.48 3309.48 933.325
912.04 3410.15 3310.15 933.4
912.193 3410.82 3310.82 933.475
912.345 3411.48 3311.48 933.55
912.497 3412.15 3312.15 933.625
912.65 3412.82 3312.82 933.7
912.802 3413.49 3313.49 933.775
912.954 3414.16 3314.16 933.85
913.106 3414.83 3314.83 933.925
913.258 3415.5 3315.5 934
913.41 3416.17 3316.17 934.075
913.561 3416.84 3316.84 934.15
913.713 3417.51 3317.51 934.225
913.864 3418.18 3318.18 934.3
914.016 3418.85 3318.85 934.375
914.167 3419.52 3319.52 934.45
914.318 3420.19 3320.19 934.525
914.469 3420.86 3320.86 934.6
914.62 3421.53 3321.53 934.675
914.771 3422.2 3322.2 934.75
914.922 3422.86 3322.86 934.825
915.072 3423.53 3323.53 934.9
915.223 3424.2 3324.2 934.975
915.373 3424.87 3324.87 935.05
915.523 3425.54 3325.54 935.125
915.674 3426.21 3326.21 935.2
915.824 3426.88 3326.88 935.275
915.973 3427.55 3327.55 935.35
916.123 3428.22 3328.22 935.425
916.273 3428.89 3328.89 935.5
916.422 3429.56 3329.56 935.575
916.572 3430.23 3330.23 935.65
916.721 3430.9 3330.9 935.725
916.87 3431.57 3331.57 935.8
917.019 3432.24 3332.24 935.875
917.168 3432.91 3332.91 935.95
917.317 3433.58 3333.58 936.025
917.466 3434.25 3334.25 936.1
917.615 3434.91 3334.91 936.175
917.763 3435.58 3335.58 936.25
917.911 3436.25 3336.25 936.325
918.06 3436.92 3336.92 936.4
918.208 3437.59 3337.59 936.475
918.356 3438.26 3338.26 936.55
918.504 3438.93 3338.93 936.625
918.651 3439.6 3339.6 936.7
918.799 3440.27 3340.27 936.775
918.946 3440.94 3340.94 936.85
919.094 3441.61 3341.61 936.925
919.241 3442.28 3342.28 937
919.388 3442.95 3342.95 937.075
919.535 3443.62 3343.62 937.15
919.682 3444.29 3344.29 937.225
919.828 3444.96 3344.96 937.3
919.975 3445.63 3345.63 937.375
920.121 3446.3 3346.3 937.45
920.268 3446.96 3346.96 937.525
920.414 3447.63 3347.63 937.6
920.56 3448.3 3348.3 937.675
920.706 3448.97 3348.97 937.75
920.851 3449.64 3349.64 937.825
920.997 3450.31 3350.31 937.9
921.143 3450.98 3350.98 937.975
921.288 3451.65 3351.65 938.05
921.433 3452.32 3352.32 938.125
921.578 3452.99 3352.99 938.2
921.723 3453.66 3353.66 938.275
921.868 3454.33 3354.33 938.35
922.013 3455 3355 938.425
922.157 3455.67 3355.67 938.5
922.301 3456.34 3356.34 938.575
922.446 3457.01 3357.01 938.65
922.59 3457.68 3357.68 938.725
922.734 3458.35 3358.35 938.8
922.877 3459.01 3359.01 938.875
923.021 3459.68 3359.68 938.95
923.164 3460.35 3360.35 939.025
923.308 3461.02 3361.02 939.1
923.451 3461.69 3361.69 939.175
923.594 3462.36 3362.36 939.25
923.737 3463.03 3363.03 939.325
923.88 3463.7 3363.7 939.4
924.022 3464.37 3364.37 939.475
924.165 3465.04 3365.04 939.55
924.307 3465.71 3365.71 939.625
924.449 3466.38 3366.38 939.7
924.591 3467.05 3367.05 939.775
924.733 3467.72 3367.72 939.85
924.875 3468.39 3368.39 939.925
925.016 3469.06 3369.06 940
925.158 3469.73 3369.73 940.075
925.299 3470.39 3370.39 940.15
925.44 3471.06 3371.06 940.225
925.581 3471.73 3371.73 940.3
925.722 3472.4 3372.4 940.375
925.862 3473.07 3373.07 940.45
926.003 3473.74 3373.74 940.525
926.143 3474.41 3374.41 940.6
926.283 3475.08 3375.08 940.675
926.423 3475.75 3375.75 940.75
926.563 3476.42 3376.42 940.825
926.703 3477.09 3377.09 940.9
926.842 3477.76 3377.76 940.975
926.982 3478.43 3378.43 941.05
927.121 3479.1 3379.1 941.125
927.26 3479.77 3379.77 941.2
927.399 3480.44 3380.44 941.275
927.538 3481.11 3381.11 941.35
927.677 3481.78 3381.78 941.425
927.816 3482.44 3382.44 941.5
927.954 3483.11 3383.11 941.575
928.092 3483.78 3383.78 941.65
928.231 3484.45 3384.45 941.725
928.369 3485.12 3385.12 941.8
928.506 3485.79 3385.79 941.875
928.644 3486.46 3386.46 941.95
928.782 3487.13 3387.13 942.025
928.919 3487.8 3387.8 942.1
929.057 3488.47 3388.47 942.175
929.194 3489.14 3389.14 942.25
929.331 3489.81 3389.81 942.325
929.468 3490.48 3390.48 942.4
929.605 3491.15 3391.15 942.475
929.742 3491.82 3391.82 942.55
929.878 3492.49 3392.49 942.625
930.015 3493.16 3393.16 942.7
930.151 3493.83 3393.83 942.775
930.287 3494.49 3394.49 942.85
930.423 3495.16 3395.16 942.925
930.559 3495.83 3395.83 943
930.695 3496.5 3396.5 943.075
930.831 3497.17 3397.17 943.15
930.966 3497.84 3397.84 943.225
931.102 3498.51 3398.51 943.3
931.237 3499.18 3399.18 943.375
931.372 3499.85 3399.85 943.45
931.507 3500.52 3400.52 943.525
931.642 3501.19 3401.19 943.6
931.777 3501.86 3401.86 943.675
931.912 3502.53 3402.53 943.75
932.047 3503.2 3403.2 943.825
932.181 3503.87 3403.87 943.9
932.316 3504.54 3404.54 943.975
932.45 3505.21 3405.21 944.05
932.584 3505.87 3405.87 944.125
932.718 3506.54 3406.54 944.2
932.852 3507.21 3407.21 944.275
932.986 3507.88 3407.88 944.35
933.12 3508.55 3408.55 944.425
933.253 3509.22 3409.22 944.5
933.387 3509.89 3409.89 944.575
933.52 3510.56 3410.56 944.65
933.653 3511.23 3411.23 944.725
933.787 3511.9 3411.9 944.8
933.92 3512.57 3412.57 944.875
934.053 3513.24 3413.24 944.95
934.186 3513.91 3413.91 945.025
934.318 3514.58 3414.58 945.1
934.451 3515.25 3415.25 945.175
934.584 3515.92 3415.92 945.25
934.716 3516.59 3416.59 945.325
934.848 3517.26 3417.26 945.4
934.981 3517.92 3417.92 945.475
935.113 3518.59 3418.59 945.55
935.245 3519.26 3419.26 945.625
935.377 3519.93 3419.93 945.7
935.509 3520.6 3420.6 945.775
935.641 3521.27 3421.27 945.85
935.772 3521.94 3421.94 945.925
935.904 3522.61 3422.61 946
936.035 3523.28 3423.28 946.075
936.167 3523.95 3423.95 946.15
936.298 3524.62 3424.62 946.225
936.429 3525.29 3425.29 946.3
936.56 3525.96 3425.96 946.375
936.691 3526.63 3426.63 946.45
936.822 3527.3 3427.3 946.525
936.953 3527.97 3427.97 946.6
937.084 3528.64 3428.64 946.675
937.215 3529.31 3429.31 946.75
937.345 3529.97 3429.97 946.825
937.476 3530.64 3430.64 946.9
937.606 3531.31 3431.31 946.975
937.737 3531.98 3431.98 947.05
937.867 3532.65 3432.65 947.125
937.997 3533.32 3433.32 947.2
938.127 3533.99 3433.99 947.275
938.257 3534.66 3434.66 947.35
938.387 3535.33 3435.33 947.425
938.517 3536 3436 947.5
938.647 3536.67 3436.67 947.575
938.777 3537.34 3437.34 947.65
938.906 3538.01 3438.01 947.725
939.036 3538.68 3438.68 947.8
939.165 3539.35 3439.35 947.875
939.295 3540.02 3440.02 947.95
939.424 3540.69 3440.69 948.025
939.553 3541.36 3441.36 948.1
939.682 3542.02 3442.02 948.175
939.812 3542.69 3442.69 948.25
939.941 3543.36 3443.36 948.325
940.07 3544.03 3444.03 948.4
940.199 3544.7 3444.7 948.475
940.327 3545.37 3445.37 948.55
940.456 3546.04 3446.04 948.625
940.585 3546.71 3446.71 948.7
940.713 3547.38 3447.38 948.775
940.842 3548.05 3448.05 948.85
940.971 3548.72 3448.72 948.925
941.099 3549.39 3449.39 949
941.227 3550.06 3450.06 949.075
941.356 3550.73 3450.73 949.15
941.484 3551.4 3451.4 949.225
941.612 3552.07 3452.07 949.3
941.74 3552.74 3452.74 949.375
941.868 3553.4 3453.4 949.45
941.996 3554.07 3454.07 949.525
942.124 3554.74 3454.74 949.6
942.252 3555.41 3455.41 949.675
942.38 3556.08 3456.08 949.75
942.508 3556.75 3456.75 949.825
942.636 3557.42 3457.42 949.9
942.763 3558.09 3458.09 949.975
942.891 3558.76 3458.76 950.05
943.019 3559.43 3459.43 950.125
943.146 3560.1 3460.1 950.2
943.274 3560.77 3460.77 950.275
943.401 3561.44 3461.44 950.35
943.529 3562.11 3462.11 950.425
943.656 3562.78 3462.78 950.5
943.783 3563.45 3463.45 950.575
943.91 3564.12 3464.12 950.65
944.038 3564.79 3464.79 950.725
944.165 3565.45 3465.45 950.8
944.292 3566.12 3466.12 950.875
944.419 3566.79 3466.79 950.95
944.546 3567.46 3467.46 951.025
944.673 3568.13 3468.13 951.1
944.8 3568.8 3468.8 951.175
944.927 3569.47 3469.47 951.25
945.054 3570.14 3470.14 951.325
945.18 3570.81 3470.81 951.4
945.307 3571.48 3471.48 951.475
945.434 3572.15 3472.15 951.55
945.561 3572.82 3472.82 951.625
945.687 3573.49 3473.49 951.7
945.814 3574.16 3474.16 951.775
945.941 3574.83 3474.83 951.85
946.067 3575.5 3475.5 951.925
946.194 3576.17 3476.17 952
946.32 3576.84 3476.84 952.075
946.447 3577.5 3477.5 952.15
946.573 3578.17 3478.17 952.225
946.7 3578.84 3478.84 952.3
946.826 3579.51 3479.51 952.375
946.952 3580.18 3480.18 952.45
947.079 3580.85 3480.85 952.525
947.205 3581.52 3481.52 952.6
947.331 3582.19 3482.19 952.675
947.457 3582.86 3482.86 952.75
947.584 3583.53 3483.53 952.825
947.71 3584.2 3484.2 952.9
947.836 3584.87 3484.87 952.975
947.962 3585.54 3485.54 953.05
948.088 3586.21 3486.21 953.125
948.214 3586.88 3486.88 953.2
948.341 3587.55 3487.55 953.275
948.467 3588.22 3488.22 953.35
948.593 3588.88 3488.88 953.425
948.719 3589.55 3489.55 953.5
948.845 3590.22 3490.22 953.575
948.971 3590.89 3490.89 953.65
949.097 3591.56 3491.56 953.725
949.223 3592.23 3492.23 953.8
949.349 3592.9 3492.9 953.875
949.475 3593.57 3493.57 953.95
949.6 3594.24 3494.24 954.025
949.726 3594.91 3494.91 954.1
949.852 3595.58 3495.58 954.175
949.978 3596.25 3496.25 954.25
950.104 3596.92 3496.92 954.325
950.23 3597.59 3497.59 954.4
950.356 3598.26 3498.26 954.475
950.482 3598.93 3498.93 954.55
950.608 3599.6 3499.6 954.625
950.733 3600.27 3500.27 954.7
950.859 3600.93 3500.93 954.775
950.985 3601.6 3501.6 954.85
951.111 3602.27 3502.27 954.925
951.237 3602.94 3502.94 955
951.363 3603.61 3503.61 955.075
951.488 3604.28 3504.28 955.15
951.614 3604.95 3504.95 955.225
951.74 3605.62 3505.62 955.3
951.866 3606.29 3506.29 955.375
951.992 3606.96 3506.96 955.45
952.118 3607.63 3507.63 955.525
952.244 3608.3 3508.3 955.6
952.369 3608.97 3508.97 955.675
952.495 3609.64 3509.64 955.75
952.621 3610.31 3510.31 955.825
952.747 3610.98 3510.98 955.9
952.873 3611.65 3511.65 955.975
952.999 3612.32 3512.32 956.05
953.125 3612.98 3512.98 956.125
953.251 3613.65 3513.65 956.2
953.376 3614.32 3514.32 956.275
953.502 3614.99 3514.99 956.35
953.628 3615.66 3515.66 956.425
953.754 3616.33 3516.33 956.5
953.88 3617 3517 956.575
954.006 3617.67 3517.67 956.65
954.132 3618.34 3518.34 956.725
954.258 3619.01 3519.01 956.8
954.384 3619.68 3519.68 956.875
954.51 3620.35 3520.35 956.95
954.636 3621.02 3521.02 957.025
954.762 3621.69 3521.69 957.1
954.889 3622.36 3522.36 957.175
955.015 3623.03 3523.03 957.25
955.141 3623.7 3523.7 957.325
955.267 3624.37 3524.37 957.4
955.393 3625.03 3525.03 957.475
955.519 3625.7 3525.7 957.55
955.646 3626.37 3526.37 957.625
955.772 3627.04 3527.04 957.7
955.898 3627.71 3527.71 957.775
956.024 3628.38 3528.38 957.85
956.151 3629.05 3529.05 957.925
956.277 3629.72 3529.72 958
956.404 3630.39 3530.39 958.075
956.53 3631.06 3531.06 958.15
956.656 3631.73 3531.73 958.225
956.783 3632.4 3532.4 958.3
956.909 3633.07 3533.07 958.375
957.036 3633.74 3533.74 958.45
957.163 3634.41 3534.41 958.525
957.289 3635.08 3535.08 958.6
957.416 3635.75 3535.75 958.675
957.543 3636.41 3536.41 958.75
957.669 3637.08 3537.08 958.825
957.796 3637.75 3537.75 958.9
957.923 3638.42 3538.42 958.975
958.05 3639.09 3539.09 959.05
958.177 3639.76 3539.76 959.125
958.304 3640.43 3540.43 959.2
958.43 3641.1 3541.1 959.275
958.557 3641.77 3541.77 959.35
958.685 3642.44 3542.44 959.425
958.812 3643.11 3543.11 959.5
958.939 3643.78 3543.78 959.575
959.066 3644.45 3544.45 959.65
959.193 3645.12 3545.12 959.725
959.32 3645.79 3545.79 959.8
959.448 3646.46 3546.46 959.875
959.575 3647.13 3547.13 959.95
959.703 3647.8 3547.8 960.025
959.83 3648.46 3548.46 960.1
959.958 3649.13 3549.13 960.175
960.085 3649.8 3549.8 960.25
960.213 3650.47 3550.47 960.325
960.34 3651.14 3551.14 960.4
960.468 3651.81 3551.81 960.475
960.596 3652.48 3552.48 960.55
960.724 3653.15 3553.15 960.625
960.851 3653.82 3553.82 960.7
960.979 3654.49 3554.49 960.775
961.107 3655.16 3555.16 960.85
961.235 3655.83 3555.83 960.925
961.363 3656.5 3556.5 961
961.491 3657.17 3557.17 961.075
961.619 3657.84 3557.84 961.15
961.747 3658.51 3558.51 961.225
961.876 3659.18 3559.18 961.3
962.004 3659.85 3559.85 961.375
962.132 3660.51 3560.51 961.45
962.26 3661.18 3561.18 961.525
962.389 3661.85 3561.85 961.6
962.517 3662.52 3562.52 961.675
962.646 3663.19 3563.19 961.75
962.774 3663.86 3563.86 961.825
962.902 3664.53 3564.53 961.9
963.031 3665.2 3565.2 961.975
963.16 3665.87 3565.87 962.05
963.288 3666.54 3566.54 962.125
963.417 3667.21 3567.21 962.2
963.545 3667.88 3567.88 962.275
963.674 3668.55 3568.55 962.35
963.803 3669.22 3569.22 962.425
963.932 3669.89 3569.89 962.5
964.06 3670.56 3570.56 962.575
964.189 3671.23 3571.23 962.65
964.318 3671.89 3571.89 962.725
964.447 3672.56 3572.56 962.8
964.576 3673.23 3573.23 962.875
964.705 3673.9 3573.9 962.95
964.834 3674.57 3574.57 963.025
964.963 3675.24 3575.24 963.1
965.092 3675.91 3575.91 963.175
965.221 3676.58 3576.58 963.25
965.35 3677.25 3577.25 963.325
965.479 3677.92 3577.92 963.4
965.608 3678.59 3578.59 963.475
965.737 3679.26 3579.26 963.55
965.866 3679.93 3579.93 963.625
965.995 3680.6 3580.6 963.7
966.125 3681.27 3581.27 963.775
966.254 3681.94 3581.94 963.85
966.383 3682.61 3582.61 963.925
966.512 3683.28 3583.28 964
966.642 3683.94 3583.94 964.075
966.771 3684.61 3584.61 964.15
966.9 3685.28 3585.28 964.225
967.03 3685.95 3585.95 964.3
967.159 3686.62 3586.62 964.375
967.288 3687.29 3587.29 964.45
967.418 3687.96 3587.96 964.525
967.547 3688.63 3588.63 964.6
967.677 3689.3 3589.3 964.675
967.806 3689.97 3589.97 964.75
967.936 3690.64 3590.64 964.825
968.065 3691.31 3591.31 964.9
968.195 3691.98 3591.98 964.975
968.324 3692.65 3592.65 965.05
968.454 3693.32 3593.32 965.125
968.583 3693.99 3593.99 965.2
968.713 3694.66 3594.66 965.275
968.842 3695.33 3595.33 965.35
968.972 3695.99 3595.99 965.425
969.101 3696.66 3596.66 965.5
969.231 3697.33 3597.33 965.575
969.361 3698 3598 965.65
969.49 3698.67 3598.67 965.725
969.62 3699.34 3599.34 965.8
969.749 3700.01 3600.01 965.875
969.879 3700.68 3600.68 965.95
970.009 3701.35 3601.35 966.025
970.138 3702.02 3602.02 966.1
970.268 3702.69 3602.69 966.175
970.398 3703.36 3603.36 966.25
970.527 3704.03 3604.03 966.325
970.657 3704.7 3604.7 966.4
970.787 3705.37 3605.37 966.475
970.916 3706.04 3606.04 966.55
971.046 3706.71 3606.71 966.625
971.176 3707.37 3607.37 966.7
971.305 3708.04 3608.04 966.775
971.435 3708.71 3608.71 966.85
971.565 3709.38 3609.38 966.925
971.694 3710.05 3610.05 967
971.824 3710.72 3610.72 967.075
971.954 3711.39 3611.39 967.15
972.083 3712.06 3612.06 967.225
972.213 3712.73 3612.73 967.3
972.343 3713.4 3613.4 967.375
972.472 3714.07 3614.07 967.45
972.602 3714.74 3614.74 967.525
972.732 3715.41 3615.41 967.6
972.861 3716.08 3616.08 967.675
972.991 3716.75 3616.75 967.75
973.12 3717.42 3617.42 967.825
973.25 3718.09 3618.09 967.9
973.38 3718.76 3618.76 967.975
973.509 3719.42 3619.42 968.05
973.639 3720.09 3620.09 968.125
973.768 3720.76 3620.76 968.2
973.898 3721.43 3621.43 968.275
974.028 3722.1 3622.1 968.35
974.157 3722.77 3622.77 968.425
974.287 3723.44 3623.44 968.5
974.416 3724.11 3624.11 968.575
974.546 3724.78 3624.78 968.65
974.675 3725.45 3625.45 968.725
974.805 3726.12 3626.12 968.8
974.934 3726.79 3626.79 968.875
975.064 3727.46 3627.46 968.95
975.193 3728.13 3628.13 969.025
975.323 3728.8 3628.8 969.1
975.452 3729.47 3629.47 969.175
975.581 3730.14 3630.14 969.25
975.711 3730.81 3630.81 969.325
975.84 3731.47 3631.47 969.4
975.969 3732.14 3632.14 969.475
976.099 3732.81 3632.81 969.55
976.228 3733.48 3633.48 969.625
976.357 3734.15 3634.15 969.7
976.487 3734.82 3634.82 969.775
976.616 3735.49 3635.49 969.85
976.745 3736.16 3636.16 969.925
976.874 3736.83 3636.83 970
977.004 3737.5 3637.5 970.075
977.133 3738.17 3638.17 970.15
977.262 3738.84 3638.84 970.225
977.391 3739.51 3639.51 970.3
977.52 3740.18 3640.18 970.375
977.649 3740.85 3640.85 970.45
977.778 3741.52 3641.52 970.525
977.907 3742.19 3642.19 970.6
978.036 3742.86 3642.86 970.675
978.165 3743.52 3643.52 970.75
978.294 3744.19 3644.19 970.825
978.423 3744.86 3644.86 970.9
978.552 3745.53 3645.53 970.975
978.681 3746.2 3646.2 971.05
978.809 3746.87 3646.87 971.125
978.938 3747.54 3647.54 971.2
979.067 3748.21 3648.21 971.275
979.196 3748.88 3648.88 971.35
979.324 3749.55 3649.55 971.425
979.453 3750.22 3650.22 971.5
979.582 3750.89 3650.89 971.575
979.71 3751.56 3651.56 971.65
979.839 3752.23 3652.23 971.725
979.967 3752.9 3652.9 971.8
980.096 3753.57 3653.57 971.875
980.224 3754.24 3654.24 971.95
980.352 3754.9 3654.9 972.025
980.481 3755.57 3655.57 972.1
980.609 3756.24 3656.24 972.175
980.737 3756.91 3656.91 972.25
980.866 3757.58 3657.58 972.325
980.994 3758.25 3658.25 972.4
981.122 3758.92 3658.92 972.475
981.25 3759.59 3659.59 972.55
981.378 3760.26 3660.26 972.625
981.506 3760.93 3660.93 972.7
981.634 3761.6 3661.6 972.775
981.762 3762.27 3662.27 972.85
981.89 3762.94 3662.94 972.925
982.018 3763.61 3663.61 973
982.146 3764.28 3664.28 973.075
982.274 3764.95 3664.95 973.15
982.401 3765.62 3665.62 973.225
982.529 3766.29 3666.29 973.3
982.657 3766.95 3666.95 973.375
982.784 3767.62 3667.62 973.45
982.912 3768.29 3668.29 973.525
983.039 3768.96 3668.96 973.6
983.167 3769.63 3669.63 973.675
983.294 3770.3 3670.3 973.75
983.422 3770.97 3670.97 973.825
983.549 3771.64 3671.64 973.9
983.676 3772.31 3672.31 973.975
983.803 3772.98 3672.98 974.05
983.931 3773.65 3673.65 974.125
984.058 3774.32 3674.32 974.2
984.185 3774.99 3674.99 974.275
984.312 3775.66 3675.66 974.35
984.439 3776.33 3676.33 974.425
984.566 3777 3677 974.5
984.692 3777.67 3677.67 974.575
984.819 3778.34 3678.34 974.65
984.946 3779 3679 974.725
985.073 3779.67 3679.67 974.8
985.199 3780.34 3680.34 974.875
985.326 3781.01 3681.01 974.95
985.452 3781.68 3681.68 975.025
985.579 3782.35 3682.35 975.1
985.705 3783.02 3683.02 975.175
985.831 3783.69 3683.69 975.25
985.958 3784.36 3684.36 975.325
986.084 3785.03 3685.03 975.4
986.21 3785.7 3685.7 975.475
986.336 3786.37 3686.37 975.55
986.462 3787.04 3687.04 975.625
986.588 3787.71 3687.71 975.7
986.714 3788.38 3688.38 975.775
986.84 3789.05 3689.05 975.85
986.965 3789.72 3689.72 975.925
987.091 3790.38 3690.38 976
987.217 3791.05 3691.05 976.075
987.342 3791.72 3691.72 976.15
987.468 3792.39 3692.39 976.225
987.593 3793.06 3693.06 976.3
987.718 3793.73 3693.73 976.375
987.844 3794.4 3694.4 976.45
987.969 3795.07 3695.07 976.525
988.094 3795.74 3695.74 976.6
988.219 3796.41 3696.41 976.675
988.344 3797.08 3697.08 976.75
988.469 3797.75 3697.75 976.825
988.594 3798.42 3698.42 976.9
988.719 3799.09 3699.09 976.975
988.843 3799.76 3699.76 977.05
988.968 3800.43 3700.43 977.125
989.093 3801.1 3701.1 977.2
989.217 3801.77 3701.77 977.275
989.341 3802.43 3702.43 977.35
989.466 3803.1 3703.1 977.425
989.59 3803.77 3703.77 977.5
989.714 3804.44 3704.44 977.575
989.838 3805.11 3705.11 977.65
989.962 3805.78 3705.78 977.725
990.086 3806.45 3706.45 977.8
990.21 3807.12 3707.12 977.875
990.334 3807.79 3707.79 977.95
990.458 3808.46 3708.46 978.025
990.581 3809.13 3709.13 978.1
990.705 3809.8 3709.8 978.175
990.828 3810.47 3710.47 978.25
990.952 3811.14 3711.14 978.325
991.075 3811.81 3711.81 978.4
991.198 3812.48 3712.48 978.475
991.321 3813.15 3713.15 978.55
991.444 3813.82 3713.82 978.625
991.567 3814.48 3714.48 978.7
991.69 3815.15 3715.15 978.775
991.813 3815.82 3715.82 978.85
991.936 3816.49 3716.49 978.925
992.058 3817.16 3717.16 979
992.181 3817.83 3717.83 979.075
992.303 3818.5 3718.5 979.15
992.426 3819.17 3719.17 979.225
992.548 3819.84 3719.84 979.3
992.67 3820.51 3720.51 979.375
992.792 3821.18 3721.18 979.45
992.914 3821.85 3721.85 979.525
993.036 3822.52 3722.52 979.6
993.158 3823.19 3723.19 979.675
993.28 3823.86 3723.86 979.75
993.401 3824.53 3724.53 979.825
993.523 3825.2 3725.2 979.9
993.644 3825.87 3725.87 979.975
993.766 3826.53 3726.53 980.05
993.887 3827.2 3727.2 980.125
994.008 3827.87 3727.87 980.2
994.129 3828.54 3728.54 980.275
994.25 3829.21 3729.21 980.35
994.371 3829.88 3729.88 980.425
994.492 3830.55 3730.55 980.5
994.612 3831.22 3731.22 980.575
994.733 3831.89 3731.89 980.65
994.854 3832.56 3732.56 980.725
994.974 3833.23 3733.23 980.8
995.094 3833.9 3733.9 980.875
995.214 3834.57 3734.57 980.95
995.334 3835.24 3735.24 981.025
995.454 3835.91 3735.91 981.1
995.574 3836.58 3736.58 981.175
995.694 3837.25 3737.25 981.25
995.814 3837.91 3737.91 981.325
995.933 3838.58 3738.58 981.4
996.053 3839.25 3739.25 981.475
996.172 3839.92 3739.92 981.55
996.291 3840.59 3740.59 981.625
996.41 3841.26 3741.26 981.7
996.529 3841.93 3741.93 981.775
996.648 3842.6 3742.6 981.85
996.767 3843.27 3743.27 981.925
996.886 3843.94 3743.94 982
997.004 3844.61 3744.61 982.075
997.123 3845.28 3745.28 982.15
997.241 3845.95 3745.95 982.225
997.36 3846.62 3746.62 982.3
997.478 3847.29 3747.29 982.375
997.596 3847.96 3747.96 982.45
997.714 3848.63 3748.63 982.525
997.832 3849.3 3749.3 982.6
997.949 3849.96 3749.96 982.675
998.067 3850.63 3750.63 982.75
998.184 3851.3 3751.3 982.825
998.302 3851.97 3751.97 982.9
998.419 3852.64 3752.64 982.975
998.536 3853.31 3753.31 983.05
998.653 3853.98 3753.98 983.125
998.77 3854.65 3754.65 983.2
998.887 3855.32 3755.32 983.275
999.003 3855.99 3755.99 983.35
999.12 3856.66 3756.66 983.425
999.236 3857.33 3757.33 983.5
999.353 3858 3758 983.575
999.469 3858.67 3758.67 983.65
999.585 3859.34 3759.34 983.725
999.701 3860.01 3760.01 983.8
999.817 3860.68 3760.68 983.875
999.932 3861.35 3761.35 983.95
1000.05 3862.01 3762.01 984.025
1000.16 3862.68 3762.68 984.1
1000.28 3863.35 3763.35 984.175
1000.39 3864.02 3764.02 984.25
1000.51 3864.69 3764.69 984.325
1000.62 3865.36 3765.36 984.4
1000.74 3866.03 3766.03 984.475
1000.85 3866.7 3766.7 984.55
1000.97 3867.37 3767.37 984.625
1001.08 3868.04 3768.04 984.7
1001.2 3868.71 3768.71 984.775
1001.31 3869.38 3769.38 984.85
1001.42 3870.05 3770.05 984.925
1001.54 3870.72 3770.72 985
1001.65 3871.39 3771.39 985.075
1001.77 3872.06 3772.06 985.15
1001.88 3872.73 3772.73 985.225
1001.99 3873.39 3773.39 985.3
1002.11 3874.06 3774.06 985.375
1002.22 3874.73 3774.73 985.45
1002.33 3875.4 3775.4 985.525
1002.45 3876.07 3776.07 985.6
1002.56 3876.74 3776.74 985.675
1002.67 3877.41 3777.41 985.75
1002.78 3878.08 3778.08 985.825
1002.9 3878.75 3778.75 985.9
1003.01 3879.42 3779.42 985.975
1003.12 3880.09 3780.09 986.05
1003.23 3880.76 3780.76 986.125
1003.34 3881.43 3781.43 986.2
1003.46 3882.1 3782.1 986.275
1003.57 3882.77 3782.77 986.35
1003.68 3883.44 3783.44 986.425
1003.79 3884.11 3784.11 986.5
1003.9 3884.78 3784.78 986.575
1004.01 3885.44 3785.44 986.65
1004.12 3886.11 3786.11 986.725
1004.23 3886.78 3786.78 986.8
1004.34 3887.45 3787.45 986.875
1004.45 3888.12 3788.12 986.95
1004.56 3888.79 3788.79 987.025
1004.67 3889.46 3789.46 987.1
1004.78 3890.13 3790.13 987.175
1004.89 3890.8 3790.8 987.25
1005 3891.47 3791.47 987.325
1005.11 3892.14 3792.14 987.4
1005.22 3892.81 3792.81 987.475
1005.33 3893.48 3793.48 987.55
1005.44 3894.15 3794.15 987.625
1005.55 3894.82 3794.82 987.7
1005.66 3895.49 3795.49 987.775
1005.77 3896.16 3796.16 987.85
1005.87 3896.83 3796.83 987.925
1005.98 3897.49 3797.49 988
1006.09 3898.16 3798.16 988.075
1006.2 3898.83 3798.83 988.15
1006.31 3899.5 3799.5 988.225
1006.41 3900.17 3800.17 988.3
1006.52 3900.84 3800.84 988.375
1006.63 3901.51 3801.51 988.45
1006.74 3902.18 3802.18 988.525
1006.84 3902.85 3802.85 988.6
1006.95 3903.52 3803.52 988.675
1007.06 3904.19 3804.19 988.75
1007.16 3904.86 3804.86 988.825
1007.27 3905.53 3805.53 988.9
1007.38 3906.2 3806.2 988.975
1007.48 3906.87 3806.87 989.05
1007.59 3907.54 3807.54 989.125
1007.69 3908.21 3808.21 989.2
1007.8 3908.88 3808.88 989.275
1007.91 3909.54 3809.54 989.35
1008.01 3910.21 3810.21 989.425
1008.12 3910.88 3810.88 989.5
1008.22 3911.55 3811.55 989.575
1008.33 3912.22 3812.22 989.65
1008.43 3912.89 3812.89 989.725
1008.53 3913.56 3813.56 989.8
1008.64 3914.23 3814.23 989.875
1008.74 3914.9 3814.9 989.95
1008.85 3915.57 3815.57 990.025
1008.95 3916.24 3816.24 990.1
1009.05 3916.91 3816.91 990.175
1009.16 3917.58 3817.58 990.25
1009.26 3918.25 3818.25 990.325
1009.36 3918.92 3818.92 990.4
1009.47 3919.59 3819.59 990.475
1009.57 3920.26 3820.26 990.55
1009.67 3920.92 3820.92 990.625
1009.78 3921.59 3821.59 990.7
1009.88 3922.26 3822.26 990.775
1009.98 3922.93 3822.93 990.85
1010.08 3923.6 3823.6 990.925
1010.18 3924.27 3824.27 991
1010.28 3924.94 3824.94 991.075
1010.39 3925.61 3825.61 991.15
1010.49 3926.28 3826.28 991.225
1010.59 3926.95 3826.95 991.3
1010.69 3927.62 3827.62 991.375
1010.79 3928.29 3828.29 991.45
1010.89 3928.96 3828.96 991.525
1010.99 3929.63 3829.63 991.6
1011.09 3930.3 3830.3 991.675
1011.19 3930.97 3830.97 991.75
1011.29 3931.64 3831.64 991.825
1011.39 3932.31 3832.31 991.9
1011.49 3932.97 3832.97 991.975
1011.59 3933.64 3833.64 992.05
1011.69 3934.31 3834.31 992.125
1011.79 3934.98 3834.98 992.2
1011.89 3935.65 3835.65 992.275
1011.98 3936.32 3836.32 992.35
1012.08 3936.99 3836.99 992.425
1012.18 3937.66 3837.66 992.5
1012.28 3938.33 3838.33 992.575
1012.38 3939 3839 992.65
1012.47 3939.67 3839.67 992.725
1012.57 3940.34 3840.34 992.8
1012.67 3941.01 3841.01 992.875
1012.77 3941.68 3841.68 992.95
1012.86 3942.35 3842.35 993.025
1012.96 3943.02 3843.02 993.1
1013.06 3943.69 3843.69 993.175
1013.15 3944.36 3844.36 993.25
1013.25 3945.02 3845.02 993.325
1013.34 3945.69 3845.69 993.4
1013.44 3946.36 3846.36 993.475
1013.54 3947.03 3847.03 993.55
1013.63 3947.7 3847.7 993.625
1013.73 3948.37 3848.37 993.7
1013.82 3949.04 3849.04 993.775
1013.92 3949.71 3849.71 993.85
1014.01 3950.38 3850.38 993.925
1014.11 3951.05 3851.05 994
1014.2 3951.72 3851.72 994.075
1014.29 3952.39 3852.39 994.15
1014.39 3953.06 3853.06 994.225
1014.48 3953.73 3853.73 994.3
1014.57 3954.4 3854.4 994.375
1014.67 3955.07 3855.07 994.45
1014.76 3955.74 3855.74 994.525
1014.85 3956.4 3856.4 994.6
1014.95 3957.07 3857.07 994.675
1015.04 3957.74 3857.74 994.75
1015.13 3958.41 3858.41 994.825
1015.22 3959.08 3859.08 994.9
1015.31 3959.75 3859.75 994.975
1015.41 3960.42 3860.42 995.05
1015.5 3961.09 3861.09 995.125
1015.59 3961.76 3861.76 995.2
1015.68 3962.43 3862.43 995.275
1015.77 3963.1 3863.1 995.35
1015.86 3963.77 3863.77 995.425
1015.95 3964.44 3864.44 995.5
1016.04 3965.11 3865.11 995.575
1016.13 3965.78 3865.78 995.65
1016.22 3966.45 3866.45 995.725
1016.31 3967.12 3867.12 995.8
1016.4 3967.79 3867.79 995.875
1016.49 3968.45 3868.45 995.95
1016.58 3969.12 3869.12 996.025
1016.67 3969.79 3869.79 996.1
1016.76 3970.46 3870.46 996.175
1016.84 3971.13 3871.13 996.25
1016.93 3971.8 3871.8 996.325
1017.02 3972.47 3872.47 996.4
1017.11 3973.14 3873.14 996.475
1017.19 3973.81 3873.81 996.55
1017.28 3974.48 3874.48 996.625
1017.37 3975.15 3875.15 996.7
1017.46 3975.82 3875.82 996.775
1017.54 3976.49 3876.49 996.85
1017.63 3977.16 3877.16 996.925
1017.71 3977.83 3877.83 997
1017.8 3978.5 3878.5 997.075
1017.89 3979.17 3879.17 997.15
1017.97 3979.84 3879.84 997.225
1018.06 3980.5 3880.5 997.3
1018.14 3981.17 3881.17 997.375
1018.23 3981.84 3881.84 997.45
1018.31 3982.51 3882.51 997.525
1018.4 3983.18 3883.18 997.6
1018.48 3983.85 3883.85 997.675
1018.56 3984.52 3884.52 997.75
1018.65 3985.19 3885.19 997.825
1018.73 3985.86 3885.86 997.9
1018.81 3986.53 3886.53 997.975
1018.9 3987.2 3887.2 998.05
1018.98 3987.87 3887.87 998.125
1019.06 3988.54 3888.54 998.2
1019.15 3989.21 3889.21 998.275
1019.23 3989.88 3889.88 998.35
1019.31 3990.55 3890.55 998.425
1019.39 3991.22 3891.22 998.5
1019.47 3991.89 3891.89 998.575
1019.55 3992.55 3892.55 998.65
1019.64 3993.22 3893.22 998.725
1019.72 3993.89 3893.89 998.8
1019.8 3994.56 3894.56 998.875
1019.88 3995.23 3895.23 998.95
1019.96 3995.9 3895.9 999.025
1020.04 3996.57 3896.57 999.1
1020.12 3997.24 3897.24 999.175
1020.2 3997.91 3897.91 999.25
1020.28 3998.58 3898.58 999.325
1020.35 3999.25 3899.25 999.4
1020.43 3999.92 3899.92 999.475
1020.51 4000.59 3900.59 999.55
1020.59 4001.26 3901.26 999.625
1020.67 4001.93 3901.93 999.7
1020.75 4002.6 3902.6 999.775
1020.82 4003.27 3903.27 999.85
1020.9 4003.93 3903.93 999.925
1020.98 4004.6 3904.6 1000
