427.645 1274.12 1174.12 760
427.906 1274.47 1174.47 760.06
428.167 1274.82 1174.82 760.12
428.427 1275.17 1175.17 760.18
428.687 1275.51 1175.51 760.24
428.946 1275.86 1175.86 760.3
429.205 1276.21 1176.21 760.36
429.464 1276.56 1176.56 760.42
429.722 1276.91 1176.91 760.48
429.979 1277.26 1177.26 760.54
430.236 1277.61 1177.61 760.6
430.493 1277.96 1177.96 760.66
430.749 1278.31 1178.31 760.72
431.005 1278.66 1178.66 760.78
431.26 1279.01 1179.01 760.84
431.515 1279.36 1179.36 760.9
431.77 1279.71 1179.71 760.96
432.024 1280.06 1180.06 761.02
432.277 1280.4 1180.4 761.08
432.53 1280.75 1180.75 761.14
432.783 1281.1 1181.1 761.2
433.035 1281.45 1181.45 761.26
433.287 1281.8 1181.8 761.32
433.539 1282.15 1182.15 761.38
433.79 1282.5 1182.5 761.44
434.04 1282.85 1182.85 761.5
434.29 1283.2 1183.2 761.56
434.54 1283.55 1183.55 761.62
434.789 1283.9 1183.9 761.68
435.038 1284.25 1184.25 761.74
435.286 1284.6 1184.6 761.8
435.534 1284.95 1184.95 761.86
435.782 1285.3 1185.3 761.92
436.029 1285.64 1185.64 761.98
436.276 1285.99 1185.99 762.04
436.522 1286.34 1186.34 762.1
436.768 1286.69 1186.69 762.16
437.013 1287.04 1187.04 762.22
437.258 1287.39 1187.39 762.28
437.502 1287.74 1187.74 762.34
437.747 1288.09 1188.09 762.4
437.99 1288.44 1188.44 762.46
438.234 1288.79 1188.79 762.52
438.476 1289.14 1189.14 762.58
438.719 1289.49 1189.49 762.64
438.961 1289.84 1189.84 762.7
439.202 1290.19 1190.19 762.76
439.444 1290.53 1190.53 762.82
439.684 1290.88 1190.88 762.88
439.925 1291.23 1191.23 762.94
440.165 1291.58 1191.58 763
440.404 1291.93 1191.93 763.06
440.643 1292.28 1192.28 763.12
440.882 1292.63 1192.63 763.18
441.12 1292.98 1192.98 763.24
441.358 1293.33 1193.33 763.3
441.595 1293.68 1193.68 763.36
441.833 1294.03 1194.03 763.42
442.069 1294.38 1194.38 763.48
442.305 1294.73 1194.73 763.54
442.541 1295.08 1195.08 763.6
442.777 1295.43 1195.43 763.66
443.011 1295.77 1195.77 763.72
443.246 1296.12 1196.12 763.78
443.48 1296.47 1196.47 763.84
443.714 1296.82 1196.82 763.9
443.947 1297.17 1197.17 763.96
444.18 1297.52 1197.52 764.02
444.413 1297.87 1197.87 764.08
444.645 1298.22 1198.22 764.14
444.877 1298.57 1198.57 764.2
445.108 1298.92 1198.92 764.26
445.339 1299.27 1199.27 764.32
445.569 1299.62 1199.62 764.38
445.8 1299.97 1199.97 764.44
446.029 1300.32 1200.32 764.5
446.259 1300.66 1200.66 764.56
446.488 1301.01 1201.01 764.62
446.716 1301.36 1201.36 764.68
446.944 1301.71 1201.71 764.74
447.172 1302.06 1202.06 764.8
447.399 1302.41 1202.41 764.86
447.626 1302.76 1202.76 764.92
447.853 1303.11 1203.11 764.98
448.079 1303.46 1203.46 765.04
448.305 1303.81 1203.81 765.1
448.53 1304.16 1204.16 765.16
448.755 1304.51 1204.51 765.22
448.98 1304.86 1204.86 765.28
449.204 1305.21 1205.21 765.34
449.428 1305.56 1205.56 765.4
449.651 1305.9 1205.9 765.46
449.874 1306.25 1206.25 765.52
450.097 1306.6 1206.6 765.58
450.319 1306.95 1206.95 765.64
450.541 1307.3 1207.3 765.7
450.762 1307.65 1207.65 765.76
450.984 1308 1208 765.82
451.204 1308.35 1208.35 765.88
451.425 1308.7 1208.7 765.94
451.645 1309.05 1209.05 766
451.864 1309.4 1209.4 766.06
452.083 1309.75 1209.75 766.12
452.302 1310.1 1210.1 766.18
452.521 1310.45 1210.45 766.24
452.739 1310.79 1210.79 766.3
452.956 1311.14 1211.14 766.36
453.174 1311.49 1211.49 766.42
453.39 1311.84 1211.84 766.48
453.607 1312.19 1212.19 766.54
453.823 1312.54 1212.54 766.6
454.039 1312.89 1212.89 766.66
454.254 1313.24 1213.24 766.72
454.469 1313.59 1213.59 766.78
454.684 1313.94 1213.94 766.84
454.898 1314.29 1214.29 766.9
455.112 1314.64 1214.64 766.96
455.326 1314.99 1214.99 767.02
455.539 1315.34 1215.34 767.08
455.752 1315.69 1215.69 767.14
455.964 1316.03 1216.03 767.2
456.176 1316.38 1216.38 767.26
456.388 1316.73 1216.73 767.32
456.599 1317.08 1217.08 767.38
456.81 1317.43 1217.43 767.44
457.021 1317.78 1217.78 767.5
457.231 1318.13 1218.13 767.56
457.441 1318.48 1218.48 767.62
457.65 1318.83 1218.83 767.68
457.86 1319.18 1219.18 767.74
458.068 1319.53 1219.53 767.8
458.277 1319.88 1219.88 767.86
458.485 1320.23 1220.23 767.92
458.692 1320.58 1220.58 767.98
458.9 1320.92 1220.92 768.04
459.107 1321.27 1221.27 768.1
459.313 1321.62 1221.62 768.16
459.52 1321.97 1221.97 768.22
459.726 1322.32 1222.32 768.28
459.931 1322.67 1222.67 768.34
460.136 1323.02 1223.02 768.4
460.341 1323.37 1223.37 768.46
460.546 1323.72 1223.72 768.52
460.75 1324.07 1224.07 768.58
460.953 1324.42 1224.42 768.64
461.157 1324.77 1224.77 768.7
461.36 1325.12 1225.12 768.76
461.563 1325.47 1225.47 768.82
461.765 1325.82 1225.82 768.88
461.967 1326.16 1226.16 768.94
462.169 1326.51 1226.51 769
462.37 1326.86 1226.86 769.06
462.571 1327.21 1227.21 769.12
462.771 1327.56 1227.56 769.18
462.972 1327.91 1227.91 769.24
463.172 1328.26 1228.26 769.3
463.371 1328.61 1228.61 769.36
463.57 1328.96 1228.96 769.42
463.769 1329.31 1229.31 769.48
463.968 1329.66 1229.66 769.54
464.166 1330.01 1230.01 769.6
464.364 1330.36 1230.36 769.66
464.561 1330.71 1230.71 769.72
464.759 1331.05 1231.05 769.78
464.955 1331.4 1231.4 769.84
465.152 1331.75 1231.75 769.9
465.348 1332.1 1232.1 769.96
465.544 1332.45 1232.45 770.02
465.739 1332.8 1232.8 770.08
465.934 1333.15 1233.15 770.14
466.129 1333.5 1233.5 770.2
466.324 1333.85 1233.85 770.26
466.518 1334.2 1234.2 770.32
466.712 1334.55 1234.55 770.38
466.905 1334.9 1234.9 770.44
467.098 1335.25 1235.25 770.5
467.291 1335.6 1235.6 770.56
467.484 1335.95 1235.95 770.62
467.676 1336.29 1236.29 770.68
467.867 1336.64 1236.64 770.74
468.059 1336.99 1236.99 770.8
468.25 1337.34 1237.34 770.86
468.441 1337.69 1237.69 770.92
468.631 1338.04 1238.04 770.98
468.822 1338.39 1238.39 771.04
469.011 1338.74 1238.74 771.1
469.201 1339.09 1239.09 771.16
469.39 1339.44 1239.44 771.22
469.579 1339.79 1239.79 771.28
469.768 1340.14 1240.14 771.34
469.956 1340.49 1240.49 771.4
470.144 1340.84 1240.84 771.46
470.331 1341.19 1241.19 771.52
470.518 1341.53 1241.53 771.58
470.705 1341.88 1241.88 771.64
470.892 1342.23 1242.23 771.7
471.078 1342.58 1242.58 771.76
471.264 1342.93 1242.93 771.82
471.45 1343.28 1243.28 771.88
471.635 1343.63 1243.63 771.94
471.82 1343.98 1243.98 772
472.005 1344.33 1244.33 772.06
472.189 1344.68 1244.68 772.12
472.374 1345.03 1245.03 772.18
472.557 1345.38 1245.38 772.24
472.741 1345.73 1245.73 772.3
472.924 1346.08 1246.08 772.36
473.107 1346.42 1246.42 772.42
473.289 1346.77 1246.77 772.48
473.471 1347.12 1247.12 772.54
473.653 1347.47 1247.47 772.6
473.835 1347.82 1247.82 772.66
474.016 1348.17 1248.17 772.72
474.197 1348.52 1248.52 772.78
474.378 1348.87 1248.87 772.84
474.558 1349.22 1249.22 772.9
474.738 1349.57 1249.57 772.96
474.918 1349.92 1249.92 773.02
475.098 1350.27 1250.27 773.08
475.277 1350.62 1250.62 773.14
475.456 1350.97 1250.97 773.2
475.634 1351.32 1251.32 773.26
475.812 1351.66 1251.66 773.32
475.99 1352.01 1252.01 773.38
476.168 1352.36 1252.36 773.44
476.345 1352.71 1252.71 773.5
476.522 1353.06 1253.06 773.56
476.699 1353.41 1253.41 773.62
476.875 1353.76 1253.76 773.68
477.052 1354.11 1254.11 773.74
477.227 1354.46 1254.46 773.8
477.403 1354.81 1254.81 773.86
477.578 1355.16 1255.16 773.92
477.753 1355.51 1255.51 773.98
477.928 1355.86 1255.86 774.04
478.102 1356.21 1256.21 774.1
478.276 1356.55 1256.55 774.16
478.45 1356.9 1256.9 774.22
478.624 1357.25 1257.25 774.28
478.797 1357.6 1257.6 774.34
478.97 1357.95 1257.95 774.4
479.143 1358.3 1258.3 774.46
479.315 1358.65 1258.65 774.52
479.487 1359 1259 774.58
479.659 1359.35 1259.35 774.64
479.83 1359.7 1259.7 774.7
480.001 1360.05 1260.05 774.76
480.172 1360.4 1260.4 774.82
480.343 1360.75 1260.75 774.88
480.513 1361.1 1261.1 774.94
480.683 1361.45 1261.45 775
480.853 1361.79 1261.79 775.06
481.023 1362.14 1262.14 775.12
481.192 1362.49 1262.49 775.18
481.361 1362.84 1262.84 775.24
481.53 1363.19 1263.19 775.3
481.698 1363.54 1263.54 775.36
481.866 1363.89 1263.89 775.42
482.034 1364.24 1264.24 775.48
482.202 1364.59 1264.59 775.54
482.369 1364.94 1264.94 775.6
482.536 1365.29 1265.29 775.66
482.703 1365.64 1265.64 775.72
482.869 1365.99 1265.99 775.78
483.035 1366.34 1266.34 775.84
483.201 1366.68 1266.68 775.9
483.367 1367.03 1267.03 775.96
483.532 1367.38 1267.38 776.02
483.697 1367.73 1267.73 776.08
483.862 1368.08 1268.08 776.14
484.027 1368.43 1268.43 776.2
484.191 1368.78 1268.78 776.26
484.355 1369.13 1269.13 776.32
484.519 1369.48 1269.48 776.38
484.682 1369.83 1269.83 776.44
484.845 1370.18 1270.18 776.5
485.008 1370.53 1270.53 776.56
485.171 1370.88 1270.88 776.62
485.333 1371.23 1271.23 776.68
485.496 1371.58 1271.58 776.74
485.658 1371.92 1271.92 776.8
485.819 1372.27 1272.27 776.86
485.981 1372.62 1272.62 776.92
486.142 1372.97 1272.97 776.98
486.303 1373.32 1273.32 777.04
486.463 1373.67 1273.67 777.1
486.624 1374.02 1274.02 777.16
486.784 1374.37 1274.37 777.22
486.943 1374.72 1274.72 777.28
487.103 1375.07 1275.07 777.34
487.262 1375.42 1275.42 777.4
487.421 1375.77 1275.77 777.46
487.58 1376.12 1276.12 777.52
487.739 1376.47 1276.47 777.58
487.897 1376.81 1276.81 777.64
488.055 1377.16 1277.16 777.7
488.213 1377.51 1277.51 777.76
488.37 1377.86 1277.86 777.82
488.528 1378.21 1278.21 777.88
488.685 1378.56 1278.56 777.94
488.842 1378.91 1278.91 778
488.998 1379.26 1279.26 778.06
489.154 1379.61 1279.61 778.12
489.31 1379.96 1279.96 778.18
489.466 1380.31 1280.31 778.24
489.622 1380.66 1280.66 778.3
489.777 1381.01 1281.01 778.36
489.932 1381.36 1281.36 778.42
490.087 1381.71 1281.71 778.48
490.242 1382.05 1282.05 778.54
490.396 1382.4 1282.4 778.6
490.55 1382.75 1282.75 778.66
490.704 1383.1 1283.1 778.72
490.857 1383.45 1283.45 778.78
491.011 1383.8 1283.8 778.84
491.164 1384.15 1284.15 778.9
491.317 1384.5 1284.5 778.96
491.47 1384.85 1284.85 779.02
491.622 1385.2 1285.2 779.08
491.774 1385.55 1285.55 779.14
491.926 1385.9 1285.9 779.2
492.078 1386.25 1286.25 779.26
492.229 1386.6 1286.6 779.32
492.381 1386.94 1286.94 779.38
492.532 1387.29 1287.29 779.44
492.682 1387.64 1287.64 779.5
492.833 1387.99 1287.99 779.56
492.983 1388.34 1288.34 779.62
493.133 1388.69 1288.69 779.68
493.283 1389.04 1289.04 779.74
493.433 1389.39 1289.39 779.8
493.582 1389.74 1289.74 779.86
493.731 1390.09 1290.09 779.92
493.88 1390.44 1290.44 779.98
494.029 1390.79 1290.79 780.04
494.178 1391.14 1291.14 780.1
494.326 1391.49 1291.49 780.16
494.474 1391.84 1291.84 780.22
494.622 1392.18 1292.18 780.28
494.769 1392.53 1292.53 780.34
494.917 1392.88 1292.88 780.4
495.064 1393.23 1293.23 780.46
495.211 1393.58 1293.58 780.52
495.357 1393.93 1293.93 780.58
495.504 1394.28 1294.28 780.64
495.65 1394.63 1294.63 780.7
495.796 1394.98 1294.98 780.76
495.942 1395.33 1295.33 780.82
496.088 1395.68 1295.68 780.88
496.233 1396.03 1296.03 780.94
496.378 1396.38 1296.38 781
496.523 1396.73 1296.73 781.06
496.668 1397.07 1297.07 781.12
496.813 1397.42 1297.42 781.18
496.957 1397.77 1297.77 781.24
497.101 1398.12 1298.12 781.3
497.245 1398.47 1298.47 781.36
497.389 1398.82 1298.82 781.42
497.532 1399.17 1299.17 781.48
497.675 1399.52 1299.52 781.54
497.818 1399.87 1299.87 781.6
497.961 1400.22 1300.22 781.66
498.104 1400.57 1300.57 781.72
498.246 1400.92 1300.92 781.78
498.389 1401.27 1301.27 781.84
498.531 1401.62 1301.62 781.9
498.672 1401.97 1301.97 781.96
498.814 1402.31 1302.31 782.02
498.955 1402.66 1302.66 782.08
499.097 1403.01 1303.01 782.14
499.238 1403.36 1303.36 782.2
499.379 1403.71 1303.71 782.26
499.519 1404.06 1304.06 782.32
499.66 1404.41 1304.41 782.38
499.8 1404.76 1304.76 782.44
499.94 1405.11 1305.11 782.5
500.08 1405.46 1305.46 782.56
500.219 1405.81 1305.81 782.62
500.359 1406.16 1306.16 782.68
500.498 1406.51 1306.51 782.74
500.637 1406.86 1306.86 782.8
500.776 1407.2 1307.2 782.86
500.914 1407.55 1307.55 782.92
501.053 1407.9 1307.9 782.98
501.191 1408.25 1308.25 783.04
501.329 1408.6 1308.6 783.1
501.467 1408.95 1308.95 783.16
501.605 1409.3 1309.3 783.22
501.742 1409.65 1309.65 783.28
501.879 1410 1310 783.34
502.016 1410.35 1310.35 783.4
502.153 1410.7 1310.7 783.46
502.29 1411.05 1311.05 783.52
502.427 1411.4 1311.4 783.58
502.563 1411.75 1311.75 783.64
502.699 1412.1 1312.1 783.7
502.835 1412.44 1312.44 783.76
502.971 1412.79 1312.79 783.82
503.107 1413.14 1313.14 783.88
503.242 1413.49 1313.49 783.94
503.377 1413.84 1313.84 784
503.512 1414.19 1314.19 784.06
503.647 1414.54 1314.54 784.12
503.782 1414.89 1314.89 784.18
503.916 1415.24 1315.24 784.24
504.051 1415.59 1315.59 784.3
504.185 1415.94 1315.94 784.36
504.319 1416.29 1316.29 784.42
504.453 1416.64 1316.64 784.48
504.586 1416.99 1316.99 784.54
504.72 1417.34 1317.34 784.6
504.853 1417.68 1317.68 784.66
504.986 1418.03 1318.03 784.72
505.119 1418.38 1318.38 784.78
505.252 1418.73 1318.73 784.84
505.385 1419.08 1319.08 784.9
505.517 1419.43 1319.43 784.96
505.649 1419.78 1319.78 785.02
505.781 1420.13 1320.13 785.08
505.913 1420.48 1320.48 785.14
506.045 1420.83 1320.83 785.2
506.177 1421.18 1321.18 785.26
506.308 1421.53 1321.53 785.32
506.439 1421.88 1321.88 785.38
506.57 1422.23 1322.23 785.44
506.701 1422.57 1322.57 785.5
506.832 1422.92 1322.92 785.56
506.963 1423.27 1323.27 785.62
507.093 1423.62 1323.62 785.68
507.223 1423.97 1323.97 785.74
507.353 1424.32 1324.32 785.8
507.483 1424.67 1324.67 785.86
507.613 1425.02 1325.02 785.92
507.743 1425.37 1325.37 785.98
507.872 1425.72 1325.72 786.04
508.001 1426.07 1326.07 786.1
508.13 1426.42 1326.42 786.16
508.259 1426.77 1326.77 786.22
508.388 1427.12 1327.12 786.28
508.517 1427.47 1327.47 786.34
508.645 1427.81 1327.81 786.4
508.774 1428.16 1328.16 786.46
508.902 1428.51 1328.51 786.52
509.03 1428.86 1328.86 786.58
509.158 1429.21 1329.21 786.64
509.286 1429.56 1329.56 786.7
509.413 1429.91 1329.91 786.76
509.541 1430.26 1330.26 786.82
509.668 1430.61 1330.61 786.88
509.795 1430.96 1330.96 786.94
509.922 1431.31 1331.31 787
510.049 1431.66 1331.66 787.06
510.176 1432.01 1332.01 787.12
510.302 1432.36 1332.36 787.18
510.429 1432.7 1332.7 787.24
510.555 1433.05 1333.05 787.3
510.681 1433.4 1333.4 787.36
510.807 1433.75 1333.75 787.42
510.933 1434.1 1334.1 787.48
511.058 1434.45 1334.45 787.54
511.184 1434.8 1334.8 787.6
511.309 1435.15 1335.15 787.66
511.435 1435.5 1335.5 787.72
511.56 1435.85 1335.85 787.78
511.685 1436.2 1336.2 787.84
511.81 1436.55 1336.55 787.9
511.934 1436.9 1336.9 787.96
512.059 1437.25 1337.25 788.02
512.183 1437.6 1337.6 788.08
512.307 1437.94 1337.94 788.14
512.432 1438.29 1338.29 788.2
512.556 1438.64 1338.64 788.26
512.68 1438.99 1338.99 788.32
512.803 1439.34 1339.34 788.38
512.927 1439.69 1339.69 788.44
513.05 1440.04 1340.04 788.5
513.174 1440.39 1340.39 788.56
513.297 1440.74 1340.74 788.62
513.42 1441.09 1341.09 788.68
513.543 1441.44 1341.44 788.74
513.666 1441.79 1341.79 788.8
513.789 1442.14 1342.14 788.86
513.911 1442.49 1342.49 788.92
514.034 1442.83 1342.83 788.98
514.156 1443.18 1343.18 789.04
514.278 1443.53 1343.53 789.1
514.4 1443.88 1343.88 789.16
514.522 1444.23 1344.23 789.22
514.644 1444.58 1344.58 789.28
514.766 1444.93 1344.93 789.34
514.887 1445.28 1345.28 789.4
515.009 1445.63 1345.63 789.46
515.13 1445.98 1345.98 789.52
515.251 1446.33 1346.33 789.58
515.372 1446.68 1346.68 789.64
515.493 1447.03 1347.03 789.7
515.614 1447.38 1347.38 789.76
515.735 1447.73 1347.73 789.82
515.856 1448.07 1348.07 789.88
515.976 1448.42 1348.42 789.94
516.096 1448.77 1348.77 790
516.217 1449.12 1349.12 790.06
516.337 1449.47 1349.47 790.12
516.457 1449.82 1349.82 790.18
516.577 1450.17 1350.17 790.24
516.697 1450.52 1350.52 790.3
516.816 1450.87 1350.87 790.36
516.936 1451.22 1351.22 790.42
517.056 1451.57 1351.57 790.48
517.175 1451.92 1351.92 790.54
517.294 1452.27 1352.27 790.6
517.413 1452.62 1352.62 790.66
517.532 1452.96 1352.96 790.72
517.651 1453.31 1353.31 790.78
517.77 1453.66 1353.66 790.84
517.889 1454.01 1354.01 790.9
518.008 1454.36 1354.36 790.96
518.126 1454.71 1354.71 791.02
518.245 1455.06 1355.06 791.08
518.363 1455.41 1355.41 791.14
518.481 1455.76 1355.76 791.2
518.599 1456.11 1356.11 791.26
518.717 1456.46 1356.46 791.32
518.835 1456.81 1356.81 791.38
518.953 1457.16 1357.16 791.44
519.071 1457.51 1357.51 791.5
519.189 1457.86 1357.86 791.56
519.306 1458.2 1358.2 791.62
519.423 1458.55 1358.55 791.68
519.541 1458.9 1358.9 791.74
519.658 1459.25 1359.25 791.8
519.775 1459.6 1359.6 791.86
519.892 1459.95 1359.95 791.92
520.009 1460.3 1360.3 791.98
520.126 1460.65 1360.65 792.04
520.243 1461 1361 792.1
520.36 1461.35 1361.35 792.16
520.476 1461.7 1361.7 792.22
520.593 1462.05 1362.05 792.28
520.709 1462.4 1362.4 792.34
520.825 1462.75 1362.75 792.4
520.942 1463.09 1363.09 792.46
521.058 1463.44 1363.44 792.52
521.174 1463.79 1363.79 792.58
521.29 1464.14 1364.14 792.64
521.406 1464.49 1364.49 792.7
521.522 1464.84 1364.84 792.76
521.637 1465.19 1365.19 792.82
521.753 1465.54 1365.54 792.88
521.869 1465.89 1365.89 792.94
521.984 1466.24 1366.24 793
522.099 1466.59 1366.59 793.06
522.215 1466.94 1366.94 793.12
522.33 1467.29 1367.29 793.18
522.445 1467.64 1367.64 793.24
522.56 1467.99 1367.99 793.3
522.675 1468.33 1368.33 793.36
522.79 1468.68 1368.68 793.42
522.905 1469.03 1369.03 793.48
523.02 1469.38 1369.38 793.54
523.134 1469.73 1369.73 793.6
523.249 1470.08 1370.08 793.66
523.364 1470.43 1370.43 793.72
523.478 1470.78 1370.78 793.78
523.592 1471.13 1371.13 793.84
523.707 1471.48 1371.48 793.9
523.821 1471.83 1371.83 793.96
523.935 1472.18 1372.18 794.02
524.049 1472.53 1372.53 794.08
524.163 1472.88 1372.88 794.14
524.277 1473.22 1373.22 794.2
524.391 1473.57 1373.57 794.26
524.505 1473.92 1373.92 794.32
524.619 1474.27 1374.27 794.38
524.733 1474.62 1374.62 794.44
524.846 1474.97 1374.97 794.5
524.96 1475.32 1375.32 794.56
525.073 1475.67 1375.67 794.62
525.187 1476.02 1376.02 794.68
525.3 1476.37 1376.37 794.74
525.414 1476.72 1376.72 794.8
525.527 1477.07 1377.07 794.86
525.64 1477.42 1377.42 794.92
525.753 1477.77 1377.77 794.98
525.866 1478.12 1378.12 795.04
525.979 1478.46 1378.46 795.1
526.092 1478.81 1378.81 795.16
526.205 1479.16 1379.16 795.22
526.318 1479.51 1379.51 795.28
526.431 1479.86 1379.86 795.34
526.544 1480.21 1380.21 795.4
526.656 1480.56 1380.56 795.46
526.769 1480.91 1380.91 795.52
526.882 1481.26 1381.26 795.58
526.994 1481.61 1381.61 795.64
527.107 1481.96 1381.96 795.7
527.219 1482.31 1382.31 795.76
527.331 1482.66 1382.66 795.82
527.444 1483.01 1383.01 795.88
527.556 1483.35 1383.35 795.94
527.668 1483.7 1383.7 796
527.78 1484.05 1384.05 796.06
527.893 1484.4 1384.4 796.12
528.005 1484.75 1384.75 796.18
528.117 1485.1 1385.1 796.24
528.229 1485.45 1385.45 796.3
528.341 1485.8 1385.8 796.36
528.453 1486.15 1386.15 796.42
528.565 1486.5 1386.5 796.48
528.676 1486.85 1386.85 796.54
528.788 1487.2 1387.2 796.6
528.9 1487.55 1387.55 796.66
529.012 1487.9 1387.9 796.72
529.123 1488.25 1388.25 796.78
529.235 1488.59 1388.59 796.84
529.346 1488.94 1388.94 796.9
529.458 1489.29 1389.29 796.96
529.57 1489.64 1389.64 797.02
529.681 1489.99 1389.99 797.08
529.792 1490.34 1390.34 797.14
529.904 1490.69 1390.69 797.2
530.015 1491.04 1391.04 797.26
530.127 1491.39 1391.39 797.32
530.238 1491.74 1391.74 797.38
530.349 1492.09 1392.09 797.44
530.46 1492.44 1392.44 797.5
530.572 1492.79 1392.79 797.56
530.683 1493.14 1393.14 797.62
530.794 1493.49 1393.49 797.68
530.905 1493.83 1393.83 797.74
531.016 1494.18 1394.18 797.8
531.127 1494.53 1394.53 797.86
531.238 1494.88 1394.88 797.92
531.349 1495.23 1395.23 797.98
531.46 1495.58 1395.58 798.04
531.571 1495.93 1395.93 798.1
531.682 1496.28 1396.28 798.16
531.793 1496.63 1396.63 798.22
531.904 1496.98 1396.98 798.28
532.015 1497.33 1397.33 798.34
532.126 1497.68 1397.68 798.4
532.236 1498.03 1398.03 798.46
532.347 1498.38 1398.38 798.52
532.458 1498.72 1398.72 798.58
532.569 1499.07 1399.07 798.64
532.68 1499.42 1399.42 798.7
532.79 1499.77 1399.77 798.76
532.901 1500.12 1400.12 798.82
533.012 1500.47 1400.47 798.88
533.122 1500.82 1400.82 798.94
533.233 1501.17 1401.17 799
533.344 1501.52 1401.52 799.06
533.454 1501.87 1401.87 799.12
533.565 1502.22 1402.22 799.18
533.676 1502.57 1402.57 799.24
533.786 1502.92 1402.92 799.3
533.897 1503.27 1403.27 799.36
534.007 1503.62 1403.62 799.42
534.118 1503.96 1403.96 799.48
534.228 1504.31 1404.31 799.54
534.339 1504.66 1404.66 799.6
534.45 1505.01 1405.01 799.66
534.56 1505.36 1405.36 799.72
534.671 1505.71 1405.71 799.78
534.781 1506.06 1406.06 799.84
534.892 1506.41 1406.41 799.9
535.002 1506.76 1406.76 799.96
535.113 1507.11 1407.11 800.02
535.223 1507.46 1407.46 800.08
535.334 1507.81 1407.81 800.14
535.444 1508.16 1408.16 800.2
535.555 1508.51 1408.51 800.26
535.665 1508.85 1408.85 800.32
535.776 1509.2 1409.2 800.38
535.886 1509.55 1409.55 800.44
535.997 1509.9 1409.9 800.5
536.107 1510.25 1410.25 800.56
536.218 1510.6 1410.6 800.62
536.328 1510.95 1410.95 800.68
536.438 1511.3 1411.3 800.74
536.549 1511.65 1411.65 800.8
536.659 1512 1412 800.86
536.77 1512.35 1412.35 800.92
536.88 1512.7 1412.7 800.98
536.991 1513.05 1413.05 801.04
537.101 1513.4 1413.4 801.1
537.212 1513.75 1413.75 801.16
537.322 1514.09 1414.09 801.22
537.433 1514.44 1414.44 801.28
537.543 1514.79 1414.79 801.34
537.653 1515.14 1415.14 801.4
537.764 1515.49 1415.49 801.46
537.874 1515.84 1415.84 801.52
537.985 1516.19 1416.19 801.58
538.095 1516.54 1416.54 801.64
538.205 1516.89 1416.89 801.7
538.316 1517.24 1417.24 801.76
538.426 1517.59 1417.59 801.82
538.537 1517.94 1417.94 801.88
538.647 1518.29 1418.29 801.94
538.757 1518.64 1418.64 802
538.868 1518.98 1418.98 802.06
538.978 1519.33 1419.33 802.12
539.088 1519.68 1419.68 802.18
539.199 1520.03 1420.03 802.24
539.309 1520.38 1420.38 802.3
539.42 1520.73 1420.73 802.36
539.53 1521.08 1421.08 802.42
539.64 1521.43 1421.43 802.48
539.751 1521.78 1421.78 802.54
539.861 1522.13 1422.13 802.6
539.971 1522.48 1422.48 802.66
540.081 1522.83 1422.83 802.72
540.192 1523.18 1423.18 802.78
540.302 1523.53 1423.53 802.84
540.412 1523.88 1423.88 802.9
540.523 1524.22 1424.22 802.96
540.633 1524.57 1424.57 803.02
540.743 1524.92 1424.92 803.08
540.854 1525.27 1425.27 803.14
540.964 1525.62 1425.62 803.2
541.074 1525.97 1425.97 803.26
541.184 1526.32 1426.32 803.32
541.295 1526.67 1426.67 803.38
541.405 1527.02 1427.02 803.44
541.515 1527.37 1427.37 803.5
541.625 1527.72 1427.72 803.56
541.735 1528.07 1428.07 803.62
541.846 1528.42 1428.42 803.68
541.956 1528.77 1428.77 803.74
542.066 1529.11 1429.11 803.8
542.176 1529.46 1429.46 803.86
542.287 1529.81 1429.81 803.92
542.397 1530.16 1430.16 803.98
542.507 1530.51 1430.51 804.04
542.617 1530.86 1430.86 804.1
542.727 1531.21 1431.21 804.16
542.837 1531.56 1431.56 804.22
542.948 1531.91 1431.91 804.28
543.058 1532.26 1432.26 804.34
543.168 1532.61 1432.61 804.4
543.278 1532.96 1432.96 804.46
543.388 1533.31 1433.31 804.52
543.498 1533.66 1433.66 804.58
543.608 1534.01 1434.01 804.64
543.718 1534.35 1434.35 804.7
543.829 1534.7 1434.7 804.76
543.939 1535.05 1435.05 804.82
544.049 1535.4 1435.4 804.88
544.159 1535.75 1435.75 804.94
544.269 1536.1 1436.1 805
544.379 1536.45 1436.45 805.06
544.489 1536.8 1436.8 805.12
544.599 1537.15 1437.15 805.18
544.709 1537.5 1437.5 805.24
544.819 1537.85 1437.85 805.3
544.929 1538.2 1438.2 805.36
545.039 1538.55 1438.55 805.42
545.149 1538.9 1438.9 805.48
545.259 1539.24 1439.24 805.54
545.369 1539.59 1439.59 805.6
545.479 1539.94 1439.94 805.66
545.589 1540.29 1440.29 805.72
545.699 1540.64 1440.64 805.78
545.809 1540.99 1440.99 805.84
545.919 1541.34 1441.34 805.9
546.029 1541.69 1441.69 805.96
546.139 1542.04 1442.04 806.02
546.249 1542.39 1442.39 806.08
546.359 1542.74 1442.74 806.14
546.469 1543.09 1443.09 806.2
546.579 1543.44 1443.44 806.26
546.688 1543.79 1443.79 806.32
546.798 1544.14 1444.14 806.38
546.908 1544.48 1444.48 806.44
547.018 1544.83 1444.83 806.5
547.128 1545.18 1445.18 806.56
547.238 1545.53 1445.53 806.62
547.348 1545.88 1445.88 806.68
547.458 1546.23 1446.23 806.74
547.567 1546.58 1446.58 806.8
547.677 1546.93 1446.93 806.86
547.787 1547.28 1447.28 806.92
547.897 1547.63 1447.63 806.98
548.007 1547.98 1447.98 807.04
548.116 1548.33 1448.33 807.1
548.226 1548.68 1448.68 807.16
548.336 1549.03 1449.03 807.22
548.446 1549.37 1449.37 807.28
548.555 1549.72 1449.72 807.34
548.665 1550.07 1450.07 807.4
548.775 1550.42 1450.42 807.46
548.885 1550.77 1450.77 807.52
548.994 1551.12 1451.12 807.58
549.104 1551.47 1451.47 807.64
549.214 1551.82 1451.82 807.7
549.323 1552.17 1452.17 807.76
549.433 1552.52 1452.52 807.82
549.543 1552.87 1452.87 807.88
549.652 1553.22 1453.22 807.94
549.762 1553.57 1453.57 808
549.872 1553.92 1453.92 808.06
549.981 1554.27 1454.27 808.12
550.091 1554.61 1454.61 808.18
550.2 1554.96 1454.96 808.24
550.31 1555.31 1455.31 808.3
550.42 1555.66 1455.66 808.36
550.529 1556.01 1456.01 808.42
550.639 1556.36 1456.36 808.48
550.748 1556.71 1456.71 808.54
550.858 1557.06 1457.06 808.6
550.967 1557.41 1457.41 808.66
551.077 1557.76 1457.76 808.72
551.186 1558.11 1458.11 808.78
551.296 1558.46 1458.46 808.84
551.405 1558.81 1458.81 808.9
551.515 1559.16 1459.16 808.96
551.624 1559.5 1459.5 809.02
551.734 1559.85 1459.85 809.08
551.843 1560.2 1460.2 809.14
551.953 1560.55 1460.55 809.2
552.062 1560.9 1460.9 809.26
552.171 1561.25 1461.25 809.32
552.281 1561.6 1461.6 809.38
552.39 1561.95 1461.95 809.44
552.5 1562.3 1462.3 809.5
552.609 1562.65 1462.65 809.56
552.718 1563 1463 809.62
552.828 1563.35 1463.35 809.68
552.937 1563.7 1463.7 809.74
553.046 1564.05 1464.05 809.8
553.156 1564.4 1464.4 809.86
553.265 1564.74 1464.74 809.92
553.374 1565.09 1465.09 809.98
553.484 1565.44 1465.44 810.04
553.593 1565.79 1465.79 810.1
553.702 1566.14 1466.14 810.16
553.811 1566.49 1466.49 810.22
553.921 1566.84 1466.84 810.28
554.03 1567.19 1467.19 810.34
554.139 1567.54 1467.54 810.4
554.248 1567.89 1467.89 810.46
554.357 1568.24 1468.24 810.52
554.466 1568.59 1468.59 810.58
554.576 1568.94 1468.94 810.64
554.685 1569.29 1469.29 810.7
554.794 1569.64 1469.64 810.76
554.903 1569.98 1469.98 810.82
555.012 1570.33 1470.33 810.88
555.121 1570.68 1470.68 810.94
555.23 1571.03 1471.03 811
555.339 1571.38 1471.38 811.06
555.448 1571.73 1471.73 811.12
555.558 1572.08 1472.08 811.18
555.667 1572.43 1472.43 811.24
555.776 1572.78 1472.78 811.3
555.885 1573.13 1473.13 811.36
555.994 1573.48 1473.48 811.42
556.103 1573.83 1473.83 811.48
556.212 1574.18 1474.18 811.54
556.321 1574.53 1474.53 811.6
556.429 1574.87 1474.87 811.66
556.538 1575.22 1475.22 811.72
556.647 1575.57 1475.57 811.78
556.756 1575.92 1475.92 811.84
556.865 1576.27 1476.27 811.9
556.974 1576.62 1476.62 811.96
557.083 1576.97 1476.97 812.02
557.192 1577.32 1477.32 812.08
557.301 1577.67 1477.67 812.14
557.409 1578.02 1478.02 812.2
557.518 1578.37 1478.37 812.26
557.627 1578.72 1478.72 812.32
557.736 1579.07 1479.07 812.38
557.845 1579.42 1479.42 812.44
557.953 1579.77 1479.77 812.5
558.062 1580.11 1480.11 812.56
558.171 1580.46 1480.46 812.62
558.28 1580.81 1480.81 812.68
558.388 1581.16 1481.16 812.74
558.497 1581.51 1481.51 812.8
558.606 1581.86 1481.86 812.86
558.714 1582.21 1482.21 812.92
558.823 1582.56 1482.56 812.98
558.932 1582.91 1482.91 813.04
559.04 1583.26 1483.26 813.1
559.149 1583.61 1483.61 813.16
559.257 1583.96 1483.96 813.22
559.366 1584.31 1484.31 813.28
559.475 1584.66 1484.66 813.34
559.583 1585 1485 813.4
559.692 1585.35 1485.35 813.46
559.8 1585.7 1485.7 813.52
559.909 1586.05 1486.05 813.58
560.017 1586.4 1486.4 813.64
560.126 1586.75 1486.75 813.7
560.234 1587.1 1487.1 813.76
560.343 1587.45 1487.45 813.82
560.451 1587.8 1487.8 813.88
560.559 1588.15 1488.15 813.94
560.668 1588.5 1488.5 814
560.776 1588.85 1488.85 814.06
560.885 1589.2 1489.2 814.12
560.993 1589.55 1489.55 814.18
561.101 1589.9 1489.9 814.24
561.21 1590.24 1490.24 814.3
561.318 1590.59 1490.59 814.36
561.426 1590.94 1490.94 814.42
561.535 1591.29 1491.29 814.48
561.643 1591.64 1491.64 814.54
561.751 1591.99 1491.99 814.6
561.859 1592.34 1492.34 814.66
561.967 1592.69 1492.69 814.72
562.076 1593.04 1493.04 814.78
562.184 1593.39 1493.39 814.84
562.292 1593.74 1493.74 814.9
562.4 1594.09 1494.09 814.96
562.508 1594.44 1494.44 815.02
562.617 1594.79 1494.79 815.08
562.725 1595.13 1495.13 815.14
562.833 1595.48 1495.48 815.2
562.941 1595.83 1495.83 815.26
563.049 1596.18 1496.18 815.32
563.157 1596.53 1496.53 815.38
563.265 1596.88 1496.88 815.44
563.373 1597.23 1497.23 815.5
563.481 1597.58 1497.58 815.56
563.589 1597.93 1497.93 815.62
563.697 1598.28 1498.28 815.68
563.805 1598.63 1498.63 815.74
563.913 1598.98 1498.98 815.8
564.021 1599.33 1499.33 815.86
564.129 1599.68 1499.68 815.92
564.237 1600.03 1500.03 815.98
564.344 1600.37 1500.37 816.04
564.452 1600.72 1500.72 816.1
564.56 1601.07 1501.07 816.16
564.668 1601.42 1501.42 816.22
564.776 1601.77 1501.77 816.28
564.884 1602.12 1502.12 816.34
564.991 1602.47 1502.47 816.4
565.099 1602.82 1502.82 816.46
565.207 1603.17 1503.17 816.52
565.315 1603.52 1503.52 816.58
565.422 1603.87 1503.87 816.64
565.53 1604.22 1504.22 816.7
565.638 1604.57 1504.57 816.76
565.745 1604.92 1504.92 816.82
565.853 1605.26 1505.26 816.88
565.96 1605.61 1505.61 816.94
566.068 1605.96 1505.96 817
566.176 1606.31 1506.31 817.06
566.283 1606.66 1506.66 817.12
566.391 1607.01 1507.01 817.18
566.498 1607.36 1507.36 817.24
566.606 1607.71 1507.71 817.3
566.713 1608.06 1508.06 817.36
566.821 1608.41 1508.41 817.42
566.928 1608.76 1508.76 817.48
567.036 1609.11 1509.11 817.54
567.143 1609.46 1509.46 817.6
567.251 1609.81 1509.81 817.66
567.358 1610.16 1510.16 817.72
567.465 1610.5 1510.5 817.78
567.573 1610.85 1510.85 817.84
567.68 1611.2 1511.2 817.9
567.787 1611.55 1511.55 817.96
567.895 1611.9 1511.9 818.02
568.002 1612.25 1512.25 818.08
568.109 1612.6 1512.6 818.14
568.216 1612.95 1512.95 818.2
568.324 1613.3 1513.3 818.26
568.431 1613.65 1513.65 818.32
568.538 1614 1514 818.38
568.645 1614.35 1514.35 818.44
568.752 1614.7 1514.7 818.5
568.86 1615.05 1515.05 818.56
568.967 1615.39 1515.39 818.62
569.074 1615.74 1515.74 818.68
569.181 1616.09 1516.09 818.74
569.288 1616.44 1516.44 818.8
569.395 1616.79 1516.79 818.86
569.502 1617.14 1517.14 818.92
569.609 1617.49 1517.49 818.98
569.716 1617.84 1517.84 819.04
569.823 1618.19 1518.19 819.1
569.93 1618.54 1518.54 819.16
570.037 1618.89 1518.89 819.22
570.144 1619.24 1519.24 819.28
570.251 1619.59 1519.59 819.34
570.357 1619.94 1519.94 819.4
570.464 1620.29 1520.29 819.46
570.571 1620.63 1520.63 819.52
570.678 1620.98 1520.98 819.58
570.785 1621.33 1521.33 819.64
570.891 1621.68 1521.68 819.7
570.998 1622.03 1522.03 819.76
571.105 1622.38 1522.38 819.82
571.212 1622.73 1522.73 819.88
571.318 1623.08 1523.08 819.94
571.425 1623.43 1523.43 820
571.532 1623.78 1523.78 820.06
571.638 1624.13 1524.13 820.12
571.745 1624.48 1524.48 820.18
571.852 1624.83 1524.83 820.24
571.958 1625.18 1525.18 820.3
572.065 1625.52 1525.52 820.36
572.171 1625.87 1525.87 820.42
572.278 1626.22 1526.22 820.48
572.384 1626.57 1526.57 820.54
572.491 1626.92 1526.92 820.6
572.597 1627.27 1527.27 820.66
572.704 1627.62 1527.62 820.72
572.81 1627.97 1527.97 820.78
572.916 1628.32 1528.32 820.84
573.023 1628.67 1528.67 820.9
573.129 1629.02 1529.02 820.96
573.235 1629.37 1529.37 821.02
573.342 1629.72 1529.72 821.08
573.448 1630.07 1530.07 821.14
573.554 1630.42 1530.42 821.2
573.661 1630.76 1530.76 821.26
573.767 1631.11 1531.11 821.32
573.873 1631.46 1531.46 821.38
573.979 1631.81 1531.81 821.44
574.085 1632.16 1532.16 821.5
574.192 1632.51 1532.51 821.56
574.298 1632.86 1532.86 821.62
574.404 1633.21 1533.21 821.68
574.51 1633.56 1533.56 821.74
574.616 1633.91 1533.91 821.8
574.722 1634.26 1534.26 821.86
574.828 1634.61 1534.61 821.92
574.934 1634.96 1534.96 821.98
575.04 1635.31 1535.31 822.04
575.146 1635.65 1535.65 822.1
575.252 1636 1536 822.16
575.358 1636.35 1536.35 822.22
575.464 1636.7 1536.7 822.28
575.57 1637.05 1537.05 822.34
575.676 1637.4 1537.4 822.4
575.781 1637.75 1537.75 822.46
575.887 1638.1 1538.1 822.52
575.993 1638.45 1538.45 822.58
576.099 1638.8 1538.8 822.64
576.205 1639.15 1539.15 822.7
576.31 1639.5 1539.5 822.76
576.416 1639.85 1539.85 822.82
576.522 1640.2 1540.2 822.88
576.628 1640.55 1540.55 822.94
576.733 1640.89 1540.89 823
576.839 1641.24 1541.24 823.06
576.945 1641.59 1541.59 823.12
577.05 1641.94 1541.94 823.18
577.156 1642.29 1542.29 823.24
577.261 1642.64 1542.64 823.3
577.367 1642.99 1542.99 823.36
577.472 1643.34 1543.34 823.42
577.578 1643.69 1543.69 823.48
577.683 1644.04 1544.04 823.54
577.789 1644.39 1544.39 823.6
577.894 1644.74 1544.74 823.66
578 1645.09 1545.09 823.72
578.105 1645.44 1545.44 823.78
578.211 1645.79 1545.79 823.84
578.316 1646.13 1546.13 823.9
578.421 1646.48 1546.48 823.96
578.527 1646.83 1546.83 824.02
578.632 1647.18 1547.18 824.08
578.737 1647.53 1547.53 824.14
578.842 1647.88 1547.88 824.2
578.948 1648.23 1548.23 824.26
579.053 1648.58 1548.58 824.32
579.158 1648.93 1548.93 824.38
579.263 1649.28 1549.28 824.44
579.369 1649.63 1549.63 824.5
579.474 1649.98 1549.98 824.56
579.579 1650.33 1550.33 824.62
579.684 1650.68 1550.68 824.68
579.789 1651.02 1551.02 824.74
579.894 1651.37 1551.37 824.8
579.999 1651.72 1551.72 824.86
580.104 1652.07 1552.07 824.92
580.209 1652.42 1552.42 824.98
580.314 1652.77 1552.77 825.04
580.419 1653.12 1553.12 825.1
580.524 1653.47 1553.47 825.16
580.629 1653.82 1553.82 825.22
580.734 1654.17 1554.17 825.28
580.839 1654.52 1554.52 825.34
580.944 1654.87 1554.87 825.4
581.049 1655.22 1555.22 825.46
581.153 1655.57 1555.57 825.52
581.258 1655.92 1555.92 825.58
581.363 1656.26 1556.26 825.64
581.468 1656.61 1556.61 825.7
581.572 1656.96 1556.96 825.76
581.677 1657.31 1557.31 825.82
581.782 1657.66 1557.66 825.88
581.887 1658.01 1558.01 825.94
581.991 1658.36 1558.36 826
582.096 1658.71 1558.71 826.06
582.2 1659.06 1559.06 826.12
582.305 1659.41 1559.41 826.18
582.41 1659.76 1559.76 826.24
582.514 1660.11 1560.11 826.3
582.619 1660.46 1560.46 826.36
582.723 1660.81 1560.81 826.42
582.828 1661.15 1561.15 826.48
582.932 1661.5 1561.5 826.54
583.037 1661.85 1561.85 826.6
583.141 1662.2 1562.2 826.66
583.246 1662.55 1562.55 826.72
583.35 1662.9 1562.9 826.78
583.454 1663.25 1563.25 826.84
583.559 1663.6 1563.6 826.9
583.663 1663.95 1563.95 826.96
583.767 1664.3 1564.3 827.02
583.872 1664.65 1564.65 827.08
583.976 1665 1565 827.14
584.08 1665.35 1565.35 827.2
584.184 1665.7 1565.7 827.26
584.289 1666.05 1566.05 827.32
584.393 1666.39 1566.39 827.38
584.497 1666.74 1566.74 827.44
584.601 1667.09 1567.09 827.5
584.705 1667.44 1567.44 827.56
584.809 1667.79 1567.79 827.62
584.914 1668.14 1568.14 827.68
585.018 1668.49 1568.49 827.74
585.122 1668.84 1568.84 827.8
585.226 1669.19 1569.19 827.86
585.33 1669.54 1569.54 827.92
585.434 1669.89 1569.89 827.98
585.538 1670.24 1570.24 828.04
585.642 1670.59 1570.59 828.1
585.746 1670.94 1570.94 828.16
585.849 1671.28 1571.28 828.22
585.953 1671.63 1571.63 828.28
586.057 1671.98 1571.98 828.34
586.161 1672.33 1572.33 828.4
586.265 1672.68 1572.68 828.46
586.369 1673.03 1573.03 828.52
586.472 1673.38 1573.38 828.58
586.576 1673.73 1573.73 828.64
586.68 1674.08 1574.08 828.7
586.784 1674.43 1574.43 828.76
586.887 1674.78 1574.78 828.82
586.991 1675.13 1575.13 828.88
587.095 1675.48 1575.48 828.94
587.198 1675.83 1575.83 829
587.302 1676.18 1576.18 829.06
587.406 1676.52 1576.52 829.12
587.509 1676.87 1576.87 829.18
587.613 1677.22 1577.22 829.24
587.716 1677.57 1577.57 829.3
587.82 1677.92 1577.92 829.36
587.923 1678.27 1578.27 829.42
588.027 1678.62 1578.62 829.48
588.13 1678.97 1578.97 829.54
588.234 1679.32 1579.32 829.6
588.337 1679.67 1579.67 829.66
588.44 1680.02 1580.02 829.72
588.544 1680.37 1580.37 829.78
588.647 1680.72 1580.72 829.84
588.751 1681.07 1581.07 829.9
588.854 1681.41 1581.41 829.96
588.957 1681.76 1581.76 830.02
589.06 1682.11 1582.11 830.08
589.164 1682.46 1582.46 830.14
589.267 1682.81 1582.81 830.2
589.37 1683.16 1583.16 830.26
589.473 1683.51 1583.51 830.32
589.576 1683.86 1583.86 830.38
589.68 1684.21 1584.21 830.44
589.783 1684.56 1584.56 830.5
589.886 1684.91 1584.91 830.56
589.989 1685.26 1585.26 830.62
590.092 1685.61 1585.61 830.68
590.195 1685.96 1585.96 830.74
590.298 1686.31 1586.31 830.8
590.401 1686.65 1586.65 830.86
590.504 1687 1587 830.92
590.607 1687.35 1587.35 830.98
590.71 1687.7 1587.7 831.04
590.813 1688.05 1588.05 831.1
590.916 1688.4 1588.4 831.16
591.019 1688.75 1588.75 831.22
591.121 1689.1 1589.1 831.28
591.224 1689.45 1589.45 831.34
591.327 1689.8 1589.8 831.4
591.43 1690.15 1590.15 831.46
591.533 1690.5 1590.5 831.52
591.635 1690.85 1590.85 831.58
591.738 1691.2 1591.2 831.64
591.841 1691.54 1591.54 831.7
591.944 1691.89 1591.89 831.76
592.046 1692.24 1592.24 831.82
592.149 1692.59 1592.59 831.88
592.251 1692.94 1592.94 831.94
592.354 1693.29 1593.29 832
592.457 1693.64 1593.64 832.06
592.559 1693.99 1593.99 832.12
592.662 1694.34 1594.34 832.18
592.764 1694.69 1594.69 832.24
592.867 1695.04 1595.04 832.3
592.969 1695.39 1595.39 832.36
593.072 1695.74 1595.74 832.42
593.174 1696.09 1596.09 832.48
593.277 1696.44 1596.44 832.54
593.379 1696.78 1596.78 832.6
593.481 1697.13 1597.13 832.66
593.584 1697.48 1597.48 832.72
593.686 1697.83 1597.83 832.78
593.788 1698.18 1598.18 832.84
593.891 1698.53 1598.53 832.9
593.993 1698.88 1598.88 832.96
594.095 1699.23 1599.23 833.02
594.197 1699.58 1599.58 833.08
594.3 1699.93 1599.93 833.14
594.402 1700.28 1600.28 833.2
594.504 1700.63 1600.63 833.26
594.606 1700.98 1600.98 833.32
594.708 1701.33 1601.33 833.38
594.81 1701.67 1601.67 833.44
594.912 1702.02 1602.02 833.5
595.014 1702.37 1602.37 833.56
595.117 1702.72 1602.72 833.62
595.219 1703.07 1603.07 833.68
595.321 1703.42 1603.42 833.74
595.423 1703.77 1603.77 833.8
595.524 1704.12 1604.12 833.86
595.626 1704.47 1604.47 833.92
595.728 1704.82 1604.82 833.98
595.83 1705.17 1605.17 834.04
595.932 1705.52 1605.52 834.1
596.034 1705.87 1605.87 834.16
596.136 1706.22 1606.22 834.22
596.238 1706.57 1606.57 834.28
596.339 1706.91 1606.91 834.34
596.441 1707.26 1607.26 834.4
596.543 1707.61 1607.61 834.46
596.645 1707.96 1607.96 834.52
596.746 1708.31 1608.31 834.58
596.848 1708.66 1608.66 834.64
596.95 1709.01 1609.01 834.7
597.051 1709.36 1609.36 834.76
597.153 1709.71 1609.71 834.82
597.255 1710.06 1610.06 834.88
597.356 1710.41 1610.41 834.94
597.458 1710.76 1610.76 835
597.559 1711.11 1611.11 835.06
597.661 1711.46 1611.46 835.12
597.762 1711.8 1611.8 835.18
597.864 1712.15 1612.15 835.24
597.965 1712.5 1612.5 835.3
598.067 1712.85 1612.85 835.36
598.168 1713.2 1613.2 835.42
598.269 1713.55 1613.55 835.48
598.371 1713.9 1613.9 835.54
598.472 1714.25 1614.25 835.6
598.573 1714.6 1614.6 835.66
598.675 1714.95 1614.95 835.72
598.776 1715.3 1615.3 835.78
598.877 1715.65 1615.65 835.84
598.979 1716 1616 835.9
599.08 1716.35 1616.35 835.96
599.181 1716.7 1616.7 836.02
599.282 1717.04 1617.04 836.08
599.383 1717.39 1617.39 836.14
599.484 1717.74 1617.74 836.2
599.586 1718.09 1618.09 836.26
599.687 1718.44 1618.44 836.32
599.788 1718.79 1618.79 836.38
599.889 1719.14 1619.14 836.44
599.99 1719.49 1619.49 836.5
600.091 1719.84 1619.84 836.56
600.192 1720.19 1620.19 836.62
600.293 1720.54 1620.54 836.68
600.394 1720.89 1620.89 836.74
600.495 1721.24 1621.24 836.8
600.596 1721.59 1621.59 836.86
600.696 1721.93 1621.93 836.92
600.797 1722.28 1622.28 836.98
600.898 1722.63 1622.63 837.04
600.999 1722.98 1622.98 837.1
601.1 1723.33 1623.33 837.16
601.2 1723.68 1623.68 837.22
601.301 1724.03 1624.03 837.28
601.402 1724.38 1624.38 837.34
601.503 1724.73 1624.73 837.4
601.603 1725.08 1625.08 837.46
601.704 1725.43 1625.43 837.52
601.805 1725.78 1625.78 837.58
601.905 1726.13 1626.13 837.64
602.006 1726.48 1626.48 837.7
602.107 1726.83 1626.83 837.76
602.207 1727.17 1627.17 837.82
602.308 1727.52 1627.52 837.88
602.408 1727.87 1627.87 837.94
602.509 1728.22 1628.22 838
602.609 1728.57 1628.57 838.06
602.71 1728.92 1628.92 838.12
602.81 1729.27 1629.27 838.18
602.91 1729.62 1629.62 838.24
603.011 1729.97 1629.97 838.3
603.111 1730.32 1630.32 838.36
603.212 1730.67 1630.67 838.42
603.312 1731.02 1631.02 838.48
603.412 1731.37 1631.37 838.54
603.512 1731.72 1631.72 838.6
603.613 1732.07 1632.07 838.66
603.713 1732.41 1632.41 838.72
603.813 1732.76 1632.76 838.78
603.913 1733.11 1633.11 838.84
604.014 1733.46 1633.46 838.9
604.114 1733.81 1633.81 838.96
604.214 1734.16 1634.16 839.02
604.314 1734.51 1634.51 839.08
604.414 1734.86 1634.86 839.14
604.514 1735.21 1635.21 839.2
604.614 1735.56 1635.56 839.26
604.714 1735.91 1635.91 839.32
604.814 1736.26 1636.26 839.38
604.914 1736.61 1636.61 839.44
605.014 1736.96 1636.96 839.5
605.114 1737.3 1637.3 839.56
605.214 1737.65 1637.65 839.62
605.314 1738 1638 839.68
605.414 1738.35 1638.35 839.74
605.514 1738.7 1638.7 839.8
605.613 1739.05 1639.05 839.86
605.713 1739.4 1639.4 839.92
605.813 1739.75 1639.75 839.98
605.913 1740.1 1640.1 840.04
606.013 1740.45 1640.45 840.1
606.112 1740.8 1640.8 840.16
606.212 1741.15 1641.15 840.22
606.312 1741.5 1641.5 840.28
606.411 1741.85 1641.85 840.34
606.511 1742.2 1642.2 840.4
606.611 1742.54 1642.54 840.46
606.71 1742.89 1642.89 840.52
606.81 1743.24 1643.24 840.58
606.909 1743.59 1643.59 840.64
607.009 1743.94 1643.94 840.7
607.108 1744.29 1644.29 840.76
607.208 1744.64 1644.64 840.82
607.307 1744.99 1644.99 840.88
607.407 1745.34 1645.34 840.94
607.506 1745.69 1645.69 841
607.606 1746.04 1646.04 841.06
607.705 1746.39 1646.39 841.12
607.805 1746.74 1646.74 841.18
607.904 1747.09 1647.09 841.24
608.003 1747.43 1647.43 841.3
608.103 1747.78 1647.78 841.36
608.202 1748.13 1648.13 841.42
608.301 1748.48 1648.48 841.48
608.401 1748.83 1648.83 841.54
608.5 1749.18 1649.18 841.6
608.599 1749.53 1649.53 841.66
608.698 1749.88 1649.88 841.72
608.798 1750.23 1650.23 841.78
608.897 1750.58 1650.58 841.84
608.996 1750.93 1650.93 841.9
609.095 1751.28 1651.28 841.96
609.194 1751.63 1651.63 842.02
609.293 1751.98 1651.98 842.08
609.392 1752.33 1652.33 842.14
609.492 1752.67 1652.67 842.2
609.591 1753.02 1653.02 842.26
609.69 1753.37 1653.37 842.32
609.789 1753.72 1653.72 842.38
609.888 1754.07 1654.07 842.44
609.987 1754.42 1654.42 842.5
610.086 1754.77 1654.77 842.56
610.185 1755.12 1655.12 842.62
610.284 1755.47 1655.47 842.68
610.383 1755.82 1655.82 842.74
610.482 1756.17 1656.17 842.8
610.581 1756.52 1656.52 842.86
610.68 1756.87 1656.87 842.92
610.778 1757.22 1657.22 842.98
610.877 1757.56 1657.56 843.04
610.976 1757.91 1657.91 843.1
611.075 1758.26 1658.26 843.16
611.174 1758.61 1658.61 843.22
611.273 1758.96 1658.96 843.28
611.372 1759.31 1659.31 843.34
611.47 1759.66 1659.66 843.4
611.569 1760.01 1660.01 843.46
611.668 1760.36 1660.36 843.52
611.767 1760.71 1660.71 843.58
611.866 1761.06 1661.06 843.64
611.964 1761.41 1661.41 843.7
612.063 1761.76 1661.76 843.76
612.162 1762.11 1662.11 843.82
612.26 1762.46 1662.46 843.88
612.359 1762.8 1662.8 843.94
612.458 1763.15 1663.15 844
612.557 1763.5 1663.5 844.06
612.655 1763.85 1663.85 844.12
612.754 1764.2 1664.2 844.18
612.853 1764.55 1664.55 844.24
612.951 1764.9 1664.9 844.3
613.05 1765.25 1665.25 844.36
613.148 1765.6 1665.6 844.42
613.247 1765.95 1665.95 844.48
613.346 1766.3 1666.3 844.54
613.444 1766.65 1666.65 844.6
613.543 1767 1667 844.66
613.641 1767.35 1667.35 844.72
613.74 1767.69 1667.69 844.78
613.838 1768.04 1668.04 844.84
613.937 1768.39 1668.39 844.9
614.036 1768.74 1668.74 844.96
614.134 1769.09 1669.09 845.02
614.233 1769.44 1669.44 845.08
614.331 1769.79 1669.79 845.14
614.43 1770.14 1670.14 845.2
614.528 1770.49 1670.49 845.26
614.627 1770.84 1670.84 845.32
614.725 1771.19 1671.19 845.38
614.824 1771.54 1671.54 845.44
614.922 1771.89 1671.89 845.5
615.02 1772.24 1672.24 845.56
615.119 1772.59 1672.59 845.62
615.217 1772.93 1672.93 845.68
615.316 1773.28 1673.28 845.74
615.414 1773.63 1673.63 845.8
615.513 1773.98 1673.98 845.86
615.611 1774.33 1674.33 845.92
615.709 1774.68 1674.68 845.98
615.808 1775.03 1675.03 846.04
615.906 1775.38 1675.38 846.1
616.005 1775.73 1675.73 846.16
616.103 1776.08 1676.08 846.22
616.201 1776.43 1676.43 846.28
616.3 1776.78 1676.78 846.34
616.398 1777.13 1677.13 846.4
616.496 1777.48 1677.48 846.46
616.595 1777.82 1677.82 846.52
616.693 1778.17 1678.17 846.58
616.792 1778.52 1678.52 846.64
616.89 1778.87 1678.87 846.7
616.988 1779.22 1679.22 846.76
617.087 1779.57 1679.57 846.82
617.185 1779.92 1679.92 846.88
617.283 1780.27 1680.27 846.94
617.382 1780.62 1680.62 847
617.48 1780.97 1680.97 847.06
617.578 1781.32 1681.32 847.12
617.677 1781.67 1681.67 847.18
617.775 1782.02 1682.02 847.24
617.873 1782.37 1682.37 847.3
617.971 1782.72 1682.72 847.36
618.07 1783.06 1683.06 847.42
618.168 1783.41 1683.41 847.48
618.266 1783.76 1683.76 847.54
618.365 1784.11 1684.11 847.6
618.463 1784.46 1684.46 847.66
618.561 1784.81 1684.81 847.72
618.66 1785.16 1685.16 847.78
618.758 1785.51 1685.51 847.84
618.856 1785.86 1685.86 847.9
618.954 1786.21 1686.21 847.96
619.053 1786.56 1686.56 848.02
619.151 1786.91 1686.91 848.08
619.249 1787.26 1687.26 848.14
619.348 1787.61 1687.61 848.2
619.446 1787.95 1687.95 848.26
619.544 1788.3 1688.3 848.32
619.642 1788.65 1688.65 848.38
619.741 1789 1689 848.44
619.839 1789.35 1689.35 848.5
619.937 1789.7 1689.7 848.56
620.036 1790.05 1690.05 848.62
620.134 1790.4 1690.4 848.68
620.232 1790.75 1690.75 848.74
620.33 1791.1 1691.1 848.8
620.429 1791.45 1691.45 848.86
620.527 1791.8 1691.8 848.92
620.625 1792.15 1692.15 848.98
620.724 1792.5 1692.5 849.04
620.822 1792.85 1692.85 849.1
620.92 1793.19 1693.19 849.16
621.019 1793.54 1693.54 849.22
621.117 1793.89 1693.89 849.28
621.215 1794.24 1694.24 849.34
621.314 1794.59 1694.59 849.4
621.412 1794.94 1694.94 849.46
621.51 1795.29 1695.29 849.52
621.608 1795.64 1695.64 849.58
621.707 1795.99 1695.99 849.64
621.805 1796.34 1696.34 849.7
621.903 1796.69 1696.69 849.76
622.002 1797.04 1697.04 849.82
622.1 1797.39 1697.39 849.88
622.198 1797.74 1697.74 849.94
622.297 1798.08 1698.08 850
622.395 1798.43 1698.43 850.06
622.494 1798.78 1698.78 850.12
622.592 1799.13 1699.13 850.18
622.69 1799.48 1699.48 850.24
622.789 1799.83 1699.83 850.3
622.887 1800.18 1700.18 850.36
622.985 1800.53 1700.53 850.42
623.084 1800.88 1700.88 850.48
623.182 1801.23 1701.23 850.54
623.281 1801.58 1701.58 850.6
623.379 1801.93 1701.93 850.66
623.477 1802.28 1702.28 850.72
623.576 1802.63 1702.63 850.78
623.674 1802.98 1702.98 850.84
623.773 1803.32 1703.32 850.9
623.871 1803.67 1703.67 850.96
623.97 1804.02 1704.02 851.02
624.068 1804.37 1704.37 851.08
624.166 1804.72 1704.72 851.14
624.265 1805.07 1705.07 851.2
624.363 1805.42 1705.42 851.26
624.462 1805.77 1705.77 851.32
624.56 1806.12 1706.12 851.38
624.659 1806.47 1706.47 851.44
624.757 1806.82 1706.82 851.5
624.856 1807.17 1707.17 851.56
624.954 1807.52 1707.52 851.62
625.053 1807.87 1707.87 851.68
625.151 1808.22 1708.22 851.74
625.25 1808.56 1708.56 851.8
625.349 1808.91 1708.91 851.86
625.447 1809.26 1709.26 851.92
625.546 1809.61 1709.61 851.98
625.644 1809.96 1709.96 852.04
625.743 1810.31 1710.31 852.1
625.841 1810.66 1710.66 852.16
625.94 1811.01 1711.01 852.22
626.039 1811.36 1711.36 852.28
626.137 1811.71 1711.71 852.34
626.236 1812.06 1712.06 852.4
626.335 1812.41 1712.41 852.46
626.433 1812.76 1712.76 852.52
626.532 1813.11 1713.11 852.58
626.631 1813.45 1713.45 852.64
626.729 1813.8 1713.8 852.7
626.828 1814.15 1714.15 852.76
626.927 1814.5 1714.5 852.82
627.026 1814.85 1714.85 852.88
627.124 1815.2 1715.2 852.94
627.223 1815.55 1715.55 853
627.322 1815.9 1715.9 853.06
627.421 1816.25 1716.25 853.12
627.519 1816.6 1716.6 853.18
627.618 1816.95 1716.95 853.24
627.717 1817.3 1717.3 853.3
627.816 1817.65 1717.65 853.36
627.915 1818 1718 853.42
628.014 1818.35 1718.35 853.48
628.112 1818.69 1718.69 853.54
628.211 1819.04 1719.04 853.6
628.31 1819.39 1719.39 853.66
628.409 1819.74 1719.74 853.72
628.508 1820.09 1720.09 853.78
628.607 1820.44 1720.44 853.84
628.706 1820.79 1720.79 853.9
628.805 1821.14 1721.14 853.96
628.904 1821.49 1721.49 854.02
629.003 1821.84 1721.84 854.08
629.102 1822.19 1722.19 854.14
629.201 1822.54 1722.54 854.2
629.3 1822.89 1722.89 854.26
629.399 1823.24 1723.24 854.32
629.498 1823.58 1723.58 854.38
629.597 1823.93 1723.93 854.44
629.696 1824.28 1724.28 854.5
629.796 1824.63 1724.63 854.56
629.895 1824.98 1724.98 854.62
629.994 1825.33 1725.33 854.68
630.093 1825.68 1725.68 854.74
630.192 1826.03 1726.03 854.8
630.291 1826.38 1726.38 854.86
630.391 1826.73 1726.73 854.92
630.49 1827.08 1727.08 854.98
630.589 1827.43 1727.43 855.04
630.688 1827.78 1727.78 855.1
630.788 1828.13 1728.13 855.16
630.887 1828.48 1728.48 855.22
630.986 1828.82 1728.82 855.28
631.086 1829.17 1729.17 855.34
631.185 1829.52 1729.52 855.4
631.284 1829.87 1729.87 855.46
631.384 1830.22 1730.22 855.52
631.483 1830.57 1730.57 855.58
631.583 1830.92 1730.92 855.64
631.682 1831.27 1731.27 855.7
631.782 1831.62 1731.62 855.76
631.881 1831.97 1731.97 855.82
631.981 1832.32 1732.32 855.88
632.08 1832.67 1732.67 855.94
632.18 1833.02 1733.02 856
632.279 1833.37 1733.37 856.06
632.379 1833.71 1733.71 856.12
632.479 1834.06 1734.06 856.18
632.578 1834.41 1734.41 856.24
632.678 1834.76 1734.76 856.3
632.777 1835.11 1735.11 856.36
632.877 1835.46 1735.46 856.42
632.977 1835.81 1735.81 856.48
633.077 1836.16 1736.16 856.54
633.176 1836.51 1736.51 856.6
633.276 1836.86 1736.86 856.66
633.376 1837.21 1737.21 856.72
633.476 1837.56 1737.56 856.78
633.576 1837.91 1737.91 856.84
633.676 1838.26 1738.26 856.9
633.775 1838.61 1738.61 856.96
633.875 1838.95 1738.95 857.02
633.975 1839.3 1739.3 857.08
634.075 1839.65 1739.65 857.14
634.175 1840 1740 857.2
634.275 1840.35 1740.35 857.26
634.375 1840.7 1740.7 857.32
634.475 1841.05 1741.05 857.38
634.575 1841.4 1741.4 857.44
634.676 1841.75 1741.75 857.5
634.776 1842.1 1742.1 857.56
634.876 1842.45 1742.45 857.62
634.976 1842.8 1742.8 857.68
635.076 1843.15 1743.15 857.74
635.176 1843.5 1743.5 857.8
635.277 1843.84 1743.84 857.86
635.377 1844.19 1744.19 857.92
635.477 1844.54 1744.54 857.98
635.578 1844.89 1744.89 858.04
635.678 1845.24 1745.24 858.1
635.778 1845.59 1745.59 858.16
635.879 1845.94 1745.94 858.22
635.979 1846.29 1746.29 858.28
636.08 1846.64 1746.64 858.34
636.18 1846.99 1746.99 858.4
636.28 1847.34 1747.34 858.46
636.381 1847.69 1747.69 858.52
636.482 1848.04 1748.04 858.58
636.582 1848.39 1748.39 858.64
636.683 1848.74 1748.74 858.7
636.783 1849.08 1749.08 858.76
636.884 1849.43 1749.43 858.82
636.985 1849.78 1749.78 858.88
637.085 1850.13 1750.13 858.94
637.186 1850.48 1750.48 859
637.287 1850.83 1750.83 859.06
637.388 1851.18 1751.18 859.12
637.489 1851.53 1751.53 859.18
637.589 1851.88 1751.88 859.24
637.69 1852.23 1752.23 859.3
637.791 1852.58 1752.58 859.36
637.892 1852.93 1752.93 859.42
637.993 1853.28 1753.28 859.48
638.094 1853.63 1753.63 859.54
638.195 1853.97 1753.97 859.6
638.296 1854.32 1754.32 859.66
638.397 1854.67 1754.67 859.72
638.498 1855.02 1755.02 859.78
638.6 1855.37 1755.37 859.84
638.701 1855.72 1755.72 859.9
638.802 1856.07 1756.07 859.96
638.903 1856.42 1756.42 860.02
639.004 1856.77 1756.77 860.08
639.106 1857.12 1757.12 860.14
639.207 1857.47 1757.47 860.2
639.308 1857.82 1757.82 860.26
639.41 1858.17 1758.17 860.32
639.511 1858.52 1758.52 860.38
639.613 1858.87 1758.87 860.44
639.714 1859.21 1759.21 860.5
639.816 1859.56 1759.56 860.56
639.917 1859.91 1759.91 860.62
640.019 1860.26 1760.26 860.68
640.12 1860.61 1760.61 860.74
640.222 1860.96 1760.96 860.8
640.323 1861.31 1761.31 860.86
640.425 1861.66 1761.66 860.92
640.527 1862.01 1762.01 860.98
640.628 1862.36 1762.36 861.04
640.73 1862.71 1762.71 861.1
640.832 1863.06 1763.06 861.16
640.933 1863.41 1763.41 861.22
641.035 1863.76 1763.76 861.28
641.137 1864.1 1764.1 861.34
641.239 1864.45 1764.45 861.4
641.34 1864.8 1764.8 861.46
641.442 1865.15 1765.15 861.52
641.544 1865.5 1765.5 861.58
641.646 1865.85 1765.85 861.64
641.748 1866.2 1766.2 861.7
641.849 1866.55 1766.55 861.76
641.951 1866.9 1766.9 861.82
642.053 1867.25 1767.25 861.88
642.155 1867.6 1767.6 861.94
642.257 1867.95 1767.95 862
642.359 1868.3 1768.3 862.06
642.461 1868.65 1768.65 862.12
642.563 1869 1769 862.18
642.665 1869.34 1769.34 862.24
642.766 1869.69 1769.69 862.3
642.868 1870.04 1770.04 862.36
642.97 1870.39 1770.39 862.42
643.072 1870.74 1770.74 862.48
643.174 1871.09 1771.09 862.54
643.276 1871.44 1771.44 862.6
643.378 1871.79 1771.79 862.66
643.48 1872.14 1772.14 862.72
643.582 1872.49 1772.49 862.78
643.684 1872.84 1772.84 862.84
643.786 1873.19 1773.19 862.9
643.888 1873.54 1773.54 862.96
643.99 1873.89 1773.89 863.02
644.092 1874.23 1774.23 863.08
644.194 1874.58 1774.58 863.14
644.296 1874.93 1774.93 863.2
644.398 1875.28 1775.28 863.26
644.499 1875.63 1775.63 863.32
644.601 1875.98 1775.98 863.38
644.703 1876.33 1776.33 863.44
644.805 1876.68 1776.68 863.5
644.907 1877.03 1777.03 863.56
645.009 1877.38 1777.38 863.62
645.111 1877.73 1777.73 863.68
645.213 1878.08 1778.08 863.74
645.315 1878.43 1778.43 863.8
645.416 1878.78 1778.78 863.86
645.518 1879.13 1779.13 863.92
645.62 1879.47 1779.47 863.98
645.722 1879.82 1779.82 864.04
645.824 1880.17 1780.17 864.1
645.926 1880.52 1780.52 864.16
646.027 1880.87 1780.87 864.22
646.129 1881.22 1781.22 864.28
646.231 1881.57 1781.57 864.34
646.333 1881.92 1781.92 864.4
646.434 1882.27 1782.27 864.46
646.536 1882.62 1782.62 864.52
646.638 1882.97 1782.97 864.58
646.739 1883.32 1783.32 864.64
646.841 1883.67 1783.67 864.7
646.942 1884.02 1784.02 864.76
647.044 1884.37 1784.37 864.82
647.146 1884.71 1784.71 864.88
647.247 1885.06 1785.06 864.94
647.349 1885.41 1785.41 865
647.45 1885.76 1785.76 865.06
647.552 1886.11 1786.11 865.12
647.653 1886.46 1786.46 865.18
647.755 1886.81 1786.81 865.24
647.856 1887.16 1787.16 865.3
647.957 1887.51 1787.51 865.36
648.059 1887.86 1787.86 865.42
648.16 1888.21 1788.21 865.48
648.261 1888.56 1788.56 865.54
648.363 1888.91 1788.91 865.6
648.464 1889.26 1789.26 865.66
648.565 1889.6 1789.6 865.72
648.666 1889.95 1789.95 865.78
648.767 1890.3 1790.3 865.84
648.868 1890.65 1790.65 865.9
648.969 1891 1791 865.96
649.07 1891.35 1791.35 866.02
649.171 1891.7 1791.7 866.08
649.272 1892.05 1792.05 866.14
649.373 1892.4 1792.4 866.2
649.474 1892.75 1792.75 866.26
649.575 1893.1 1793.1 866.32
649.676 1893.45 1793.45 866.38
649.777 1893.8 1793.8 866.44
649.877 1894.15 1794.15 866.5
649.978 1894.5 1794.5 866.56
650.079 1894.84 1794.84 866.62
650.179 1895.19 1795.19 866.68
650.28 1895.54 1795.54 866.74
650.38 1895.89 1795.89 866.8
650.481 1896.24 1796.24 866.86
650.581 1896.59 1796.59 866.92
650.682 1896.94 1796.94 866.98
650.782 1897.29 1797.29 867.04
650.882 1897.64 1797.64 867.1
650.983 1897.99 1797.99 867.16
651.083 1898.34 1798.34 867.22
651.183 1898.69 1798.69 867.28
651.283 1899.04 1799.04 867.34
651.383 1899.39 1799.39 867.4
651.483 1899.73 1799.73 867.46
651.583 1900.08 1800.08 867.52
651.683 1900.43 1800.43 867.58
651.783 1900.78 1800.78 867.64
651.883 1901.13 1801.13 867.7
651.983 1901.48 1801.48 867.76
652.082 1901.83 1801.83 867.82
652.182 1902.18 1802.18 867.88
652.282 1902.53 1802.53 867.94
652.381 1902.88 1802.88 868
652.481 1903.23 1803.23 868.06
652.58 1903.58 1803.58 868.12
652.679 1903.93 1803.93 868.18
652.779 1904.28 1804.28 868.24
652.878 1904.63 1804.63 868.3
652.977 1904.97 1804.97 868.36
653.076 1905.32 1805.32 868.42
653.175 1905.67 1805.67 868.48
653.274 1906.02 1806.02 868.54
653.373 1906.37 1806.37 868.6
653.472 1906.72 1806.72 868.66
653.571 1907.07 1807.07 868.72
653.67 1907.42 1807.42 868.78
653.769 1907.77 1807.77 868.84
653.867 1908.12 1808.12 868.9
653.966 1908.47 1808.47 868.96
654.064 1908.82 1808.82 869.02
654.163 1909.17 1809.17 869.08
654.261 1909.52 1809.52 869.14
654.359 1909.86 1809.86 869.2
654.458 1910.21 1810.21 869.26
654.556 1910.56 1810.56 869.32
654.654 1910.91 1810.91 869.38
654.752 1911.26 1811.26 869.44
654.85 1911.61 1811.61 869.5
654.948 1911.96 1811.96 869.56
655.045 1912.31 1812.31 869.62
655.143 1912.66 1812.66 869.68
655.241 1913.01 1813.01 869.74
655.338 1913.36 1813.36 869.8
655.436 1913.71 1813.71 869.86
655.533 1914.06 1814.06 869.92
655.631 1914.41 1814.41 869.98
655.728 1914.76 1814.76 870.04
655.825 1915.1 1815.1 870.1
655.922 1915.45 1815.45 870.16
656.019 1915.8 1815.8 870.22
656.116 1916.15 1816.15 870.28
656.213 1916.5 1816.5 870.34
656.31 1916.85 1816.85 870.4
656.407 1917.2 1817.2 870.46
656.503 1917.55 1817.55 870.52
656.6 1917.9 1817.9 870.58
656.696 1918.25 1818.25 870.64
656.793 1918.6 1818.6 870.7
656.889 1918.95 1818.95 870.76
656.985 1919.3 1819.3 870.82
657.081 1919.65 1819.65 870.88
657.177 1919.99 1819.99 870.94
657.273 1920.34 1820.34 871
657.369 1920.69 1820.69 871.06
657.465 1921.04 1821.04 871.12
657.56 1921.39 1821.39 871.18
657.656 1921.74 1821.74 871.24
657.752 1922.09 1822.09 871.3
657.847 1922.44 1822.44 871.36
657.942 1922.79 1822.79 871.42
658.037 1923.14 1823.14 871.48
658.133 1923.49 1823.49 871.54
658.228 1923.84 1823.84 871.6
658.322 1924.19 1824.19 871.66
658.417 1924.54 1824.54 871.72
658.512 1924.89 1824.89 871.78
658.607 1925.23 1825.23 871.84
658.701 1925.58 1825.58 871.9
658.796 1925.93 1825.93 871.96
658.89 1926.28 1826.28 872.02
658.984 1926.63 1826.63 872.08
659.078 1926.98 1826.98 872.14
659.172 1927.33 1827.33 872.2
659.266 1927.68 1827.68 872.26
659.36 1928.03 1828.03 872.32
659.454 1928.38 1828.38 872.38
659.548 1928.73 1828.73 872.44
659.641 1929.08 1829.08 872.5
659.735 1929.43 1829.43 872.56
659.828 1929.78 1829.78 872.62
659.921 1930.12 1830.12 872.68
660.014 1930.47 1830.47 872.74
660.107 1930.82 1830.82 872.8
660.2 1931.17 1831.17 872.86
660.293 1931.52 1831.52 872.92
660.386 1931.87 1831.87 872.98
660.478 1932.22 1832.22 873.04
660.571 1932.57 1832.57 873.1
660.663 1932.92 1832.92 873.16
660.755 1933.27 1833.27 873.22
660.847 1933.62 1833.62 873.28
660.939 1933.97 1833.97 873.34
661.031 1934.32 1834.32 873.4
661.123 1934.67 1834.67 873.46
661.215 1935.02 1835.02 873.52
661.306 1935.36 1835.36 873.58
661.398 1935.71 1835.71 873.64
661.489 1936.06 1836.06 873.7
661.58 1936.41 1836.41 873.76
661.671 1936.76 1836.76 873.82
661.762 1937.11 1837.11 873.88
661.853 1937.46 1837.46 873.94
661.944 1937.81 1837.81 874
662.034 1938.16 1838.16 874.06
662.125 1938.51 1838.51 874.12
662.215 1938.86 1838.86 874.18
662.305 1939.21 1839.21 874.24
662.395 1939.56 1839.56 874.3
662.485 1939.91 1839.91 874.36
662.575 1940.25 1840.25 874.42
662.665 1940.6 1840.6 874.48
662.755 1940.95 1840.95 874.54
662.844 1941.3 1841.3 874.6
662.933 1941.65 1841.65 874.66
663.023 1942 1842 874.72
663.112 1942.35 1842.35 874.78
663.201 1942.7 1842.7 874.84
663.29 1943.05 1843.05 874.9
663.378 1943.4 1843.4 874.96
663.467 1943.75 1843.75 875.02
663.555 1944.1 1844.1 875.08
663.644 1944.45 1844.45 875.14
663.732 1944.8 1844.8 875.2
663.82 1945.15 1845.15 875.26
663.908 1945.49 1845.49 875.32
663.995 1945.84 1845.84 875.38
664.083 1946.19 1846.19 875.44
664.171 1946.54 1846.54 875.5
664.258 1946.89 1846.89 875.56
664.345 1947.24 1847.24 875.62
664.432 1947.59 1847.59 875.68
664.519 1947.94 1847.94 875.74
664.606 1948.29 1848.29 875.8
664.693 1948.64 1848.64 875.86
664.779 1948.99 1848.99 875.92
664.866 1949.34 1849.34 875.98
664.952 1949.69 1849.69 876.04
665.038 1950.04 1850.04 876.1
665.124 1950.38 1850.38 876.16
665.21 1950.73 1850.73 876.22
665.295 1951.08 1851.08 876.28
665.381 1951.43 1851.43 876.34
665.466 1951.78 1851.78 876.4
665.551 1952.13 1852.13 876.46
665.637 1952.48 1852.48 876.52
665.721 1952.83 1852.83 876.58
665.806 1953.18 1853.18 876.64
665.891 1953.53 1853.53 876.7
665.975 1953.88 1853.88 876.76
666.06 1954.23 1854.23 876.82
666.144 1954.58 1854.58 876.88
666.228 1954.93 1854.93 876.94
666.312 1955.28 1855.28 877
666.395 1955.62 1855.62 877.06
666.479 1955.97 1855.97 877.12
666.562 1956.32 1856.32 877.18
666.646 1956.67 1856.67 877.24
666.729 1957.02 1857.02 877.3
666.812 1957.37 1857.37 877.36
666.895 1957.72 1857.72 877.42
666.977 1958.07 1858.07 877.48
667.06 1958.42 1858.42 877.54
667.142 1958.77 1858.77 877.6
667.224 1959.12 1859.12 877.66
667.306 1959.47 1859.47 877.72
667.388 1959.82 1859.82 877.78
667.47 1960.17 1860.17 877.84
667.551 1960.52 1860.52 877.9
667.632 1960.86 1860.86 877.96
667.714 1961.21 1861.21 878.02
667.795 1961.56 1861.56 878.08
667.875 1961.91 1861.91 878.14
667.956 1962.26 1862.26 878.2
668.037 1962.61 1862.61 878.26
668.117 1962.96 1862.96 878.32
668.197 1963.31 1863.31 878.38
668.277 1963.66 1863.66 878.44
668.357 1964.01 1864.01 878.5
668.437 1964.36 1864.36 878.56
668.516 1964.71 1864.71 878.62
668.596 1965.06 1865.06 878.68
668.675 1965.41 1865.41 878.74
668.754 1965.75 1865.75 878.8
668.833 1966.1 1866.1 878.86
668.911 1966.45 1866.45 878.92
668.99 1966.8 1866.8 878.98
669.068 1967.15 1867.15 879.04
669.146 1967.5 1867.5 879.1
669.224 1967.85 1867.85 879.16
669.302 1968.2 1868.2 879.22
669.379 1968.55 1868.55 879.28
669.457 1968.9 1868.9 879.34
669.534 1969.25 1869.25 879.4
669.611 1969.6 1869.6 879.46
669.688 1969.95 1869.95 879.52
669.765 1970.3 1870.3 879.58
669.841 1970.65 1870.65 879.64
669.917 1970.99 1870.99 879.7
669.994 1971.34 1871.34 879.76
670.07 1971.69 1871.69 879.82
670.145 1972.04 1872.04 879.88
670.221 1972.39 1872.39 879.94
670.296 1972.74 1872.74 880
670.372 1973.09 1873.09 880.06
670.447 1973.44 1873.44 880.12
670.521 1973.79 1873.79 880.18
670.596 1974.14 1874.14 880.24
670.671 1974.49 1874.49 880.3
670.745 1974.84 1874.84 880.36
670.819 1975.19 1875.19 880.42
670.893 1975.54 1875.54 880.48
670.967 1975.88 1875.88 880.54
671.04 1976.23 1876.23 880.6
671.114 1976.58 1876.58 880.66
671.187 1976.93 1876.93 880.72
671.26 1977.28 1877.28 880.78
671.333 1977.63 1877.63 880.84
671.406 1977.98 1877.98 880.9
671.478 1978.33 1878.33 880.96
671.55 1978.68 1878.68 881.02
671.623 1979.03 1879.03 881.08
671.695 1979.38 1879.38 881.14
671.766 1979.73 1879.73 881.2
671.838 1980.08 1880.08 881.26
671.91 1980.43 1880.43 881.32
671.981 1980.78 1880.78 881.38
672.052 1981.12 1881.12 881.44
672.123 1981.47 1881.47 881.5
672.194 1981.82 1881.82 881.56
672.265 1982.17 1882.17 881.62
672.335 1982.52 1882.52 881.68
672.405 1982.87 1882.87 881.74
672.476 1983.22 1883.22 881.8
672.546 1983.57 1883.57 881.86
672.615 1983.92 1883.92 881.92
672.685 1984.27 1884.27 881.98
672.755 1984.62 1884.62 882.04
672.824 1984.97 1884.97 882.1
672.893 1985.32 1885.32 882.16
672.962 1985.67 1885.67 882.22
673.031 1986.01 1886.01 882.28
673.1 1986.36 1886.36 882.34
673.168 1986.71 1886.71 882.4
673.237 1987.06 1887.06 882.46
673.305 1987.41 1887.41 882.52
673.373 1987.76 1887.76 882.58
673.441 1988.11 1888.11 882.64
673.509 1988.46 1888.46 882.7
673.577 1988.81 1888.81 882.76
673.644 1989.16 1889.16 882.82
673.711 1989.51 1889.51 882.88
673.779 1989.86 1889.86 882.94
673.846 1990.21 1890.21 883
673.912 1990.56 1890.56 883.06
673.979 1990.91 1890.91 883.12
674.046 1991.25 1891.25 883.18
674.112 1991.6 1891.6 883.24
674.179 1991.95 1891.95 883.3
674.245 1992.3 1892.3 883.36
674.311 1992.65 1892.65 883.42
674.377 1993 1893 883.48
674.442 1993.35 1893.35 883.54
674.508 1993.7 1893.7 883.6
674.573 1994.05 1894.05 883.66
674.639 1994.4 1894.4 883.72
674.704 1994.75 1894.75 883.78
674.769 1995.1 1895.1 883.84
674.834 1995.45 1895.45 883.9
674.899 1995.8 1895.8 883.96
674.963 1996.14 1896.14 884.02
675.028 1996.49 1896.49 884.08
675.092 1996.84 1896.84 884.14
675.156 1997.19 1897.19 884.2
675.22 1997.54 1897.54 884.26
675.284 1997.89 1897.89 884.32
675.348 1998.24 1898.24 884.38
675.412 1998.59 1898.59 884.44
675.476 1998.94 1898.94 884.5
675.539 1999.29 1899.29 884.56
675.602 1999.64 1899.64 884.62
675.666 1999.99 1899.99 884.68
675.729 2000.34 1900.34 884.74
675.791 2000.69 1900.69 884.8
675.854 2001.04 1901.04 884.86
675.917 2001.38 1901.38 884.92
675.98 2001.73 1901.73 884.98
676.042 2002.08 1902.08 885.04
676.104 2002.43 1902.43 885.1
676.166 2002.78 1902.78 885.16
676.229 2003.13 1903.13 885.22
676.291 2003.48 1903.48 885.28
676.352 2003.83 1903.83 885.34
676.414 2004.18 1904.18 885.4
676.476 2004.53 1904.53 885.46
676.537 2004.88 1904.88 885.52
676.598 2005.23 1905.23 885.58
676.66 2005.58 1905.58 885.64
676.721 2005.93 1905.93 885.7
676.782 2006.27 1906.27 885.76
676.843 2006.62 1906.62 885.82
676.904 2006.97 1906.97 885.88
676.964 2007.32 1907.32 885.94
677.025 2007.67 1907.67 886
677.085 2008.02 1908.02 886.06
677.146 2008.37 1908.37 886.12
677.206 2008.72 1908.72 886.18
677.266 2009.07 1909.07 886.24
677.326 2009.42 1909.42 886.3
677.386 2009.77 1909.77 886.36
677.446 2010.12 1910.12 886.42
677.506 2010.47 1910.47 886.48
677.565 2010.82 1910.82 886.54
677.625 2011.17 1911.17 886.6
677.684 2011.51 1911.51 886.66
677.743 2011.86 1911.86 886.72
677.803 2012.21 1912.21 886.78
677.862 2012.56 1912.56 886.84
677.921 2012.91 1912.91 886.9
677.98 2013.26 1913.26 886.96
678.038 2013.61 1913.61 887.02
678.097 2013.96 1913.96 887.08
678.156 2014.31 1914.31 887.14
678.214 2014.66 1914.66 887.2
678.273 2015.01 1915.01 887.26
678.331 2015.36 1915.36 887.32
678.389 2015.71 1915.71 887.38
678.447 2016.06 1916.06 887.44
678.505 2016.4 1916.4 887.5
678.563 2016.75 1916.75 887.56
678.621 2017.1 1917.1 887.62
678.679 2017.45 1917.45 887.68
678.737 2017.8 1917.8 887.74
678.794 2018.15 1918.15 887.8
678.852 2018.5 1918.5 887.86
678.909 2018.85 1918.85 887.92
678.966 2019.2 1919.2 887.98
679.024 2019.55 1919.55 888.04
679.081 2019.9 1919.9 888.1
679.138 2020.25 1920.25 888.16
679.195 2020.6 1920.6 888.22
679.252 2020.95 1920.95 888.28
679.309 2021.3 1921.3 888.34
679.365 2021.64 1921.64 888.4
679.422 2021.99 1921.99 888.46
679.479 2022.34 1922.34 888.52
679.535 2022.69 1922.69 888.58
679.592 2023.04 1923.04 888.64
679.648 2023.39 1923.39 888.7
679.704 2023.74 1923.74 888.76
679.76 2024.09 1924.09 888.82
679.817 2024.44 1924.44 888.88
679.873 2024.79 1924.79 888.94
679.929 2025.14 1925.14 889
679.985 2025.49 1925.49 889.06
680.04 2025.84 1925.84 889.12
680.096 2026.19 1926.19 889.18
680.152 2026.53 1926.53 889.24
680.208 2026.88 1926.88 889.3
680.263 2027.23 1927.23 889.36
680.319 2027.58 1927.58 889.42
680.374 2027.93 1927.93 889.48
680.429 2028.28 1928.28 889.54
680.485 2028.63 1928.63 889.6
680.54 2028.98 1928.98 889.66
680.595 2029.33 1929.33 889.72
680.65 2029.68 1929.68 889.78
680.705 2030.03 1930.03 889.84
680.76 2030.38 1930.38 889.9
680.815 2030.73 1930.73 889.96
680.87 2031.08 1931.08 890.02
680.925 2031.43 1931.43 890.08
680.98 2031.77 1931.77 890.14
681.034 2032.12 1932.12 890.2
681.089 2032.47 1932.47 890.26
681.143 2032.82 1932.82 890.32
681.198 2033.17 1933.17 890.38
681.252 2033.52 1933.52 890.44
681.307 2033.87 1933.87 890.5
681.361 2034.22 1934.22 890.56
681.416 2034.57 1934.57 890.62
681.47 2034.92 1934.92 890.68
681.524 2035.27 1935.27 890.74
681.578 2035.62 1935.62 890.8
681.632 2035.97 1935.97 890.86
681.686 2036.32 1936.32 890.92
681.74 2036.67 1936.67 890.98
681.794 2037.01 1937.01 891.04
681.848 2037.36 1937.36 891.1
681.902 2037.71 1937.71 891.16
681.956 2038.06 1938.06 891.22
682.01 2038.41 1938.41 891.28
682.063 2038.76 1938.76 891.34
682.117 2039.11 1939.11 891.4
682.171 2039.46 1939.46 891.46
682.224 2039.81 1939.81 891.52
682.278 2040.16 1940.16 891.58
682.331 2040.51 1940.51 891.64
682.385 2040.86 1940.86 891.7
682.438 2041.21 1941.21 891.76
682.492 2041.56 1941.56 891.82
682.545 2041.9 1941.9 891.88
682.598 2042.25 1942.25 891.94
682.652 2042.6 1942.6 892
682.705 2042.95 1942.95 892.06
682.758 2043.3 1943.3 892.12
682.811 2043.65 1943.65 892.18
682.865 2044 1944 892.24
682.918 2044.35 1944.35 892.3
682.971 2044.7 1944.7 892.36
683.024 2045.05 1945.05 892.42
683.077 2045.4 1945.4 892.48
683.13 2045.75 1945.75 892.54
683.183 2046.1 1946.1 892.6
683.236 2046.45 1946.45 892.66
683.289 2046.8 1946.8 892.72
683.342 2047.14 1947.14 892.78
683.395 2047.49 1947.49 892.84
683.447 2047.84 1947.84 892.9
683.5 2048.19 1948.19 892.96
683.553 2048.54 1948.54 893.02
683.606 2048.89 1948.89 893.08
683.659 2049.24 1949.24 893.14
683.711 2049.59 1949.59 893.2
683.764 2049.94 1949.94 893.26
683.817 2050.29 1950.29 893.32
683.87 2050.64 1950.64 893.38
683.922 2050.99 1950.99 893.44
683.975 2051.34 1951.34 893.5
684.028 2051.69 1951.69 893.56
684.08 2052.03 1952.03 893.62
684.133 2052.38 1952.38 893.68
684.185 2052.73 1952.73 893.74
684.238 2053.08 1953.08 893.8
684.291 2053.43 1953.43 893.86
684.343 2053.78 1953.78 893.92
684.396 2054.13 1954.13 893.98
684.448 2054.48 1954.48 894.04
684.501 2054.83 1954.83 894.1
684.553 2055.18 1955.18 894.16
684.606 2055.53 1955.53 894.22
684.658 2055.88 1955.88 894.28
684.711 2056.23 1956.23 894.34
684.763 2056.58 1956.58 894.4
684.816 2056.93 1956.93 894.46
684.868 2057.27 1957.27 894.52
684.921 2057.62 1957.62 894.58
684.973 2057.97 1957.97 894.64
685.026 2058.32 1958.32 894.7
685.078 2058.67 1958.67 894.76
685.131 2059.02 1959.02 894.82
685.183 2059.37 1959.37 894.88
685.236 2059.72 1959.72 894.94
685.288 2060.07 1960.07 895
685.341 2060.42 1960.42 895.06
685.393 2060.77 1960.77 895.12
685.446 2061.12 1961.12 895.18
685.498 2061.47 1961.47 895.24
685.551 2061.82 1961.82 895.3
685.603 2062.16 1962.16 895.36
685.656 2062.51 1962.51 895.42
685.708 2062.86 1962.86 895.48
685.761 2063.21 1963.21 895.54
685.814 2063.56 1963.56 895.6
685.866 2063.91 1963.91 895.66
685.919 2064.26 1964.26 895.72
685.971 2064.61 1964.61 895.78
686.024 2064.96 1964.96 895.84
686.077 2065.31 1965.31 895.9
686.129 2065.66 1965.66 895.96
686.182 2066.01 1966.01 896.02
686.235 2066.36 1966.36 896.08
686.287 2066.71 1966.71 896.14
686.34 2067.06 1967.06 896.2
686.393 2067.4 1967.4 896.26
686.445 2067.75 1967.75 896.32
686.498 2068.1 1968.1 896.38
686.551 2068.45 1968.45 896.44
686.604 2068.8 1968.8 896.5
686.657 2069.15 1969.15 896.56
686.71 2069.5 1969.5 896.62
686.762 2069.85 1969.85 896.68
686.815 2070.2 1970.2 896.74
686.868 2070.55 1970.55 896.8
686.921 2070.9 1970.9 896.86
686.974 2071.25 1971.25 896.92
687.027 2071.6 1971.6 896.98
687.08 2071.95 1971.95 897.04
687.133 2072.29 1972.29 897.1
687.186 2072.64 1972.64 897.16
687.239 2072.99 1972.99 897.22
687.293 2073.34 1973.34 897.28
687.346 2073.69 1973.69 897.34
687.399 2074.04 1974.04 897.4
687.452 2074.39 1974.39 897.46
687.506 2074.74 1974.74 897.52
687.559 2075.09 1975.09 897.58
687.612 2075.44 1975.44 897.64
687.666 2075.79 1975.79 897.7
687.719 2076.14 1976.14 897.76
687.773 2076.49 1976.49 897.82
687.826 2076.84 1976.84 897.88
687.88 2077.19 1977.19 897.94
687.933 2077.53 1977.53 898
687.987 2077.88 1977.88 898.06
688.041 2078.23 1978.23 898.12
688.094 2078.58 1978.58 898.18
688.148 2078.93 1978.93 898.24
688.202 2079.28 1979.28 898.3
688.256 2079.63 1979.63 898.36
688.31 2079.98 1979.98 898.42
688.364 2080.33 1980.33 898.48
688.418 2080.68 1980.68 898.54
688.472 2081.03 1981.03 898.6
688.526 2081.38 1981.38 898.66
688.58 2081.73 1981.73 898.72
688.634 2082.08 1982.08 898.78
688.688 2082.42 1982.42 898.84
688.742 2082.77 1982.77 898.9
688.797 2083.12 1983.12 898.96
688.851 2083.47 1983.47 899.02
688.906 2083.82 1983.82 899.08
688.96 2084.17 1984.17 899.14
689.015 2084.52 1984.52 899.2
689.069 2084.87 1984.87 899.26
689.124 2085.22 1985.22 899.32
689.179 2085.57 1985.57 899.38
689.234 2085.92 1985.92 899.44
689.288 2086.27 1986.27 899.5
689.343 2086.62 1986.62 899.56
689.398 2086.97 1986.97 899.62
689.453 2087.32 1987.32 899.68
689.508 2087.66 1987.66 899.74
689.564 2088.01 1988.01 899.8
689.619 2088.36 1988.36 899.86
689.674 2088.71 1988.71 899.92
689.729 2089.06 1989.06 899.98
689.785 2089.41 1989.41 900.04
689.84 2089.76 1989.76 900.1
689.896 2090.11 1990.11 900.16
689.951 2090.46 1990.46 900.22
690.007 2090.81 1990.81 900.28
690.063 2091.16 1991.16 900.34
690.119 2091.51 1991.51 900.4
690.175 2091.86 1991.86 900.46
690.23 2092.21 1992.21 900.52
690.286 2092.55 1992.55 900.58
690.343 2092.9 1992.9 900.64
690.399 2093.25 1993.25 900.7
690.455 2093.6 1993.6 900.76
690.511 2093.95 1993.95 900.82
690.567 2094.3 1994.3 900.88
690.624 2094.65 1994.65 900.94
690.68 2095 1995 901
690.737 2095.35 1995.35 901.06
690.793 2095.7 1995.7 901.12
690.85 2096.05 1996.05 901.18
690.907 2096.4 1996.4 901.24
690.963 2096.75 1996.75 901.3
691.02 2097.1 1997.1 901.36
691.077 2097.45 1997.45 901.42
691.134 2097.79 1997.79 901.48
691.191 2098.14 1998.14 901.54
691.248 2098.49 1998.49 901.6
691.305 2098.84 1998.84 901.66
691.362 2099.19 1999.19 901.72
691.419 2099.54 1999.54 901.78
691.477 2099.89 1999.89 901.84
691.534 2100.24 2000.24 901.9
691.591 2100.59 2000.59 901.96
691.649 2100.94 2000.94 902.02
691.706 2101.29 2001.29 902.08
691.764 2101.64 2001.64 902.14
691.822 2101.99 2001.99 902.2
691.879 2102.34 2002.34 902.26
691.937 2102.68 2002.68 902.32
691.995 2103.03 2003.03 902.38
692.053 2103.38 2003.38 902.44
692.111 2103.73 2003.73 902.5
692.168 2104.08 2004.08 902.56
692.226 2104.43 2004.43 902.62
692.285 2104.78 2004.78 902.68
692.343 2105.13 2005.13 902.74
692.401 2105.48 2005.48 902.8
692.459 2105.83 2005.83 902.86
692.517 2106.18 2006.18 902.92
692.576 2106.53 2006.53 902.98
692.634 2106.88 2006.88 903.04
692.692 2107.23 2007.23 903.1
692.751 2107.58 2007.58 903.16
692.809 2107.92 2007.92 903.22
692.868 2108.27 2008.27 903.28
692.927 2108.62 2008.62 903.34
692.985 2108.97 2008.97 903.4
693.044 2109.32 2009.32 903.46
693.103 2109.67 2009.67 903.52
693.162 2110.02 2010.02 903.58
693.221 2110.37 2010.37 903.64
693.28 2110.72 2010.72 903.7
693.339 2111.07 2011.07 903.76
693.398 2111.42 2011.42 903.82
693.457 2111.77 2011.77 903.88
693.516 2112.12 2012.12 903.94
693.575 2112.47 2012.47 904
693.634 2112.81 2012.81 904.06
693.693 2113.16 2013.16 904.12
693.753 2113.51 2013.51 904.18
693.812 2113.86 2013.86 904.24
693.872 2114.21 2014.21 904.3
693.931 2114.56 2014.56 904.36
693.99 2114.91 2014.91 904.42
694.05 2115.26 2015.26 904.48
694.11 2115.61 2015.61 904.54
694.169 2115.96 2015.96 904.6
694.229 2116.31 2016.31 904.66
694.289 2116.66 2016.66 904.72
694.348 2117.01 2017.01 904.78
694.408 2117.36 2017.36 904.84
694.468 2117.71 2017.71 904.9
694.528 2118.05 2018.05 904.96
694.588 2118.4 2018.4 905.02
694.648 2118.75 2018.75 905.08
694.708 2119.1 2019.1 905.14
694.768 2119.45 2019.45 905.2
694.828 2119.8 2019.8 905.26
694.888 2120.15 2020.15 905.32
694.949 2120.5 2020.5 905.38
695.009 2120.85 2020.85 905.44
695.069 2121.2 2021.2 905.5
695.129 2121.55 2021.55 905.56
695.19 2121.9 2021.9 905.62
695.25 2122.25 2022.25 905.68
695.311 2122.6 2022.6 905.74
695.371 2122.95 2022.95 905.8
695.432 2123.29 2023.29 905.86
695.492 2123.64 2023.64 905.92
695.553 2123.99 2023.99 905.98
695.613 2124.34 2024.34 906.04
695.674 2124.69 2024.69 906.1
695.735 2125.04 2025.04 906.16
695.796 2125.39 2025.39 906.22
695.856 2125.74 2025.74 906.28
695.917 2126.09 2026.09 906.34
695.978 2126.44 2026.44 906.4
696.039 2126.79 2026.79 906.46
696.1 2127.14 2027.14 906.52
696.161 2127.49 2027.49 906.58
696.222 2127.84 2027.84 906.64
696.283 2128.18 2028.18 906.7
696.344 2128.53 2028.53 906.76
696.405 2128.88 2028.88 906.82
696.466 2129.23 2029.23 906.88
696.527 2129.58 2029.58 906.94
696.589 2129.93 2029.93 907
696.65 2130.28 2030.28 907.06
696.711 2130.63 2030.63 907.12
696.772 2130.98 2030.98 907.18
696.834 2131.33 2031.33 907.24
696.895 2131.68 2031.68 907.3
696.957 2132.03 2032.03 907.36
697.018 2132.38 2032.38 907.42
697.079 2132.73 2032.73 907.48
697.141 2133.08 2033.08 907.54
697.202 2133.42 2033.42 907.6
697.264 2133.77 2033.77 907.66
697.326 2134.12 2034.12 907.72
697.387 2134.47 2034.47 907.78
697.449 2134.82 2034.82 907.84
697.511 2135.17 2035.17 907.9
697.572 2135.52 2035.52 907.96
697.634 2135.87 2035.87 908.02
697.696 2136.22 2036.22 908.08
697.758 2136.57 2036.57 908.14
697.819 2136.92 2036.92 908.2
697.881 2137.27 2037.27 908.26
697.943 2137.62 2037.62 908.32
698.005 2137.97 2037.97 908.38
698.067 2138.31 2038.31 908.44
698.129 2138.66 2038.66 908.5
698.191 2139.01 2039.01 908.56
698.253 2139.36 2039.36 908.62
698.315 2139.71 2039.71 908.68
698.377 2140.06 2040.06 908.74
698.439 2140.41 2040.41 908.8
698.501 2140.76 2040.76 908.86
698.564 2141.11 2041.11 908.92
698.626 2141.46 2041.46 908.98
698.688 2141.81 2041.81 909.04
698.75 2142.16 2042.16 909.1
698.812 2142.51 2042.51 909.16
698.875 2142.86 2042.86 909.22
698.937 2143.21 2043.21 909.28
698.999 2143.55 2043.55 909.34
699.062 2143.9 2043.9 909.4
699.124 2144.25 2044.25 909.46
699.186 2144.6 2044.6 909.52
699.249 2144.95 2044.95 909.58
699.311 2145.3 2045.3 909.64
699.373 2145.65 2045.65 909.7
699.436 2146 2046 909.76
699.498 2146.35 2046.35 909.82
699.561 2146.7 2046.7 909.88
699.623 2147.05 2047.05 909.94
699.686 2147.4 2047.4 910
699.749 2147.75 2047.75 910.06
699.811 2148.1 2048.1 910.12
699.874 2148.44 2048.44 910.18
699.936 2148.79 2048.79 910.24
699.999 2149.14 2049.14 910.3
700.062 2149.49 2049.49 910.36
700.124 2149.84 2049.84 910.42
700.187 2150.19 2050.19 910.48
700.25 2150.54 2050.54 910.54
700.312 2150.89 2050.89 910.6
700.375 2151.24 2051.24 910.66
700.438 2151.59 2051.59 910.72
700.501 2151.94 2051.94 910.78
700.563 2152.29 2052.29 910.84
700.626 2152.64 2052.64 910.9
700.689 2152.99 2052.99 910.96
700.752 2153.34 2053.34 911.02
700.815 2153.68 2053.68 911.08
700.878 2154.03 2054.03 911.14
700.941 2154.38 2054.38 911.2
701.003 2154.73 2054.73 911.26
701.066 2155.08 2055.08 911.32
701.129 2155.43 2055.43 911.38
701.192 2155.78 2055.78 911.44
701.255 2156.13 2056.13 911.5
701.318 2156.48 2056.48 911.56
701.381 2156.83 2056.83 911.62
701.444 2157.18 2057.18 911.68
701.507 2157.53 2057.53 911.74
701.57 2157.88 2057.88 911.8
701.633 2158.23 2058.23 911.86
701.696 2158.57 2058.57 911.92
701.759 2158.92 2058.92 911.98
701.822 2159.27 2059.27 912.04
701.885 2159.62 2059.62 912.1
701.948 2159.97 2059.97 912.16
702.011 2160.32 2060.32 912.22
702.074 2160.67 2060.67 912.28
702.137 2161.02 2061.02 912.34
702.201 2161.37 2061.37 912.4
702.264 2161.72 2061.72 912.46
702.327 2162.07 2062.07 912.52
702.39 2162.42 2062.42 912.58
702.453 2162.77 2062.77 912.64
702.516 2163.12 2063.12 912.7
702.579 2163.47 2063.47 912.76
702.642 2163.81 2063.81 912.82
702.706 2164.16 2064.16 912.88
702.769 2164.51 2064.51 912.94
702.832 2164.86 2064.86 913
702.895 2165.21 2065.21 913.06
702.958 2165.56 2065.56 913.12
703.022 2165.91 2065.91 913.18
703.085 2166.26 2066.26 913.24
703.148 2166.61 2066.61 913.3
703.211 2166.96 2066.96 913.36
703.274 2167.31 2067.31 913.42
703.337 2167.66 2067.66 913.48
703.401 2168.01 2068.01 913.54
703.464 2168.36 2068.36 913.6
703.527 2168.7 2068.7 913.66
703.59 2169.05 2069.05 913.72
703.654 2169.4 2069.4 913.78
703.717 2169.75 2069.75 913.84
703.78 2170.1 2070.1 913.9
703.843 2170.45 2070.45 913.96
703.906 2170.8 2070.8 914.02
703.97 2171.15 2071.15 914.08
704.033 2171.5 2071.5 914.14
704.096 2171.85 2071.85 914.2
704.159 2172.2 2072.2 914.26
704.223 2172.55 2072.55 914.32
704.286 2172.9 2072.9 914.38
704.349 2173.25 2073.25 914.44
704.412 2173.6 2073.6 914.5
704.475 2173.94 2073.94 914.56
704.539 2174.29 2074.29 914.62
704.602 2174.64 2074.64 914.68
704.665 2174.99 2074.99 914.74
704.728 2175.34 2075.34 914.8
704.791 2175.69 2075.69 914.86
704.855 2176.04 2076.04 914.92
704.918 2176.39 2076.39 914.98
704.981 2176.74 2076.74 915.04
705.044 2177.09 2077.09 915.1
705.107 2177.44 2077.44 915.16
705.171 2177.79 2077.79 915.22
705.234 2178.14 2078.14 915.28
705.297 2178.49 2078.49 915.34
705.36 2178.83 2078.83 915.4
705.423 2179.18 2079.18 915.46
705.486 2179.53 2079.53 915.52
705.55 2179.88 2079.88 915.58
705.613 2180.23 2080.23 915.64
705.676 2180.58 2080.58 915.7
705.739 2180.93 2080.93 915.76
705.802 2181.28 2081.28 915.82
705.865 2181.63 2081.63 915.88
705.928 2181.98 2081.98 915.94
705.991 2182.33 2082.33 916
706.054 2182.68 2082.68 916.06
706.117 2183.03 2083.03 916.12
706.181 2183.38 2083.38 916.18
706.244 2183.73 2083.73 916.24
706.307 2184.07 2084.07 916.3
706.37 2184.42 2084.42 916.36
706.433 2184.77 2084.77 916.42
706.496 2185.12 2085.12 916.48
706.559 2185.47 2085.47 916.54
706.622 2185.82 2085.82 916.6
706.685 2186.17 2086.17 916.66
706.748 2186.52 2086.52 916.72
706.811 2186.87 2086.87 916.78
706.874 2187.22 2087.22 916.84
706.936 2187.57 2087.57 916.9
706.999 2187.92 2087.92 916.96
707.062 2188.27 2088.27 917.02
707.125 2188.62 2088.62 917.08
707.188 2188.96 2088.96 917.14
707.251 2189.31 2089.31 917.2
707.314 2189.66 2089.66 917.26
707.377 2190.01 2090.01 917.32
707.439 2190.36 2090.36 917.38
707.502 2190.71 2090.71 917.44
707.565 2191.06 2091.06 917.5
707.628 2191.41 2091.41 917.56
707.691 2191.76 2091.76 917.62
707.753 2192.11 2092.11 917.68
707.816 2192.46 2092.46 917.74
707.879 2192.81 2092.81 917.8
707.941 2193.16 2093.16 917.86
708.004 2193.51 2093.51 917.92
708.067 2193.86 2093.86 917.98
708.129 2194.2 2094.2 918.04
708.192 2194.55 2094.55 918.1
708.255 2194.9 2094.9 918.16
708.317 2195.25 2095.25 918.22
708.38 2195.6 2095.6 918.28
708.442 2195.95 2095.95 918.34
708.505 2196.3 2096.3 918.4
708.567 2196.65 2096.65 918.46
708.63 2197 2097 918.52
708.692 2197.35 2097.35 918.58
708.755 2197.7 2097.7 918.64
708.817 2198.05 2098.05 918.7
708.879 2198.4 2098.4 918.76
708.942 2198.75 2098.75 918.82
709.004 2199.1 2099.1 918.88
709.067 2199.44 2099.44 918.94
709.129 2199.79 2099.79 919
709.191 2200.14 2100.14 919.06
709.253 2200.49 2100.49 919.12
709.316 2200.84 2100.84 919.18
709.378 2201.19 2101.19 919.24
709.44 2201.54 2101.54 919.3
709.502 2201.89 2101.89 919.36
709.564 2202.24 2102.24 919.42
709.626 2202.59 2102.59 919.48
709.689 2202.94 2102.94 919.54
709.751 2203.29 2103.29 919.6
709.813 2203.64 2103.64 919.66
709.875 2203.99 2103.99 919.72
709.937 2204.33 2104.33 919.78
709.999 2204.68 2104.68 919.84
710.061 2205.03 2105.03 919.9
710.122 2205.38 2105.38 919.96
710.184 2205.73 2105.73 920.02
710.246 2206.08 2106.08 920.08
710.308 2206.43 2106.43 920.14
710.37 2206.78 2106.78 920.2
710.432 2207.13 2107.13 920.26
710.493 2207.48 2107.48 920.32
710.555 2207.83 2107.83 920.38
710.617 2208.18 2108.18 920.44
710.678 2208.53 2108.53 920.5
710.74 2208.88 2108.88 920.56
710.802 2209.23 2109.23 920.62
710.863 2209.57 2109.57 920.68
710.925 2209.92 2109.92 920.74
710.986 2210.27 2110.27 920.8
711.048 2210.62 2110.62 920.86
711.109 2210.97 2110.97 920.92
711.171 2211.32 2111.32 920.98
711.232 2211.67 2111.67 921.04
711.294 2212.02 2112.02 921.1
711.355 2212.37 2112.37 921.16
711.416 2212.72 2112.72 921.22
711.478 2213.07 2113.07 921.28
711.539 2213.42 2113.42 921.34
711.6 2213.77 2113.77 921.4
711.661 2214.12 2114.12 921.46
711.722 2214.46 2114.46 921.52
711.784 2214.81 2114.81 921.58
711.845 2215.16 2115.16 921.64
711.906 2215.51 2115.51 921.7
711.967 2215.86 2115.86 921.76
712.028 2216.21 2116.21 921.82
712.089 2216.56 2116.56 921.88
712.15 2216.91 2116.91 921.94
712.211 2217.26 2117.26 922
712.272 2217.61 2117.61 922.06
712.333 2217.96 2117.96 922.12
712.394 2218.31 2118.31 922.18
712.455 2218.66 2118.66 922.24
712.516 2219.01 2119.01 922.3
712.576 2219.36 2119.36 922.36
712.637 2219.7 2119.7 922.42
712.698 2220.05 2120.05 922.48
712.759 2220.4 2120.4 922.54
712.819 2220.75 2120.75 922.6
712.88 2221.1 2121.1 922.66
712.941 2221.45 2121.45 922.72
713.001 2221.8 2121.8 922.78
713.062 2222.15 2122.15 922.84
713.122 2222.5 2122.5 922.9
713.183 2222.85 2122.85 922.96
713.243 2223.2 2123.2 923.02
713.304 2223.55 2123.55 923.08
713.364 2223.9 2123.9 923.14
713.425 2224.25 2124.25 923.2
713.485 2224.59 2124.59 923.26
713.545 2224.94 2124.94 923.32
713.606 2225.29 2125.29 923.38
713.666 2225.64 2125.64 923.44
713.726 2225.99 2125.99 923.5
713.787 2226.34 2126.34 923.56
713.847 2226.69 2126.69 923.62
713.907 2227.04 2127.04 923.68
713.967 2227.39 2127.39 923.74
714.027 2227.74 2127.74 923.8
714.088 2228.09 2128.09 923.86
714.148 2228.44 2128.44 923.92
714.208 2228.79 2128.79 923.98
714.268 2229.14 2129.14 924.04
714.328 2229.49 2129.49 924.1
714.388 2229.83 2129.83 924.16
714.448 2230.18 2130.18 924.22
714.508 2230.53 2130.53 924.28
714.567 2230.88 2130.88 924.34
714.627 2231.23 2131.23 924.4
714.687 2231.58 2131.58 924.46
714.747 2231.93 2131.93 924.52
714.807 2232.28 2132.28 924.58
714.867 2232.63 2132.63 924.64
714.926 2232.98 2132.98 924.7
714.986 2233.33 2133.33 924.76
715.046 2233.68 2133.68 924.82
715.105 2234.03 2134.03 924.88
715.165 2234.38 2134.38 924.94
715.224 2234.72 2134.72 925
715.284 2235.07 2135.07 925.06
715.344 2235.42 2135.42 925.12
715.403 2235.77 2135.77 925.18
715.463 2236.12 2136.12 925.24
715.522 2236.47 2136.47 925.3
715.581 2236.82 2136.82 925.36
715.641 2237.17 2137.17 925.42
715.7 2237.52 2137.52 925.48
715.76 2237.87 2137.87 925.54
715.819 2238.22 2138.22 925.6
715.878 2238.57 2138.57 925.66
715.937 2238.92 2138.92 925.72
715.997 2239.27 2139.27 925.78
716.056 2239.62 2139.62 925.84
716.115 2239.96 2139.96 925.9
716.174 2240.31 2140.31 925.96
716.233 2240.66 2140.66 926.02
716.292 2241.01 2141.01 926.08
716.351 2241.36 2141.36 926.14
716.41 2241.71 2141.71 926.2
716.469 2242.06 2142.06 926.26
716.528 2242.41 2142.41 926.32
716.587 2242.76 2142.76 926.38
716.646 2243.11 2143.11 926.44
716.705 2243.46 2143.46 926.5
716.764 2243.81 2143.81 926.56
716.823 2244.16 2144.16 926.62
716.882 2244.51 2144.51 926.68
716.941 2244.85 2144.85 926.74
716.999 2245.2 2145.2 926.8
717.058 2245.55 2145.55 926.86
717.117 2245.9 2145.9 926.92
717.175 2246.25 2146.25 926.98
717.234 2246.6 2146.6 927.04
717.293 2246.95 2146.95 927.1
717.351 2247.3 2147.3 927.16
717.41 2247.65 2147.65 927.22
717.468 2248 2148 927.28
717.527 2248.35 2148.35 927.34
717.585 2248.7 2148.7 927.4
717.644 2249.05 2149.05 927.46
717.702 2249.4 2149.4 927.52
717.761 2249.75 2149.75 927.58
717.819 2250.09 2150.09 927.64
717.877 2250.44 2150.44 927.7
717.936 2250.79 2150.79 927.76
717.994 2251.14 2151.14 927.82
718.052 2251.49 2151.49 927.88
718.11 2251.84 2151.84 927.94
718.169 2252.19 2152.19 928
718.227 2252.54 2152.54 928.06
718.285 2252.89 2152.89 928.12
718.343 2253.24 2153.24 928.18
718.401 2253.59 2153.59 928.24
718.459 2253.94 2153.94 928.3
718.517 2254.29 2154.29 928.36
718.575 2254.64 2154.64 928.42
718.633 2254.98 2154.98 928.48
718.691 2255.33 2155.33 928.54
718.749 2255.68 2155.68 928.6
718.807 2256.03 2156.03 928.66
718.865 2256.38 2156.38 928.72
718.923 2256.73 2156.73 928.78
718.98 2257.08 2157.08 928.84
719.038 2257.43 2157.43 928.9
719.096 2257.78 2157.78 928.96
719.154 2258.13 2158.13 929.02
719.211 2258.48 2158.48 929.08
719.269 2258.83 2158.83 929.14
719.327 2259.18 2159.18 929.2
719.384 2259.53 2159.53 929.26
719.442 2259.88 2159.88 929.32
719.499 2260.22 2160.22 929.38
719.557 2260.57 2160.57 929.44
719.614 2260.92 2160.92 929.5
719.672 2261.27 2161.27 929.56
719.729 2261.62 2161.62 929.62
719.787 2261.97 2161.97 929.68
719.844 2262.32 2162.32 929.74
719.902 2262.67 2162.67 929.8
719.959 2263.02 2163.02 929.86
720.016 2263.37 2163.37 929.92
720.073 2263.72 2163.72 929.98
720.131 2264.07 2164.07 930.04
720.188 2264.42 2164.42 930.1
720.245 2264.77 2164.77 930.16
720.302 2265.11 2165.11 930.22
720.359 2265.46 2165.46 930.28
720.417 2265.81 2165.81 930.34
720.474 2266.16 2166.16 930.4
720.531 2266.51 2166.51 930.46
720.588 2266.86 2166.86 930.52
720.645 2267.21 2167.21 930.58
720.702 2267.56 2167.56 930.64
720.759 2267.91 2167.91 930.7
720.816 2268.26 2168.26 930.76
720.872 2268.61 2168.61 930.82
720.929 2268.96 2168.96 930.88
720.986 2269.31 2169.31 930.94
721.043 2269.66 2169.66 931
721.1 2270.01 2170.01 931.06
721.156 2270.35 2170.35 931.12
721.213 2270.7 2170.7 931.18
721.27 2271.05 2171.05 931.24
721.327 2271.4 2171.4 931.3
721.383 2271.75 2171.75 931.36
721.44 2272.1 2172.1 931.42
721.496 2272.45 2172.45 931.48
721.553 2272.8 2172.8 931.54
721.609 2273.15 2173.15 931.6
721.666 2273.5 2173.5 931.66
721.722 2273.85 2173.85 931.72
721.779 2274.2 2174.2 931.78
721.835 2274.55 2174.55 931.84
721.892 2274.9 2174.9 931.9
721.948 2275.25 2175.25 931.96
722.004 2275.59 2175.59 932.02
722.061 2275.94 2175.94 932.08
722.117 2276.29 2176.29 932.14
722.173 2276.64 2176.64 932.2
722.229 2276.99 2176.99 932.26
722.285 2277.34 2177.34 932.32
722.342 2277.69 2177.69 932.38
722.398 2278.04 2178.04 932.44
722.454 2278.39 2178.39 932.5
722.51 2278.74 2178.74 932.56
722.566 2279.09 2179.09 932.62
722.622 2279.44 2179.44 932.68
722.678 2279.79 2179.79 932.74
722.734 2280.14 2180.14 932.8
722.79 2280.48 2180.48 932.86
722.846 2280.83 2180.83 932.92
722.902 2281.18 2181.18 932.98
722.957 2281.53 2181.53 933.04
723.013 2281.88 2181.88 933.1
723.069 2282.23 2182.23 933.16
723.125 2282.58 2182.58 933.22
723.181 2282.93 2182.93 933.28
723.236 2283.28 2183.28 933.34
723.292 2283.63 2183.63 933.4
723.348 2283.98 2183.98 933.46
723.403 2284.33 2184.33 933.52
723.459 2284.68 2184.68 933.58
723.514 2285.03 2185.03 933.64
723.57 2285.38 2185.38 933.7
723.625 2285.72 2185.72 933.76
723.681 2286.07 2186.07 933.82
723.736 2286.42 2186.42 933.88
723.792 2286.77 2186.77 933.94
723.847 2287.12 2187.12 934
723.903 2287.47 2187.47 934.06
723.958 2287.82 2187.82 934.12
724.013 2288.17 2188.17 934.18
724.068 2288.52 2188.52 934.24
724.124 2288.87 2188.87 934.3
724.179 2289.22 2189.22 934.36
724.234 2289.57 2189.57 934.42
724.289 2289.92 2189.92 934.48
724.344 2290.27 2190.27 934.54
724.4 2290.61 2190.61 934.6
724.455 2290.96 2190.96 934.66
724.51 2291.31 2191.31 934.72
724.565 2291.66 2191.66 934.78
724.62 2292.01 2192.01 934.84
724.675 2292.36 2192.36 934.9
724.73 2292.71 2192.71 934.96
724.785 2293.06 2193.06 935.02
724.84 2293.41 2193.41 935.08
724.894 2293.76 2193.76 935.14
724.949 2294.11 2194.11 935.2
725.004 2294.46 2194.46 935.26
725.059 2294.81 2194.81 935.32
725.114 2295.16 2195.16 935.38
725.168 2295.51 2195.51 935.44
725.223 2295.85 2195.85 935.5
725.278 2296.2 2196.2 935.56
725.332 2296.55 2196.55 935.62
725.387 2296.9 2196.9 935.68
725.441 2297.25 2197.25 935.74
725.496 2297.6 2197.6 935.8
725.55 2297.95 2197.95 935.86
725.605 2298.3 2198.3 935.92
725.659 2298.65 2198.65 935.98
725.714 2299 2199 936.04
725.768 2299.35 2199.35 936.1
725.823 2299.7 2199.7 936.16
725.877 2300.05 2200.05 936.22
725.931 2300.4 2200.4 936.28
725.986 2300.74 2200.74 936.34
726.04 2301.09 2201.09 936.4
726.094 2301.44 2201.44 936.46
726.148 2301.79 2201.79 936.52
726.203 2302.14 2202.14 936.58
726.257 2302.49 2202.49 936.64
726.311 2302.84 2202.84 936.7
726.365 2303.19 2203.19 936.76
726.419 2303.54 2203.54 936.82
726.473 2303.89 2203.89 936.88
726.527 2304.24 2204.24 936.94
726.581 2304.59 2204.59 937
726.635 2304.94 2204.94 937.06
726.689 2305.29 2205.29 937.12
726.743 2305.64 2205.64 937.18
726.797 2305.98 2205.98 937.24
726.851 2306.33 2206.33 937.3
726.904 2306.68 2206.68 937.36
726.958 2307.03 2207.03 937.42
727.012 2307.38 2207.38 937.48
727.066 2307.73 2207.73 937.54
727.119 2308.08 2208.08 937.6
727.173 2308.43 2208.43 937.66
727.227 2308.78 2208.78 937.72
727.28 2309.13 2209.13 937.78
727.334 2309.48 2209.48 937.84
727.387 2309.83 2209.83 937.9
727.441 2310.18 2210.18 937.96
727.494 2310.53 2210.53 938.02
727.548 2310.87 2210.87 938.08
727.601 2311.22 2211.22 938.14
727.655 2311.57 2211.57 938.2
727.708 2311.92 2211.92 938.26
727.762 2312.27 2212.27 938.32
727.815 2312.62 2212.62 938.38
727.868 2312.97 2212.97 938.44
727.921 2313.32 2213.32 938.5
727.975 2313.67 2213.67 938.56
728.028 2314.02 2214.02 938.62
728.081 2314.37 2214.37 938.68
728.134 2314.72 2214.72 938.74
728.187 2315.07 2215.07 938.8
728.24 2315.42 2215.42 938.86
728.294 2315.77 2215.77 938.92
728.347 2316.11 2216.11 938.98
728.4 2316.46 2216.46 939.04
728.453 2316.81 2216.81 939.1
728.506 2317.16 2217.16 939.16
728.558 2317.51 2217.51 939.22
728.611 2317.86 2217.86 939.28
728.664 2318.21 2218.21 939.34
728.717 2318.56 2218.56 939.4
728.77 2318.91 2218.91 939.46
728.823 2319.26 2219.26 939.52
728.876 2319.61 2219.61 939.58
728.928 2319.96 2219.96 939.64
728.981 2320.31 2220.31 939.7
729.034 2320.66 2220.66 939.76
729.086 2321 2221 939.82
729.139 2321.35 2221.35 939.88
729.191 2321.7 2221.7 939.94
729.244 2322.05 2222.05 940
729.297 2322.4 2222.4 940.06
729.349 2322.75 2222.75 940.12
729.402 2323.1 2223.1 940.18
729.454 2323.45 2223.45 940.24
729.506 2323.8 2223.8 940.3
729.559 2324.15 2224.15 940.36
729.611 2324.5 2224.5 940.42
729.664 2324.85 2224.85 940.48
729.716 2325.2 2225.2 940.54
729.768 2325.55 2225.55 940.6
729.82 2325.9 2225.9 940.66
729.873 2326.24 2226.24 940.72
729.925 2326.59 2226.59 940.78
729.977 2326.94 2226.94 940.84
730.029 2327.29 2227.29 940.9
730.081 2327.64 2227.64 940.96
730.133 2327.99 2227.99 941.02
730.185 2328.34 2228.34 941.08
730.238 2328.69 2228.69 941.14
730.29 2329.04 2229.04 941.2
730.342 2329.39 2229.39 941.26
730.394 2329.74 2229.74 941.32
730.445 2330.09 2230.09 941.38
730.497 2330.44 2230.44 941.44
730.549 2330.79 2230.79 941.5
730.601 2331.13 2231.13 941.56
730.653 2331.48 2231.48 941.62
730.705 2331.83 2231.83 941.68
730.757 2332.18 2232.18 941.74
730.808 2332.53 2232.53 941.8
730.86 2332.88 2232.88 941.86
730.912 2333.23 2233.23 941.92
730.964 2333.58 2233.58 941.98
731.015 2333.93 2233.93 942.04
731.067 2334.28 2234.28 942.1
731.119 2334.63 2234.63 942.16
731.17 2334.98 2234.98 942.22
731.222 2335.33 2235.33 942.28
731.273 2335.68 2235.68 942.34
731.325 2336.03 2236.03 942.4
731.376 2336.37 2236.37 942.46
731.428 2336.72 2236.72 942.52
731.479 2337.07 2237.07 942.58
731.531 2337.42 2237.42 942.64
731.582 2337.77 2237.77 942.7
731.634 2338.12 2238.12 942.76
731.685 2338.47 2238.47 942.82
731.736 2338.82 2238.82 942.88
731.788 2339.17 2239.17 942.94
731.839 2339.52 2239.52 943
731.89 2339.87 2239.87 943.06
731.942 2340.22 2240.22 943.12
731.993 2340.57 2240.57 943.18
732.044 2340.92 2240.92 943.24
732.095 2341.26 2241.26 943.3
732.147 2341.61 2241.61 943.36
732.198 2341.96 2241.96 943.42
732.249 2342.31 2242.31 943.48
732.3 2342.66 2242.66 943.54
732.351 2343.01 2243.01 943.6
732.402 2343.36 2243.36 943.66
732.453 2343.71 2243.71 943.72
732.504 2344.06 2244.06 943.78
732.555 2344.41 2244.41 943.84
732.606 2344.76 2244.76 943.9
732.657 2345.11 2245.11 943.96
732.708 2345.46 2245.46 944.02
732.759 2345.81 2245.81 944.08
732.81 2346.16 2246.16 944.14
732.861 2346.5 2246.5 944.2
732.912 2346.85 2246.85 944.26
732.963 2347.2 2247.2 944.32
733.014 2347.55 2247.55 944.38
733.065 2347.9 2247.9 944.44
733.116 2348.25 2248.25 944.5
733.166 2348.6 2248.6 944.56
733.217 2348.95 2248.95 944.62
733.268 2349.3 2249.3 944.68
733.319 2349.65 2249.65 944.74
733.369 2350 2250 944.8
733.42 2350.35 2250.35 944.86
733.471 2350.7 2250.7 944.92
733.522 2351.05 2251.05 944.98
733.572 2351.4 2251.4 945.04
733.623 2351.74 2251.74 945.1
733.674 2352.09 2252.09 945.16
733.724 2352.44 2252.44 945.22
733.775 2352.79 2252.79 945.28
733.825 2353.14 2253.14 945.34
733.876 2353.49 2253.49 945.4
733.927 2353.84 2253.84 945.46
733.977 2354.19 2254.19 945.52
734.028 2354.54 2254.54 945.58
734.078 2354.89 2254.89 945.64
734.129 2355.24 2255.24 945.7
734.179 2355.59 2255.59 945.76
734.23 2355.94 2255.94 945.82
734.28 2356.29 2256.29 945.88
734.331 2356.63 2256.63 945.94
734.381 2356.98 2256.98 946
734.432 2357.33 2257.33 946.06
734.482 2357.68 2257.68 946.12
734.532 2358.03 2258.03 946.18
734.583 2358.38 2258.38 946.24
734.633 2358.73 2258.73 946.3
734.683 2359.08 2259.08 946.36
734.734 2359.43 2259.43 946.42
734.784 2359.78 2259.78 946.48
734.834 2360.13 2260.13 946.54
734.885 2360.48 2260.48 946.6
734.935 2360.83 2260.83 946.66
734.985 2361.18 2261.18 946.72
735.036 2361.53 2261.53 946.78
735.086 2361.87 2261.87 946.84
735.136 2362.22 2262.22 946.9
735.186 2362.57 2262.57 946.96
735.237 2362.92 2262.92 947.02
735.287 2363.27 2263.27 947.08
735.337 2363.62 2263.62 947.14
735.387 2363.97 2263.97 947.2
735.437 2364.32 2264.32 947.26
735.488 2364.67 2264.67 947.32
735.538 2365.02 2265.02 947.38
735.588 2365.37 2265.37 947.44
735.638 2365.72 2265.72 947.5
735.688 2366.07 2266.07 947.56
735.738 2366.42 2266.42 947.62
735.788 2366.76 2266.76 947.68
735.838 2367.11 2267.11 947.74
735.889 2367.46 2267.46 947.8
735.939 2367.81 2267.81 947.86
735.989 2368.16 2268.16 947.92
736.039 2368.51 2268.51 947.98
736.089 2368.86 2268.86 948.04
736.139 2369.21 2269.21 948.1
736.189 2369.56 2269.56 948.16
736.239 2369.91 2269.91 948.22
736.289 2370.26 2270.26 948.28
736.339 2370.61 2270.61 948.34
736.389 2370.96 2270.96 948.4
736.439 2371.31 2271.31 948.46
736.489 2371.66 2271.66 948.52
736.539 2372 2272 948.58
736.589 2372.35 2272.35 948.64
736.639 2372.7 2272.7 948.7
736.689 2373.05 2273.05 948.76
736.739 2373.4 2273.4 948.82
736.789 2373.75 2273.75 948.88
736.839 2374.1 2274.1 948.94
736.888 2374.45 2274.45 949
736.938 2374.8 2274.8 949.06
736.988 2375.15 2275.15 949.12
737.038 2375.5 2275.5 949.18
737.088 2375.85 2275.85 949.24
737.138 2376.2 2276.2 949.3
737.188 2376.55 2276.55 949.36
737.238 2376.89 2276.89 949.42
737.288 2377.24 2277.24 949.48
737.338 2377.59 2277.59 949.54
737.387 2377.94 2277.94 949.6
737.437 2378.29 2278.29 949.66
737.487 2378.64 2278.64 949.72
737.537 2378.99 2278.99 949.78
737.587 2379.34 2279.34 949.84
737.637 2379.69 2279.69 949.9
737.686 2380.04 2280.04 949.96
737.736 2380.39 2280.39 950.02
737.786 2380.74 2280.74 950.08
737.836 2381.09 2281.09 950.14
737.886 2381.44 2281.44 950.2
737.936 2381.79 2281.79 950.26
737.985 2382.13 2282.13 950.32
738.035 2382.48 2282.48 950.38
738.085 2382.83 2282.83 950.44
738.135 2383.18 2283.18 950.5
738.185 2383.53 2283.53 950.56
738.234 2383.88 2283.88 950.62
738.284 2384.23 2284.23 950.68
738.334 2384.58 2284.58 950.74
738.384 2384.93 2284.93 950.8
738.434 2385.28 2285.28 950.86
738.483 2385.63 2285.63 950.92
738.533 2385.98 2285.98 950.98
738.583 2386.33 2286.33 951.04
738.633 2386.68 2286.68 951.1
738.683 2387.02 2287.02 951.16
738.732 2387.37 2287.37 951.22
738.782 2387.72 2287.72 951.28
738.832 2388.07 2288.07 951.34
738.882 2388.42 2288.42 951.4
738.931 2388.77 2288.77 951.46
738.981 2389.12 2289.12 951.52
739.031 2389.47 2289.47 951.58
739.081 2389.82 2289.82 951.64
739.131 2390.17 2290.17 951.7
739.18 2390.52 2290.52 951.76
739.23 2390.87 2290.87 951.82
739.28 2391.22 2291.22 951.88
739.33 2391.57 2291.57 951.94
739.379 2391.92 2291.92 952
739.429 2392.26 2292.26 952.06
739.479 2392.61 2292.61 952.12
739.529 2392.96 2292.96 952.18
739.579 2393.31 2293.31 952.24
739.628 2393.66 2293.66 952.3
739.678 2394.01 2294.01 952.36
739.728 2394.36 2294.36 952.42
739.778 2394.71 2294.71 952.48
739.827 2395.06 2295.06 952.54
739.877 2395.41 2295.41 952.6
739.927 2395.76 2295.76 952.66
739.977 2396.11 2296.11 952.72
740.027 2396.46 2296.46 952.78
740.076 2396.81 2296.81 952.84
740.126 2397.15 2297.15 952.9
740.176 2397.5 2297.5 952.96
740.226 2397.85 2297.85 953.02
740.276 2398.2 2298.2 953.08
740.326 2398.55 2298.55 953.14
740.375 2398.9 2298.9 953.2
740.425 2399.25 2299.25 953.26
740.475 2399.6 2299.6 953.32
740.525 2399.95 2299.95 953.38
740.575 2400.3 2300.3 953.44
740.624 2400.65 2300.65 953.5
740.674 2401 2301 953.56
740.724 2401.35 2301.35 953.62
740.774 2401.7 2301.7 953.68
740.824 2402.05 2302.05 953.74
740.874 2402.39 2302.39 953.8
740.924 2402.74 2302.74 953.86
740.974 2403.09 2303.09 953.92
741.023 2403.44 2303.44 953.98
741.073 2403.79 2303.79 954.04
741.123 2404.14 2304.14 954.1
741.173 2404.49 2304.49 954.16
741.223 2404.84 2304.84 954.22
741.273 2405.19 2305.19 954.28
741.323 2405.54 2305.54 954.34
741.373 2405.89 2305.89 954.4
741.423 2406.24 2306.24 954.46
741.473 2406.59 2306.59 954.52
741.522 2406.94 2306.94 954.58
741.572 2407.28 2307.28 954.64
741.622 2407.63 2307.63 954.7
741.672 2407.98 2307.98 954.76
741.722 2408.33 2308.33 954.82
741.772 2408.68 2308.68 954.88
741.822 2409.03 2309.03 954.94
741.872 2409.38 2309.38 955
741.922 2409.73 2309.73 955.06
741.972 2410.08 2310.08 955.12
742.022 2410.43 2310.43 955.18
742.072 2410.78 2310.78 955.24
742.122 2411.13 2311.13 955.3
742.172 2411.48 2311.48 955.36
742.222 2411.83 2311.83 955.42
742.273 2412.18 2312.18 955.48
742.323 2412.52 2312.52 955.54
742.373 2412.87 2312.87 955.6
742.423 2413.22 2313.22 955.66
742.473 2413.57 2313.57 955.72
742.523 2413.92 2313.92 955.78
742.573 2414.27 2314.27 955.84
742.623 2414.62 2314.62 955.9
742.673 2414.97 2314.97 955.96
742.724 2415.32 2315.32 956.02
742.774 2415.67 2315.67 956.08
742.824 2416.02 2316.02 956.14
742.874 2416.37 2316.37 956.2
742.924 2416.72 2316.72 956.26
742.974 2417.07 2317.07 956.32
743.025 2417.41 2317.41 956.38
743.075 2417.76 2317.76 956.44
743.125 2418.11 2318.11 956.5
743.175 2418.46 2318.46 956.56
743.226 2418.81 2318.81 956.62
743.276 2419.16 2319.16 956.68
743.326 2419.51 2319.51 956.74
743.376 2419.86 2319.86 956.8
743.427 2420.21 2320.21 956.86
743.477 2420.56 2320.56 956.92
743.527 2420.91 2320.91 956.98
743.578 2421.26 2321.26 957.04
743.628 2421.61 2321.61 957.1
743.678 2421.96 2321.96 957.16
743.729 2422.31 2322.31 957.22
743.779 2422.65 2322.65 957.28
743.83 2423 2323 957.34
743.88 2423.35 2323.35 957.4
743.931 2423.7 2323.7 957.46
743.981 2424.05 2324.05 957.52
744.031 2424.4 2324.4 957.58
744.082 2424.75 2324.75 957.64
744.132 2425.1 2325.1 957.7
744.183 2425.45 2325.45 957.76
744.234 2425.8 2325.8 957.82
744.284 2426.15 2326.15 957.88
744.335 2426.5 2326.5 957.94
744.385 2426.85 2326.85 958
744.436 2427.2 2327.2 958.06
744.486 2427.55 2327.55 958.12
744.537 2427.89 2327.89 958.18
744.588 2428.24 2328.24 958.24
744.638 2428.59 2328.59 958.3
744.689 2428.94 2328.94 958.36
744.74 2429.29 2329.29 958.42
744.79 2429.64 2329.64 958.48
744.841 2429.99 2329.99 958.54
744.892 2430.34 2330.34 958.6
744.943 2430.69 2330.69 958.66
744.993 2431.04 2331.04 958.72
745.044 2431.39 2331.39 958.78
745.095 2431.74 2331.74 958.84
745.146 2432.09 2332.09 958.9
745.197 2432.44 2332.44 958.96
745.247 2432.78 2332.78 959.02
745.298 2433.13 2333.13 959.08
745.349 2433.48 2333.48 959.14
745.4 2433.83 2333.83 959.2
745.451 2434.18 2334.18 959.26
745.502 2434.53 2334.53 959.32
745.553 2434.88 2334.88 959.38
745.604 2435.23 2335.23 959.44
745.655 2435.58 2335.58 959.5
745.706 2435.93 2335.93 959.56
745.757 2436.28 2336.28 959.62
745.808 2436.63 2336.63 959.68
745.859 2436.98 2336.98 959.74
745.91 2437.33 2337.33 959.8
745.961 2437.68 2337.68 959.86
746.012 2438.02 2338.02 959.92
746.064 2438.37 2338.37 959.98
746.115 2438.72 2338.72 960.04
746.166 2439.07 2339.07 960.1
746.217 2439.42 2339.42 960.16
746.268 2439.77 2339.77 960.22
746.32 2440.12 2340.12 960.28
746.371 2440.47 2340.47 960.34
746.422 2440.82 2340.82 960.4
746.474 2441.17 2341.17 960.46
746.525 2441.52 2341.52 960.52
746.576 2441.87 2341.87 960.58
746.628 2442.22 2342.22 960.64
746.679 2442.57 2342.57 960.7
746.73 2442.91 2342.91 960.76
746.782 2443.26 2343.26 960.82
746.833 2443.61 2343.61 960.88
746.885 2443.96 2343.96 960.94
746.936 2444.31 2344.31 961
746.988 2444.66 2344.66 961.06
747.039 2445.01 2345.01 961.12
747.091 2445.36 2345.36 961.18
747.142 2445.71 2345.71 961.24
747.194 2446.06 2346.06 961.3
747.245 2446.41 2346.41 961.36
747.297 2446.76 2346.76 961.42
747.349 2447.11 2347.11 961.48
747.4 2447.46 2347.46 961.54
747.452 2447.81 2347.81 961.6
747.504 2448.15 2348.15 961.66
747.555 2448.5 2348.5 961.72
747.607 2448.85 2348.85 961.78
747.659 2449.2 2349.2 961.84
747.71 2449.55 2349.55 961.9
747.762 2449.9 2349.9 961.96
747.814 2450.25 2350.25 962.02
747.866 2450.6 2350.6 962.08
747.917 2450.95 2350.95 962.14
747.969 2451.3 2351.3 962.2
748.021 2451.65 2351.65 962.26
748.073 2452 2352 962.32
748.125 2452.35 2352.35 962.38
748.177 2452.7 2352.7 962.44
748.228 2453.04 2353.04 962.5
748.28 2453.39 2353.39 962.56
748.332 2453.74 2353.74 962.62
748.384 2454.09 2354.09 962.68
748.436 2454.44 2354.44 962.74
748.488 2454.79 2354.79 962.8
748.54 2455.14 2355.14 962.86
748.592 2455.49 2355.49 962.92
748.644 2455.84 2355.84 962.98
748.696 2456.19 2356.19 963.04
748.748 2456.54 2356.54 963.1
748.8 2456.89 2356.89 963.16
748.852 2457.24 2357.24 963.22
748.904 2457.59 2357.59 963.28
748.956 2457.94 2357.94 963.34
749.008 2458.28 2358.28 963.4
749.06 2458.63 2358.63 963.46
749.112 2458.98 2358.98 963.52
749.164 2459.33 2359.33 963.58
749.216 2459.68 2359.68 963.64
749.268 2460.03 2360.03 963.7
749.32 2460.38 2360.38 963.76
749.373 2460.73 2360.73 963.82
749.425 2461.08 2361.08 963.88
749.477 2461.43 2361.43 963.94
749.529 2461.78 2361.78 964
749.581 2462.13 2362.13 964.06
749.633 2462.48 2362.48 964.12
749.686 2462.83 2362.83 964.18
749.738 2463.17 2363.17 964.24
749.79 2463.52 2363.52 964.3
749.842 2463.87 2363.87 964.36
749.894 2464.22 2364.22 964.42
749.947 2464.57 2364.57 964.48
749.999 2464.92 2364.92 964.54
750.051 2465.27 2365.27 964.6
750.103 2465.62 2365.62 964.66
750.156 2465.97 2365.97 964.72
750.208 2466.32 2366.32 964.78
750.26 2466.67 2366.67 964.84
750.312 2467.02 2367.02 964.9
750.365 2467.37 2367.37 964.96
750.417 2467.72 2367.72 965.02
750.469 2468.07 2368.07 965.08
750.522 2468.41 2368.41 965.14
750.574 2468.76 2368.76 965.2
750.626 2469.11 2369.11 965.26
750.679 2469.46 2369.46 965.32
750.731 2469.81 2369.81 965.38
750.783 2470.16 2370.16 965.44
750.836 2470.51 2370.51 965.5
750.888 2470.86 2370.86 965.56
750.94 2471.21 2371.21 965.62
750.993 2471.56 2371.56 965.68
751.045 2471.91 2371.91 965.74
751.097 2472.26 2372.26 965.8
751.15 2472.61 2372.61 965.86
751.202 2472.96 2372.96 965.92
751.254 2473.3 2373.3 965.98
751.307 2473.65 2373.65 966.04
751.359 2474 2374 966.1
751.412 2474.35 2374.35 966.16
751.464 2474.7 2374.7 966.22
751.516 2475.05 2375.05 966.28
751.569 2475.4 2375.4 966.34
751.621 2475.75 2375.75 966.4
751.674 2476.1 2376.1 966.46
751.726 2476.45 2376.45 966.52
751.778 2476.8 2376.8 966.58
751.831 2477.15 2377.15 966.64
751.883 2477.5 2377.5 966.7
751.936 2477.85 2377.85 966.76
751.988 2478.2 2378.2 966.82
752.04 2478.54 2378.54 966.88
752.093 2478.89 2378.89 966.94
752.145 2479.24 2379.24 967
752.198 2479.59 2379.59 967.06
752.25 2479.94 2379.94 967.12
752.303 2480.29 2380.29 967.18
752.355 2480.64 2380.64 967.24
752.407 2480.99 2380.99 967.3
752.46 2481.34 2381.34 967.36
752.512 2481.69 2381.69 967.42
752.565 2482.04 2382.04 967.48
752.617 2482.39 2382.39 967.54
752.67 2482.74 2382.74 967.6
752.722 2483.09 2383.09 967.66
752.774 2483.43 2383.43 967.72
752.827 2483.78 2383.78 967.78
752.879 2484.13 2384.13 967.84
752.932 2484.48 2384.48 967.9
752.984 2484.83 2384.83 967.96
753.036 2485.18 2385.18 968.02
753.089 2485.53 2385.53 968.08
753.141 2485.88 2385.88 968.14
753.194 2486.23 2386.23 968.2
753.246 2486.58 2386.58 968.26
753.299 2486.93 2386.93 968.32
753.351 2487.28 2387.28 968.38
753.403 2487.63 2387.63 968.44
753.456 2487.98 2387.98 968.5
753.508 2488.33 2388.33 968.56
753.561 2488.67 2388.67 968.62
753.613 2489.02 2389.02 968.68
753.665 2489.37 2389.37 968.74
753.718 2489.72 2389.72 968.8
753.77 2490.07 2390.07 968.86
753.823 2490.42 2390.42 968.92
753.875 2490.77 2390.77 968.98
753.927 2491.12 2391.12 969.04
753.98 2491.47 2391.47 969.1
754.032 2491.82 2391.82 969.16
754.084 2492.17 2392.17 969.22
754.137 2492.52 2392.52 969.28
754.189 2492.87 2392.87 969.34
754.241 2493.22 2393.22 969.4
754.294 2493.56 2393.56 969.46
754.346 2493.91 2393.91 969.52
754.398 2494.26 2394.26 969.58
754.451 2494.61 2394.61 969.64
754.503 2494.96 2394.96 969.7
754.555 2495.31 2395.31 969.76
754.608 2495.66 2395.66 969.82
754.66 2496.01 2396.01 969.88
754.712 2496.36 2396.36 969.94
754.764 2496.71 2396.71 970
754.817 2497.06 2397.06 970.06
754.869 2497.41 2397.41 970.12
754.921 2497.76 2397.76 970.18
754.974 2498.11 2398.11 970.24
755.026 2498.46 2398.46 970.3
755.078 2498.8 2398.8 970.36
755.13 2499.15 2399.15 970.42
755.182 2499.5 2399.5 970.48
755.235 2499.85 2399.85 970.54
755.287 2500.2 2400.2 970.6
755.339 2500.55 2400.55 970.66
755.391 2500.9 2400.9 970.72
755.443 2501.25 2401.25 970.78
755.496 2501.6 2401.6 970.84
755.548 2501.95 2401.95 970.9
755.6 2502.3 2402.3 970.96
755.652 2502.65 2402.65 971.02
755.704 2503 2403 971.08
755.756 2503.35 2403.35 971.14
755.808 2503.7 2403.7 971.2
755.861 2504.04 2404.04 971.26
755.913 2504.39 2404.39 971.32
755.965 2504.74 2404.74 971.38
756.017 2505.09 2405.09 971.44
756.069 2505.44 2405.44 971.5
756.121 2505.79 2405.79 971.56
756.173 2506.14 2406.14 971.62
756.225 2506.49 2406.49 971.68
756.277 2506.84 2406.84 971.74
756.329 2507.19 2407.19 971.8
756.381 2507.54 2407.54 971.86
756.433 2507.89 2407.89 971.92
756.485 2508.24 2408.24 971.98
756.537 2508.59 2408.59 972.04
756.589 2508.93 2408.93 972.1
756.641 2509.28 2409.28 972.16
756.693 2509.63 2409.63 972.22
756.745 2509.98 2409.98 972.28
756.796 2510.33 2410.33 972.34
756.848 2510.68 2410.68 972.4
756.9 2511.03 2411.03 972.46
756.952 2511.38 2411.38 972.52
757.004 2511.73 2411.73 972.58
757.056 2512.08 2412.08 972.64
757.108 2512.43 2412.43 972.7
757.159 2512.78 2412.78 972.76
757.211 2513.13 2413.13 972.82
757.263 2513.48 2413.48 972.88
757.315 2513.83 2413.83 972.94
757.366 2514.17 2414.17 973
757.418 2514.52 2414.52 973.06
757.47 2514.87 2414.87 973.12
757.521 2515.22 2415.22 973.18
757.573 2515.57 2415.57 973.24
757.625 2515.92 2415.92 973.3
757.676 2516.27 2416.27 973.36
757.728 2516.62 2416.62 973.42
757.78 2516.97 2416.97 973.48
757.831 2517.32 2417.32 973.54
757.883 2517.67 2417.67 973.6
757.934 2518.02 2418.02 973.66
757.986 2518.37 2418.37 973.72
758.038 2518.72 2418.72 973.78
758.089 2519.06 2419.06 973.84
758.141 2519.41 2419.41 973.9
758.192 2519.76 2419.76 973.96
758.243 2520.11 2420.11 974.02
758.295 2520.46 2420.46 974.08
758.346 2520.81 2420.81 974.14
758.398 2521.16 2421.16 974.2
758.449 2521.51 2421.51 974.26
758.5 2521.86 2421.86 974.32
758.552 2522.21 2422.21 974.38
758.603 2522.56 2422.56 974.44
758.654 2522.91 2422.91 974.5
758.706 2523.26 2423.26 974.56
758.757 2523.61 2423.61 974.62
758.808 2523.96 2423.96 974.68
758.86 2524.3 2424.3 974.74
758.911 2524.65 2424.65 974.8
758.962 2525 2425 974.86
759.013 2525.35 2425.35 974.92
759.064 2525.7 2425.7 974.98
759.115 2526.05 2426.05 975.04
759.166 2526.4 2426.4 975.1
759.218 2526.75 2426.75 975.16
759.269 2527.1 2427.1 975.22
759.32 2527.45 2427.45 975.28
759.371 2527.8 2427.8 975.34
759.422 2528.15 2428.15 975.4
759.473 2528.5 2428.5 975.46
759.524 2528.85 2428.85 975.52
759.575 2529.19 2429.19 975.58
759.626 2529.54 2429.54 975.64
759.676 2529.89 2429.89 975.7
759.727 2530.24 2430.24 975.76
759.778 2530.59 2430.59 975.82
759.829 2530.94 2430.94 975.88
759.88 2531.29 2431.29 975.94
759.931 2531.64 2431.64 976
759.981 2531.99 2431.99 976.06
760.032 2532.34 2432.34 976.12
760.083 2532.69 2432.69 976.18
760.133 2533.04 2433.04 976.24
760.184 2533.39 2433.39 976.3
760.235 2533.74 2433.74 976.36
760.285 2534.09 2434.09 976.42
760.336 2534.43 2434.43 976.48
760.387 2534.78 2434.78 976.54
760.437 2535.13 2435.13 976.6
760.488 2535.48 2435.48 976.66
760.538 2535.83 2435.83 976.72
760.589 2536.18 2436.18 976.78
760.639 2536.53 2436.53 976.84
760.689 2536.88 2436.88 976.9
760.74 2537.23 2437.23 976.96
760.79 2537.58 2437.58 977.02
760.841 2537.93 2437.93 977.08
760.891 2538.28 2438.28 977.14
760.941 2538.63 2438.63 977.2
760.991 2538.98 2438.98 977.26
761.042 2539.32 2439.32 977.32
761.092 2539.67 2439.67 977.38
761.142 2540.02 2440.02 977.44
761.192 2540.37 2440.37 977.5
761.242 2540.72 2440.72 977.56
761.292 2541.07 2441.07 977.62
761.342 2541.42 2441.42 977.68
761.393 2541.77 2441.77 977.74
761.443 2542.12 2442.12 977.8
761.493 2542.47 2442.47 977.86
761.542 2542.82 2442.82 977.92
761.592 2543.17 2443.17 977.98
761.642 2543.52 2443.52 978.04
761.692 2543.87 2443.87 978.1
761.742 2544.22 2444.22 978.16
761.792 2544.56 2444.56 978.22
761.842 2544.91 2444.91 978.28
761.891 2545.26 2445.26 978.34
761.941 2545.61 2445.61 978.4
761.991 2545.96 2445.96 978.46
762.04 2546.31 2446.31 978.52
762.09 2546.66 2446.66 978.58
762.14 2547.01 2447.01 978.64
762.189 2547.36 2447.36 978.7
762.239 2547.71 2447.71 978.76
762.288 2548.06 2448.06 978.82
762.338 2548.41 2448.41 978.88
762.387 2548.76 2448.76 978.94
762.437 2549.11 2449.11 979
762.486 2549.45 2449.45 979.06
762.535 2549.8 2449.8 979.12
762.585 2550.15 2450.15 979.18
762.634 2550.5 2450.5 979.24
762.683 2550.85 2450.85 979.3
762.733 2551.2 2451.2 979.36
762.782 2551.55 2451.55 979.42
762.831 2551.9 2451.9 979.48
762.88 2552.25 2452.25 979.54
762.929 2552.6 2452.6 979.6
762.978 2552.95 2452.95 979.66
763.027 2553.3 2453.3 979.72
763.076 2553.65 2453.65 979.78
763.125 2554 2454 979.84
763.174 2554.35 2454.35 979.9
763.223 2554.69 2454.69 979.96
763.272 2555.04 2455.04 980.02
763.321 2555.39 2455.39 980.08
763.37 2555.74 2455.74 980.14
763.418 2556.09 2456.09 980.2
763.467 2556.44 2456.44 980.26
763.516 2556.79 2456.79 980.32
763.564 2557.14 2457.14 980.38
763.613 2557.49 2457.49 980.44
763.662 2557.84 2457.84 980.5
763.71 2558.19 2458.19 980.56
763.759 2558.54 2458.54 980.62
763.807 2558.89 2458.89 980.68
763.856 2559.24 2459.24 980.74
763.904 2559.58 2459.58 980.8
763.952 2559.93 2459.93 980.86
764.001 2560.28 2460.28 980.92
764.049 2560.63 2460.63 980.98
764.097 2560.98 2460.98 981.04
764.146 2561.33 2461.33 981.1
764.194 2561.68 2461.68 981.16
764.242 2562.03 2462.03 981.22
764.29 2562.38 2462.38 981.28
764.338 2562.73 2462.73 981.34
764.386 2563.08 2463.08 981.4
764.434 2563.43 2463.43 981.46
764.482 2563.78 2463.78 981.52
764.53 2564.13 2464.13 981.58
764.578 2564.48 2464.48 981.64
764.626 2564.82 2464.82 981.7
764.674 2565.17 2465.17 981.76
764.721 2565.52 2465.52 981.82
764.769 2565.87 2465.87 981.88
764.817 2566.22 2466.22 981.94
764.864 2566.57 2466.57 982
764.912 2566.92 2466.92 982.06
764.96 2567.27 2467.27 982.12
765.007 2567.62 2467.62 982.18
765.055 2567.97 2467.97 982.24
765.102 2568.32 2468.32 982.3
765.15 2568.67 2468.67 982.36
765.197 2569.02 2469.02 982.42
765.244 2569.37 2469.37 982.48
765.292 2569.71 2469.71 982.54
765.339 2570.06 2470.06 982.6
765.386 2570.41 2470.41 982.66
765.433 2570.76 2470.76 982.72
765.48 2571.11 2471.11 982.78
765.527 2571.46 2471.46 982.84
765.574 2571.81 2471.81 982.9
765.621 2572.16 2472.16 982.96
765.668 2572.51 2472.51 983.02
765.715 2572.86 2472.86 983.08
765.762 2573.21 2473.21 983.14
765.809 2573.56 2473.56 983.2
765.856 2573.91 2473.91 983.26
765.903 2574.26 2474.26 983.32
765.949 2574.61 2474.61 983.38
765.996 2574.95 2474.95 983.44
766.043 2575.3 2475.3 983.5
766.089 2575.65 2475.65 983.56
766.136 2576 2476 983.62
766.182 2576.35 2476.35 983.68
766.229 2576.7 2476.7 983.74
766.275 2577.05 2477.05 983.8
766.321 2577.4 2477.4 983.86
766.368 2577.75 2477.75 983.92
766.414 2578.1 2478.1 983.98
766.46 2578.45 2478.45 984.04
766.506 2578.8 2478.8 984.1
766.552 2579.15 2479.15 984.16
766.599 2579.5 2479.5 984.22
766.645 2579.84 2479.84 984.28
766.691 2580.19 2480.19 984.34
766.737 2580.54 2480.54 984.4
766.782 2580.89 2480.89 984.46
766.828 2581.24 2481.24 984.52
766.874 2581.59 2481.59 984.58
766.92 2581.94 2481.94 984.64
766.966 2582.29 2482.29 984.7
767.011 2582.64 2482.64 984.76
767.057 2582.99 2482.99 984.82
767.102 2583.34 2483.34 984.88
767.148 2583.69 2483.69 984.94
767.193 2584.04 2484.04 985
767.239 2584.39 2484.39 985.06
767.284 2584.74 2484.74 985.12
767.33 2585.08 2485.08 985.18
767.375 2585.43 2485.43 985.24
767.42 2585.78 2485.78 985.3
767.465 2586.13 2486.13 985.36
767.511 2586.48 2486.48 985.42
767.556 2586.83 2486.83 985.48
767.601 2587.18 2487.18 985.54
767.646 2587.53 2487.53 985.6
767.691 2587.88 2487.88 985.66
767.735 2588.23 2488.23 985.72
767.78 2588.58 2488.58 985.78
767.825 2588.93 2488.93 985.84
767.87 2589.28 2489.28 985.9
767.915 2589.63 2489.63 985.96
767.959 2589.98 2489.98 986.02
768.004 2590.32 2490.32 986.08
768.048 2590.67 2490.67 986.14
768.093 2591.02 2491.02 986.2
768.137 2591.37 2491.37 986.26
768.182 2591.72 2491.72 986.32
768.226 2592.07 2492.07 986.38
768.27 2592.42 2492.42 986.44
768.315 2592.77 2492.77 986.5
768.359 2593.12 2493.12 986.56
768.403 2593.47 2493.47 986.62
768.447 2593.82 2493.82 986.68
768.491 2594.17 2494.17 986.74
768.535 2594.52 2494.52 986.8
768.579 2594.87 2494.87 986.86
768.623 2595.21 2495.21 986.92
768.667 2595.56 2495.56 986.98
768.71 2595.91 2495.91 987.04
768.754 2596.26 2496.26 987.1
768.798 2596.61 2496.61 987.16
768.841 2596.96 2496.96 987.22
768.885 2597.31 2497.31 987.28
768.928 2597.66 2497.66 987.34
768.972 2598.01 2498.01 987.4
769.015 2598.36 2498.36 987.46
769.059 2598.71 2498.71 987.52
769.102 2599.06 2499.06 987.58
769.145 2599.41 2499.41 987.64
769.188 2599.76 2499.76 987.7
769.231 2600.11 2500.11 987.76
769.275 2600.45 2500.45 987.82
769.318 2600.8 2500.8 987.88
769.36 2601.15 2501.15 987.94
769.403 2601.5 2501.5 988
769.446 2601.85 2501.85 988.06
769.489 2602.2 2502.2 988.12
769.532 2602.55 2502.55 988.18
769.574 2602.9 2502.9 988.24
769.617 2603.25 2503.25 988.3
769.66 2603.6 2503.6 988.36
769.702 2603.95 2503.95 988.42
769.745 2604.3 2504.3 988.48
769.787 2604.65 2504.65 988.54
769.829 2605 2505 988.6
769.872 2605.34 2505.34 988.66
769.914 2605.69 2505.69 988.72
769.956 2606.04 2506.04 988.78
769.998 2606.39 2506.39 988.84
770.04 2606.74 2506.74 988.9
770.082 2607.09 2507.09 988.96
770.124 2607.44 2507.44 989.02
770.166 2607.79 2507.79 989.08
770.208 2608.14 2508.14 989.14
770.249 2608.49 2508.49 989.2
770.291 2608.84 2508.84 989.26
770.333 2609.19 2509.19 989.32
770.374 2609.54 2509.54 989.38
770.416 2609.89 2509.89 989.44
770.457 2610.24 2510.24 989.5
770.499 2610.58 2510.58 989.56
770.54 2610.93 2510.93 989.62
770.581 2611.28 2511.28 989.68
770.623 2611.63 2511.63 989.74
770.664 2611.98 2511.98 989.8
770.705 2612.33 2512.33 989.86
770.746 2612.68 2512.68 989.92
770.787 2613.03 2513.03 989.98
770.828 2613.38 2513.38 990.04
770.869 2613.73 2513.73 990.1
770.909 2614.08 2514.08 990.16
770.95 2614.43 2514.43 990.22
770.991 2614.78 2514.78 990.28
771.031 2615.13 2515.13 990.34
771.072 2615.47 2515.47 990.4
771.112 2615.82 2515.82 990.46
771.153 2616.17 2516.17 990.52
771.193 2616.52 2516.52 990.58
771.233 2616.87 2516.87 990.64
771.274 2617.22 2517.22 990.7
771.314 2617.57 2517.57 990.76
771.354 2617.92 2517.92 990.82
771.394 2618.27 2518.27 990.88
771.434 2618.62 2518.62 990.94
771.474 2618.97 2518.97 991
771.514 2619.32 2519.32 991.06
771.553 2619.67 2519.67 991.12
771.593 2620.02 2520.02 991.18
771.633 2620.37 2520.37 991.24
771.672 2620.71 2520.71 991.3
771.712 2621.06 2521.06 991.36
771.751 2621.41 2521.41 991.42
771.791 2621.76 2521.76 991.48
771.83 2622.11 2522.11 991.54
771.869 2622.46 2522.46 991.6
771.909 2622.81 2522.81 991.66
771.948 2623.16 2523.16 991.72
771.987 2623.51 2523.51 991.78
772.026 2623.86 2523.86 991.84
772.065 2624.21 2524.21 991.9
772.104 2624.56 2524.56 991.96
772.142 2624.91 2524.91 992.02
772.181 2625.26 2525.26 992.08
772.22 2625.6 2525.6 992.14
772.258 2625.95 2525.95 992.2
772.297 2626.3 2526.3 992.26
772.335 2626.65 2526.65 992.32
772.374 2627 2527 992.38
772.412 2627.35 2527.35 992.44
772.45 2627.7 2527.7 992.5
772.489 2628.05 2528.05 992.56
772.527 2628.4 2528.4 992.62
772.565 2628.75 2528.75 992.68
772.603 2629.1 2529.1 992.74
772.641 2629.45 2529.45 992.8
772.679 2629.8 2529.8 992.86
772.716 2630.15 2530.15 992.92
772.754 2630.5 2530.5 992.98
772.792 2630.84 2530.84 993.04
772.829 2631.19 2531.19 993.1
772.867 2631.54 2531.54 993.16
772.904 2631.89 2531.89 993.22
772.942 2632.24 2532.24 993.28
772.979 2632.59 2532.59 993.34
773.016 2632.94 2532.94 993.4
773.053 2633.29 2533.29 993.46
773.09 2633.64 2533.64 993.52
773.127 2633.99 2533.99 993.58
773.164 2634.34 2534.34 993.64
773.201 2634.69 2534.69 993.7
773.238 2635.04 2535.04 993.76
773.275 2635.39 2535.39 993.82
773.311 2635.73 2535.73 993.88
773.348 2636.08 2536.08 993.94
773.384 2636.43 2536.43 994
773.421 2636.78 2536.78 994.06
773.457 2637.13 2537.13 994.12
773.494 2637.48 2537.48 994.18
773.53 2637.83 2537.83 994.24
773.566 2638.18 2538.18 994.3
773.602 2638.53 2538.53 994.36
773.638 2638.88 2538.88 994.42
773.674 2639.23 2539.23 994.48
773.71 2639.58 2539.58 994.54
773.746 2639.93 2539.93 994.6
773.781 2640.28 2540.28 994.66
773.817 2640.63 2540.63 994.72
773.852 2640.97 2540.97 994.78
773.888 2641.32 2541.32 994.84
773.923 2641.67 2541.67 994.9
773.959 2642.02 2542.02 994.96
773.994 2642.37 2542.37 995.02
774.029 2642.72 2542.72 995.08
774.064 2643.07 2543.07 995.14
774.099 2643.42 2543.42 995.2
774.134 2643.77 2543.77 995.26
774.169 2644.12 2544.12 995.32
774.204 2644.47 2544.47 995.38
774.239 2644.82 2544.82 995.44
774.273 2645.17 2545.17 995.5
774.308 2645.52 2545.52 995.56
774.343 2645.86 2545.86 995.62
774.377 2646.21 2546.21 995.68
774.411 2646.56 2546.56 995.74
774.446 2646.91 2546.91 995.8
774.48 2647.26 2547.26 995.86
774.514 2647.61 2547.61 995.92
774.548 2647.96 2547.96 995.98
774.582 2648.31 2548.31 996.04
774.616 2648.66 2548.66 996.1
774.65 2649.01 2549.01 996.16
774.683 2649.36 2549.36 996.22
774.717 2649.71 2549.71 996.28
774.751 2650.06 2550.06 996.34
774.784 2650.41 2550.41 996.4
774.818 2650.76 2550.76 996.46
774.851 2651.1 2551.1 996.52
774.884 2651.45 2551.45 996.58
774.917 2651.8 2551.8 996.64
774.951 2652.15 2552.15 996.7
774.984 2652.5 2552.5 996.76
775.016 2652.85 2552.85 996.82
775.049 2653.2 2553.2 996.88
775.082 2653.55 2553.55 996.94
775.115 2653.9 2553.9 997
775.147 2654.25 2554.25 997.06
775.18 2654.6 2554.6 997.12
775.213 2654.95 2554.95 997.18
775.245 2655.3 2555.3 997.24
775.277 2655.65 2555.65 997.3
775.309 2655.99 2555.99 997.36
775.342 2656.34 2556.34 997.42
775.374 2656.69 2556.69 997.48
775.406 2657.04 2557.04 997.54
775.438 2657.39 2557.39 997.6
775.469 2657.74 2557.74 997.66
775.501 2658.09 2558.09 997.72
775.533 2658.44 2558.44 997.78
775.564 2658.79 2558.79 997.84
775.596 2659.14 2559.14 997.9
775.627 2659.49 2559.49 997.96
775.659 2659.84 2559.84 998.02
775.69 2660.19 2560.19 998.08
775.721 2660.54 2560.54 998.14
775.752 2660.89 2560.89 998.2
775.783 2661.23 2561.23 998.26
775.814 2661.58 2561.58 998.32
775.845 2661.93 2561.93 998.38
775.875 2662.28 2562.28 998.44
775.906 2662.63 2562.63 998.5
775.937 2662.98 2562.98 998.56
775.967 2663.33 2563.33 998.62
775.998 2663.68 2563.68 998.68
776.028 2664.03 2564.03 998.74
776.058 2664.38 2564.38 998.8
776.088 2664.73 2564.73 998.86
776.118 2665.08 2565.08 998.92
776.148 2665.43 2565.43 998.98
776.178 2665.78 2565.78 999.04
776.208 2666.13 2566.13 999.1
776.238 2666.47 2566.47 999.16
776.267 2666.82 2566.82 999.22
776.297 2667.17 2567.17 999.28
776.326 2667.52 2567.52 999.34
776.356 2667.87 2567.87 999.4
776.385 2668.22 2568.22 999.46
776.414 2668.57 2568.57 999.52
776.443 2668.92 2568.92 999.58
776.472 2669.27 2569.27 999.64
776.501 2669.62 2569.62 999.7
776.53 2669.97 2569.97 999.76
776.559 2670.32 2570.32 999.82
776.588 2670.67 2570.67 999.88
776.616 2671.02 2571.02 999.94
776.645 2671.36 2571.36 1000
