496.548 922.502 822.502 640
499.247 923.48 823.48 640.09
501.93 924.459 824.459 640.18
504.597 925.437 825.437 640.27
507.249 926.416 826.416 640.36
509.885 927.395 827.395 640.45
512.506 928.373 828.373 640.54
515.111 929.352 829.352 640.63
517.7 930.33 830.33 640.72
520.275 931.309 831.309 640.81
522.834 932.287 832.287 640.9
525.377 933.266 833.266 640.99
527.905 934.244 834.244 641.08
530.418 935.223 835.223 641.17
532.916 936.201 836.201 641.26
535.398 937.18 837.18 641.35
537.865 938.158 838.158 641.44
540.317 939.137 839.137 641.53
542.754 940.115 840.115 641.62
545.176 941.094 841.094 641.71
547.583 942.072 842.072 641.8
549.975 943.051 843.051 641.89
552.351 944.029 844.029 641.98
554.713 945.008 845.008 642.07
557.06 945.986 845.986 642.16
559.392 946.965 846.965 642.25
561.709 947.943 847.943 642.34
564.012 948.922 848.922 642.43
566.299 949.901 849.901 642.52
568.572 950.879 850.879 642.61
570.83 951.858 851.858 642.7
573.074 952.836 852.836 642.79
575.303 953.815 853.815 642.88
577.517 954.793 854.793 642.97
579.717 955.772 855.772 643.06
581.902 956.75 856.75 643.15
584.072 957.729 857.729 643.24
586.229 958.707 858.707 643.33
588.37 959.686 859.686 643.42
590.498 960.664 860.664 643.51
592.611 961.643 861.643 643.6
594.71 962.621 862.621 643.69
596.794 963.6 863.6 643.78
598.864 964.578 864.578 643.87
600.92 965.557 865.557 643.96
602.962 966.535 866.535 644.05
604.989 967.514 867.514 644.14
607.003 968.492 868.492 644.23
609.002 969.471 869.471 644.32
610.988 970.449 870.449 644.41
612.959 971.428 871.428 644.5
614.917 972.407 872.407 644.59
616.86 973.385 873.385 644.68
618.79 974.364 874.364 644.77
620.705 975.342 875.342 644.86
622.607 976.321 876.321 644.95
624.495 977.299 877.299 645.04
626.369 978.278 878.278 645.13
628.23 979.256 879.256 645.22
630.077 980.235 880.235 645.31
631.91 981.213 881.213 645.4
633.729 982.192 882.192 645.49
635.535 983.17 883.17 645.58
637.328 984.149 884.149 645.67
639.107 985.127 885.127 645.76
640.872 986.106 886.106 645.85
642.624 987.084 887.084 645.94
644.362 988.063 888.063 646.03
646.087 989.041 889.041 646.12
647.799 990.02 890.02 646.21
649.498 990.998 890.998 646.3
651.183 991.977 891.977 646.39
652.855 992.955 892.955 646.48
654.514 993.934 893.934 646.57
656.159 994.913 894.913 646.66
657.791 995.891 895.891 646.75
659.411 996.87 896.87 646.84
661.017 997.848 897.848 646.93
662.61 998.827 898.827 647.02
664.19 999.805 899.805 647.11
665.757 1000.78 900.784 647.2
667.312 1001.76 901.762 647.29
668.853 1002.74 902.741 647.38
670.382 1003.72 903.719 647.47
671.897 1004.7 904.698 647.56
673.4 1005.68 905.676 647.65
674.89 1006.65 906.655 647.74
676.368 1007.63 907.633 647.83
677.832 1008.61 908.612 647.92
679.284 1009.59 909.59 648.01
680.724 1010.57 910.569 648.1
682.151 1011.55 911.547 648.19
683.565 1012.53 912.526 648.28
684.967 1013.5 913.504 648.37
686.356 1014.48 914.483 648.46
687.733 1015.46 915.461 648.55
689.097 1016.44 916.44 648.64
690.449 1017.42 917.419 648.73
691.789 1018.4 918.397 648.82
693.116 1019.38 919.376 648.91
694.431 1020.35 920.354 649
695.734 1021.33 921.333 649.09
697.025 1022.31 922.311 649.18
698.303 1023.29 923.29 649.27
699.57 1024.27 924.268 649.36
700.824 1025.25 925.247 649.45
702.066 1026.23 926.225 649.54
703.296 1027.2 927.204 649.63
704.515 1028.18 928.182 649.72
705.721 1029.16 929.161 649.81
706.915 1030.14 930.139 649.9
708.097 1031.12 931.118 649.99
709.268 1032.1 932.096 650.08
710.427 1033.07 933.075 650.17
711.574 1034.05 934.053 650.26
712.709 1035.03 935.032 650.35
713.832 1036.01 936.01 650.44
714.944 1036.99 936.989 650.53
716.044 1037.97 937.967 650.62
717.133 1038.95 938.946 650.71
718.209 1039.92 939.925 650.8
719.275 1040.9 940.903 650.89
720.329 1041.88 941.882 650.98
721.371 1042.86 942.86 651.07
722.402 1043.84 943.839 651.16
723.422 1044.82 944.817 651.25
724.43 1045.8 945.796 651.34
725.427 1046.77 946.774 651.43
726.412 1047.75 947.753 651.52
727.386 1048.73 948.731 651.61
728.349 1049.71 949.71 651.7
729.301 1050.69 950.688 651.79
730.242 1051.67 951.667 651.88
731.171 1052.65 952.645 651.97
732.09 1053.62 953.624 652.06
732.997 1054.6 954.602 652.15
733.894 1055.58 955.581 652.24
734.779 1056.56 956.559 652.33
735.653 1057.54 957.538 652.42
736.517 1058.52 958.516 652.51
737.369 1059.49 959.495 652.6
738.211 1060.47 960.473 652.69
739.042 1061.45 961.452 652.78
739.862 1062.43 962.431 652.87
740.672 1063.41 963.409 652.96
741.47 1064.39 964.388 653.05
742.258 1065.37 965.366 653.14
743.036 1066.34 966.345 653.23
743.802 1067.32 967.323 653.32
744.559 1068.3 968.302 653.41
745.304 1069.28 969.28 653.5
746.039 1070.26 970.259 653.59
746.764 1071.24 971.237 653.68
747.478 1072.22 972.216 653.77
748.182 1073.19 973.194 653.86
748.876 1074.17 974.173 653.95
749.559 1075.15 975.151 654.04
750.232 1076.13 976.13 654.13
750.894 1077.11 977.108 654.22
751.547 1078.09 978.087 654.31
752.189 1079.07 979.065 654.4
752.821 1080.04 980.044 654.49
753.443 1081.02 981.022 654.58
754.055 1082 982.001 654.67
754.656 1082.98 982.979 654.76
755.248 1083.96 983.958 654.85
755.83 1084.94 984.937 654.94
756.402 1085.92 985.915 655.03
756.963 1086.89 986.894 655.12
757.515 1087.87 987.872 655.21
758.058 1088.85 988.851 655.3
758.59 1089.83 989.829 655.39
759.113 1090.81 990.808 655.48
759.625 1091.79 991.786 655.57
760.129 1092.76 992.765 655.66
760.622 1093.74 993.743 655.75
761.106 1094.72 994.722 655.84
761.58 1095.7 995.7 655.93
762.045 1096.68 996.679 656.02
762.5 1097.66 997.657 656.11
762.946 1098.64 998.636 656.2
763.382 1099.61 999.614 656.29
763.808 1100.59 1000.59 656.38
764.226 1101.57 1001.57 656.47
764.634 1102.55 1002.55 656.56
765.032 1103.53 1003.53 656.65
765.422 1104.51 1004.51 656.74
765.802 1105.49 1005.49 656.83
766.173 1106.46 1006.46 656.92
766.535 1107.44 1007.44 657.01
766.887 1108.42 1008.42 657.1
767.231 1109.4 1009.4 657.19
767.565 1110.38 1010.38 657.28
767.89 1111.36 1011.36 657.37
768.207 1112.34 1012.34 657.46
768.514 1113.31 1013.31 657.55
768.812 1114.29 1014.29 657.64
769.102 1115.27 1015.27 657.73
769.382 1116.25 1016.25 657.82
769.654 1117.23 1017.23 657.91
769.917 1118.21 1018.21 658
770.171 1119.18 1019.18 658.09
770.417 1120.16 1020.16 658.18
770.654 1121.14 1021.14 658.27
770.882 1122.12 1022.12 658.36
771.101 1123.1 1023.1 658.45
771.312 1124.08 1024.08 658.54
771.514 1125.06 1025.06 658.63
771.708 1126.03 1026.03 658.72
771.894 1127.01 1027.01 658.81
772.07 1127.99 1027.99 658.9
772.239 1128.97 1028.97 658.99
772.399 1129.95 1029.95 659.08
772.551 1130.93 1030.93 659.17
772.694 1131.91 1031.91 659.26
772.829 1132.88 1032.88 659.35
772.956 1133.86 1033.86 659.44
773.075 1134.84 1034.84 659.53
773.185 1135.82 1035.82 659.62
773.287 1136.8 1036.8 659.71
773.382 1137.78 1037.78 659.8
773.468 1138.76 1038.76 659.89
773.546 1139.73 1039.73 659.98
773.616 1140.71 1040.71 660.07
773.678 1141.69 1041.69 660.16
773.732 1142.67 1042.67 660.25
773.779 1143.65 1043.65 660.34
773.817 1144.63 1044.63 660.43
773.848 1145.6 1045.6 660.52
773.87 1146.58 1046.58 660.61
773.885 1147.56 1047.56 660.7
773.893 1148.54 1048.54 660.79
773.892 1149.52 1049.52 660.88
773.884 1150.5 1050.5 660.97
773.869 1151.48 1051.48 661.06
773.845 1152.45 1052.45 661.15
773.815 1153.43 1053.43 661.24
773.776 1154.41 1054.41 661.33
773.73 1155.39 1055.39 661.42
773.677 1156.37 1056.37 661.51
773.617 1157.35 1057.35 661.6
773.548 1158.33 1058.33 661.69
773.473 1159.3 1059.3 661.78
773.39 1160.28 1060.28 661.87
773.3 1161.26 1061.26 661.96
773.203 1162.24 1062.24 662.05
773.099 1163.22 1063.22 662.14
772.987 1164.2 1064.2 662.23
772.868 1165.18 1065.18 662.32
772.743 1166.15 1066.15 662.41
772.61 1167.13 1067.13 662.5
772.47 1168.11 1068.11 662.59
772.323 1169.09 1069.09 662.68
772.169 1170.07 1070.07 662.77
772.008 1171.05 1071.05 662.86
771.84 1172.02 1072.02 662.95
771.666 1173 1073 663.04
771.484 1173.98 1073.98 663.13
771.296 1174.96 1074.96 663.22
771.101 1175.94 1075.94 663.31
770.9 1176.92 1076.92 663.4
770.691 1177.9 1077.9 663.49
770.476 1178.87 1078.87 663.58
770.255 1179.85 1079.85 663.67
770.026 1180.83 1080.83 663.76
769.792 1181.81 1081.81 663.85
769.55 1182.79 1082.79 663.94
769.303 1183.77 1083.77 664.03
769.049 1184.75 1084.75 664.12
768.788 1185.72 1085.72 664.21
768.521 1186.7 1086.7 664.3
768.248 1187.68 1087.68 664.39
767.968 1188.66 1088.66 664.48
767.682 1189.64 1089.64 664.57
767.39 1190.62 1090.62 664.66
767.092 1191.6 1091.6 664.75
766.787 1192.57 1092.57 664.84
766.477 1193.55 1093.55 664.93
766.16 1194.53 1094.53 665.02
765.837 1195.51 1095.51 665.11
765.509 1196.49 1096.49 665.2
765.174 1197.47 1097.47 665.29
764.833 1198.45 1098.45 665.38
764.486 1199.42 1099.42 665.47
764.134 1200.4 1100.4 665.56
763.776 1201.38 1101.38 665.65
763.411 1202.36 1102.36 665.74
763.041 1203.34 1103.34 665.83
762.666 1204.32 1104.32 665.92
762.284 1205.29 1105.29 666.01
761.897 1206.27 1106.27 666.1
761.504 1207.25 1107.25 666.19
761.106 1208.23 1108.23 666.28
760.702 1209.21 1109.21 666.37
760.293 1210.19 1110.19 666.46
759.878 1211.17 1111.17 666.55
759.457 1212.14 1112.14 666.64
759.031 1213.12 1113.12 666.73
758.6 1214.1 1114.1 666.82
758.163 1215.08 1115.08 666.91
757.721 1216.06 1116.06 667
757.274 1217.04 1117.04 667.09
756.821 1218.02 1118.02 667.18
756.364 1218.99 1118.99 667.27
755.901 1219.97 1119.97 667.36
755.432 1220.95 1120.95 667.45
754.959 1221.93 1121.93 667.54
754.481 1222.91 1122.91 667.63
753.997 1223.89 1123.89 667.72
753.509 1224.87 1124.87 667.81
753.016 1225.84 1125.84 667.9
752.517 1226.82 1126.82 667.99
752.014 1227.8 1127.8 668.08
751.506 1228.78 1128.78 668.17
750.993 1229.76 1129.76 668.26
750.475 1230.74 1130.74 668.35
749.953 1231.71 1131.71 668.44
749.425 1232.69 1132.69 668.53
748.893 1233.67 1133.67 668.62
748.357 1234.65 1134.65 668.71
747.815 1235.63 1135.63 668.8
747.269 1236.61 1136.61 668.89
746.719 1237.59 1137.59 668.98
746.164 1238.56 1138.56 669.07
745.604 1239.54 1139.54 669.16
745.04 1240.52 1140.52 669.25
744.472 1241.5 1141.5 669.34
743.899 1242.48 1142.48 669.43
743.322 1243.46 1143.46 669.52
742.74 1244.44 1144.44 669.61
742.154 1245.41 1145.41 669.7
741.564 1246.39 1146.39 669.79
740.97 1247.37 1147.37 669.88
740.372 1248.35 1148.35 669.97
739.769 1249.33 1149.33 670.06
739.162 1250.31 1150.31 670.15
738.552 1251.29 1151.29 670.24
737.937 1252.26 1152.26 670.33
737.318 1253.24 1153.24 670.42
736.695 1254.22 1154.22 670.51
736.068 1255.2 1155.2 670.6
735.438 1256.18 1156.18 670.69
734.803 1257.16 1157.16 670.78
734.165 1258.13 1158.13 670.87
733.522 1259.11 1159.11 670.96
732.876 1260.09 1160.09 671.05
732.227 1261.07 1161.07 671.14
731.573 1262.05 1162.05 671.23
730.916 1263.03 1163.03 671.32
730.256 1264.01 1164.01 671.41
729.591 1264.98 1164.98 671.5
728.923 1265.96 1165.96 671.59
728.252 1266.94 1166.94 671.68
727.577 1267.92 1167.92 671.77
726.899 1268.9 1168.9 671.86
726.217 1269.88 1169.88 671.95
725.532 1270.86 1170.86 672.04
724.843 1271.83 1171.83 672.13
724.152 1272.81 1172.81 672.22
723.457 1273.79 1173.79 672.31
722.758 1274.77 1174.77 672.4
722.057 1275.75 1175.75 672.49
721.352 1276.73 1176.73 672.58
720.644 1277.71 1177.71 672.67
719.933 1278.68 1178.68 672.76
719.219 1279.66 1179.66 672.85
718.502 1280.64 1180.64 672.94
717.782 1281.62 1181.62 673.03
717.059 1282.6 1182.6 673.12
716.333 1283.58 1183.58 673.21
715.604 1284.55 1184.55 673.3
714.872 1285.53 1185.53 673.39
714.137 1286.51 1186.51 673.48
713.4 1287.49 1187.49 673.57
712.66 1288.47 1188.47 673.66
711.917 1289.45 1189.45 673.75
711.171 1290.43 1190.43 673.84
710.423 1291.4 1191.4 673.93
709.672 1292.38 1192.38 674.02
708.919 1293.36 1193.36 674.11
708.163 1294.34 1194.34 674.2
707.404 1295.32 1195.32 674.29
706.643 1296.3 1196.3 674.38
705.88 1297.28 1197.28 674.47
705.114 1298.25 1198.25 674.56
704.345 1299.23 1199.23 674.65
703.575 1300.21 1200.21 674.74
702.802 1301.19 1201.19 674.83
702.027 1302.17 1202.17 674.92
701.249 1303.15 1203.15 675.01
700.47 1304.13 1204.13 675.1
699.688 1305.1 1205.1 675.19
698.904 1306.08 1206.08 675.28
698.118 1307.06 1207.06 675.37
697.33 1308.04 1208.04 675.46
696.539 1309.02 1209.02 675.55
695.747 1310 1210 675.64
694.953 1310.98 1210.98 675.73
694.157 1311.95 1211.95 675.82
693.359 1312.93 1212.93 675.91
692.559 1313.91 1213.91 676
691.758 1314.89 1214.89 676.09
690.954 1315.87 1215.87 676.18
690.149 1316.85 1216.85 676.27
689.342 1317.82 1217.82 676.36
688.534 1318.8 1218.8 676.45
687.723 1319.78 1219.78 676.54
686.912 1320.76 1220.76 676.63
686.098 1321.74 1221.74 676.72
685.283 1322.72 1222.72 676.81
684.467 1323.7 1223.7 676.9
683.649 1324.67 1224.67 676.99
682.829 1325.65 1225.65 677.08
682.008 1326.63 1226.63 677.17
681.186 1327.61 1227.61 677.26
680.363 1328.59 1228.59 677.35
679.538 1329.57 1229.57 677.44
678.712 1330.55 1230.55 677.53
677.884 1331.52 1231.52 677.62
677.056 1332.5 1232.5 677.71
676.226 1333.48 1233.48 677.8
675.395 1334.46 1234.46 677.89
674.563 1335.44 1235.44 677.98
673.73 1336.42 1236.42 678.07
672.896 1337.4 1237.4 678.16
672.061 1338.37 1238.37 678.25
671.225 1339.35 1239.35 678.34
670.388 1340.33 1240.33 678.43
669.551 1341.31 1241.31 678.52
668.712 1342.29 1242.29 678.61
667.873 1343.27 1243.27 678.7
667.032 1344.24 1244.24 678.79
666.191 1345.22 1245.22 678.88
665.35 1346.2 1246.2 678.97
664.507 1347.18 1247.18 679.06
663.664 1348.16 1248.16 679.15
662.821 1349.14 1249.14 679.24
661.976 1350.12 1250.12 679.33
661.132 1351.09 1251.09 679.42
660.286 1352.07 1252.07 679.51
659.441 1353.05 1253.05 679.6
658.594 1354.03 1254.03 679.69
657.748 1355.01 1255.01 679.78
656.901 1355.99 1255.99 679.87
656.054 1356.97 1256.97 679.96
655.206 1357.94 1257.94 680.05
654.358 1358.92 1258.92 680.14
653.51 1359.9 1259.9 680.23
652.662 1360.88 1260.88 680.32
651.814 1361.86 1261.86 680.41
650.965 1362.84 1262.84 680.5
650.116 1363.82 1263.82 680.59
649.268 1364.79 1264.79 680.68
648.419 1365.77 1265.77 680.77
647.57 1366.75 1266.75 680.86
646.722 1367.73 1267.73 680.95
645.873 1368.71 1268.71 681.04
645.025 1369.69 1269.69 681.13
644.176 1370.66 1270.66 681.22
643.328 1371.64 1271.64 681.31
642.48 1372.62 1272.62 681.4
641.633 1373.6 1273.6 681.49
640.786 1374.58 1274.58 681.58
639.939 1375.56 1275.56 681.67
639.092 1376.54 1276.54 681.76
638.246 1377.51 1277.51 681.85
637.4 1378.49 1278.49 681.94
636.555 1379.47 1279.47 682.03
635.71 1380.45 1280.45 682.12
634.866 1381.43 1281.43 682.21
634.022 1382.41 1282.41 682.3
633.179 1383.39 1283.39 682.39
632.336 1384.36 1284.36 682.48
631.494 1385.34 1285.34 682.57
630.653 1386.32 1286.32 682.66
629.813 1387.3 1287.3 682.75
628.973 1388.28 1288.28 682.84
628.135 1389.26 1289.26 682.93
627.297 1390.24 1290.24 683.02
626.46 1391.21 1291.21 683.11
625.624 1392.19 1292.19 683.2
624.788 1393.17 1293.17 683.29
623.954 1394.15 1294.15 683.38
623.121 1395.13 1295.13 683.47
622.289 1396.11 1296.11 683.56
621.458 1397.08 1297.08 683.65
620.628 1398.06 1298.06 683.74
619.799 1399.04 1299.04 683.83
618.972 1400.02 1300.02 683.92
618.146 1401 1301 684.01
617.321 1401.98 1301.98 684.1
616.497 1402.96 1302.96 684.19
615.675 1403.93 1303.93 684.28
614.854 1404.91 1304.91 684.37
614.034 1405.89 1305.89 684.46
613.216 1406.87 1306.87 684.55
612.399 1407.85 1307.85 684.64
611.584 1408.83 1308.83 684.73
610.77 1409.81 1309.81 684.82
609.958 1410.78 1310.78 684.91
609.148 1411.76 1311.76 685
608.339 1412.74 1312.74 685.09
607.532 1413.72 1313.72 685.18
606.726 1414.7 1314.7 685.27
605.923 1415.68 1315.68 685.36
605.121 1416.66 1316.66 685.45
604.321 1417.63 1317.63 685.54
603.522 1418.61 1318.61 685.63
602.726 1419.59 1319.59 685.72
601.932 1420.57 1320.57 685.81
601.139 1421.55 1321.55 685.9
600.349 1422.53 1322.53 685.99
599.56 1423.51 1323.51 686.08
598.774 1424.48 1324.48 686.17
597.99 1425.46 1325.46 686.26
597.208 1426.44 1326.44 686.35
596.428 1427.42 1327.42 686.44
595.65 1428.4 1328.4 686.53
594.874 1429.38 1329.38 686.62
594.101 1430.35 1330.35 686.71
593.33 1431.33 1331.33 686.8
592.562 1432.31 1332.31 686.89
591.795 1433.29 1333.29 686.98
591.032 1434.27 1334.27 687.07
590.27 1435.25 1335.25 687.16
589.511 1436.23 1336.23 687.25
588.755 1437.2 1337.2 687.34
588.001 1438.18 1338.18 687.43
587.25 1439.16 1339.16 687.52
586.501 1440.14 1340.14 687.61
585.755 1441.12 1341.12 687.7
585.012 1442.1 1342.1 687.79
584.272 1443.08 1343.08 687.88
583.534 1444.05 1344.05 687.97
582.799 1445.03 1345.03 688.06
582.067 1446.01 1346.01 688.15
581.337 1446.99 1346.99 688.24
580.611 1447.97 1347.97 688.33
579.887 1448.95 1348.95 688.42
579.167 1449.93 1349.93 688.51
578.449 1450.9 1350.9 688.6
577.735 1451.88 1351.88 688.69
577.023 1452.86 1352.86 688.78
576.315 1453.84 1353.84 688.87
575.61 1454.82 1354.82 688.96
574.908 1455.8 1355.8 689.05
574.209 1456.77 1356.77 689.14
573.514 1457.75 1357.75 689.23
572.821 1458.73 1358.73 689.32
572.132 1459.71 1359.71 689.41
571.447 1460.69 1360.69 689.5
570.765 1461.67 1361.67 689.59
570.086 1462.65 1362.65 689.68
569.41 1463.62 1363.62 689.77
568.739 1464.6 1364.6 689.86
568.07 1465.58 1365.58 689.95
567.405 1466.56 1366.56 690.04
566.744 1467.54 1367.54 690.13
566.087 1468.52 1368.52 690.22
565.433 1469.5 1369.5 690.31
564.782 1470.47 1370.47 690.4
564.136 1471.45 1371.45 690.49
563.493 1472.43 1372.43 690.58
562.854 1473.41 1373.41 690.67
562.219 1474.39 1374.39 690.76
561.588 1475.37 1375.37 690.85
560.961 1476.35 1376.35 690.94
560.337 1477.32 1377.32 691.03
559.718 1478.3 1378.3 691.12
559.102 1479.28 1379.28 691.21
558.491 1480.26 1380.26 691.3
557.884 1481.24 1381.24 691.39
557.281 1482.22 1382.22 691.48
556.682 1483.19 1383.19 691.57
556.087 1484.17 1384.17 691.66
555.496 1485.15 1385.15 691.75
554.91 1486.13 1386.13 691.84
554.328 1487.11 1387.11 691.93
553.75 1488.09 1388.09 692.02
553.176 1489.07 1389.07 692.11
552.607 1490.04 1390.04 692.2
552.043 1491.02 1391.02 692.29
551.483 1492 1392 692.38
550.927 1492.98 1392.98 692.47
550.376 1493.96 1393.96 692.56
549.829 1494.94 1394.94 692.65
549.287 1495.92 1395.92 692.74
548.75 1496.89 1396.89 692.83
548.217 1497.87 1397.87 692.92
547.689 1498.85 1398.85 693.01
547.166 1499.83 1399.83 693.1
546.648 1500.81 1400.81 693.19
546.134 1501.79 1401.79 693.28
545.625 1502.77 1402.77 693.37
545.121 1503.74 1403.74 693.46
544.622 1504.72 1404.72 693.55
544.128 1505.7 1405.7 693.64
543.639 1506.68 1406.68 693.73
543.155 1507.66 1407.66 693.82
542.676 1508.64 1408.64 693.91
542.202 1509.61 1409.61 694
541.733 1510.59 1410.59 694.09
541.269 1511.57 1411.57 694.18
540.811 1512.55 1412.55 694.27
540.358 1513.53 1413.53 694.36
539.91 1514.51 1414.51 694.45
539.467 1515.49 1415.49 694.54
539.029 1516.46 1416.46 694.63
538.597 1517.44 1417.44 694.72
538.171 1518.42 1418.42 694.81
537.75 1519.4 1419.4 694.9
537.334 1520.38 1420.38 694.99
536.924 1521.36 1421.36 695.08
536.519 1522.34 1422.34 695.17
536.12 1523.31 1423.31 695.26
535.726 1524.29 1424.29 695.35
535.338 1525.27 1425.27 695.44
534.956 1526.25 1426.25 695.53
534.579 1527.23 1427.23 695.62
534.209 1528.21 1428.21 695.71
533.844 1529.19 1429.19 695.8
533.485 1530.16 1430.16 695.89
533.131 1531.14 1431.14 695.98
532.784 1532.12 1432.12 696.07
532.442 1533.1 1433.1 696.16
532.107 1534.08 1434.08 696.25
531.777 1535.06 1435.06 696.34
531.453 1536.04 1436.04 696.43
531.136 1537.01 1437.01 696.52
530.824 1537.99 1437.99 696.61
530.519 1538.97 1438.97 696.7
530.22 1539.95 1439.95 696.79
529.927 1540.93 1440.93 696.88
529.64 1541.91 1441.91 696.97
529.36 1542.88 1442.88 697.06
529.086 1543.86 1443.86 697.15
528.818 1544.84 1444.84 697.24
528.556 1545.82 1445.82 697.33
528.301 1546.8 1446.8 697.42
528.053 1547.78 1447.78 697.51
527.81 1548.76 1448.76 697.6
527.575 1549.73 1449.73 697.69
527.346 1550.71 1450.71 697.78
527.123 1551.69 1451.69 697.87
526.907 1552.67 1452.67 697.96
526.698 1553.65 1453.65 698.05
526.495 1554.63 1454.63 698.14
526.3 1555.61 1455.61 698.23
526.11 1556.58 1456.58 698.32
525.928 1557.56 1457.56 698.41
525.753 1558.54 1458.54 698.5
525.584 1559.52 1459.52 698.59
525.422 1560.5 1460.5 698.68
525.267 1561.48 1461.48 698.77
525.119 1562.46 1462.46 698.86
524.978 1563.43 1463.43 698.95
524.845 1564.41 1464.41 699.04
524.718 1565.39 1465.39 699.13
524.598 1566.37 1466.37 699.22
524.485 1567.35 1467.35 699.31
524.38 1568.33 1468.33 699.4
524.282 1569.3 1469.3 699.49
524.191 1570.28 1470.28 699.58
524.107 1571.26 1471.26 699.67
524.031 1572.24 1472.24 699.76
523.962 1573.22 1473.22 699.85
523.9 1574.2 1474.2 699.94
523.846 1575.18 1475.18 700.03
523.799 1576.15 1476.15 700.12
523.759 1577.13 1477.13 700.21
523.728 1578.11 1478.11 700.3
523.703 1579.09 1479.09 700.39
523.687 1580.07 1480.07 700.48
523.677 1581.05 1481.05 700.57
523.676 1582.03 1482.03 700.66
523.682 1583 1483 700.75
523.696 1583.98 1483.98 700.84
523.718 1584.96 1484.96 700.93
523.747 1585.94 1485.94 701.02
523.785 1586.92 1486.92 701.11
523.83 1587.9 1487.9 701.2
523.883 1588.88 1488.88 701.29
523.944 1589.85 1489.85 701.38
524.013 1590.83 1490.83 701.47
524.09 1591.81 1491.81 701.56
524.175 1592.79 1492.79 701.65
524.268 1593.77 1493.77 701.74
524.369 1594.75 1494.75 701.83
524.479 1595.72 1495.72 701.92
524.596 1596.7 1496.7 702.01
524.722 1597.68 1497.68 702.1
524.856 1598.66 1498.66 702.19
524.998 1599.64 1499.64 702.28
525.149 1600.62 1500.62 702.37
525.308 1601.6 1501.6 702.46
525.475 1602.57 1502.57 702.55
525.651 1603.55 1503.55 702.64
525.835 1604.53 1504.53 702.73
526.027 1605.51 1505.51 702.82
526.228 1606.49 1506.49 702.91
526.438 1607.47 1507.47 703
526.656 1608.45 1508.45 703.09
526.883 1609.42 1509.42 703.18
527.119 1610.4 1510.4 703.27
527.363 1611.38 1511.38 703.36
527.616 1612.36 1512.36 703.45
527.878 1613.34 1513.34 703.54
528.149 1614.32 1514.32 703.63
528.428 1615.3 1515.3 703.72
528.716 1616.27 1516.27 703.81
529.013 1617.25 1517.25 703.9
529.319 1618.23 1518.23 703.99
529.635 1619.21 1519.21 704.08
529.959 1620.19 1520.19 704.17
530.292 1621.17 1521.17 704.26
530.634 1622.14 1522.14 704.35
530.985 1623.12 1523.12 704.44
531.346 1624.1 1524.1 704.53
531.715 1625.08 1525.08 704.62
532.094 1626.06 1526.06 704.71
532.482 1627.04 1527.04 704.8
532.88 1628.02 1528.02 704.89
533.286 1628.99 1528.99 704.98
533.702 1629.97 1529.97 705.07
534.128 1630.95 1530.95 705.16
534.563 1631.93 1531.93 705.25
535.007 1632.91 1532.91 705.34
535.461 1633.89 1533.89 705.43
535.924 1634.87 1534.87 705.52
536.397 1635.84 1535.84 705.61
536.88 1636.82 1536.82 705.7
537.372 1637.8 1537.8 705.79
537.874 1638.78 1538.78 705.88
538.385 1639.76 1539.76 705.97
538.906 1640.74 1540.74 706.06
539.437 1641.72 1541.72 706.15
539.978 1642.69 1542.69 706.24
540.529 1643.67 1543.67 706.33
541.089 1644.65 1544.65 706.42
541.66 1645.63 1545.63 706.51
542.24 1646.61 1546.61 706.6
542.83 1647.59 1547.59 706.69
543.431 1648.56 1548.56 706.78
544.041 1649.54 1549.54 706.87
544.662 1650.52 1550.52 706.96
545.292 1651.5 1551.5 707.05
545.933 1652.48 1552.48 707.14
546.584 1653.46 1553.46 707.23
547.245 1654.44 1554.44 707.32
547.917 1655.41 1555.41 707.41
548.598 1656.39 1556.39 707.5
549.29 1657.37 1557.37 707.59
549.993 1658.35 1558.35 707.68
550.706 1659.33 1559.33 707.77
551.429 1660.31 1560.31 707.86
552.162 1661.29 1561.29 707.95
552.907 1662.26 1562.26 708.04
553.661 1663.24 1563.24 708.13
554.427 1664.22 1564.22 708.22
555.203 1665.2 1565.2 708.31
555.989 1666.18 1566.18 708.4
556.786 1667.16 1567.16 708.49
557.594 1668.14 1568.14 708.58
558.413 1669.11 1569.11 708.67
559.242 1670.09 1570.09 708.76
560.083 1671.07 1571.07 708.85
560.934 1672.05 1572.05 708.94
561.796 1673.03 1573.03 709.03
562.669 1674.01 1574.01 709.12
563.552 1674.99 1574.99 709.21
564.447 1675.96 1575.96 709.3
565.353 1676.94 1576.94 709.39
566.27 1677.92 1577.92 709.48
567.198 1678.9 1578.9 709.57
568.137 1679.88 1579.88 709.66
569.087 1680.86 1580.86 709.75
570.049 1681.83 1581.83 709.84
571.022 1682.81 1582.81 709.93
572.005 1683.79 1583.79 710.02
573.001 1684.77 1584.77 710.11
574.007 1685.75 1585.75 710.2
575.025 1686.73 1586.73 710.29
576.055 1687.71 1587.71 710.38
577.095 1688.68 1588.68 710.47
578.148 1689.66 1589.66 710.56
579.211 1690.64 1590.64 710.65
580.287 1691.62 1591.62 710.74
581.374 1692.6 1592.6 710.83
582.472 1693.58 1593.58 710.92
583.582 1694.56 1594.56 711.01
584.704 1695.53 1595.53 711.1
585.838 1696.51 1596.51 711.19
586.983 1697.49 1597.49 711.28
588.14 1698.47 1598.47 711.37
589.309 1699.45 1599.45 711.46
590.49 1700.43 1600.43 711.55
591.682 1701.41 1601.41 711.64
592.887 1702.38 1602.38 711.73
594.103 1703.36 1603.36 711.82
595.332 1704.34 1604.34 711.91
596.572 1705.32 1605.32 712
597.825 1706.3 1606.3 712.09
599.09 1707.28 1607.28 712.18
600.366 1708.25 1608.25 712.27
601.655 1709.23 1609.23 712.36
602.957 1710.21 1610.21 712.45
604.27 1711.19 1611.19 712.54
605.596 1712.17 1612.17 712.63
606.934 1713.15 1613.15 712.72
608.284 1714.13 1614.13 712.81
609.647 1715.1 1615.1 712.9
611.022 1716.08 1616.08 712.99
612.409 1717.06 1617.06 713.08
613.809 1718.04 1618.04 713.17
615.222 1719.02 1619.02 713.26
616.647 1720 1620 713.35
618.085 1720.98 1620.98 713.44
619.535 1721.95 1621.95 713.53
620.998 1722.93 1622.93 713.62
622.474 1723.91 1623.91 713.71
623.962 1724.89 1624.89 713.8
625.463 1725.87 1625.87 713.89
626.977 1726.85 1626.85 713.98
628.504 1727.83 1627.83 714.07
630.043 1728.8 1628.8 714.16
631.596 1729.78 1629.78 714.25
633.161 1730.76 1630.76 714.34
634.739 1731.74 1631.74 714.43
636.331 1732.72 1632.72 714.52
637.935 1733.7 1633.7 714.61
639.553 1734.67 1634.67 714.7
641.183 1735.65 1635.65 714.79
642.827 1736.63 1636.63 714.88
644.484 1737.61 1637.61 714.97
646.154 1738.59 1638.59 715.06
647.837 1739.57 1639.57 715.15
649.534 1740.55 1640.55 715.24
651.244 1741.52 1641.52 715.33
652.967 1742.5 1642.5 715.42
654.704 1743.48 1643.48 715.51
656.454 1744.46 1644.46 715.6
658.217 1745.44 1645.44 715.69
659.994 1746.42 1646.42 715.78
661.785 1747.4 1647.4 715.87
663.589 1748.37 1648.37 715.96
665.407 1749.35 1649.35 716.05
667.238 1750.33 1650.33 716.14
669.083 1751.31 1651.31 716.23
670.941 1752.29 1652.29 716.32
672.814 1753.27 1653.27 716.41
674.7 1754.25 1654.25 716.5
676.6 1755.22 1655.22 716.59
678.514 1756.2 1656.2 716.68
680.441 1757.18 1657.18 716.77
682.383 1758.16 1658.16 716.86
684.338 1759.14 1659.14 716.95
686.308 1760.12 1660.12 717.04
688.291 1761.09 1661.09 717.13
690.288 1762.07 1662.07 717.22
692.3 1763.05 1663.05 717.31
694.326 1764.03 1664.03 717.4
696.365 1765.01 1665.01 717.49
698.419 1765.99 1665.99 717.58
700.488 1766.97 1666.97 717.67
702.57 1767.94 1667.94 717.76
704.667 1768.92 1668.92 717.85
706.778 1769.9 1669.9 717.94
708.903 1770.88 1670.88 718.03
711.043 1771.86 1671.86 718.12
713.197 1772.84 1672.84 718.21
715.366 1773.82 1673.82 718.3
717.549 1774.79 1674.79 718.39
719.747 1775.77 1675.77 718.48
721.959 1776.75 1676.75 718.57
724.186 1777.73 1677.73 718.66
726.427 1778.71 1678.71 718.75
728.683 1779.69 1679.69 718.84
730.954 1780.67 1680.67 718.93
733.24 1781.64 1681.64 719.02
735.54 1782.62 1682.62 719.11
737.855 1783.6 1683.6 719.2
740.185 1784.58 1684.58 719.29
742.53 1785.56 1685.56 719.38
744.89 1786.54 1686.54 719.47
747.265 1787.52 1687.52 719.56
749.654 1788.49 1688.49 719.65
752.059 1789.47 1689.47 719.74
754.479 1790.45 1690.45 719.83
756.914 1791.43 1691.43 719.92
759.363 1792.41 1692.41 720.01
761.829 1793.39 1693.39 720.1
764.309 1794.36 1694.36 720.19
766.804 1795.34 1695.34 720.28
769.314 1796.32 1696.32 720.37
771.838 1797.3 1697.3 720.46
774.378 1798.28 1698.28 720.55
776.932 1799.26 1699.26 720.64
779.5 1800.24 1700.24 720.73
782.083 1801.21 1701.21 720.82
784.68 1802.19 1702.19 720.91
787.291 1803.17 1703.17 721
789.917 1804.15 1704.15 721.09
792.557 1805.13 1705.13 721.18
795.21 1806.11 1706.11 721.27
797.877 1807.09 1707.09 721.36
800.558 1808.06 1708.06 721.45
803.253 1809.04 1709.04 721.54
805.962 1810.02 1710.02 721.63
808.683 1811 1711 721.72
811.419 1811.98 1711.98 721.81
814.167 1812.96 1712.96 721.9
816.929 1813.94 1713.94 721.99
819.704 1814.91 1714.91 722.08
822.492 1815.89 1715.89 722.17
825.293 1816.87 1716.87 722.26
828.106 1817.85 1717.85 722.35
830.933 1818.83 1718.83 722.44
833.772 1819.81 1719.81 722.53
836.623 1820.78 1720.78 722.62
839.487 1821.76 1721.76 722.71
842.364 1822.74 1722.74 722.8
845.253 1823.72 1723.72 722.89
848.154 1824.7 1724.7 722.98
851.067 1825.68 1725.68 723.07
853.992 1826.66 1726.66 723.16
856.929 1827.63 1727.63 723.25
859.878 1828.61 1728.61 723.34
862.839 1829.59 1729.59 723.43
865.811 1830.57 1730.57 723.52
868.795 1831.55 1731.55 723.61
871.79 1832.53 1732.53 723.7
874.797 1833.51 1733.51 723.79
877.815 1834.48 1734.48 723.88
880.844 1835.46 1735.46 723.97
883.884 1836.44 1736.44 724.06
886.935 1837.42 1737.42 724.15
889.998 1838.4 1738.4 724.24
893.071 1839.38 1739.38 724.33
896.154 1840.36 1740.36 724.42
899.249 1841.33 1741.33 724.51
902.354 1842.31 1742.31 724.6
905.469 1843.29 1743.29 724.69
908.595 1844.27 1744.27 724.78
911.731 1845.25 1745.25 724.87
914.877 1846.23 1746.23 724.96
918.033 1847.2 1747.2 725.05
921.2 1848.18 1748.18 725.14
924.376 1849.16 1749.16 725.23
927.562 1850.14 1750.14 725.32
930.758 1851.12 1751.12 725.41
933.963 1852.1 1752.1 725.5
937.178 1853.08 1753.08 725.59
940.402 1854.05 1754.05 725.68
943.636 1855.03 1755.03 725.77
946.879 1856.01 1756.01 725.86
950.131 1856.99 1756.99 725.95
953.393 1857.97 1757.97 726.04
956.663 1858.95 1758.95 726.13
959.942 1859.93 1759.93 726.22
963.23 1860.9 1760.9 726.31
966.527 1861.88 1761.88 726.4
969.832 1862.86 1762.86 726.49
973.146 1863.84 1763.84 726.58
976.468 1864.82 1764.82 726.67
979.799 1865.8 1765.8 726.76
983.137 1866.78 1766.78 726.85
986.484 1867.75 1767.75 726.94
989.84 1868.73 1768.73 727.03
993.203 1869.71 1769.71 727.12
996.574 1870.69 1770.69 727.21
999.952 1871.67 1771.67 727.3
1003.34 1872.65 1772.65 727.39
1006.73 1873.62 1773.62 727.48
1010.13 1874.6 1774.6 727.57
1013.54 1875.58 1775.58 727.66
1016.96 1876.56 1776.56 727.75
1020.38 1877.54 1777.54 727.84
1023.81 1878.52 1778.52 727.93
1027.25 1879.5 1779.5 728.02
1030.7 1880.47 1780.47 728.11
1034.15 1881.45 1781.45 728.2
1037.61 1882.43 1782.43 728.29
1041.07 1883.41 1783.41 728.38
1044.54 1884.39 1784.39 728.47
1048.02 1885.37 1785.37 728.56
1051.51 1886.35 1786.35 728.65
1055 1887.32 1787.32 728.74
1058.5 1888.3 1788.3 728.83
1062 1889.28 1789.28 728.92
1065.51 1890.26 1790.26 729.01
1069.02 1891.24 1791.24 729.1
1072.55 1892.22 1792.22 729.19
1076.07 1893.2 1793.2 729.28
1079.61 1894.17 1794.17 729.37
1083.14 1895.15 1795.15 729.46
1086.69 1896.13 1796.13 729.55
1090.24 1897.11 1797.11 729.64
1093.79 1898.09 1798.09 729.73
1097.35 1899.07 1799.07 729.82
1100.92 1900.05 1800.05 729.91
1104.49 1901.02 1801.02 730
1108.06 1902 1802 730.09
1111.64 1902.98 1802.98 730.18
1115.23 1903.96 1803.96 730.27
1118.81 1904.94 1804.94 730.36
1122.41 1905.92 1805.92 730.45
1126.01 1906.89 1806.89 730.54
1129.61 1907.87 1807.87 730.63
1133.22 1908.85 1808.85 730.72
1136.83 1909.83 1809.83 730.81
1140.44 1910.81 1810.81 730.9
1144.06 1911.79 1811.79 730.99
1147.69 1912.77 1812.77 731.08
1151.31 1913.74 1813.74 731.17
1154.94 1914.72 1814.72 731.26
1158.58 1915.7 1815.7 731.35
1162.22 1916.68 1816.68 731.44
1165.86 1917.66 1817.66 731.53
1169.5 1918.64 1818.64 731.62
1173.15 1919.62 1819.62 731.71
1176.81 1920.59 1820.59 731.8
1180.46 1921.57 1821.57 731.89
1184.12 1922.55 1822.55 731.98
1187.78 1923.53 1823.53 732.07
1191.44 1924.51 1824.51 732.16
1195.11 1925.49 1825.49 732.25
1198.78 1926.47 1826.47 732.34
1202.45 1927.44 1827.44 732.43
1206.12 1928.42 1828.42 732.52
1209.8 1929.4 1829.4 732.61
1213.48 1930.38 1830.38 732.7
1217.16 1931.36 1831.36 732.79
1220.84 1932.34 1832.34 732.88
1224.53 1933.31 1833.31 732.97
1228.21 1934.29 1834.29 733.06
1231.9 1935.27 1835.27 733.15
1235.59 1936.25 1836.25 733.24
1239.29 1937.23 1837.23 733.33
1242.98 1938.21 1838.21 733.42
1246.67 1939.19 1839.19 733.51
1250.37 1940.16 1840.16 733.6
1254.07 1941.14 1841.14 733.69
1257.77 1942.12 1842.12 733.78
1261.47 1943.1 1843.1 733.87
1265.17 1944.08 1844.08 733.96
1268.87 1945.06 1845.06 734.05
1272.57 1946.04 1846.04 734.14
1276.28 1947.01 1847.01 734.23
1279.98 1947.99 1847.99 734.32
1283.69 1948.97 1848.97 734.41
1287.39 1949.95 1849.95 734.5
1291.1 1950.93 1850.93 734.59
1294.8 1951.91 1851.91 734.68
1298.51 1952.89 1852.89 734.77
1302.22 1953.86 1853.86 734.86
1305.92 1954.84 1854.84 734.95
1309.63 1955.82 1855.82 735.04
1313.33 1956.8 1856.8 735.13
1317.04 1957.78 1857.78 735.22
1320.75 1958.76 1858.76 735.31
1324.45 1959.73 1859.73 735.4
1328.16 1960.71 1860.71 735.49
1331.86 1961.69 1861.69 735.58
1335.56 1962.67 1862.67 735.67
1339.26 1963.65 1863.65 735.76
1342.96 1964.63 1864.63 735.85
1346.67 1965.61 1865.61 735.94
1350.36 1966.58 1866.58 736.03
1354.06 1967.56 1867.56 736.12
1357.76 1968.54 1868.54 736.21
1361.45 1969.52 1869.52 736.3
1365.15 1970.5 1870.5 736.39
1368.84 1971.48 1871.48 736.48
1372.53 1972.46 1872.46 736.57
1376.22 1973.43 1873.43 736.66
1379.91 1974.41 1874.41 736.75
1383.59 1975.39 1875.39 736.84
1387.27 1976.37 1876.37 736.93
1390.95 1977.35 1877.35 737.02
1394.63 1978.33 1878.33 737.11
1398.31 1979.31 1879.31 737.2
1401.98 1980.28 1880.28 737.29
1405.66 1981.26 1881.26 737.38
1409.32 1982.24 1882.24 737.47
1412.99 1983.22 1883.22 737.56
1416.65 1984.2 1884.2 737.65
1420.31 1985.18 1885.18 737.74
1423.97 1986.15 1886.15 737.83
1427.63 1987.13 1887.13 737.92
1431.28 1988.11 1888.11 738.01
1434.93 1989.09 1889.09 738.1
1438.57 1990.07 1890.07 738.19
1442.21 1991.05 1891.05 738.28
1445.85 1992.03 1892.03 738.37
1449.49 1993 1893 738.46
1453.12 1993.98 1893.98 738.55
1456.75 1994.96 1894.96 738.64
1460.37 1995.94 1895.94 738.73
1463.99 1996.92 1896.92 738.82
1467.6 1997.9 1897.9 738.91
1471.21 1998.88 1898.88 739
1474.82 1999.85 1899.85 739.09
1478.42 2000.83 1900.83 739.18
1482.02 2001.81 1901.81 739.27
1485.62 2002.79 1902.79 739.36
1489.21 2003.77 1903.77 739.45
1492.79 2004.75 1904.75 739.54
1496.37 2005.73 1905.73 739.63
1499.94 2006.7 1906.7 739.72
1503.51 2007.68 1907.68 739.81
1507.08 2008.66 1908.66 739.9
1510.64 2009.64 1909.64 739.99
1514.19 2010.62 1910.62 740.08
1517.74 2011.6 1911.6 740.17
1521.29 2012.58 1912.58 740.26
1524.82 2013.55 1913.55 740.35
1528.36 2014.53 1914.53 740.44
1531.88 2015.51 1915.51 740.53
1535.41 2016.49 1916.49 740.62
1538.92 2017.47 1917.47 740.71
1542.43 2018.45 1918.45 740.8
1545.93 2019.42 1919.42 740.89
1549.43 2020.4 1920.4 740.98
1552.92 2021.38 1921.38 741.07
1556.41 2022.36 1922.36 741.16
1559.88 2023.34 1923.34 741.25
1563.36 2024.32 1924.32 741.34
1566.82 2025.3 1925.3 741.43
1570.28 2026.27 1926.27 741.52
1573.73 2027.25 1927.25 741.61
1577.18 2028.23 1928.23 741.7
1580.61 2029.21 1929.21 741.79
1584.04 2030.19 1930.19 741.88
1587.47 2031.17 1931.17 741.97
1590.88 2032.15 1932.15 742.06
1594.29 2033.12 1933.12 742.15
1597.69 2034.1 1934.1 742.24
1601.09 2035.08 1935.08 742.33
1604.47 2036.06 1936.06 742.42
1607.85 2037.04 1937.04 742.51
1611.22 2038.02 1938.02 742.6
1614.59 2039 1939 742.69
1617.94 2039.97 1939.97 742.78
1621.29 2040.95 1940.95 742.87
1624.63 2041.93 1941.93 742.96
1627.96 2042.91 1942.91 743.05
1631.28 2043.89 1943.89 743.14
1634.59 2044.87 1944.87 743.23
1637.9 2045.84 1945.84 743.32
1641.2 2046.82 1946.82 743.41
1644.48 2047.8 1947.8 743.5
1647.76 2048.78 1948.78 743.59
1651.03 2049.76 1949.76 743.68
1654.29 2050.74 1950.74 743.77
1657.55 2051.72 1951.72 743.86
1660.79 2052.69 1952.69 743.95
1664.02 2053.67 1953.67 744.04
1667.25 2054.65 1954.65 744.13
1670.46 2055.63 1955.63 744.22
1673.67 2056.61 1956.61 744.31
1676.86 2057.59 1957.59 744.4
1680.05 2058.57 1958.57 744.49
1683.22 2059.54 1959.54 744.58
1686.39 2060.52 1960.52 744.67
1689.55 2061.5 1961.5 744.76
1692.69 2062.48 1962.48 744.85
1695.83 2063.46 1963.46 744.94
1698.95 2064.44 1964.44 745.03
1702.07 2065.42 1965.42 745.12
1705.17 2066.39 1966.39 745.21
1708.27 2067.37 1967.37 745.3
1711.35 2068.35 1968.35 745.39
1714.42 2069.33 1969.33 745.48
1717.49 2070.31 1970.31 745.57
1720.54 2071.29 1971.29 745.66
1723.58 2072.26 1972.26 745.75
1726.61 2073.24 1973.24 745.84
1729.62 2074.22 1974.22 745.93
1732.63 2075.2 1975.2 746.02
1735.62 2076.18 1976.18 746.11
1738.61 2077.16 1977.16 746.2
1741.58 2078.14 1978.14 746.29
1744.54 2079.11 1979.11 746.38
1747.49 2080.09 1980.09 746.47
1750.43 2081.07 1981.07 746.56
1753.35 2082.05 1982.05 746.65
1756.26 2083.03 1983.03 746.74
1759.16 2084.01 1984.01 746.83
1762.05 2084.99 1984.99 746.92
1764.93 2085.96 1985.96 747.01
1767.79 2086.94 1986.94 747.1
1770.65 2087.92 1987.92 747.19
1773.48 2088.9 1988.9 747.28
1776.31 2089.88 1989.88 747.37
1779.12 2090.86 1990.86 747.46
1781.92 2091.84 1991.84 747.55
1784.71 2092.81 1992.81 747.64
1787.49 2093.79 1993.79 747.73
1790.25 2094.77 1994.77 747.82
1793 2095.75 1995.75 747.91
1795.73 2096.73 1996.73 748
1798.45 2097.71 1997.71 748.09
1801.16 2098.68 1998.68 748.18
1803.86 2099.66 1999.66 748.27
1806.54 2100.64 2000.64 748.36
1809.2 2101.62 2001.62 748.45
1811.86 2102.6 2002.6 748.54
1814.5 2103.58 2003.58 748.63
1817.12 2104.56 2004.56 748.72
1819.73 2105.53 2005.53 748.81
1822.33 2106.51 2006.51 748.9
1824.91 2107.49 2007.49 748.99
1827.48 2108.47 2008.47 749.08
1830.03 2109.45 2009.45 749.17
1832.57 2110.43 2010.43 749.26
1835.1 2111.41 2011.41 749.35
1837.61 2112.38 2012.38 749.44
1840.1 2113.36 2013.36 749.53
1842.58 2114.34 2014.34 749.62
1845.05 2115.32 2015.32 749.71
1847.5 2116.3 2016.3 749.8
1849.93 2117.28 2017.28 749.89
1852.35 2118.26 2018.26 749.98
1854.75 2119.23 2019.23 750.07
1857.14 2120.21 2020.21 750.16
1859.51 2121.19 2021.19 750.25
1861.87 2122.17 2022.17 750.34
1864.21 2123.15 2023.15 750.43
1866.54 2124.13 2024.13 750.52
1868.85 2125.11 2025.11 750.61
1871.14 2126.08 2026.08 750.7
1873.42 2127.06 2027.06 750.79
1875.68 2128.04 2028.04 750.88
1877.92 2129.02 2029.02 750.97
1880.15 2130 2030 751.06
1882.36 2130.98 2030.98 751.15
1884.56 2131.95 2031.95 751.24
1886.73 2132.93 2032.93 751.33
1888.9 2133.91 2033.91 751.42
1891.04 2134.89 2034.89 751.51
1893.17 2135.87 2035.87 751.6
1895.28 2136.85 2036.85 751.69
1897.37 2137.83 2037.83 751.78
1899.45 2138.8 2038.8 751.87
1901.51 2139.78 2039.78 751.96
1903.55 2140.76 2040.76 752.05
1905.57 2141.74 2041.74 752.14
1907.58 2142.72 2042.72 752.23
1909.57 2143.7 2043.7 752.32
1911.54 2144.68 2044.68 752.41
1913.49 2145.65 2045.65 752.5
1915.42 2146.63 2046.63 752.59
1917.34 2147.61 2047.61 752.68
1919.24 2148.59 2048.59 752.77
1921.12 2149.57 2049.57 752.86
1922.98 2150.55 2050.55 752.95
1924.83 2151.53 2051.53 753.04
1926.65 2152.5 2052.5 753.13
1928.46 2153.48 2053.48 753.22
1930.24 2154.46 2054.46 753.31
1932.01 2155.44 2055.44 753.4
1933.76 2156.42 2056.42 753.49
1935.49 2157.4 2057.4 753.58
1937.21 2158.37 2058.37 753.67
1938.9 2159.35 2059.35 753.76
1940.57 2160.33 2060.33 753.85
1942.23 2161.31 2061.31 753.94
1943.86 2162.29 2062.29 754.03
1945.48 2163.27 2063.27 754.12
1947.07 2164.25 2064.25 754.21
1948.65 2165.22 2065.22 754.3
1950.2 2166.2 2066.2 754.39
1951.74 2167.18 2067.18 754.48
1953.26 2168.16 2068.16 754.57
1954.75 2169.14 2069.14 754.66
1956.23 2170.12 2070.12 754.75
1957.68 2171.1 2071.1 754.84
1959.12 2172.07 2072.07 754.93
1960.53 2173.05 2073.05 755.02
1961.93 2174.03 2074.03 755.11
1963.3 2175.01 2075.01 755.2
1964.65 2175.99 2075.99 755.29
1965.98 2176.97 2076.97 755.38
1967.29 2177.95 2077.95 755.47
1968.58 2178.92 2078.92 755.56
1969.85 2179.9 2079.9 755.65
1971.1 2180.88 2080.88 755.74
1972.33 2181.86 2081.86 755.83
1973.53 2182.84 2082.84 755.92
1974.72 2183.82 2083.82 756.01
1975.88 2184.79 2084.79 756.1
1977.02 2185.77 2085.77 756.19
1978.14 2186.75 2086.75 756.28
1979.23 2187.73 2087.73 756.37
1980.31 2188.71 2088.71 756.46
1981.36 2189.69 2089.69 756.55
1982.39 2190.67 2090.67 756.64
1983.4 2191.64 2091.64 756.73
1984.39 2192.62 2092.62 756.82
1985.35 2193.6 2093.6 756.91
1986.29 2194.58 2094.58 757
1987.21 2195.56 2095.56 757.09
1988.11 2196.54 2096.54 757.18
1988.98 2197.52 2097.52 757.27
1989.83 2198.49 2098.49 757.36
1990.66 2199.47 2099.47 757.45
1991.46 2200.45 2100.45 757.54
1992.24 2201.43 2101.43 757.63
1993 2202.41 2102.41 757.72
1993.74 2203.39 2103.39 757.81
1994.45 2204.37 2104.37 757.9
1995.14 2205.34 2105.34 757.99
1995.8 2206.32 2106.32 758.08
1996.44 2207.3 2107.3 758.17
1997.06 2208.28 2108.28 758.26
1997.65 2209.26 2109.26 758.35
1998.22 2210.24 2110.24 758.44
1998.76 2211.21 2111.21 758.53
1999.29 2212.19 2112.19 758.62
1999.78 2213.17 2113.17 758.71
2000.25 2214.15 2114.15 758.8
2000.7 2215.13 2115.13 758.89
2001.13 2216.11 2116.11 758.98
2001.53 2217.09 2117.09 759.07
2001.9 2218.06 2118.06 759.16
2002.25 2219.04 2119.04 759.25
2002.57 2220.02 2120.02 759.34
2002.87 2221 2121 759.43
2003.15 2221.98 2121.98 759.52
2003.4 2222.96 2122.96 759.61
2003.62 2223.94 2123.94 759.7
2003.82 2224.91 2124.91 759.79
2003.99 2225.89 2125.89 759.88
2004.14 2226.87 2126.87 759.97
2004.26 1023 923 760.06 PIT
2004.36 1023 923 760.15 PIT
2004.43 1023 923 760.24 PIT
2004.48 1023 923 760.33 PIT
2004.5 1023 923 760.42 PIT
2004.5 1023 923 760.51 PIT
2004.47 1023 923 760.6 PIT
2004.41 1023 923 760.69 PIT
2004.33 1023 923 760.78 PIT
2004.23 1023 923 760.87 PIT
2004.1 1023 923 760.96 PIT
2003.94 1023 923 761.05 PIT
2003.77 1023 923 761.14 PIT
2003.56 1023 923 761.23 PIT
2003.34 1023 923 761.32 PIT
2003.09 1023 923 761.41 PIT
2002.81 1023 923 761.5 PIT
2002.51 1023 923 761.59 PIT
2002.19 1023 923 761.68 PIT
2001.84 1023 923 761.77 PIT
2001.47 1023 923 761.86 PIT
2001.08 1023 923 761.95 PIT
2000.66 1023 923 762.04 PIT
2000.22 1023 923 762.13 PIT
1999.75 1023 923 762.22 PIT
1999.27 1023 923 762.31 PIT
1998.75 1023 923 762.4 PIT
1998.22 1023 923 762.49 PIT
1997.66 1023 923 762.58 PIT
1997.08 1023 923 762.67 PIT
1996.48 1023 923 762.76 PIT
1995.85 1023 923 762.85 PIT
1995.21 1023 923 762.94 PIT
1994.53 1023 923 763.03 PIT
1993.84 1023 923 763.12 PIT
1993.13 1023 923 763.21 PIT
1992.39 1023 923 763.3 PIT
1991.63 1023 923 763.39 PIT
1990.85 1023 923 763.48 PIT
1990.04 1023 923 763.57 PIT
1989.22 1023 923 763.66 PIT
1988.37 1023 923 763.75 PIT
1987.5 1023 923 763.84 PIT
1986.61 1023 923 763.93 PIT
1985.7 1023 923 764.02 PIT
1984.77 1023 923 764.11 PIT
1983.81 1023 923 764.2 PIT
1982.83 1023 923 764.29 PIT
1981.84 1023 923 764.38 PIT
1980.82 1023 923 764.47 PIT
1979.78 1023 923 764.56 PIT
1978.72 1023 923 764.65 PIT
1977.64 1023 923 764.74 PIT
1976.54 1023 923 764.83 PIT
1975.42 1023 923 764.92 PIT
1974.28 1023 923 765.01 PIT
1973.12 1023 923 765.1 PIT
1971.93 1023 923 765.19 PIT
1970.73 1023 923 765.28 PIT
1969.51 1023 923 765.37 PIT
1968.27 1023 923 765.46 PIT
1967 1023 923 765.55 PIT
1965.72 1023 923 765.64 PIT
1964.42 1023 923 765.73 PIT
1963.1 1023 923 765.82 PIT
1961.76 1023 923 765.91 PIT
1960.4 1023 923 766 PIT
1959.02 1023 923 766.09 PIT
1957.62 1023 923 766.18 PIT
1956.21 1023 923 766.27 PIT
1954.77 1023 923 766.36 PIT
1953.31 1023 923 766.45 PIT
1951.84 1023 923 766.54 PIT
1950.35 1023 923 766.63 PIT
1948.84 1023 923 766.72 PIT
1947.31 1023 923 766.81 PIT
1945.76 1023 923 766.9 PIT
1944.19 1023 923 766.99 PIT
1942.61 1023 923 767.08 PIT
1941 1023 923 767.17 PIT
1939.38 1023 923 767.26 PIT
1937.75 1023 923 767.35 PIT
1936.09 1023 923 767.44 PIT
1934.41 1023 923 767.53 PIT
1932.72 1023 923 767.62 PIT
1931.01 1023 923 767.71 PIT
1929.29 1023 923 767.8 PIT
1927.54 1023 923 767.89 PIT
1925.78 1023 923 767.98 PIT
1924 1023 923 768.07 PIT
1922.21 1023 923 768.16 PIT
1920.39 1023 923 768.25 PIT
1918.57 1023 923 768.34 PIT
1916.72 1023 923 768.43 PIT
1914.86 1023 923 768.52 PIT
1912.98 1023 923 768.61 PIT
1911.08 1023 923 768.7 PIT
1909.17 1023 923 768.79 PIT
1907.24 1023 923 768.88 PIT
1905.3 1023 923 768.97 PIT
1903.33 1023 923 769.06 PIT
1901.36 1023 923 769.15 PIT
1899.36 1023 923 769.24 PIT
1897.36 1023 923 769.33 PIT
1895.33 1023 923 769.42 PIT
1893.29 1023 923 769.51 PIT
1891.24 1023 923 769.6 PIT
1889.17 1023 923 769.69 PIT
1887.08 1023 923 769.78 PIT
1884.98 1023 923 769.87 PIT
1882.86 1023 923 769.96 PIT
1880.73 1023 923 770.05 PIT
1878.58 1023 923 770.14 PIT
1876.42 1023 923 770.23 PIT
1874.24 1023 923 770.32 PIT
1872.05 1023 923 770.41 PIT
1869.85 1023 923 770.5 PIT
1867.63 1023 923 770.59 PIT
1865.39 1023 923 770.68 PIT
1863.15 1023 923 770.77 PIT
1860.88 1023 923 770.86 PIT
1858.61 1023 923 770.95 PIT
1856.31 1023 923 771.04 PIT
1854.01 1023 923 771.13 PIT
1851.69 1023 923 771.22 PIT
1849.36 1023 923 771.31 PIT
1847.01 1023 923 771.4 PIT
1844.65 1023 923 771.49 PIT
1842.28 1023 923 771.58 PIT
1839.89 1023 923 771.67 PIT
1837.49 1023 923 771.76 PIT
1835.08 1023 923 771.85 PIT
1832.66 1023 923 771.94 PIT
1830.22 1023 923 772.03 PIT
1827.77 1023 923 772.12 PIT
1825.3 1023 923 772.21 PIT
1822.82 1023 923 772.3 PIT
1820.34 1023 923 772.39 PIT
1817.83 1023 923 772.48 PIT
1815.32 1023 923 772.57 PIT
1812.79 1023 923 772.66 PIT
1810.25 1023 923 772.75 PIT
1807.7 1023 923 772.84 PIT
1805.14 1023 923 772.93 PIT
1802.56 1023 923 773.02 PIT
1799.98 1023 923 773.11 PIT
1797.38 1023 923 773.2 PIT
1794.77 1023 923 773.29 PIT
1792.15 1023 923 773.38 PIT
1789.52 1023 923 773.47 PIT
1786.87 1023 923 773.56 PIT
1784.22 1023 923 773.65 PIT
1781.55 1023 923 773.74 PIT
1778.87 1023 923 773.83 PIT
1776.18 1023 923 773.92 PIT
1773.48 1023 923 774.01 PIT
1770.77 1023 923 774.1 PIT
1768.05 1023 923 774.19 PIT
1765.32 1023 923 774.28 PIT
1762.58 1023 923 774.37 PIT
1759.83 1023 923 774.46 PIT
1757.07 1023 923 774.55 PIT
1754.29 1023 923 774.64 PIT
1751.51 1023 923 774.73 PIT
1748.72 1023 923 774.82 PIT
1745.92 1023 923 774.91 PIT
1743.1 1023 923 775 PIT
1740.28 1023 923 775.09 PIT
1737.45 1023 923 775.18 PIT
1734.61 1023 923 775.27 PIT
1731.76 1023 923 775.36 PIT
1728.9 1023 923 775.45 PIT
1726.03 1023 923 775.54 PIT
1723.15 1023 923 775.63 PIT
1720.26 1023 923 775.72 PIT
1717.37 1023 923 775.81 PIT
1714.46 1023 923 775.9 PIT
1711.55 1023 923 775.99 PIT
1708.63 1023 923 776.08 PIT
1705.7 1023 923 776.17 PIT
1702.76 1023 923 776.26 PIT
1699.81 1023 923 776.35 PIT
1696.85 1023 923 776.44 PIT
1693.89 1023 923 776.53 PIT
1690.92 1023 923 776.62 PIT
1687.94 1023 923 776.71 PIT
1684.95 1023 923 776.8 PIT
1681.95 1023 923 776.89 PIT
1678.95 1023 923 776.98 PIT
1675.94 1023 923 777.07 PIT
1672.92 1023 923 777.16 PIT
1669.89 1023 923 777.25 PIT
1666.86 1023 923 777.34 PIT
1663.82 1023 923 777.43 PIT
1660.77 1023 923 777.52 PIT
1657.72 1023 923 777.61 PIT
1654.66 1023 923 777.7 PIT
1651.59 1023 923 777.79 PIT
1648.51 1023 923 777.88 PIT
1645.43 1023 923 777.97 PIT
1642.34 1023 923 778.06 PIT
1639.25 1023 923 778.15 PIT
1636.15 1023 923 778.24 PIT
1633.04 1023 923 778.33 PIT
1629.92 1023 923 778.42 PIT
1626.8 1023 923 778.51 PIT
1623.68 1023 923 778.6 PIT
1620.55 1023 923 778.69 PIT
1617.41 1023 923 778.78 PIT
1614.27 1023 923 778.87 PIT
1611.12 1023 923 778.96 PIT
1607.96 1023 923 779.05 PIT
1604.81 1023 923 779.14 PIT
1601.64 1023 923 779.23 PIT
1598.47 1023 923 779.32 PIT
1595.3 1023 923 779.41 PIT
1592.12 1023 923 779.5 PIT
1588.93 1023 923 779.59 PIT
1585.74 1023 923 779.68 PIT
1582.55 1023 923 779.77 PIT
1579.35 1023 923 779.86 PIT
1576.14 1023 923 779.95 PIT
1572.93 1023 923 780.04 PIT
1569.72 1023 923 780.13 PIT
1566.51 1023 923 780.22 PIT
1563.28 1023 923 780.31 PIT
1560.06 1023 923 780.4 PIT
1556.83 1023 923 780.49 PIT
1553.6 1023 923 780.58 PIT
1550.36 1023 923 780.67 PIT
1547.12 1023 923 780.76 PIT
1543.88 1023 923 780.85 PIT
1540.63 1023 923 780.94 PIT
1537.38 1023 923 781.03 PIT
1534.13 1023 923 781.12 PIT
1530.87 1023 923 781.21 PIT
1527.61 1023 923 781.3 PIT
1524.34 1023 923 781.39 PIT
1521.08 1023 923 781.48 PIT
1517.81 1023 923 781.57 PIT
1514.54 1023 923 781.66 PIT
1511.26 1023 923 781.75 PIT
1507.99 1023 923 781.84 PIT
1504.71 1023 923 781.93 PIT
1501.42 1023 923 782.02 PIT
1498.14 1023 923 782.11 PIT
1494.85 1023 923 782.2 PIT
1491.57 1023 923 782.29 PIT
1488.28 1023 923 782.38 PIT
1484.98 1023 923 782.47 PIT
1481.69 1023 923 782.56 PIT
1478.4 1023 923 782.65 PIT
1475.1 1023 923 782.74 PIT
1471.8 1023 923 782.83 PIT
1468.5 1023 923 782.92 PIT
1465.2 1023 923 783.01 PIT
1461.9 1023 923 783.1 PIT
1458.59 1023 923 783.19 PIT
1455.29 1023 923 783.28 PIT
1451.98 1023 923 783.37 PIT
1448.68 1023 923 783.46 PIT
1445.37 1023 923 783.55 PIT
1442.06 1023 923 783.64 PIT
1438.76 1023 923 783.73 PIT
1435.45 1023 923 783.82 PIT
1432.14 1023 923 783.91 PIT
1428.83 1023 923 784 PIT
1425.52 1023 923 784.09 PIT
1422.21 1023 923 784.18 PIT
1418.9 1023 923 784.27 PIT
1415.59 1023 923 784.36 PIT
1412.28 1023 923 784.45 PIT
1408.98 1023 923 784.54 PIT
1405.67 1023 923 784.63 PIT
1402.36 1023 923 784.72 PIT
1399.05 1023 923 784.81 PIT
1395.75 1023 923 784.9 PIT
1392.44 1023 923 784.99 PIT
1389.14 1023 923 785.08 PIT
1385.84 1023 923 785.17 PIT
1382.53 1023 923 785.26 PIT
1379.23 1023 923 785.35 PIT
1375.93 1023 923 785.44 PIT
1372.63 1023 923 785.53 PIT
1369.34 1023 923 785.62 PIT
1366.04 1023 923 785.71 PIT
1362.75 1023 923 785.8 PIT
1359.46 1023 923 785.89 PIT
1356.17 1023 923 785.98 PIT
1352.88 1023 923 786.07 PIT
1349.59 1023 923 786.16 PIT
1346.31 1023 923 786.25 PIT
1343.03 1023 923 786.34 PIT
1339.75 1023 923 786.43 PIT
1336.47 1023 923 786.52 PIT
1333.2 1023 923 786.61 PIT
1329.93 1023 923 786.7 PIT
1326.66 1023 923 786.79 PIT
1323.39 1023 923 786.88 PIT
1320.13 1023 923 786.97 PIT
1316.87 1023 923 787.06 PIT
1313.61 1023 923 787.15 PIT
1310.36 1023 923 787.24 PIT
1307.11 1023 923 787.33 PIT
1303.86 1023 923 787.42 PIT
1300.62 1023 923 787.51 PIT
1297.38 1023 923 787.6 PIT
1294.14 1023 923 787.69 PIT
1290.91 1023 923 787.78 PIT
1287.68 1023 923 787.87 PIT
1284.45 1023 923 787.96 PIT
1281.23 1023 923 788.05 PIT
1278.02 1023 923 788.14 PIT
1274.81 1023 923 788.23 PIT
1271.6 1023 923 788.32 PIT
1268.39 1023 923 788.41 PIT
1265.2 1023 923 788.5 PIT
1262 1023 923 788.59 PIT
1258.81 1023 923 788.68 PIT
1255.63 1023 923 788.77 PIT
1252.45 1023 923 788.86 PIT
1249.27 1023 923 788.95 PIT
1246.1 1023 923 789.04 PIT
1242.94 1023 923 789.13 PIT
1239.78 1023 923 789.22 PIT
1236.63 1023 923 789.31 PIT
1233.48 1023 923 789.4 PIT
1230.34 1023 923 789.49 PIT
1227.2 1023 923 789.58 PIT
1224.07 1023 923 789.67 PIT
1220.94 1023 923 789.76 PIT
1217.82 1023 923 789.85 PIT
1214.71 1023 923 789.94 PIT
1211.6 1023 923 790.03 PIT
1208.5 1023 923 790.12 PIT
1205.41 1023 923 790.21 PIT
1202.32 1023 923 790.3 PIT
1199.24 1023 923 790.39 PIT
1196.16 1023 923 790.48 PIT
1193.1 1023 923 790.57 PIT
1190.04 1023 923 790.66 PIT
1186.98 1023 923 790.75 PIT
1183.93 1023 923 790.84 PIT
1180.89 1023 923 790.93 PIT
1177.86 1023 923 791.02 PIT
1174.84 1023 923 791.11 PIT
1171.82 1023 923 791.2 PIT
1168.81 1023 923 791.29 PIT
1165.8 1023 923 791.38 PIT
1162.81 1023 923 791.47 PIT
1159.82 1023 923 791.56 PIT
1156.84 1023 923 791.65 PIT
1153.87 1023 923 791.74 PIT
1150.91 1023 923 791.83 PIT
1147.95 1023 923 791.92 PIT
1145 1023 923 792.01 PIT
1142.07 1023 923 792.1 PIT
1139.14 1023 923 792.19 PIT
1136.21 1023 923 792.28 PIT
1133.3 1023 923 792.37 PIT
1130.4 1023 923 792.46 PIT
1127.5 1023 923 792.55 PIT
1124.61 1023 923 792.64 PIT
1121.74 1023 923 792.73 PIT
1118.87 1023 923 792.82 PIT
1116.01 1023 923 792.91 PIT
1113.16 1023 923 793 PIT
1110.32 1023 923 793.09 PIT
1107.49 1023 923 793.18 PIT
1104.67 1023 923 793.27 PIT
1101.86 1023 923 793.36 PIT
1099.05 1023 923 793.45 PIT
1096.26 1023 923 793.54 PIT
1093.48 1023 923 793.63 PIT
1090.71 1023 923 793.72 PIT
1087.95 1023 923 793.81 PIT
1085.2 1023 923 793.9 PIT
1082.46 1023 923 793.99 PIT
1079.73 1023 923 794.08 PIT
1077.01 1023 923 794.17 PIT
1074.3 1023 923 794.26 PIT
1071.6 1023 923 794.35 PIT
1068.91 1023 923 794.44 PIT
1066.23 1023 923 794.53 PIT
1063.57 1023 923 794.62 PIT
1060.91 1023 923 794.71 PIT
1058.27 1023 923 794.8 PIT
1055.64 1023 923 794.89 PIT
1053.02 1023 923 794.98 PIT
1050.41 1023 923 795.07 PIT
1047.81 1023 923 795.16 PIT
1045.23 1023 923 795.25 PIT
1042.65 1023 923 795.34 PIT
1040.09 1023 923 795.43 PIT
1037.54 1023 923 795.52 PIT
1035 1023 923 795.61 PIT
1032.48 1023 923 795.7 PIT
1029.96 1023 923 795.79 PIT
1027.46 1023 923 795.88 PIT
1024.97 1023 923 795.97 PIT
1022.5 1023 923 796.06 PIT
1020.04 1023 923 796.15 PIT
1017.58 1023 923 796.24 PIT
1015.15 1023 923 796.33 PIT
1012.72 1023 923 796.42 PIT
1010.31 1023 923 796.51 PIT
1007.91 1023 923 796.6 PIT
1005.53 1023 923 796.69 PIT
1003.16 1023 923 796.78 PIT
1000.8 1023 923 796.87 PIT
998.452 1023 923 796.96 PIT
996.121 1023 923 797.05 PIT
993.803 1023 923 797.14 PIT
991.5 1023 923 797.23 PIT
989.21 1023 923 797.32 PIT
986.934 1023 923 797.41 PIT
984.672 1023 923 797.5 PIT
982.425 1023 923 797.59 PIT
980.191 1023 923 797.68 PIT
977.973 1023 923 797.77 PIT
975.768 1023 923 797.86 PIT
973.578 1023 923 797.95 PIT
971.403 1023 923 798.04 PIT
969.243 1023 923 798.13 PIT
967.098 1023 923 798.22 PIT
964.967 1023 923 798.31 PIT
962.852 1023 923 798.4 PIT
960.751 1023 923 798.49 PIT
958.666 1023 923 798.58 PIT
956.597 1023 923 798.67 PIT
954.542 1023 923 798.76 PIT
952.504 1023 923 798.85 PIT
950.481 1023 923 798.94 PIT
948.473 1023 923 799.03 PIT
946.482 1023 923 799.12 PIT
944.506 1023 923 799.21 PIT
942.546 1023 923 799.3 PIT
940.603 1023 923 799.39 PIT
938.676 1023 923 799.48 PIT
936.765 1023 923 799.57 PIT
934.87 1023 923 799.66 PIT
932.992 1023 923 799.75 PIT
931.13 1023 923 799.84 PIT
929.286 1023 923 799.93 PIT
927.458 1023 923 800.02 PIT
925.646 1023 923 800.11 PIT
923.852 1023 923 800.2 PIT
922.074 1023 923 800.29 PIT
920.313 1023 923 800.38 PIT
918.569 1023 923 800.47 PIT
916.841 1023 923 800.56 PIT
915.13 1023 923 800.65 PIT
913.435 1023 923 800.74 PIT
911.757 1023 923 800.83 PIT
910.095 1023 923 800.92 PIT
908.45 1023 923 801.01 PIT
906.821 1023 923 801.1 PIT
905.208 1023 923 801.19 PIT
903.611 1023 923 801.28 PIT
902.031 1023 923 801.37 PIT
900.466 1023 923 801.46 PIT
898.918 1023 923 801.55 PIT
897.386 1023 923 801.64 PIT
895.87 1023 923 801.73 PIT
894.369 1023 923 801.82 PIT
892.885 1023 923 801.91 PIT
891.416 1023 923 802 PIT
889.963 1023 923 802.09 PIT
888.526 1023 923 802.18 PIT
887.105 1023 923 802.27 PIT
885.699 1023 923 802.36 PIT
884.309 1023 923 802.45 PIT
882.934 1023 923 802.54 PIT
881.575 1023 923 802.63 PIT
880.231 1023 923 802.72 PIT
878.903 1023 923 802.81 PIT
877.59 1023 923 802.9 PIT
876.292 1023 923 802.99 PIT
875.009 1023 923 803.08 PIT
873.742 1023 923 803.17 PIT
872.49 1023 923 803.26 PIT
871.253 1023 923 803.35 PIT
870.031 1023 923 803.44 PIT
868.824 1023 923 803.53 PIT
867.632 1023 923 803.62 PIT
866.455 1023 923 803.71 PIT
865.293 1023 923 803.8 PIT
864.146 1023 923 803.89 PIT
863.013 1023 923 803.98 PIT
861.896 1023 923 804.07 PIT
860.792 1023 923 804.16 PIT
859.704 1023 923 804.25 PIT
858.63 1023 923 804.34 PIT
857.571 1023 923 804.43 PIT
856.526 1023 923 804.52 PIT
855.495 1023 923 804.61 PIT
854.479 1023 923 804.7 PIT
853.477 1023 923 804.79 PIT
852.49 1023 923 804.88 PIT
851.516 1023 923 804.97 PIT
850.557 1023 923 805.06 PIT
849.612 1023 923 805.15 PIT
848.682 1023 923 805.24 PIT
847.765 1023 923 805.33 PIT
846.862 1023 923 805.42 PIT
845.973 1023 923 805.51 PIT
845.098 1023 923 805.6 PIT
844.237 1023 923 805.69 PIT
843.39 1023 923 805.78 PIT
842.557 1023 923 805.87 PIT
841.737 1023 923 805.96 PIT
840.931 1023 923 806.05 PIT
840.138 1023 923 806.14 PIT
839.359 1023 923 806.23 PIT
838.594 1023 923 806.32 PIT
837.842 1023 923 806.41 PIT
837.104 1023 923 806.5 PIT
836.378 1023 923 806.59 PIT
835.667 1023 923 806.68 PIT
834.968 1023 923 806.77 PIT
834.283 1023 923 806.86 PIT
833.611 1023 923 806.95 PIT
832.952 1023 923 807.04 PIT
832.306 1023 923 807.13 PIT
831.673 1023 923 807.22 PIT
831.053 1023 923 807.31 PIT
830.446 1023 923 807.4 PIT
829.852 1023 923 807.49 PIT
829.271 1023 923 807.58 PIT
828.703 1023 923 807.67 PIT
828.147 1023 923 807.76 PIT
827.604 1023 923 807.85 PIT
827.074 1023 923 807.94 PIT
826.556 1023 923 808.03 PIT
826.051 1023 923 808.12 PIT
825.558 1023 923 808.21 PIT
825.078 1023 923 808.3 PIT
824.61 1023 923 808.39 PIT
824.155 1023 923 808.48 PIT
823.712 1023 923 808.57 PIT
823.281 1023 923 808.66 PIT
822.863 1023 923 808.75 PIT
822.456 1023 923 808.84 PIT
822.062 1023 923 808.93 PIT
821.68 1023 923 809.02 PIT
821.31 1023 923 809.11 PIT
820.951 1023 923 809.2 PIT
820.605 1023 923 809.29 PIT
820.271 1023 923 809.38 PIT
819.948 1023 923 809.47 PIT
819.637 1023 923 809.56 PIT
819.338 1023 923 809.65 PIT
819.051 1023 923 809.74 PIT
818.775 1023 923 809.83 PIT
818.511 1023 923 809.92 PIT
818.259 1023 923 810.01 PIT
818.018 1023 923 810.1 PIT
817.788 1023 923 810.19 PIT
817.57 1023 923 810.28 PIT
817.363 1023 923 810.37 PIT
817.167 1023 923 810.46 PIT
816.983 1023 923 810.55 PIT
816.81 1023 923 810.64 PIT
816.648 1023 923 810.73 PIT
816.497 1023 923 810.82 PIT
816.357 1023 923 810.91 PIT
816.229 1023 923 811 PIT
816.111 1023 923 811.09 PIT
816.004 1023 923 811.18 PIT
815.908 1023 923 811.27 PIT
815.823 1023 923 811.36 PIT
815.748 1023 923 811.45 PIT
815.685 1023 923 811.54 PIT
815.632 1023 923 811.63 PIT
815.589 1023 923 811.72 PIT
815.558 1023 923 811.81 PIT
815.536 1023 923 811.9 PIT
815.526 1023 923 811.99 PIT
815.525 1023 923 812.08 PIT
815.535 1023 923 812.17 PIT
815.556 1023 923 812.26 PIT
815.586 1023 923 812.35 PIT
815.627 1023 923 812.44 PIT
815.679 1023 923 812.53 PIT
815.74 1023 923 812.62 PIT
815.811 1023 923 812.71 PIT
815.893 1023 923 812.8 PIT
815.984 1023 923 812.89 PIT
816.085 1023 923 812.98 PIT
816.197 1023 923 813.07 PIT
816.318 1023 923 813.16 PIT
816.449 1023 923 813.25 PIT
816.59 1023 923 813.34 PIT
816.74 1023 923 813.43 PIT
816.9 1023 923 813.52 PIT
817.07 1023 923 813.61 PIT
817.249 1023 923 813.7 PIT
817.438 1023 923 813.79 PIT
817.637 1023 923 813.88 PIT
817.844 1023 923 813.97 PIT
818.061 1023 923 814.06 PIT
818.288 1023 923 814.15 PIT
818.524 1023 923 814.24 PIT
818.769 1023 923 814.33 PIT
819.023 1023 923 814.42 PIT
819.286 1023 923 814.51 PIT
819.558 1023 923 814.6 PIT
819.84 1023 923 814.69 PIT
820.13 1023 923 814.78 PIT
820.429 1023 923 814.87 PIT
820.738 1023 923 814.96 PIT
821.055 1023 923 815.05 PIT
821.381 1023 923 815.14 PIT
821.715 1023 923 815.23 PIT
822.059 1023 923 815.32 PIT
822.411 1023 923 815.41 PIT
822.771 1023 923 815.5 PIT
823.141 1023 923 815.59 PIT
823.518 1023 923 815.68 PIT
823.904 1023 923 815.77 PIT
824.299 1023 923 815.86 PIT
824.702 1023 923 815.95 PIT
825.113 1023 923 816.04 PIT
825.533 1023 923 816.13 PIT
825.96 1023 923 816.22 PIT
826.396 1023 923 816.31 PIT
826.84 1023 923 816.4 PIT
827.292 1023 923 816.49 PIT
827.753 1023 923 816.58 PIT
828.221 1023 923 816.67 PIT
828.697 1023 923 816.76 PIT
829.181 1023 923 816.85 PIT
829.672 1023 923 816.94 PIT
830.172 1023 923 817.03 PIT
830.679 1023 923 817.12 PIT
831.194 1023 923 817.21 PIT
831.717 1023 923 817.3 PIT
832.247 1023 923 817.39 PIT
832.785 1023 923 817.48 PIT
833.33 1023 923 817.57 PIT
833.883 1023 923 817.66 PIT
834.443 1023 923 817.75 PIT
835.011 1023 923 817.84 PIT
835.586 1023 923 817.93 PIT
836.168 1023 923 818.02 PIT
836.757 1023 923 818.11 PIT
837.353 1023 923 818.2 PIT
837.957 1023 923 818.29 PIT
838.568 1023 923 818.38 PIT
839.185 1023 923 818.47 PIT
839.81 1023 923 818.56 PIT
840.441 1023 923 818.65 PIT
841.08 1023 923 818.74 PIT
841.725 1023 923 818.83 PIT
842.377 1023 923 818.92 PIT
843.036 1023 923 819.01 PIT
843.701 1023 923 819.1 PIT
844.373 1023 923 819.19 PIT
845.052 1023 923 819.28 PIT
845.737 1023 923 819.37 PIT
846.429 1023 923 819.46 PIT
847.127 1023 923 819.55 PIT
847.831 1023 923 819.64 PIT
848.542 1023 923 819.73 PIT
849.259 1023 923 819.82 PIT
849.983 1023 923 819.91 PIT
850.712 1023 923 820 PIT
851.448 1023 923 820.09 PIT
852.19 1023 923 820.18 PIT
852.938 1023 923 820.27 PIT
853.692 1023 923 820.36 PIT
854.451 1023 923 820.45 PIT
855.217 1023 923 820.54 PIT
855.989 1023 923 820.63 PIT
856.766 1023 923 820.72 PIT
857.549 1023 923 820.81 PIT
858.338 1023 923 820.9 PIT
859.133 1023 923 820.99 PIT
859.933 1023 923 821.08 PIT
860.739 1023 923 821.17 PIT
861.55 1023 923 821.26 PIT
862.367 1023 923 821.35 PIT
863.189 1023 923 821.44 PIT
864.017 1023 923 821.53 PIT
864.85 1023 923 821.62 PIT
865.688 1023 923 821.71 PIT
866.532 1023 923 821.8 PIT
867.38 1023 923 821.89 PIT
868.234 1023 923 821.98 PIT
869.093 1023 923 822.07 PIT
869.957 1023 923 822.16 PIT
870.826 1023 923 822.25 PIT
871.7 1023 923 822.34 PIT
872.578 1023 923 822.43 PIT
873.462 1023 923 822.52 PIT
874.35 1023 923 822.61 PIT
875.244 1023 923 822.7 PIT
876.141 1023 923 822.79 PIT
877.044 1023 923 822.88 PIT
877.951 1023 923 822.97 PIT
878.863 1023 923 823.06 PIT
879.779 1023 923 823.15 PIT
880.7 1023 923 823.24 PIT
881.625 1023 923 823.33 PIT
882.554 1023 923 823.42 PIT
883.488 1023 923 823.51 PIT
884.426 1023 923 823.6 PIT
885.369 1023 923 823.69 PIT
886.315 1023 923 823.78 PIT
887.266 1023 923 823.87 PIT
888.22 1023 923 823.96 PIT
889.179 1023 923 824.05 PIT
890.142 1023 923 824.14 PIT
891.108 1023 923 824.23 PIT
892.079 1023 923 824.32 PIT
893.053 1023 923 824.41 PIT
894.031 1023 923 824.5 PIT
895.013 1023 923 824.59 PIT
895.999 1023 923 824.68 PIT
896.988 1023 923 824.77 PIT
897.981 1023 923 824.86 PIT
898.977 1023 923 824.95 PIT
899.977 1023 923 825.04 PIT
900.981 1023 923 825.13 PIT
901.987 1023 923 825.22 PIT
902.997 1023 923 825.31 PIT
904.011 1023 923 825.4 PIT
905.028 1023 923 825.49 PIT
906.047 1023 923 825.58 PIT
907.071 1023 923 825.67 PIT
908.097 1023 923 825.76 PIT
909.126 1023 923 825.85 PIT
910.158 1023 923 825.94 PIT
911.193 1023 923 826.03 PIT
912.232 1023 923 826.12 PIT
913.273 1023 923 826.21 PIT
914.317 1023 923 826.3 PIT
915.363 1023 923 826.39 PIT
916.413 1023 923 826.48 PIT
917.465 1023 923 826.57 PIT
918.519 1023 923 826.66 PIT
919.577 1023 923 826.75 PIT
920.637 1023 923 826.84 PIT
921.699 1023 923 826.93 PIT
922.764 1023 923 827.02 PIT
923.831 1023 923 827.11 PIT
924.9 1023 923 827.2 PIT
925.972 1023 923 827.29 PIT
927.046 1023 923 827.38 PIT
928.122 1023 923 827.47 PIT
929.201 1023 923 827.56 PIT
930.281 1023 923 827.65 PIT
931.364 1023 923 827.74 PIT
932.449 1023 923 827.83 PIT
933.535 1023 923 827.92 PIT
934.624 1023 923 828.01 PIT
935.714 1023 923 828.1 PIT
936.806 1023 923 828.19 PIT
937.9 1023 923 828.28 PIT
938.996 1023 923 828.37 PIT
940.093 1023 923 828.46 PIT
941.192 1023 923 828.55 PIT
942.292 1023 923 828.64 PIT
943.394 1023 923 828.73 PIT
944.498 1023 923 828.82 PIT
945.603 1023 923 828.91 PIT
946.709 1023 923 829 PIT
947.817 1023 923 829.09 PIT
948.926 1023 923 829.18 PIT
950.036 1023 923 829.27 PIT
951.147 1023 923 829.36 PIT
952.26 1023 923 829.45 PIT
953.374 1023 923 829.54 PIT
954.488 1023 923 829.63 PIT
955.604 1023 923 829.72 PIT
956.721 1023 923 829.81 PIT
957.838 1023 923 829.9 PIT
958.956 1023 923 829.99 PIT
960.076 1023 923 830.08 PIT
961.196 1023 923 830.17 PIT
962.316 1023 923 830.26 PIT
963.438 1023 923 830.35 PIT
964.559 1023 923 830.44 PIT
965.682 1023 923 830.53 PIT
966.805 1023 923 830.62 PIT
967.928 1023 923 830.71 PIT
969.052 1023 923 830.8 PIT
970.177 1023 923 830.89 PIT
971.301 1023 923 830.98 PIT
972.426 1023 923 831.07 PIT
973.551 1023 923 831.16 PIT
974.676 1023 923 831.25 PIT
975.802 1023 923 831.34 PIT
976.927 1023 923 831.43 PIT
978.053 1023 923 831.52 PIT
979.178 1023 923 831.61 PIT
980.304 1023 923 831.7 PIT
981.429 1023 923 831.79 PIT
982.554 1023 923 831.88 PIT
983.679 1023 923 831.97 PIT
984.804 1023 923 832.06 PIT
985.929 1023 923 832.15 PIT
987.053 1023 923 832.24 PIT
988.176 1023 923 832.33 PIT
989.3 1023 923 832.42 PIT
990.422 1023 923 832.51 PIT
991.544 1023 923 832.6 PIT
992.666 1023 923 832.69 PIT
993.787 1023 923 832.78 PIT
994.907 1023 923 832.87 PIT
996.027 1023 923 832.96 PIT
997.146 1023 923 833.05 PIT
998.264 1023 923 833.14 PIT
999.381 1023 923 833.23 PIT
1000.5 1023 923 833.32 PIT
1001.61 1023 923 833.41 PIT
1002.73 1023 923 833.5 PIT
1003.84 1023 923 833.59 PIT
1004.95 1023 923 833.68 PIT
1006.06 1023 923 833.77 PIT
1007.17 1023 923 833.86 PIT
1008.28 1023 923 833.95 PIT
1009.39 1023 923 834.04 PIT
1010.49 1023 923 834.13 PIT
1011.6 1023 923 834.22 PIT
1012.7 1023 923 834.31 PIT
1013.8 1023 923 834.4 PIT
1014.9 1023 923 834.49 PIT
1016 1023 923 834.58 PIT
1017.09 1023 923 834.67 PIT
1018.19 1023 923 834.76 PIT
1019.28 1023 923 834.85 PIT
1020.37 1023 923 834.94 PIT
1021.46 1023 923 835.03 PIT
1022.55 1023 923 835.12 PIT
1023.64 1023 923 835.21 PIT
1024.72 1023 923 835.3 PIT
1025.8 1023 923 835.39 PIT
1026.88 1023 923 835.48 PIT
1027.96 1023 923 835.57 PIT
1029.03 1023 923 835.66 PIT
1030.11 1023 923 835.75 PIT
1031.18 1023 923 835.84 PIT
1032.24 1023 923 835.93 PIT
1033.31 1023 923 836.02 PIT
1034.37 1023 923 836.11 PIT
1035.43 1023 923 836.2 PIT
1036.49 1023 923 836.29 PIT
1037.55 1023 923 836.38 PIT
1038.6 1023 923 836.47 PIT
1039.65 1023 923 836.56 PIT
1040.7 1023 923 836.65 PIT
1041.75 1023 923 836.74 PIT
1042.79 1023 923 836.83 PIT
1043.83 1023 923 836.92 PIT
1044.86 1023 923 837.01 PIT
1045.9 1023 923 837.1 PIT
1046.93 1023 923 837.19 PIT
1047.96 1023 923 837.28 PIT
1048.98 1023 923 837.37 PIT
1050 1023 923 837.46 PIT
1051.02 1023 923 837.55 PIT
1052.04 1023 923 837.64 PIT
1053.05 1023 923 837.73 PIT
1054.06 1023 923 837.82 PIT
1055.06 1023 923 837.91 PIT
1056.06 1023 923 838 PIT
1057.06 1023 923 838.09 PIT
1058.05 1023 923 838.18 PIT
1059.05 1023 923 838.27 PIT
1060.03 1023 923 838.36 PIT
1061.02 1023 923 838.45 PIT
1062 1023 923 838.54 PIT
1062.97 1023 923 838.63 PIT
1063.94 1023 923 838.72 PIT
1064.91 1023 923 838.81 PIT
1065.88 1023 923 838.9 PIT
1066.84 1023 923 838.99 PIT
1067.79 1023 923 839.08 PIT
1068.75 1023 923 839.17 PIT
1069.7 1023 923 839.26 PIT
1070.64 1023 923 839.35 PIT
1071.58 1023 923 839.44 PIT
1072.52 1023 923 839.53 PIT
1073.45 1023 923 839.62 PIT
1074.37 1023 923 839.71 PIT
1075.3 1023 923 839.8 PIT
1076.22 1023 923 839.89 PIT
1077.13 1023 923 839.98 PIT
1078.04 1023 923 840.07 PIT
1078.94 1023 923 840.16 PIT
1079.84 1023 923 840.25 PIT
1080.74 1023 923 840.34 PIT
1081.63 1023 923 840.43 PIT
1082.52 1023 923 840.52 PIT
1083.4 1023 923 840.61 PIT
1084.28 1023 923 840.7 PIT
1085.15 1023 923 840.79 PIT
1086.02 1023 923 840.88 PIT
1086.88 1023 923 840.97 PIT
1087.74 1023 923 841.06 PIT
1088.6 1023 923 841.15 PIT
1089.45 1023 923 841.24 PIT
1090.3 1023 923 841.33 PIT
1091.14 1023 923 841.42 PIT
1091.98 1023 923 841.51 PIT
1092.81 1023 923 841.6 PIT
1093.64 1023 923 841.69 PIT
1094.47 1023 923 841.78 PIT
1095.29 1023 923 841.87 PIT
1096.1 1023 923 841.96 PIT
1096.92 1023 923 842.05 PIT
1097.72 1023 923 842.14 PIT
1098.53 1023 923 842.23 PIT
1099.33 1023 923 842.32 PIT
1100.12 1023 923 842.41 PIT
1100.91 1023 923 842.5 PIT
1101.7 1023 923 842.59 PIT
1102.48 1023 923 842.68 PIT
1103.26 1023 923 842.77 PIT
1104.04 1023 923 842.86 PIT
1104.81 1023 923 842.95 PIT
1105.57 1023 923 843.04 PIT
1106.33 1023 923 843.13 PIT
1107.09 1023 923 843.22 PIT
1107.85 1023 923 843.31 PIT
1108.6 1023 923 843.4 PIT
1109.34 1023 923 843.49 PIT
1110.08 1023 923 843.58 PIT
1110.82 1023 923 843.67 PIT
1111.55 1023 923 843.76 PIT
1112.28 1023 923 843.85 PIT
1113.01 1023 923 843.94 PIT
1113.73 1023 923 844.03 PIT
1114.45 1023 923 844.12 PIT
1115.16 1023 923 844.21 PIT
1115.87 1023 923 844.3 PIT
1116.57 1023 923 844.39 PIT
1117.27 1023 923 844.48 PIT
1117.97 1023 923 844.57 PIT
1118.67 1023 923 844.66 PIT
1119.36 1023 923 844.75 PIT
1120.04 1023 923 844.84 PIT
1120.72 1023 923 844.93 PIT
1121.4 1023 923 845.02 PIT
1122.08 1023 923 845.11 PIT
1122.75 1023 923 845.2 PIT
1123.41 1023 923 845.29 PIT
1124.07 1023 923 845.38 PIT
1124.73 1023 923 845.47 PIT
1125.39 1023 923 845.56 PIT
1126.04 1023 923 845.65 PIT
1126.69 1023 923 845.74 PIT
1127.33 1023 923 845.83 PIT
1127.97 1023 923 845.92 PIT
1128.61 1023 923 846.01 PIT
1129.24 1023 923 846.1 PIT
1129.87 1023 923 846.19 PIT
1130.49 1023 923 846.28 PIT
1131.11 1023 923 846.37 PIT
1131.73 1023 923 846.46 PIT
1132.35 1023 923 846.55 PIT
1132.96 1023 923 846.64 PIT
1133.56 1023 923 846.73 PIT
1134.17 1023 923 846.82 PIT
1134.77 1023 923 846.91 PIT
1135.36 1023 923 847 PIT
1135.95 1023 923 847.09 PIT
1136.54 1023 923 847.18 PIT
1137.13 1023 923 847.27 PIT
1137.71 1023 923 847.36 PIT
1138.29 1023 923 847.45 PIT
1138.86 1023 923 847.54 PIT
1139.43 1023 923 847.63 PIT
1140 1023 923 847.72 PIT
1140.57 1023 923 847.81 PIT
1141.13 1023 923 847.9 PIT
1141.68 1023 923 847.99 PIT
1142.24 1023 923 848.08 PIT
1142.79 1023 923 848.17 PIT
1143.34 1023 923 848.26 PIT
1143.88 1023 923 848.35 PIT
1144.42 1023 923 848.44 PIT
1144.96 1023 923 848.53 PIT
1145.49 1023 923 848.62 PIT
1146.02 1023 923 848.71 PIT
1146.55 1023 923 848.8 PIT
1147.07 1023 923 848.89 PIT
1147.59 1023 923 848.98 PIT
1148.11 1023 923 849.07 PIT
1148.62 1023 923 849.16 PIT
1149.13 1023 923 849.25 PIT
1149.64 1023 923 849.34 PIT
1150.14 1023 923 849.43 PIT
1150.64 1023 923 849.52 PIT
1151.14 1023 923 849.61 PIT
1151.63 1023 923 849.7 PIT
1152.12 1023 923 849.79 PIT
1152.61 1023 923 849.88 PIT
1153.09 1023 923 849.97 PIT
1153.57 1023 923 850.06 PIT
1154.05 1023 923 850.15 PIT
1154.53 1023 923 850.24 PIT
1155 1023 923 850.33 PIT
1155.47 1023 923 850.42 PIT
1155.93 1023 923 850.51 PIT
1156.39 1023 923 850.6 PIT
1156.85 1023 923 850.69 PIT
1157.31 1023 923 850.78 PIT
1157.76 1023 923 850.87 PIT
1158.21 1023 923 850.96 PIT
1158.66 1023 923 851.05 PIT
1159.1 1023 923 851.14 PIT
1159.54 1023 923 851.23 PIT
1159.98 1023 923 851.32 PIT
1160.42 1023 923 851.41 PIT
1160.85 1023 923 851.5 PIT
1161.28 1023 923 851.59 PIT
1161.7 1023 923 851.68 PIT
1162.13 1023 923 851.77 PIT
1162.55 1023 923 851.86 PIT
1162.96 1023 923 851.95 PIT
1163.38 1023 923 852.04 PIT
1163.79 1023 923 852.13 PIT
1164.2 1023 923 852.22 PIT
1164.6 1023 923 852.31 PIT
1165.01 1023 923 852.4 PIT
1165.41 1023 923 852.49 PIT
1165.8 1023 923 852.58 PIT
1166.2 1023 923 852.67 PIT
1166.59 1023 923 852.76 PIT
1166.98 1023 923 852.85 PIT
1167.36 1023 923 852.94 PIT
1167.75 1023 923 853.03 PIT
1168.13 1023 923 853.12 PIT
1168.51 1023 923 853.21 PIT
1168.88 1023 923 853.3 PIT
1169.25 1023 923 853.39 PIT
1169.62 1023 923 853.48 PIT
1169.99 1023 923 853.57 PIT
1170.35 1023 923 853.66 PIT
1170.71 1023 923 853.75 PIT
1171.07 1023 923 853.84 PIT
1171.43 1023 923 853.93 PIT
1171.78 1023 923 854.02 PIT
1172.13 1023 923 854.11 PIT
1172.48 1023 923 854.2 PIT
1172.83 1023 923 854.29 PIT
1173.17 1023 923 854.38 PIT
1173.51 1023 923 854.47 PIT
1173.85 1023 923 854.56 PIT
1174.19 1023 923 854.65 PIT
1174.52 1023 923 854.74 PIT
1174.85 1023 923 854.83 PIT
1175.18 1023 923 854.92 PIT
1175.5 1023 923 855.01 PIT
1175.83 1023 923 855.1 PIT
1176.15 1023 923 855.19 PIT
1176.46 1023 923 855.28 PIT
1176.78 1023 923 855.37 PIT
1177.09 1023 923 855.46 PIT
1177.4 1023 923 855.55 PIT
1177.71 1023 923 855.64 PIT
1178.02 1023 923 855.73 PIT
1178.32 1023 923 855.82 PIT
1178.62 1023 923 855.91 PIT
1178.92 1023 923 856 PIT
1179.22 1023 923 856.09 PIT
1179.51 1023 923 856.18 PIT
1179.8 1023 923 856.27 PIT
1180.09 1023 923 856.36 PIT
1180.38 1023 923 856.45 PIT
1180.67 1023 923 856.54 PIT
1180.95 1023 923 856.63 PIT
1181.23 1023 923 856.72 PIT
1181.51 1023 923 856.81 PIT
1181.78 1023 923 856.9 PIT
1182.06 1023 923 856.99 PIT
1182.33 1023 923 857.08 PIT
1182.6 1023 923 857.17 PIT
1182.87 1023 923 857.26 PIT
1183.13 1023 923 857.35 PIT
1183.39 1023 923 857.44 PIT
1183.65 1023 923 857.53 PIT
1183.91 1023 923 857.62 PIT
1184.17 1023 923 857.71 PIT
1184.42 1023 923 857.8 PIT
1184.68 1023 923 857.89 PIT
1184.93 1023 923 857.98 PIT
1185.17 1023 923 858.07 PIT
1185.42 1023 923 858.16 PIT
1185.66 1023 923 858.25 PIT
1185.91 1023 923 858.34 PIT
1186.15 1023 923 858.43 PIT
1186.38 1023 923 858.52 PIT
1186.62 1023 923 858.61 PIT
1186.85 1023 923 858.7 PIT
1187.09 1023 923 858.79 PIT
1187.32 1023 923 858.88 PIT
1187.54 1023 923 858.97 PIT
1187.77 1023 923 859.06 PIT
1187.99 1023 923 859.15 PIT
1188.22 1023 923 859.24 PIT
1188.44 1023 923 859.33 PIT
1188.66 1023 923 859.42 PIT
1188.87 1023 923 859.51 PIT
1189.09 1023 923 859.6 PIT
1189.3 1023 923 859.69 PIT
1189.51 1023 923 859.78 PIT
1189.72 1023 923 859.87 PIT
1189.93 1023 923 859.96 PIT
1190.13 1023 923 860.05 PIT
1190.34 1023 923 860.14 PIT
1190.54 1023 923 860.23 PIT
1190.74 1023 923 860.32 PIT
1190.94 1023 923 860.41 PIT
1191.14 1023 923 860.5 PIT
1191.33 1023 923 860.59 PIT
1191.52 1023 923 860.68 PIT
1191.72 1023 923 860.77 PIT
1191.91 1023 923 860.86 PIT
1192.09 1023 923 860.95 PIT
1192.28 1023 923 861.04 PIT
1192.47 1023 923 861.13 PIT
1192.65 1023 923 861.22 PIT
1192.83 1023 923 861.31 PIT
1193.01 1023 923 861.4 PIT
1193.19 1023 923 861.49 PIT
1193.37 1023 923 861.58 PIT
1193.54 1023 923 861.67 PIT
1193.72 1023 923 861.76 PIT
1193.89 1023 923 861.85 PIT
1194.06 1023 923 861.94 PIT
1194.23 1023 923 862.03 PIT
1194.4 1023 923 862.12 PIT
1194.56 1023 923 862.21 PIT
1194.73 1023 923 862.3 PIT
1194.89 1023 923 862.39 PIT
1195.05 1023 923 862.48 PIT
1195.21 1023 923 862.57 PIT
1195.37 1023 923 862.66 PIT
1195.53 1023 923 862.75 PIT
1195.68 1023 923 862.84 PIT
1195.84 1023 923 862.93 PIT
1195.99 1023 923 863.02 PIT
1196.14 1023 923 863.11 PIT
1196.3 1023 923 863.2 PIT
1196.44 1023 923 863.29 PIT
1196.59 1023 923 863.38 PIT
1196.74 1023 923 863.47 PIT
1196.88 1023 923 863.56 PIT
1197.03 1023 923 863.65 PIT
1197.17 1023 923 863.74 PIT
1197.31 1023 923 863.83 PIT
1197.45 1023 923 863.92 PIT
1197.59 1023 923 864.01 PIT
1197.73 1023 923 864.1 PIT
1197.86 1023 923 864.19 PIT
1198 1023 923 864.28 PIT
1198.13 1023 923 864.37 PIT
1198.27 1023 923 864.46 PIT
1198.4 1023 923 864.55 PIT
1198.53 1023 923 864.64 PIT
1198.66 1023 923 864.73 PIT
1198.79 1023 923 864.82 PIT
1198.91 1023 923 864.91 PIT
1199.04 1023 923 865 PIT
1199.16 1023 923 865.09 PIT
1199.29 1023 923 865.18 PIT
1199.41 1023 923 865.27 PIT
1199.53 1023 923 865.36 PIT
1199.65 1023 923 865.45 PIT
1199.77 1023 923 865.54 PIT
1199.89 1023 923 865.63 PIT
1200.01 1023 923 865.72 PIT
1200.12 1023 923 865.81 PIT
1200.24 1023 923 865.9 PIT
1200.35 1023 923 865.99 PIT
1200.47 1023 923 866.08 PIT
1200.58 1023 923 866.17 PIT
1200.69 1023 923 866.26 PIT
1200.8 1023 923 866.35 PIT
1200.91 1023 923 866.44 PIT
1201.02 1023 923 866.53 PIT
1201.13 1023 923 866.62 PIT
1201.24 1023 923 866.71 PIT
1201.34 1023 923 866.8 PIT
1201.45 1023 923 866.89 PIT
1201.55 1023 923 866.98 PIT
1201.65 1023 923 867.07 PIT
1201.76 1023 923 867.16 PIT
1201.86 1023 923 867.25 PIT
1201.96 1023 923 867.34 PIT
1202.06 1023 923 867.43 PIT
1202.16 1023 923 867.52 PIT
1202.26 1023 923 867.61 PIT
1202.36 1023 923 867.7 PIT
1202.46 1023 923 867.79 PIT
1202.55 1023 923 867.88 PIT
1202.65 1023 923 867.97 PIT
1202.74 1023 923 868.06 PIT
1202.84 1023 923 868.15 PIT
1202.93 1023 923 868.24 PIT
1203.03 1023 923 868.33 PIT
1203.12 1023 923 868.42 PIT
1203.21 1023 923 868.51 PIT
1203.3 1023 923 868.6 PIT
1203.39 1023 923 868.69 PIT
1203.48 1023 923 868.78 PIT
1203.57 1023 923 868.87 PIT
1203.66 1023 923 868.96 PIT
1203.75 1023 923 869.05 PIT
1203.84 1023 923 869.14 PIT
1203.93 1023 923 869.23 PIT
1204.01 1023 923 869.32 PIT
1204.1 1023 923 869.41 PIT
1204.18 1023 923 869.5 PIT
1204.27 1023 923 869.59 PIT
1204.35 1023 923 869.68 PIT
1204.44 1023 923 869.77 PIT
1204.52 1023 923 869.86 PIT
1204.61 1023 923 869.95 PIT
1204.69 1023 923 870.04 PIT
1204.77 1023 923 870.13 PIT
1204.86 1023 923 870.22 PIT
1204.94 1023 923 870.31 PIT
1205.02 1023 923 870.4 PIT
1205.1 1023 923 870.49 PIT
1205.18 1023 923 870.58 PIT
1205.26 1023 923 870.67 PIT
1205.34 1023 923 870.76 PIT
1205.42 1023 923 870.85 PIT
1205.5 1023 923 870.94 PIT
1205.58 1023 923 871.03 PIT
1205.66 1023 923 871.12 PIT
1205.74 1023 923 871.21 PIT
1205.82 1023 923 871.3 PIT
1205.9 1023 923 871.39 PIT
1205.97 1023 923 871.48 PIT
1206.05 1023 923 871.57 PIT
1206.13 1023 923 871.66 PIT
1206.21 1023 923 871.75 PIT
1206.28 1023 923 871.84 PIT
1206.36 1023 923 871.93 PIT
1206.44 1023 923 872.02 PIT
1206.52 1023 923 872.11 PIT
1206.59 1023 923 872.2 PIT
1206.67 1023 923 872.29 PIT
1206.75 1023 923 872.38 PIT
1206.82 1023 923 872.47 PIT
1206.9 1023 923 872.56 PIT
1206.98 1023 923 872.65 PIT
1207.05 1023 923 872.74 PIT
1207.13 1023 923 872.83 PIT
1207.2 1023 923 872.92 PIT
1207.28 1023 923 873.01 PIT
1207.36 1023 923 873.1 PIT
1207.43 1023 923 873.19 PIT
1207.51 1023 923 873.28 PIT
1207.59 1023 923 873.37 PIT
1207.66 1023 923 873.46 PIT
1207.74 1023 923 873.55 PIT
1207.82 1023 923 873.64 PIT
1207.89 1023 923 873.73 PIT
1207.97 1023 923 873.82 PIT
1208.05 1023 923 873.91 PIT
1208.12 1023 923 874 PIT
1208.2 1023 923 874.09 PIT
1208.28 1023 923 874.18 PIT
1208.35 1023 923 874.27 PIT
1208.43 1023 923 874.36 PIT
1208.51 1023 923 874.45 PIT
1208.59 1023 923 874.54 PIT
1208.67 1023 923 874.63 PIT
1208.74 1023 923 874.72 PIT
1208.82 1023 923 874.81 PIT
1208.9 1023 923 874.9 PIT
1208.98 1023 923 874.99 PIT
1209.06 1023 923 875.08 PIT
1209.14 1023 923 875.17 PIT
1209.22 1023 923 875.26 PIT
1209.3 1023 923 875.35 PIT
1209.38 1023 923 875.44 PIT
1209.46 1023 923 875.53 PIT
1209.54 1023 923 875.62 PIT
1209.63 1023 923 875.71 PIT
1209.71 1023 923 875.8 PIT
1209.79 1023 923 875.89 PIT
1209.87 1023 923 875.98 PIT
1209.96 1023 923 876.07 PIT
1210.04 1023 923 876.16 PIT
1210.12 1023 923 876.25 PIT
1210.21 1023 923 876.34 PIT
1210.29 1023 923 876.43 PIT
1210.38 1023 923 876.52 PIT
1210.47 1023 923 876.61 PIT
1210.55 1023 923 876.7 PIT
1210.64 1023 923 876.79 PIT
1210.73 1023 923 876.88 PIT
1210.81 1023 923 876.97 PIT
1210.9 1023 923 877.06 PIT
1210.99 1023 923 877.15 PIT
1211.08 1023 923 877.24 PIT
1211.17 1023 923 877.33 PIT
1211.26 1023 923 877.42 PIT
1211.35 1023 923 877.51 PIT
1211.45 1023 923 877.6 PIT
1211.54 1023 923 877.69 PIT
1211.63 1023 923 877.78 PIT
1211.73 1023 923 877.87 PIT
1211.82 1023 923 877.96 PIT
1211.92 1023 923 878.05 PIT
1212.01 1023 923 878.14 PIT
1212.11 1023 923 878.23 PIT
1212.21 1023 923 878.32 PIT
1212.31 1023 923 878.41 PIT
1212.41 1023 923 878.5 PIT
1212.5 1023 923 878.59 PIT
1212.61 1023 923 878.68 PIT
1212.71 1023 923 878.77 PIT
1212.81 1023 923 878.86 PIT
1212.91 1023 923 878.95 PIT
1213.02 1023 923 879.04 PIT
1213.12 1023 923 879.13 PIT
1213.23 1023 923 879.22 PIT
1213.33 1023 923 879.31 PIT
1213.44 1023 923 879.4 PIT
1213.55 1023 923 879.49 PIT
1213.66 1023 923 879.58 PIT
1213.77 1023 923 879.67 PIT
1213.88 1023 923 879.76 PIT
1213.99 1023 923 879.85 PIT
1214.1 1023 923 879.94 PIT
1214.22 1023 923 880.03 PIT
1214.33 1023 923 880.12 PIT
1214.45 1023 923 880.21 PIT
1214.56 1023 923 880.3 PIT
1214.68 1023 923 880.39 PIT
1214.8 1023 923 880.48 PIT
1214.92 1023 923 880.57 PIT
1215.04 1023 923 880.66 PIT
1215.16 1023 923 880.75 PIT
1215.28 1023 923 880.84 PIT
1215.4 1023 923 880.93 PIT
1215.53 1023 923 881.02 PIT
1215.65 1023 923 881.11 PIT
1215.78 1023 923 881.2 PIT
1215.91 1023 923 881.29 PIT
1216.03 1023 923 881.38 PIT
1216.16 1023 923 881.47 PIT
1216.29 1023 923 881.56 PIT
1216.42 1023 923 881.65 PIT
1216.55 1023 923 881.74 PIT
1216.69 1023 923 881.83 PIT
1216.82 1023 923 881.92 PIT
1216.95 1023 923 882.01 PIT
1217.09 1023 923 882.1 PIT
1217.22 1023 923 882.19 PIT
1217.36 1023 923 882.28 PIT
1217.5 1023 923 882.37 PIT
1217.64 1023 923 882.46 PIT
1217.78 1023 923 882.55 PIT
1217.92 1023 923 882.64 PIT
1218.06 1023 923 882.73 PIT
1218.2 1023 923 882.82 PIT
1218.34 1023 923 882.91 PIT
1218.49 1023 923 883 PIT
1218.63 1023 923 883.09 PIT
1218.78 1023 923 883.18 PIT
1218.92 1023 923 883.27 PIT
1219.07 1023 923 883.36 PIT
1219.22 1023 923 883.45 PIT
1219.37 1023 923 883.54 PIT
1219.52 1023 923 883.63 PIT
1219.67 1023 923 883.72 PIT
1219.82 1023 923 883.81 PIT
1219.97 1023 923 883.9 PIT
1220.13 1023 923 883.99 PIT
1220.28 1023 923 884.08 PIT
1220.43 1023 923 884.17 PIT
1220.59 1023 923 884.26 PIT
1220.75 1023 923 884.35 PIT
1220.9 1023 923 884.44 PIT
1221.06 1023 923 884.53 PIT
1221.22 1023 923 884.62 PIT
1221.38 1023 923 884.71 PIT
1221.54 1023 923 884.8 PIT
1221.7 1023 923 884.89 PIT
1221.86 1023 923 884.98 PIT
1222.03 1023 923 885.07 PIT
1222.19 1023 923 885.16 PIT
1222.35 1023 923 885.25 PIT
1222.52 1023 923 885.34 PIT
1222.69 1023 923 885.43 PIT
1222.85 1023 923 885.52 PIT
1223.02 1023 923 885.61 PIT
1223.19 1023 923 885.7 PIT
1223.36 1023 923 885.79 PIT
1223.53 1023 923 885.88 PIT
1223.7 1023 923 885.97 PIT
1223.87 1023 923 886.06 PIT
1224.04 1023 923 886.15 PIT
1224.21 1023 923 886.24 PIT
1224.39 1023 923 886.33 PIT
1224.56 1023 923 886.42 PIT
1224.74 1023 923 886.51 PIT
1224.91 1023 923 886.6 PIT
1225.09 1023 923 886.69 PIT
1225.27 1023 923 886.78 PIT
1225.44 1023 923 886.87 PIT
1225.62 1023 923 886.96 PIT
1225.8 1023 923 887.05 PIT
1225.98 1023 923 887.14 PIT
1226.16 1023 923 887.23 PIT
1226.35 1023 923 887.32 PIT
1226.53 1023 923 887.41 PIT
1226.71 1023 923 887.5 PIT
1226.89 1023 923 887.59 PIT
1227.08 1023 923 887.68 PIT
1227.26 1023 923 887.77 PIT
1227.45 1023 923 887.86 PIT
1227.64 1023 923 887.95 PIT
1227.82 1023 923 888.04 PIT
1228.01 1023 923 888.13 PIT
1228.2 1023 923 888.22 PIT
1228.39 1023 923 888.31 PIT
1228.58 1023 923 888.4 PIT
1228.77 1023 923 888.49 PIT
1228.96 1023 923 888.58 PIT
1229.15 1023 923 888.67 PIT
1229.35 1023 923 888.76 PIT
1229.54 1023 923 888.85 PIT
1229.73 1023 923 888.94 PIT
1229.93 1023 923 889.03 PIT
1230.12 1023 923 889.12 PIT
1230.32 1023 923 889.21 PIT
1230.52 1023 923 889.3 PIT
1230.71 1023 923 889.39 PIT
1230.91 1023 923 889.48 PIT
1231.11 1023 923 889.57 PIT
1231.31 1023 923 889.66 PIT
1231.51 1023 923 889.75 PIT
1231.71 1023 923 889.84 PIT
1231.91 1023 923 889.93 PIT
1232.11 1023 923 890.02 PIT
1232.31 1023 923 890.11 PIT
1232.52 1023 923 890.2 PIT
1232.72 1023 923 890.29 PIT
1232.92 1023 923 890.38 PIT
1233.13 1023 923 890.47 PIT
1233.33 1023 923 890.56 PIT
1233.54 1023 923 890.65 PIT
1233.75 1023 923 890.74 PIT
1233.95 1023 923 890.83 PIT
1234.16 1023 923 890.92 PIT
1234.37 1023 923 891.01 PIT
1234.58 1023 923 891.1 PIT
1234.79 1023 923 891.19 PIT
1235 1023 923 891.28 PIT
1235.21 1023 923 891.37 PIT
1235.42 1023 923 891.46 PIT
1235.63 1023 923 891.55 PIT
1235.84 1023 923 891.64 PIT
1236.06 1023 923 891.73 PIT
1236.27 1023 923 891.82 PIT
1236.48 1023 923 891.91 PIT
1236.7 1023 923 892 PIT
1236.91 1023 923 892.09 PIT
1237.13 1023 923 892.18 PIT
1237.35 1023 923 892.27 PIT
1237.56 1023 923 892.36 PIT
1237.78 1023 923 892.45 PIT
1238 1023 923 892.54 PIT
1238.22 1023 923 892.63 PIT
1238.44 1023 923 892.72 PIT
1238.65 1023 923 892.81 PIT
1238.87 1023 923 892.9 PIT
1239.09 1023 923 892.99 PIT
1239.32 1023 923 893.08 PIT
1239.54 1023 923 893.17 PIT
1239.76 1023 923 893.26 PIT
1239.98 1023 923 893.35 PIT
1240.2 1023 923 893.44 PIT
1240.43 1023 923 893.53 PIT
1240.65 1023 923 893.62 PIT
1240.88 1023 923 893.71 PIT
1241.1 1023 923 893.8 PIT
1241.33 1023 923 893.89 PIT
1241.55 1023 923 893.98 PIT
1241.78 1023 923 894.07 PIT
1242.01 1023 923 894.16 PIT
1242.23 1023 923 894.25 PIT
1242.46 1023 923 894.34 PIT
1242.69 1023 923 894.43 PIT
1242.92 1023 923 894.52 PIT
1243.15 1023 923 894.61 PIT
1243.38 1023 923 894.7 PIT
1243.61 1023 923 894.79 PIT
1243.84 1023 923 894.88 PIT
1244.07 1023 923 894.97 PIT
1244.3 1023 923 895.06 PIT
1244.53 1023 923 895.15 PIT
1244.77 1023 923 895.24 PIT
1245 1023 923 895.33 PIT
1245.23 1023 923 895.42 PIT
1245.47 1023 923 895.51 PIT
1245.7 1023 923 895.6 PIT
1245.93 1023 923 895.69 PIT
1246.17 1023 923 895.78 PIT
1246.41 1023 923 895.87 PIT
1246.64 1023 923 895.96 PIT
1246.88 1023 923 896.05 PIT
1247.11 1023 923 896.14 PIT
1247.35 1023 923 896.23 PIT
1247.59 1023 923 896.32 PIT
1247.83 1023 923 896.41 PIT
1248.06 1023 923 896.5 PIT
1248.3 1023 923 896.59 PIT
1248.54 1023 923 896.68 PIT
1248.78 1023 923 896.77 PIT
1249.02 1023 923 896.86 PIT
1249.26 1023 923 896.95 PIT
1249.5 1023 923 897.04 PIT
1249.74 1023 923 897.13 PIT
1249.99 1023 923 897.22 PIT
1250.23 1023 923 897.31 PIT
1250.47 1023 923 897.4 PIT
1250.71 1023 923 897.49 PIT
1250.95 1023 923 897.58 PIT
1251.2 1023 923 897.67 PIT
1251.44 1023 923 897.76 PIT
1251.68 1023 923 897.85 PIT
1251.93 1023 923 897.94 PIT
1252.17 1023 923 898.03 PIT
1252.42 1023 923 898.12 PIT
1252.66 1023 923 898.21 PIT
1252.91 1023 923 898.3 PIT
1253.16 1023 923 898.39 PIT
1253.4 1023 923 898.48 PIT
1253.65 1023 923 898.57 PIT
1253.9 1023 923 898.66 PIT
1254.14 1023 923 898.75 PIT
1254.39 1023 923 898.84 PIT
1254.64 1023 923 898.93 PIT
1254.89 1023 923 899.02 PIT
1255.13 1023 923 899.11 PIT
1255.38 1023 923 899.2 PIT
1255.63 1023 923 899.29 PIT
1255.88 1023 923 899.38 PIT
1256.13 1023 923 899.47 PIT
1256.38 1023 923 899.56 PIT
1256.63 1023 923 899.65 PIT
1256.88 1023 923 899.74 PIT
1257.13 1023 923 899.83 PIT
1257.38 1023 923 899.92 PIT
1257.64 1023 923 900.01 PIT
1257.89 1023 923 900.1 PIT
1258.14 1023 923 900.19 PIT
1258.39 1023 923 900.28 PIT
1258.64 1023 923 900.37 PIT
1258.9 1023 923 900.46 PIT
1259.15 1023 923 900.55 PIT
1259.4 1023 923 900.64 PIT
1259.66 1023 923 900.73 PIT
1259.91 1023 923 900.82 PIT
1260.16 1023 923 900.91 PIT
1260.42 1023 923 901 PIT
1260.67 1023 923 901.09 PIT
1260.93 1023 923 901.18 PIT
1261.18 1023 923 901.27 PIT
1261.44 1023 923 901.36 PIT
1261.69 1023 923 901.45 PIT
1261.95 1023 923 901.54 PIT
1262.21 1023 923 901.63 PIT
1262.46 1023 923 901.72 PIT
1262.72 1023 923 901.81 PIT
1262.97 1023 923 901.9 PIT
1263.23 1023 923 901.99 PIT
1263.49 1023 923 902.08 PIT
1263.75 1023 923 902.17 PIT
1264 1023 923 902.26 PIT
1264.26 1023 923 902.35 PIT
1264.52 1023 923 902.44 PIT
1264.78 1023 923 902.53 PIT
1265.03 1023 923 902.62 PIT
1265.29 1023 923 902.71 PIT
1265.55 1023 923 902.8 PIT
1265.81 1023 923 902.89 PIT
1266.07 1023 923 902.98 PIT
1266.33 1023 923 903.07 PIT
1266.59 1023 923 903.16 PIT
1266.85 1023 923 903.25 PIT
1267.11 1023 923 903.34 PIT
1267.36 1023 923 903.43 PIT
1267.62 1023 923 903.52 PIT
1267.88 1023 923 903.61 PIT
1268.14 1023 923 903.7 PIT
1268.41 1023 923 903.79 PIT
1268.67 1023 923 903.88 PIT
1268.93 1023 923 903.97 PIT
1269.19 1023 923 904.06 PIT
1269.45 1023 923 904.15 PIT
1269.71 1023 923 904.24 PIT
1269.97 1023 923 904.33 PIT
1270.23 1023 923 904.42 PIT
1270.49 1023 923 904.51 PIT
1270.75 1023 923 904.6 PIT
1271.02 1023 923 904.69 PIT
1271.28 1023 923 904.78 PIT
1271.54 1023 923 904.87 PIT
1271.8 1023 923 904.96 PIT
1272.06 1023 923 905.05 PIT
1272.32 1023 923 905.14 PIT
1272.59 1023 923 905.23 PIT
1272.85 1023 923 905.32 PIT
1273.11 1023 923 905.41 PIT
1273.37 1023 923 905.5 PIT
1273.64 1023 923 905.59 PIT
1273.9 1023 923 905.68 PIT
1274.16 1023 923 905.77 PIT
1274.42 1023 923 905.86 PIT
1274.69 1023 923 905.95 PIT
1274.95 1023 923 906.04 PIT
1275.21 1023 923 906.13 PIT
1275.48 1023 923 906.22 PIT
1275.74 1023 923 906.31 PIT
1276 1023 923 906.4 PIT
1276.27 1023 923 906.49 PIT
1276.53 1023 923 906.58 PIT
1276.79 1023 923 906.67 PIT
1277.06 1023 923 906.76 PIT
1277.32 1023 923 906.85 PIT
1277.58 1023 923 906.94 PIT
1277.85 1023 923 907.03 PIT
1278.11 1023 923 907.12 PIT
1278.37 1023 923 907.21 PIT
1278.64 1023 923 907.3 PIT
1278.9 1023 923 907.39 PIT
1279.16 1023 923 907.48 PIT
1279.43 1023 923 907.57 PIT
1279.69 1023 923 907.66 PIT
1279.96 1023 923 907.75 PIT
1280.22 1023 923 907.84 PIT
1280.48 1023 923 907.93 PIT
1280.75 1023 923 908.02 PIT
1281.01 1023 923 908.11 PIT
1281.27 1023 923 908.2 PIT
1281.54 1023 923 908.29 PIT
1281.8 1023 923 908.38 PIT
1282.06 1023 923 908.47 PIT
1282.33 1023 923 908.56 PIT
1282.59 1023 923 908.65 PIT
1282.86 1023 923 908.74 PIT
1283.12 1023 923 908.83 PIT
1283.38 1023 923 908.92 PIT
1283.65 1023 923 909.01 PIT
1283.91 1023 923 909.1 PIT
1284.17 1023 923 909.19 PIT
1284.44 1023 923 909.28 PIT
1284.7 1023 923 909.37 PIT
1284.96 1023 923 909.46 PIT
1285.23 1023 923 909.55 PIT
1285.49 1023 923 909.64 PIT
1285.75 1023 923 909.73 PIT
1286.02 1023 923 909.82 PIT
1286.28 1023 923 909.91 PIT
1286.54 1023 923 910 PIT
1286.8 1023 923 910.09 PIT
1287.07 1023 923 910.18 PIT
1287.33 1023 923 910.27 PIT
1287.59 1023 923 910.36 PIT
1287.85 1023 923 910.45 PIT
1288.12 1023 923 910.54 PIT
1288.38 1023 923 910.63 PIT
1288.64 1023 923 910.72 PIT
1288.9 1023 923 910.81 PIT
1289.17 1023 923 910.9 PIT
1289.43 1023 923 910.99 PIT
1289.69 1023 923 911.08 PIT
1289.95 1023 923 911.17 PIT
1290.21 1023 923 911.26 PIT
1290.47 1023 923 911.35 PIT
1290.74 1023 923 911.44 PIT
1291 1023 923 911.53 PIT
1291.26 1023 923 911.62 PIT
1291.52 1023 923 911.71 PIT
1291.78 1023 923 911.8 PIT
1292.04 1023 923 911.89 PIT
1292.3 1023 923 911.98 PIT
1292.56 1023 923 912.07 PIT
1292.82 1023 923 912.16 PIT
1293.08 1023 923 912.25 PIT
1293.34 1023 923 912.34 PIT
1293.6 1023 923 912.43 PIT
1293.86 1023 923 912.52 PIT
1294.12 1023 923 912.61 PIT
1294.38 1023 923 912.7 PIT
1294.64 1023 923 912.79 PIT
1294.9 1023 923 912.88 PIT
1295.16 1023 923 912.97 PIT
1295.42 1023 923 913.06 PIT
1295.68 1023 923 913.15 PIT
1295.94 1023 923 913.24 PIT
1296.19 1023 923 913.33 PIT
1296.45 1023 923 913.42 PIT
1296.71 1023 923 913.51 PIT
1296.97 1023 923 913.6 PIT
1297.22 1023 923 913.69 PIT
1297.48 1023 923 913.78 PIT
1297.74 1023 923 913.87 PIT
1298 1023 923 913.96 PIT
1298.25 1023 923 914.05 PIT
1298.51 1023 923 914.14 PIT
1298.77 1023 923 914.23 PIT
1299.02 1023 923 914.32 PIT
1299.28 1023 923 914.41 PIT
1299.53 1023 923 914.5 PIT
1299.79 1023 923 914.59 PIT
1300.04 1023 923 914.68 PIT
1300.3 1023 923 914.77 PIT
1300.55 1023 923 914.86 PIT
1300.81 1023 923 914.95 PIT
1301.06 1023 923 915.04 PIT
1301.32 1023 923 915.13 PIT
1301.57 1023 923 915.22 PIT
1301.82 1023 923 915.31 PIT
1302.08 1023 923 915.4 PIT
1302.33 1023 923 915.49 PIT
1302.58 1023 923 915.58 PIT
1302.83 1023 923 915.67 PIT
1303.09 1023 923 915.76 PIT
1303.34 1023 923 915.85 PIT
1303.59 1023 923 915.94 PIT
1303.84 1023 923 916.03 PIT
1304.09 1023 923 916.12 PIT
1304.34 1023 923 916.21 PIT
1304.59 1023 923 916.3 PIT
1304.84 1023 923 916.39 PIT
1305.09 1023 923 916.48 PIT
1305.34 1023 923 916.57 PIT
1305.59 1023 923 916.66 PIT
1305.84 1023 923 916.75 PIT
1306.09 1023 923 916.84 PIT
1306.34 1023 923 916.93 PIT
1306.59 1023 923 917.02 PIT
1306.83 1023 923 917.11 PIT
1307.08 1023 923 917.2 PIT
1307.33 1023 923 917.29 PIT
1307.58 1023 923 917.38 PIT
1307.82 1023 923 917.47 PIT
1308.07 1023 923 917.56 PIT
1308.31 1023 923 917.65 PIT
1308.56 1023 923 917.74 PIT
1308.8 1023 923 917.83 PIT
1309.05 1023 923 917.92 PIT
1309.29 1023 923 918.01 PIT
1309.54 1023 923 918.1 PIT
1309.78 1023 923 918.19 PIT
1310.03 1023 923 918.28 PIT
1310.27 1023 923 918.37 PIT
1310.51 1023 923 918.46 PIT
1310.75 1023 923 918.55 PIT
1311 1023 923 918.64 PIT
1311.24 1023 923 918.73 PIT
1311.48 1023 923 918.82 PIT
1311.72 1023 923 918.91 PIT
1311.96 1023 923 919 PIT
1312.2 1023 923 919.09 PIT
1312.44 1023 923 919.18 PIT
1312.68 1023 923 919.27 PIT
1312.92 1023 923 919.36 PIT
1313.16 1023 923 919.45 PIT
1313.39 1023 923 919.54 PIT
1313.63 1023 923 919.63 PIT
1313.87 1023 923 919.72 PIT
1314.11 1023 923 919.81 PIT
1314.34 1023 923 919.9 PIT
1314.58 1023 923 919.99 PIT
1314.81 1023 923 920.08 PIT
1315.05 1023 923 920.17 PIT
1315.29 1023 923 920.26 PIT
1315.52 1023 923 920.35 PIT
1315.75 1023 923 920.44 PIT
1315.99 1023 923 920.53 PIT
1316.22 1023 923 920.62 PIT
1316.45 1023 923 920.71 PIT
1316.69 1023 923 920.8 PIT
1316.92 1023 923 920.89 PIT
1317.15 1023 923 920.98 PIT
1317.38 1023 923 921.07 PIT
1317.61 1023 923 921.16 PIT
1317.84 1023 923 921.25 PIT
1318.07 1023 923 921.34 PIT
1318.3 1023 923 921.43 PIT
1318.53 1023 923 921.52 PIT
1318.76 1023 923 921.61 PIT
1318.99 1023 923 921.7 PIT
1319.22 1023 923 921.79 PIT
1319.44 1023 923 921.88 PIT
1319.67 1023 923 921.97 PIT
1319.9 1023 923 922.06 PIT
1320.12 1023 923 922.15 PIT
1320.35 1023 923 922.24 PIT
1320.57 1023 923 922.33 PIT
1320.8 1023 923 922.42 PIT
1321.02 1023 923 922.51 PIT
1321.25 1023 923 922.6 PIT
1321.47 1023 923 922.69 PIT
1321.7 1023 923 922.78 PIT
1321.92 1023 923 922.87 PIT
1322.14 1023 923 922.96 PIT
1322.36 1023 923 923.05 PIT
1322.59 1023 923 923.14 PIT
1322.81 1023 923 923.23 PIT
1323.03 1023 923 923.32 PIT
1323.25 1023 923 923.41 PIT
1323.47 1023 923 923.5 PIT
1323.69 1023 923 923.59 PIT
1323.91 1023 923 923.68 PIT
1324.13 1023 923 923.77 PIT
1324.35 1023 923 923.86 PIT
1324.57 1023 923 923.95 PIT
1324.79 1023 923 924.04 PIT
1325 1023 923 924.13 PIT
1325.22 1023 923 924.22 PIT
1325.44 1023 923 924.31 PIT
1325.65 1023 923 924.4 PIT
1325.87 1023 923 924.49 PIT
1326.09 1023 923 924.58 PIT
1326.3 1023 923 924.67 PIT
1326.52 1023 923 924.76 PIT
1326.73 1023 923 924.85 PIT
1326.94 1023 923 924.94 PIT
1327.16 1023 923 925.03 PIT
1327.37 1023 923 925.12 PIT
1327.59 1023 923 925.21 PIT
1327.8 1023 923 925.3 PIT
1328.01 1023 923 925.39 PIT
1328.22 1023 923 925.48 PIT
1328.43 1023 923 925.57 PIT
1328.65 1023 923 925.66 PIT
1328.86 1023 923 925.75 PIT
1329.07 1023 923 925.84 PIT
1329.28 1023 923 925.93 PIT
1329.49 1023 923 926.02 PIT
1329.7 1023 923 926.11 PIT
1329.9 1023 923 926.2 PIT
1330.11 1023 923 926.29 PIT
1330.32 1023 923 926.38 PIT
1330.53 1023 923 926.47 PIT
1330.74 1023 923 926.56 PIT
1330.94 1023 923 926.65 PIT
1331.15 1023 923 926.74 PIT
1331.36 1023 923 926.83 PIT
1331.56 1023 923 926.92 PIT
1331.77 1023 923 927.01 PIT
1331.97 1023 923 927.1 PIT
1332.18 1023 923 927.19 PIT
1332.38 1023 923 927.28 PIT
1332.59 1023 923 927.37 PIT
1332.79 1023 923 927.46 PIT
1333 1023 923 927.55 PIT
1333.2 1023 923 927.64 PIT
1333.4 1023 923 927.73 PIT
1333.6 1023 923 927.82 PIT
1333.81 1023 923 927.91 PIT
1334.01 1023 923 928 PIT
1334.21 1023 923 928.09 PIT
1334.41 1023 923 928.18 PIT
1334.61 1023 923 928.27 PIT
1334.81 1023 923 928.36 PIT
1335.01 1023 923 928.45 PIT
1335.21 1023 923 928.54 PIT
1335.41 1023 923 928.63 PIT
1335.61 1023 923 928.72 PIT
1335.81 1023 923 928.81 PIT
1336 1023 923 928.9 PIT
1336.2 1023 923 928.99 PIT
1336.4 1023 923 929.08 PIT
1336.6 1023 923 929.17 PIT
1336.79 1023 923 929.26 PIT
1336.99 1023 923 929.35 PIT
1337.19 1023 923 929.44 PIT
1337.38 1023 923 929.53 PIT
1337.58 1023 923 929.62 PIT
1337.77 1023 923 929.71 PIT
1337.97 1023 923 929.8 PIT
1338.16 1023 923 929.89 PIT
1338.35 1023 923 929.98 PIT
1338.55 1023 923 930.07 PIT
1338.74 1023 923 930.16 PIT
1338.93 1023 923 930.25 PIT
1339.13 1023 923 930.34 PIT
1339.32 1023 923 930.43 PIT
1339.51 1023 923 930.52 PIT
1339.7 1023 923 930.61 PIT
1339.89 1023 923 930.7 PIT
1340.08 1023 923 930.79 PIT
1340.28 1023 923 930.88 PIT
1340.47 1023 923 930.97 PIT
1340.66 1023 923 931.06 PIT
1340.85 1023 923 931.15 PIT
1341.03 1023 923 931.24 PIT
1341.22 1023 923 931.33 PIT
1341.41 1023 923 931.42 PIT
1341.6 1023 923 931.51 PIT
1341.79 1023 923 931.6 PIT
1341.98 1023 923 931.69 PIT
1342.16 1023 923 931.78 PIT
1342.35 1023 923 931.87 PIT
1342.54 1023 923 931.96 PIT
1342.72 1023 923 932.05 PIT
1342.91 1023 923 932.14 PIT
1343.09 1023 923 932.23 PIT
1343.28 1023 923 932.32 PIT
1343.46 1023 923 932.41 PIT
1343.65 1023 923 932.5 PIT
1343.83 1023 923 932.59 PIT
1344.02 1023 923 932.68 PIT
1344.2 1023 923 932.77 PIT
1344.38 1023 923 932.86 PIT
1344.57 1023 923 932.95 PIT
1344.75 1023 923 933.04 PIT
1344.93 1023 923 933.13 PIT
1345.11 1023 923 933.22 PIT
1345.29 1023 923 933.31 PIT
1345.48 1023 923 933.4 PIT
1345.66 1023 923 933.49 PIT
1345.84 1023 923 933.58 PIT
1346.02 1023 923 933.67 PIT
1346.2 1023 923 933.76 PIT
1346.38 1023 923 933.85 PIT
1346.56 1023 923 933.94 PIT
1346.74 1023 923 934.03 PIT
1346.92 1023 923 934.12 PIT
1347.09 1023 923 934.21 PIT
1347.27 1023 923 934.3 PIT
1347.45 1023 923 934.39 PIT
1347.63 1023 923 934.48 PIT
1347.8 1023 923 934.57 PIT
1347.98 1023 923 934.66 PIT
1348.16 1023 923 934.75 PIT
1348.33 1023 923 934.84 PIT
1348.51 1023 923 934.93 PIT
1348.69 1023 923 935.02 PIT
1348.86 1023 923 935.11 PIT
1349.04 1023 923 935.2 PIT
1349.21 1023 923 935.29 PIT
1349.39 1023 923 935.38 PIT
1349.56 1023 923 935.47 PIT
1349.73 1023 923 935.56 PIT
1349.91 1023 923 935.65 PIT
1350.08 1023 923 935.74 PIT
1350.25 1023 923 935.83 PIT
1350.43 1023 923 935.92 PIT
1350.6 1023 923 936.01 PIT
1350.77 1023 923 936.1 PIT
1350.94 1023 923 936.19 PIT
1351.11 1023 923 936.28 PIT
1351.28 1023 923 936.37 PIT
1351.46 1023 923 936.46 PIT
1351.63 1023 923 936.55 PIT
1351.8 1023 923 936.64 PIT
1351.97 1023 923 936.73 PIT
1352.14 1023 923 936.82 PIT
1352.31 1023 923 936.91 PIT
1352.47 1023 923 937 PIT
1352.64 1023 923 937.09 PIT
1352.81 1023 923 937.18 PIT
1352.98 1023 923 937.27 PIT
1353.15 1023 923 937.36 PIT
1353.32 1023 923 937.45 PIT
1353.48 1023 923 937.54 PIT
1353.65 1023 923 937.63 PIT
1353.82 1023 923 937.72 PIT
1353.98 1023 923 937.81 PIT
1354.15 1023 923 937.9 PIT
1354.31 1023 923 937.99 PIT
1354.48 1023 923 938.08 PIT
1354.65 1023 923 938.17 PIT
1354.81 1023 923 938.26 PIT
1354.98 1023 923 938.35 PIT
1355.14 1023 923 938.44 PIT
1355.3 1023 923 938.53 PIT
1355.47 1023 923 938.62 PIT
1355.63 1023 923 938.71 PIT
1355.79 1023 923 938.8 PIT
1355.96 1023 923 938.89 PIT
1356.12 1023 923 938.98 PIT
1356.28 1023 923 939.07 PIT
1356.45 1023 923 939.16 PIT
1356.61 1023 923 939.25 PIT
1356.77 1023 923 939.34 PIT
1356.93 1023 923 939.43 PIT
1357.09 1023 923 939.52 PIT
1357.25 1023 923 939.61 PIT
1357.41 1023 923 939.7 PIT
1357.57 1023 923 939.79 PIT
1357.73 1023 923 939.88 PIT
1357.89 1023 923 939.97 PIT
1358.05 1023 923 940.06 PIT
1358.21 1023 923 940.15 PIT
1358.37 1023 923 940.24 PIT
1358.53 1023 923 940.33 PIT
1358.69 1023 923 940.42 PIT
1358.85 1023 923 940.51 PIT
1359 1023 923 940.6 PIT
1359.16 1023 923 940.69 PIT
1359.32 1023 923 940.78 PIT
1359.47 1023 923 940.87 PIT
1359.63 1023 923 940.96 PIT
1359.79 1023 923 941.05 PIT
1359.94 1023 923 941.14 PIT
1360.1 1023 923 941.23 PIT
1360.26 1023 923 941.32 PIT
1360.41 1023 923 941.41 PIT
1360.57 1023 923 941.5 PIT
1360.72 1023 923 941.59 PIT
1360.88 1023 923 941.68 PIT
1361.03 1023 923 941.77 PIT
1361.18 1023 923 941.86 PIT
1361.34 1023 923 941.95 PIT
1361.49 1023 923 942.04 PIT
1361.65 1023 923 942.13 PIT
1361.8 1023 923 942.22 PIT
1361.95 1023 923 942.31 PIT
1362.1 1023 923 942.4 PIT
1362.26 1023 923 942.49 PIT
1362.41 1023 923 942.58 PIT
1362.56 1023 923 942.67 PIT
1362.71 1023 923 942.76 PIT
1362.86 1023 923 942.85 PIT
1363.01 1023 923 942.94 PIT
1363.16 1023 923 943.03 PIT
1363.32 1023 923 943.12 PIT
1363.47 1023 923 943.21 PIT
1363.62 1023 923 943.3 PIT
1363.77 1023 923 943.39 PIT
1363.92 1023 923 943.48 PIT
1364.06 1023 923 943.57 PIT
1364.21 1023 923 943.66 PIT
1364.36 1023 923 943.75 PIT
1364.51 1023 923 943.84 PIT
1364.66 1023 923 943.93 PIT
1364.81 1023 923 944.02 PIT
1364.96 1023 923 944.11 PIT
1365.1 1023 923 944.2 PIT
1365.25 1023 923 944.29 PIT
1365.4 1023 923 944.38 PIT
1365.54 1023 923 944.47 PIT
1365.69 1023 923 944.56 PIT
1365.84 1023 923 944.65 PIT
1365.98 1023 923 944.74 PIT
1366.13 1023 923 944.83 PIT
1366.28 1023 923 944.92 PIT
1366.42 1023 923 945.01 PIT
1366.57 1023 923 945.1 PIT
1366.71 1023 923 945.19 PIT
1366.86 1023 923 945.28 PIT
1367 1023 923 945.37 PIT
1367.14 1023 923 945.46 PIT
1367.29 1023 923 945.55 PIT
1367.43 1023 923 945.64 PIT
1367.58 1023 923 945.73 PIT
1367.72 1023 923 945.82 PIT
1367.86 1023 923 945.91 PIT
1368.01 1023 923 946 PIT
1368.15 1023 923 946.09 PIT
1368.29 1023 923 946.18 PIT
1368.43 1023 923 946.27 PIT
1368.57 1023 923 946.36 PIT
1368.72 1023 923 946.45 PIT
1368.86 1023 923 946.54 PIT
1369 1023 923 946.63 PIT
1369.14 1023 923 946.72 PIT
1369.28 1023 923 946.81 PIT
1369.42 1023 923 946.9 PIT
1369.56 1023 923 946.99 PIT
1369.7 1023 923 947.08 PIT
1369.84 1023 923 947.17 PIT
1369.98 1023 923 947.26 PIT
1370.12 1023 923 947.35 PIT
1370.26 1023 923 947.44 PIT
1370.4 1023 923 947.53 PIT
1370.54 1023 923 947.62 PIT
1370.68 1023 923 947.71 PIT
1370.82 1023 923 947.8 PIT
1370.95 1023 923 947.89 PIT
1371.09 1023 923 947.98 PIT
1371.23 1023 923 948.07 PIT
1371.37 1023 923 948.16 PIT
1371.5 1023 923 948.25 PIT
1371.64 1023 923 948.34 PIT
1371.78 1023 923 948.43 PIT
1371.92 1023 923 948.52 PIT
1372.05 1023 923 948.61 PIT
1372.19 1023 923 948.7 PIT
1372.32 1023 923 948.79 PIT
1372.46 1023 923 948.88 PIT
1372.6 1023 923 948.97 PIT
1372.73 1023 923 949.06 PIT
1372.87 1023 923 949.15 PIT
1373 1023 923 949.24 PIT
1373.14 1023 923 949.33 PIT
1373.27 1023 923 949.42 PIT
1373.41 1023 923 949.51 PIT
1373.54 1023 923 949.6 PIT
1373.67 1023 923 949.69 PIT
1373.81 1023 923 949.78 PIT
1373.94 1023 923 949.87 PIT
1374.07 1023 923 949.96 PIT
1374.21 1023 923 950.05 PIT
1374.34 1023 923 950.14 PIT
1374.47 1023 923 950.23 PIT
1374.61 1023 923 950.32 PIT
1374.74 1023 923 950.41 PIT
1374.87 1023 923 950.5 PIT
1375 1023 923 950.59 PIT
1375.13 1023 923 950.68 PIT
1375.27 1023 923 950.77 PIT
1375.4 1023 923 950.86 PIT
1375.53 1023 923 950.95 PIT
1375.66 1023 923 951.04 PIT
1375.79 1023 923 951.13 PIT
1375.92 1023 923 951.22 PIT
1376.05 1023 923 951.31 PIT
1376.18 1023 923 951.4 PIT
1376.31 1023 923 951.49 PIT
1376.44 1023 923 951.58 PIT
1376.57 1023 923 951.67 PIT
1376.7 1023 923 951.76 PIT
1376.83 1023 923 951.85 PIT
1376.96 1023 923 951.94 PIT
1377.09 1023 923 952.03 PIT
1377.22 1023 923 952.12 PIT
1377.35 1023 923 952.21 PIT
1377.47 1023 923 952.3 PIT
1377.6 1023 923 952.39 PIT
1377.73 1023 923 952.48 PIT
1377.86 1023 923 952.57 PIT
1377.99 1023 923 952.66 PIT
1378.11 1023 923 952.75 PIT
1378.24 1023 923 952.84 PIT
1378.37 1023 923 952.93 PIT
1378.5 1023 923 953.02 PIT
1378.62 1023 923 953.11 PIT
1378.75 1023 923 953.2 PIT
1378.88 1023 923 953.29 PIT
1379 1023 923 953.38 PIT
1379.13 1023 923 953.47 PIT
1379.25 1023 923 953.56 PIT
1379.38 1023 923 953.65 PIT
1379.5 1023 923 953.74 PIT
1379.63 1023 923 953.83 PIT
1379.76 1023 923 953.92 PIT
1379.88 1023 923 954.01 PIT
1380.01 1023 923 954.1 PIT
1380.13 1023 923 954.19 PIT
1380.25 1023 923 954.28 PIT
1380.38 1023 923 954.37 PIT
1380.5 1023 923 954.46 PIT
1380.63 1023 923 954.55 PIT
1380.75 1023 923 954.64 PIT
1380.87 1023 923 954.73 PIT
1381 1023 923 954.82 PIT
1381.12 1023 923 954.91 PIT
1381.24 1023 923 955 PIT
1381.37 1023 923 955.09 PIT
1381.49 1023 923 955.18 PIT
1381.61 1023 923 955.27 PIT
1381.74 1023 923 955.36 PIT
1381.86 1023 923 955.45 PIT
1381.98 1023 923 955.54 PIT
1382.1 1023 923 955.63 PIT
1382.22 1023 923 955.72 PIT
1382.35 1023 923 955.81 PIT
1382.47 1023 923 955.9 PIT
1382.59 1023 923 955.99 PIT
1382.71 1023 923 956.08 PIT
1382.83 1023 923 956.17 PIT
1382.95 1023 923 956.26 PIT
1383.07 1023 923 956.35 PIT
1383.19 1023 923 956.44 PIT
1383.31 1023 923 956.53 PIT
1383.43 1023 923 956.62 PIT
1383.55 1023 923 956.71 PIT
1383.67 1023 923 956.8 PIT
1383.79 1023 923 956.89 PIT
1383.91 1023 923 956.98 PIT
1384.03 1023 923 957.07 PIT
1384.15 1023 923 957.16 PIT
1384.27 1023 923 957.25 PIT
1384.39 1023 923 957.34 PIT
1384.51 1023 923 957.43 PIT
1384.63 1023 923 957.52 PIT
1384.75 1023 923 957.61 PIT
1384.87 1023 923 957.7 PIT
1384.98 1023 923 957.79 PIT
1385.1 1023 923 957.88 PIT
1385.22 1023 923 957.97 PIT
1385.34 1023 923 958.06 PIT
1385.46 1023 923 958.15 PIT
1385.57 1023 923 958.24 PIT
1385.69 1023 923 958.33 PIT
1385.81 1023 923 958.42 PIT
1385.93 1023 923 958.51 PIT
1386.04 1023 923 958.6 PIT
1386.16 1023 923 958.69 PIT
1386.28 1023 923 958.78 PIT
1386.39 1023 923 958.87 PIT
1386.51 1023 923 958.96 PIT
1386.63 1023 923 959.05 PIT
1386.74 1023 923 959.14 PIT
1386.86 1023 923 959.23 PIT
1386.97 1023 923 959.32 PIT
1387.09 1023 923 959.41 PIT
1387.21 1023 923 959.5 PIT
1387.32 1023 923 959.59 PIT
1387.44 1023 923 959.68 PIT
1387.55 1023 923 959.77 PIT
1387.67 1023 923 959.86 PIT
1387.78 1023 923 959.95 PIT
1387.9 1023 923 960.04 PIT
1388.01 1023 923 960.13 PIT
1388.13 1023 923 960.22 PIT
1388.24 1023 923 960.31 PIT
1388.36 1023 923 960.4 PIT
1388.47 1023 923 960.49 PIT
1388.59 1023 923 960.58 PIT
1388.7 1023 923 960.67 PIT
1388.81 1023 923 960.76 PIT
1388.93 1023 923 960.85 PIT
1389.04 1023 923 960.94 PIT
1389.15 1023 923 961.03 PIT
1389.27 1023 923 961.12 PIT
1389.38 1023 923 961.21 PIT
1389.49 1023 923 961.3 PIT
1389.61 1023 923 961.39 PIT
1389.72 1023 923 961.48 PIT
1389.83 1023 923 961.57 PIT
1389.95 1023 923 961.66 PIT
1390.06 1023 923 961.75 PIT
1390.17 1023 923 961.84 PIT
1390.28 1023 923 961.93 PIT
1390.4 1023 923 962.02 PIT
1390.51 1023 923 962.11 PIT
1390.62 1023 923 962.2 PIT
1390.73 1023 923 962.29 PIT
1390.84 1023 923 962.38 PIT
1390.96 1023 923 962.47 PIT
1391.07 1023 923 962.56 PIT
1391.18 1023 923 962.65 PIT
1391.29 1023 923 962.74 PIT
1391.4 1023 923 962.83 PIT
1391.51 1023 923 962.92 PIT
1391.62 1023 923 963.01 PIT
1391.73 1023 923 963.1 PIT
1391.84 1023 923 963.19 PIT
1391.96 1023 923 963.28 PIT
1392.07 1023 923 963.37 PIT
1392.18 1023 923 963.46 PIT
1392.29 1023 923 963.55 PIT
1392.4 1023 923 963.64 PIT
1392.51 1023 923 963.73 PIT
1392.62 1023 923 963.82 PIT
1392.73 1023 923 963.91 PIT
1392.84 1023 923 964 PIT
1392.95 1023 923 964.09 PIT
1393.06 1023 923 964.18 PIT
1393.17 1023 923 964.27 PIT
1393.28 1023 923 964.36 PIT
1393.39 1023 923 964.45 PIT
1393.49 1023 923 964.54 PIT
1393.6 1023 923 964.63 PIT
1393.71 1023 923 964.72 PIT
1393.82 1023 923 964.81 PIT
1393.93 1023 923 964.9 PIT
1394.04 1023 923 964.99 PIT
1394.15 1023 923 965.08 PIT
1394.26 1023 923 965.17 PIT
1394.37 1023 923 965.26 PIT
1394.47 1023 923 965.35 PIT
1394.58 1023 923 965.44 PIT
1394.69 1023 923 965.53 PIT
1394.8 1023 923 965.62 PIT
1394.91 1023 923 965.71 PIT
1395.02 1023 923 965.8 PIT
1395.12 1023 923 965.89 PIT
1395.23 1023 923 965.98 PIT
1395.34 1023 923 966.07 PIT
1395.45 1023 923 966.16 PIT
1395.55 1023 923 966.25 PIT
1395.66 1023 923 966.34 PIT
1395.77 1023 923 966.43 PIT
1395.88 1023 923 966.52 PIT
1395.98 1023 923 966.61 PIT
1396.09 1023 923 966.7 PIT
1396.2 1023 923 966.79 PIT
1396.31 1023 923 966.88 PIT
1396.41 1023 923 966.97 PIT
1396.52 1023 923 967.06 PIT
1396.63 1023 923 967.15 PIT
1396.73 1023 923 967.24 PIT
1396.84 1023 923 967.33 PIT
1396.95 1023 923 967.42 PIT
1397.05 1023 923 967.51 PIT
1397.16 1023 923 967.6 PIT
1397.26 1023 923 967.69 PIT
1397.37 1023 923 967.78 PIT
1397.48 1023 923 967.87 PIT
1397.58 1023 923 967.96 PIT
1397.69 1023 923 968.05 PIT
1397.8 1023 923 968.14 PIT
1397.9 1023 923 968.23 PIT
1398.01 1023 923 968.32 PIT
1398.11 1023 923 968.41 PIT
1398.22 1023 923 968.5 PIT
1398.32 1023 923 968.59 PIT
1398.43 1023 923 968.68 PIT
1398.54 1023 923 968.77 PIT
1398.64 1023 923 968.86 PIT
1398.75 1023 923 968.95 PIT
1398.85 1023 923 969.04 PIT
1398.96 1023 923 969.13 PIT
1399.06 1023 923 969.22 PIT
1399.17 1023 923 969.31 PIT
1399.27 1023 923 969.4 PIT
1399.38 1023 923 969.49 PIT
1399.48 1023 923 969.58 PIT
1399.59 1023 923 969.67 PIT
1399.69 1023 923 969.76 PIT
1399.8 1023 923 969.85 PIT
1399.9 1023 923 969.94 PIT
1400.01 1023 923 970.03 PIT
1400.11 1023 923 970.12 PIT
1400.21 1023 923 970.21 PIT
1400.32 1023 923 970.3 PIT
1400.42 1023 923 970.39 PIT
1400.53 1023 923 970.48 PIT
1400.63 1023 923 970.57 PIT
1400.74 1023 923 970.66 PIT
1400.84 1023 923 970.75 PIT
1400.94 1023 923 970.84 PIT
1401.05 1023 923 970.93 PIT
1401.15 1023 923 971.02 PIT
1401.26 1023 923 971.11 PIT
1401.36 1023 923 971.2 PIT
1401.46 1023 923 971.29 PIT
1401.57 1023 923 971.38 PIT
1401.67 1023 923 971.47 PIT
1401.78 1023 923 971.56 PIT
1401.88 1023 923 971.65 PIT
1401.98 1023 923 971.74 PIT
1402.09 1023 923 971.83 PIT
1402.19 1023 923 971.92 PIT
1402.29 1023 923 972.01 PIT
1402.4 1023 923 972.1 PIT
1402.5 1023 923 972.19 PIT
1402.6 1023 923 972.28 PIT
1402.71 1023 923 972.37 PIT
1402.81 1023 923 972.46 PIT
1402.91 1023 923 972.55 PIT
1403.02 1023 923 972.64 PIT
1403.12 1023 923 972.73 PIT
1403.22 1023 923 972.82 PIT
1403.33 1023 923 972.91 PIT
1403.43 1023 923 973 PIT
1403.53 1023 923 973.09 PIT
1403.64 1023 923 973.18 PIT
1403.74 1023 923 973.27 PIT
1403.84 1023 923 973.36 PIT
1403.94 1023 923 973.45 PIT
1404.05 1023 923 973.54 PIT
1404.15 1023 923 973.63 PIT
1404.25 1023 923 973.72 PIT
1404.36 1023 923 973.81 PIT
1404.46 1023 923 973.9 PIT
1404.56 1023 923 973.99 PIT
1404.66 1023 923 974.08 PIT
1404.77 1023 923 974.17 PIT
1404.87 1023 923 974.26 PIT
1404.97 1023 923 974.35 PIT
1405.07 1023 923 974.44 PIT
1405.18 1023 923 974.53 PIT
1405.28 1023 923 974.62 PIT
1405.38 1023 923 974.71 PIT
1405.48 1023 923 974.8 PIT
1405.59 1023 923 974.89 PIT
1405.69 1023 923 974.98 PIT
1405.79 1023 923 975.07 PIT
1405.89 1023 923 975.16 PIT
1406 1023 923 975.25 PIT
1406.1 1023 923 975.34 PIT
1406.2 1023 923 975.43 PIT
1406.3 1023 923 975.52 PIT
1406.41 1023 923 975.61 PIT
1406.51 1023 923 975.7 PIT
1406.61 1023 923 975.79 PIT
1406.71 1023 923 975.88 PIT
1406.82 1023 923 975.97 PIT
1406.92 1023 923 976.06 PIT
1407.02 1023 923 976.15 PIT
1407.12 1023 923 976.24 PIT
1407.22 1023 923 976.33 PIT
1407.33 1023 923 976.42 PIT
1407.43 1023 923 976.51 PIT
1407.53 1023 923 976.6 PIT
1407.63 1023 923 976.69 PIT
1407.73 1023 923 976.78 PIT
1407.84 1023 923 976.87 PIT
1407.94 1023 923 976.96 PIT
1408.04 1023 923 977.05 PIT
1408.14 1023 923 977.14 PIT
1408.25 1023 923 977.23 PIT
1408.35 1023 923 977.32 PIT
1408.45 1023 923 977.41 PIT
1408.55 1023 923 977.5 PIT
1408.65 1023 923 977.59 PIT
1408.76 1023 923 977.68 PIT
1408.86 1023 923 977.77 PIT
1408.96 1023 923 977.86 PIT
1409.06 1023 923 977.95 PIT
1409.16 1023 923 978.04 PIT
1409.27 1023 923 978.13 PIT
1409.37 1023 923 978.22 PIT
1409.47 1023 923 978.31 PIT
1409.57 1023 923 978.4 PIT
1409.67 1023 923 978.49 PIT
1409.78 1023 923 978.58 PIT
1409.88 1023 923 978.67 PIT
1409.98 1023 923 978.76 PIT
1410.08 1023 923 978.85 PIT
1410.19 1023 923 978.94 PIT
1410.29 1023 923 979.03 PIT
1410.39 1023 923 979.12 PIT
1410.49 1023 923 979.21 PIT
1410.59 1023 923 979.3 PIT
1410.7 1023 923 979.39 PIT
1410.8 1023 923 979.48 PIT
1410.9 1023 923 979.57 PIT
1411 1023 923 979.66 PIT
1411.1 1023 923 979.75 PIT
1411.21 1023 923 979.84 PIT
1411.31 1023 923 979.93 PIT
1411.41 1023 923 980.02 PIT
1411.51 1023 923 980.11 PIT
1411.62 1023 923 980.2 PIT
1411.72 1023 923 980.29 PIT
1411.82 1023 923 980.38 PIT
1411.92 1023 923 980.47 PIT
1412.03 1023 923 980.56 PIT
1412.13 1023 923 980.65 PIT
1412.23 1023 923 980.74 PIT
1412.33 1023 923 980.83 PIT
1412.43 1023 923 980.92 PIT
1412.54 1023 923 981.01 PIT
1412.64 1023 923 981.1 PIT
1412.74 1023 923 981.19 PIT
1412.84 1023 923 981.28 PIT
1412.95 1023 923 981.37 PIT
1413.05 1023 923 981.46 PIT
1413.15 1023 923 981.55 PIT
1413.25 1023 923 981.64 PIT
1413.36 1023 923 981.73 PIT
1413.46 1023 923 981.82 PIT
1413.56 1023 923 981.91 PIT
1413.67 1023 923 982 PIT
1413.77 1023 923 982.09 PIT
1413.87 1023 923 982.18 PIT
1413.97 1023 923 982.27 PIT
1414.08 1023 923 982.36 PIT
1414.18 1023 923 982.45 PIT
1414.28 1023 923 982.54 PIT
1414.39 1023 923 982.63 PIT
1414.49 1023 923 982.72 PIT
1414.59 1023 923 982.81 PIT
1414.69 1023 923 982.9 PIT
1414.8 1023 923 982.99 PIT
1414.9 1023 923 983.08 PIT
1415 1023 923 983.17 PIT
1415.11 1023 923 983.26 PIT
1415.21 1023 923 983.35 PIT
1415.31 1023 923 983.44 PIT
1415.42 1023 923 983.53 PIT
1415.52 1023 923 983.62 PIT
1415.62 1023 923 983.71 PIT
1415.73 1023 923 983.8 PIT
1415.83 1023 923 983.89 PIT
1415.93 1023 923 983.98 PIT
1416.04 1023 923 984.07 PIT
1416.14 1023 923 984.16 PIT
1416.24 1023 923 984.25 PIT
1416.35 1023 923 984.34 PIT
1416.45 1023 923 984.43 PIT
1416.56 1023 923 984.52 PIT
1416.66 1023 923 984.61 PIT
1416.76 1023 923 984.7 PIT
1416.87 1023 923 984.79 PIT
1416.97 1023 923 984.88 PIT
1417.07 1023 923 984.97 PIT
1417.18 1023 923 985.06 PIT
1417.28 1023 923 985.15 PIT
1417.39 1023 923 985.24 PIT
1417.49 1023 923 985.33 PIT
1417.6 1023 923 985.42 PIT
1417.7 1023 923 985.51 PIT
1417.8 1023 923 985.6 PIT
1417.91 1023 923 985.69 PIT
1418.01 1023 923 985.78 PIT
1418.12 1023 923 985.87 PIT
1418.22 1023 923 985.96 PIT
1418.33 1023 923 986.05 PIT
1418.43 1023 923 986.14 PIT
1418.54 1023 923 986.23 PIT
1418.64 1023 923 986.32 PIT
1418.75 1023 923 986.41 PIT
1418.85 1023 923 986.5 PIT
1418.96 1023 923 986.59 PIT
1419.06 1023 923 986.68 PIT
1419.17 1023 923 986.77 PIT
1419.27 1023 923 986.86 PIT
1419.38 1023 923 986.95 PIT
1419.48 1023 923 987.04 PIT
1419.59 1023 923 987.13 PIT
1419.69 1023 923 987.22 PIT
1419.8 1023 923 987.31 PIT
1419.9 1023 923 987.4 PIT
1420.01 1023 923 987.49 PIT
1420.12 1023 923 987.58 PIT
1420.22 1023 923 987.67 PIT
1420.33 1023 923 987.76 PIT
1420.43 1023 923 987.85 PIT
1420.54 1023 923 987.94 PIT
1420.65 1023 923 988.03 PIT
1420.75 1023 923 988.12 PIT
1420.86 1023 923 988.21 PIT
1420.96 1023 923 988.3 PIT
1421.07 1023 923 988.39 PIT
1421.18 1023 923 988.48 PIT
1421.28 1023 923 988.57 PIT
1421.39 1023 923 988.66 PIT
1421.5 1023 923 988.75 PIT
1421.6 1023 923 988.84 PIT
1421.71 1023 923 988.93 PIT
1421.82 1023 923 989.02 PIT
1421.92 1023 923 989.11 PIT
1422.03 1023 923 989.2 PIT
1422.14 1023 923 989.29 PIT
1422.25 1023 923 989.38 PIT
1422.35 1023 923 989.47 PIT
1422.46 1023 923 989.56 PIT
1422.57 1023 923 989.65 PIT
1422.68 1023 923 989.74 PIT
1422.78 1023 923 989.83 PIT
1422.89 1023 923 989.92 PIT
1423 1023 923 990.01 PIT
1423.11 1023 923 990.1 PIT
1423.21 1023 923 990.19 PIT
1423.32 1023 923 990.28 PIT
1423.43 1023 923 990.37 PIT
1423.54 1023 923 990.46 PIT
1423.65 1023 923 990.55 PIT
1423.76 1023 923 990.64 PIT
1423.86 1023 923 990.73 PIT
1423.97 1023 923 990.82 PIT
1424.08 1023 923 990.91 PIT
1424.19 1023 923 991 PIT
1424.3 1023 923 991.09 PIT
1424.41 1023 923 991.18 PIT
1424.52 1023 923 991.27 PIT
1424.63 1023 923 991.36 PIT
1424.74 1023 923 991.45 PIT
1424.84 1023 923 991.54 PIT
1424.95 1023 923 991.63 PIT
1425.06 1023 923 991.72 PIT
1425.17 1023 923 991.81 PIT
1425.28 1023 923 991.9 PIT
1425.39 1023 923 991.99 PIT
1425.5 1023 923 992.08 PIT
1425.61 1023 923 992.17 PIT
1425.72 1023 923 992.26 PIT
1425.83 1023 923 992.35 PIT
1425.94 1023 923 992.44 PIT
1426.05 1023 923 992.53 PIT
1426.16 1023 923 992.62 PIT
1426.28 1023 923 992.71 PIT
1426.39 1023 923 992.8 PIT
1426.5 1023 923 992.89 PIT
1426.61 1023 923 992.98 PIT
1426.72 1023 923 993.07 PIT
1426.83 1023 923 993.16 PIT
1426.94 1023 923 993.25 PIT
1427.05 1023 923 993.34 PIT
1427.16 1023 923 993.43 PIT
1427.28 1023 923 993.52 PIT
1427.39 1023 923 993.61 PIT
1427.5 1023 923 993.7 PIT
1427.61 1023 923 993.79 PIT
1427.72 1023 923 993.88 PIT
1427.84 1023 923 993.97 PIT
1427.95 1023 923 994.06 PIT
1428.06 1023 923 994.15 PIT
1428.17 1023 923 994.24 PIT
1428.29 1023 923 994.33 PIT
1428.4 1023 923 994.42 PIT
1428.51 1023 923 994.51 PIT
1428.63 1023 923 994.6 PIT
1428.74 1023 923 994.69 PIT
1428.85 1023 923 994.78 PIT
1428.97 1023 923 994.87 PIT
1429.08 1023 923 994.96 PIT
1429.19 1023 923 995.05 PIT
1429.31 1023 923 995.14 PIT
1429.42 1023 923 995.23 PIT
1429.53 1023 923 995.32 PIT
1429.65 1023 923 995.41 PIT
1429.76 1023 923 995.5 PIT
1429.88 1023 923 995.59 PIT
1429.99 1023 923 995.68 PIT
1430.11 1023 923 995.77 PIT
1430.22 1023 923 995.86 PIT
1430.34 1023 923 995.95 PIT
1430.45 1023 923 996.04 PIT
1430.57 1023 923 996.13 PIT
1430.68 1023 923 996.22 PIT
1430.8 1023 923 996.31 PIT
1430.91 1023 923 996.4 PIT
1431.03 1023 923 996.49 PIT
1431.14 1023 923 996.58 PIT
1431.26 1023 923 996.67 PIT
1431.38 1023 923 996.76 PIT
1431.49 1023 923 996.85 PIT
1431.61 1023 923 996.94 PIT
1431.72 1023 923 997.03 PIT
1431.84 1023 923 997.12 PIT
1431.96 1023 923 997.21 PIT
1432.07 1023 923 997.3 PIT
1432.19 1023 923 997.39 PIT
1432.31 1023 923 997.48 PIT
1432.43 1023 923 997.57 PIT
1432.54 1023 923 997.66 PIT
1432.66 1023 923 997.75 PIT
1432.78 1023 923 997.84 PIT
1432.9 1023 923 997.93 PIT
1433.01 1023 923 998.02 PIT
1433.13 1023 923 998.11 PIT
1433.25 1023 923 998.2 PIT
1433.37 1023 923 998.29 PIT
1433.49 1023 923 998.38 PIT
1433.61 1023 923 998.47 PIT
1433.73 1023 923 998.56 PIT
1433.84 1023 923 998.65 PIT
1433.96 1023 923 998.74 PIT
1434.08 1023 923 998.83 PIT
1434.2 1023 923 998.92 PIT
1434.32 1023 923 999.01 PIT
1434.44 1023 923 999.1 PIT
1434.56 1023 923 999.19 PIT
1434.68 1023 923 999.28 PIT
1434.8 1023 923 999.37 PIT
1434.92 1023 923 999.46 PIT
1435.04 1023 923 999.55 PIT
1435.16 1023 923 999.64 PIT
1435.29 1023 923 999.73 PIT
1435.41 1023 923 999.82 PIT
1435.53 1023 923 999.91 PIT
1435.65 1023 923 1000 PIT
